-- The C compiler identification is GNU 11.4.0
-- The CXX compiler identification is GNU 11.4.0
-- Detecting C compiler ABI info
-- Detecting C compiler ABI info - done
-- Check for working C compiler: /usr/bin/cc - skipped
-- Detecting C compile features
-- Detecting C compile features - done
-- Detecting CXX compiler ABI info
-- Detecting CXX compiler ABI info - done
-- Check for working CXX compiler: /usr/bin/c++ - skipped
-- Detecting CXX compile features
-- Detecting CXX compile features - done
-- Found ament_cmake: 1.3.12 (/opt/ros/humble/share/ament_cmake/cmake)
-- Found Python3: /usr/bin/python3 (found version "3.10.12") found components: Interpreter 
-- Override CMake install command with custom implementation using symlinks instead of copying resources
-- Found gazebo_ros: 3.9.0 (/opt/ros/humble/share/gazebo_ros/cmake)
-- Found rosidl_generator_c: 3.1.8 (/opt/ros/humble/share/rosidl_generator_c/cmake)
-- Found rosidl_adapter: 3.1.8 (/opt/ros/humble/share/rosidl_adapter/cmake)
-- Found rosidl_generator_cpp: 3.1.8 (/opt/ros/humble/share/rosidl_generator_cpp/cmake)
-- Using all available rosidl_typesupport_c: rosidl_typesupport_fastrtps_c;rosidl_typesupport_introspection_c
-- Using all available rosidl_typesupport_cpp: rosidl_typesupport_fastrtps_cpp;rosidl_typesupport_introspection_cpp
-- Found rmw_implementation_cmake: 6.1.2 (/opt/ros/humble/share/rmw_implementation_cmake/cmake)
-- Found rmw_fastrtps_cpp: 6.2.9 (/opt/ros/humble/share/rmw_fastrtps_cpp/cmake)
-- Found OpenSSL: /usr/lib/x86_64-linux-gnu/libcrypto.so (found version "3.0.2")  
-- Found FastRTPS: /opt/ros/humble/include  
-- Using RMW implementation 'rmw_fastrtps_cpp' as default
-- Looking for pthread.h
-- Looking for pthread.h - found
-- Performing Test CMAKE_HAVE_LIBC_PTHREAD
-- Performing Test CMAKE_HAVE_LIBC_PTHREAD - Success
-- Found Threads: TRUE  
-- Found PkgConfig: /usr/bin/pkg-config (found version "0.29.2") 
-- Checking for module 'bullet>=2.82'
--   Found bullet, version 3.05
-- Found fcl: /usr/include (found suitable version "0.7.0", minimum required is "0.5.0") 
-- Found assimp: /usr/include (found version "5.2.0") 
-- Found DART: /usr/include (Required is at least version "6.6") found components: dart 
-- Found Boost: /usr/lib/x86_64-linux-gnu/cmake/Boost-1.74.0/BoostConfig.cmake (found suitable version "1.74.0", minimum required is "1.40.0") found components: thread system filesystem program_options regex iostreams date_time 
-- Found Protobuf: /usr/lib/x86_64-linux-gnu/libprotobuf.so (found version "3.12.4") 
-- Looking for ignition-math6 -- found version 6.15.1
-- Searching for dependencies of ignition-math6
-- Looking for OGRE...
-- OGRE_PREFIX_WATCH changed.
-- Checking for module 'OGRE'
--   Found OGRE, version 1.9.0
-- Found Ogre Ghadamon (1.9.0)
-- Found OGRE: optimized;/usr/lib/x86_64-linux-gnu/libOgreMain.so;debug;/usr/lib/x86_64-linux-gnu/libOgreMain.so
-- Looking for OGRE_Paging...
-- Found OGRE_Paging: optimized;/usr/lib/x86_64-linux-gnu/libOgrePaging.so;debug;/usr/lib/x86_64-linux-gnu/libOgrePaging.so
-- Looking for OGRE_Terrain...
-- Found OGRE_Terrain: optimized;/usr/lib/x86_64-linux-gnu/libOgreTerrain.so;debug;/usr/lib/x86_64-linux-gnu/libOgreTerrain.so
-- Looking for OGRE_Property...
-- Found OGRE_Property: optimized;/usr/lib/x86_64-linux-gnu/libOgreProperty.so;debug;/usr/lib/x86_64-linux-gnu/libOgreProperty.so
-- Looking for OGRE_RTShaderSystem...
-- Found OGRE_RTShaderSystem: optimized;/usr/lib/x86_64-linux-gnu/libOgreRTShaderSystem.so;debug;/usr/lib/x86_64-linux-gnu/libOgreRTShaderSystem.so
-- Looking for OGRE_Volume...
-- Found OGRE_Volume: optimized;/usr/lib/x86_64-linux-gnu/libOgreVolume.so;debug;/usr/lib/x86_64-linux-gnu/libOgreVolume.so
-- Looking for OGRE_Overlay...
-- Found OGRE_Overlay: optimized;/usr/lib/x86_64-linux-gnu/libOgreOverlay.so;debug;/usr/lib/x86_64-linux-gnu/libOgreOverlay.so
-- Looking for ignition-math6 -- found version 6.15.1
-- Looking for ignition-transport8 -- found version 8.2.1
-- Searching for dependencies of ignition-transport8
-- Found Protobuf: /usr/lib/x86_64-linux-gnu/libprotobuf.so (found suitable version "3.12.4", minimum required is "3") 
-- Config-file not installed for ZeroMQ -- checking for pkg-config
-- Checking for module 'libzmq >= 4'
--   Found libzmq , version 4.3.4
-- Found ZeroMQ: TRUE (Required is at least version "4") 
-- Checking for module 'uuid'
--   Found uuid, version 2.37.2
-- Found UUID: TRUE  
-- Looking for ignition-msgs5 -- found version 5.8.1
-- Searching for dependencies of ignition-msgs5
-- Looking for ignition-math6 -- found version 6.15.1
-- Checking for module 'tinyxml2'
--   Found tinyxml2, version 9.0.0
-- Looking for ignition-msgs5 -- found version 5.8.1
-- Looking for ignition-common3 -- found version 3.14.0
-- Searching for dependencies of ignition-common3
-- Looking for dlfcn.h - found
-- Looking for libdl - found
-- Found DL: TRUE  
-- Found tinyobjloader: /usr/lib/x86_64-linux-gnu/cmake/tinyobjloader/tinyobjloader-config.cmake (found version "2.0.0") 
-- Searching for <ignition-common3> component [graphics]
-- Looking for ignition-common3-graphics -- found version 3.14.0
-- Searching for dependencies of ignition-common3-graphics
-- Looking for ignition-math6 -- found version 6.15.1
-- Looking for ignition-fuel_tools4 -- found version 4.4.0
-- Searching for dependencies of ignition-fuel_tools4
-- Found CURL: /usr/lib/x86_64-linux-gnu/libcurl.so (found version "7.81.0")  
-- Checking for module 'jsoncpp'
--   Found jsoncpp, version 1.9.5
-- Found JSONCPP: TRUE  
-- Checking for module 'libzip'
--   Found libzip, version 1.7.3
-- Found ZIP: TRUE  
-- Looking for ignition-common3 -- found version 3.14.0
-- Looking for ignition-math6 -- found version 6.15.1
-- Looking for ignition-msgs5 -- found version 5.8.1
-- Gazebo version: 11.10
-- Checking for module 'tbb'
--   Found tbb, version 2021.5.0
running python3 -m pip install -r /home/alberto/tfg/Reconocimiento-y-sintesis-visual-Tiago/workspace/src/aws-robomaker-hospital-world/requirements.txt 2>&1
Defaulting to user installation because normal site-packages is not writeable
Requirement already satisfied: docopt>=0.6.2 in /home/alberto/.local/lib/python3.10/site-packages (from -r /home/alberto/tfg/Reconocimiento-y-sintesis-visual-Tiago/workspace/src/aws-robomaker-hospital-world/requirements.txt (line 1)) (0.6.2)
Requirement already satisfied: requests in /usr/lib/python3/dist-packages (from -r /home/alberto/tfg/Reconocimiento-y-sintesis-visual-Tiago/workspace/src/aws-robomaker-hospital-world/requirements.txt (line 2)) (2.25.1)
Requirement already satisfied: lxml in /usr/lib/python3/dist-packages (from -r /home/alberto/tfg/Reconocimiento-y-sintesis-visual-Tiago/workspace/src/aws-robomaker-hospital-world/requirements.txt (line 3)) (4.8.0)
running python3 /home/alberto/tfg/Reconocimiento-y-sintesis-visual-Tiago/workspace/src/aws-robomaker-hospital-world/fuel_utility.py download -m XRayMachine -m IVStand -m BloodPressureMonitor -m BPCart -m BMWCart -m CGMClassic -m StorageRack -m Chair -m InstrumentCart1 -m Scrubs -m PatientWheelChair -m WhiteChipChair -m TrolleyBed -m SurgicalTrolley -m PotatoChipChair -m VisitorKidSit -m FemaleVisitorSit -m AdjTable -m MopCart3 -m MaleVisitorSit -m Drawer -m OfficeChairBlack -m ElderLadyPatient -m ElderMalePatient -m InstrumentCart2 -m MetalCabinet -m BedTable -m BedsideTable -m AnesthesiaMachine -m TrolleyBedPatient -m Shower -m SurgicalTrolleyMed -m StorageRackCovered -m KitchenSink -m Toilet -m VendingMachine -m ParkingTrolleyMin -m PatientFSit -m MaleVisitorOnPhone -m FemaleVisitor -m MalePatientBed -m StorageRackCoverOpen -m ParkingTrolleyMax -d /home/alberto/tfg/Reconocimiento-y-sintesis-visual-Tiago/workspace/src/aws-robomaker-hospital-world/fuel_models --verbose 2>&1
DEBUG:root:Arguments provided: {"download": true, "--query": null, "--model": ["XRayMachine", "IVStand", "BloodPressureMonitor", "BPCart", "BMWCart", "CGMClassic", "StorageRack", "Chair", "InstrumentCart1", "Scrubs", "PatientWheelChair", "WhiteChipChair", "TrolleyBed", "SurgicalTrolley", "PotatoChipChair", "VisitorKidSit", "FemaleVisitorSit", "AdjTable", "MopCart3", "MaleVisitorSit", "Drawer", "OfficeChairBlack", "ElderLadyPatient", "ElderMalePatient", "InstrumentCart2", "MetalCabinet", "BedTable", "BedsideTable", "AnesthesiaMachine", "TrolleyBedPatient", "Shower", "SurgicalTrolleyMed", "StorageRackCovered", "KitchenSink", "Toilet", "VendingMachine", "ParkingTrolleyMin", "PatientFSit", "MaleVisitorOnPhone", "FemaleVisitor", "MalePatientBed", "StorageRackCoverOpen", "ParkingTrolleyMax"], "--version": 0, "-,": false, "--verbose": true, "--destination": "/home/alberto/tfg/Reconocimiento-y-sintesis-visual-Tiago/workspace/src/aws-robomaker-hospital-world/fuel_models"}
INFO:root:Starting fuel models..
INFO:root:Fetching model XRayMachine.
DEBUG:urllib3.connectionpool:Starting new HTTPS connection (1): fuel.ignitionrobotics.org:443
DEBUG:urllib3.connectionpool:https://fuel.ignitionrobotics.org:443 "GET /1.0/OpenRobotics/models/XRayMachine HTTP/1.1" 200 403
INFO:root:Fetching model IVStand.
DEBUG:urllib3.connectionpool:Starting new HTTPS connection (1): fuel.ignitionrobotics.org:443
DEBUG:urllib3.connectionpool:https://fuel.ignitionrobotics.org:443 "GET /1.0/OpenRobotics/models/IVStand HTTP/1.1" 200 409
INFO:root:Fetching model BloodPressureMonitor.
DEBUG:urllib3.connectionpool:Starting new HTTPS connection (1): fuel.ignitionrobotics.org:443
DEBUG:urllib3.connectionpool:https://fuel.ignitionrobotics.org:443 "GET /1.0/OpenRobotics/models/BloodPressureMonitor HTTP/1.1" 200 401
INFO:root:Fetching model BPCart.
DEBUG:urllib3.connectionpool:Starting new HTTPS connection (1): fuel.ignitionrobotics.org:443
DEBUG:urllib3.connectionpool:https://fuel.ignitionrobotics.org:443 "GET /1.0/OpenRobotics/models/BPCart HTTP/1.1" 200 400
INFO:root:Fetching model BMWCart.
DEBUG:urllib3.connectionpool:Starting new HTTPS connection (1): fuel.ignitionrobotics.org:443
DEBUG:urllib3.connectionpool:https://fuel.ignitionrobotics.org:443 "GET /1.0/OpenRobotics/models/BMWCart HTTP/1.1" 200 389
INFO:root:Fetching model CGMClassic.
DEBUG:urllib3.connectionpool:Starting new HTTPS connection (1): fuel.ignitionrobotics.org:443
DEBUG:urllib3.connectionpool:https://fuel.ignitionrobotics.org:443 "GET /1.0/OpenRobotics/models/CGMClassic HTTP/1.1" 200 385
INFO:root:Fetching model StorageRack.
DEBUG:urllib3.connectionpool:Starting new HTTPS connection (1): fuel.ignitionrobotics.org:443
DEBUG:urllib3.connectionpool:https://fuel.ignitionrobotics.org:443 "GET /1.0/OpenRobotics/models/StorageRack HTTP/1.1" 200 384
INFO:root:Fetching model Chair.
DEBUG:urllib3.connectionpool:Starting new HTTPS connection (1): fuel.ignitionrobotics.org:443
DEBUG:urllib3.connectionpool:https://fuel.ignitionrobotics.org:443 "GET /1.0/OpenRobotics/models/Chair HTTP/1.1" 200 388
INFO:root:Fetching model InstrumentCart1.
DEBUG:urllib3.connectionpool:Starting new HTTPS connection (1): fuel.ignitionrobotics.org:443
DEBUG:urllib3.connectionpool:https://fuel.ignitionrobotics.org:443 "GET /1.0/OpenRobotics/models/InstrumentCart1 HTTP/1.1" 200 387
INFO:root:Fetching model Scrubs.
DEBUG:urllib3.connectionpool:Starting new HTTPS connection (1): fuel.ignitionrobotics.org:443
DEBUG:urllib3.connectionpool:https://fuel.ignitionrobotics.org:443 "GET /1.0/OpenRobotics/models/Scrubs HTTP/1.1" 200 376
INFO:root:Fetching model PatientWheelChair.
DEBUG:urllib3.connectionpool:Starting new HTTPS connection (1): fuel.ignitionrobotics.org:443
DEBUG:urllib3.connectionpool:https://fuel.ignitionrobotics.org:443 "GET /1.0/OpenRobotics/models/PatientWheelChair HTTP/1.1" 200 404
INFO:root:Fetching model WhiteChipChair.
DEBUG:urllib3.connectionpool:Starting new HTTPS connection (1): fuel.ignitionrobotics.org:443
DEBUG:urllib3.connectionpool:https://fuel.ignitionrobotics.org:443 "GET /1.0/OpenRobotics/models/WhiteChipChair HTTP/1.1" 200 393
INFO:root:Fetching model TrolleyBed.
DEBUG:urllib3.connectionpool:Starting new HTTPS connection (1): fuel.ignitionrobotics.org:443
DEBUG:urllib3.connectionpool:https://fuel.ignitionrobotics.org:443 "GET /1.0/OpenRobotics/models/TrolleyBed HTTP/1.1" 200 397
INFO:root:Fetching model SurgicalTrolley.
DEBUG:urllib3.connectionpool:Starting new HTTPS connection (1): fuel.ignitionrobotics.org:443
DEBUG:urllib3.connectionpool:https://fuel.ignitionrobotics.org:443 "GET /1.0/OpenRobotics/models/SurgicalTrolley HTTP/1.1" 200 383
INFO:root:Fetching model PotatoChipChair.
DEBUG:urllib3.connectionpool:Starting new HTTPS connection (1): fuel.ignitionrobotics.org:443
DEBUG:urllib3.connectionpool:https://fuel.ignitionrobotics.org:443 "GET /1.0/OpenRobotics/models/PotatoChipChair HTTP/1.1" 200 408
INFO:root:Fetching model VisitorKidSit.
DEBUG:urllib3.connectionpool:Starting new HTTPS connection (1): fuel.ignitionrobotics.org:443
DEBUG:urllib3.connectionpool:https://fuel.ignitionrobotics.org:443 "GET /1.0/OpenRobotics/models/VisitorKidSit HTTP/1.1" 200 397
INFO:root:Fetching model FemaleVisitorSit.
DEBUG:urllib3.connectionpool:Starting new HTTPS connection (1): fuel.ignitionrobotics.org:443
DEBUG:urllib3.connectionpool:https://fuel.ignitionrobotics.org:443 "GET /1.0/OpenRobotics/models/FemaleVisitorSit HTTP/1.1" 200 378
INFO:root:Fetching model AdjTable.
DEBUG:urllib3.connectionpool:Starting new HTTPS connection (1): fuel.ignitionrobotics.org:443
DEBUG:urllib3.connectionpool:https://fuel.ignitionrobotics.org:443 "GET /1.0/OpenRobotics/models/AdjTable HTTP/1.1" 200 391
INFO:root:Fetching model MopCart3.
DEBUG:urllib3.connectionpool:Starting new HTTPS connection (1): fuel.ignitionrobotics.org:443
DEBUG:urllib3.connectionpool:https://fuel.ignitionrobotics.org:443 "GET /1.0/OpenRobotics/models/MopCart3 HTTP/1.1" 200 394
INFO:root:Fetching model MaleVisitorSit.
DEBUG:urllib3.connectionpool:Starting new HTTPS connection (1): fuel.ignitionrobotics.org:443
DEBUG:urllib3.connectionpool:https://fuel.ignitionrobotics.org:443 "GET /1.0/OpenRobotics/models/MaleVisitorSit HTTP/1.1" 200 376
INFO:root:Fetching model Drawer.
DEBUG:urllib3.connectionpool:Starting new HTTPS connection (1): fuel.ignitionrobotics.org:443
DEBUG:urllib3.connectionpool:https://fuel.ignitionrobotics.org:443 "GET /1.0/OpenRobotics/models/Drawer HTTP/1.1" 200 376
INFO:root:Fetching model OfficeChairBlack.
DEBUG:urllib3.connectionpool:Starting new HTTPS connection (1): fuel.ignitionrobotics.org:443
DEBUG:urllib3.connectionpool:https://fuel.ignitionrobotics.org:443 "GET /1.0/OpenRobotics/models/OfficeChairBlack HTTP/1.1" 200 402
INFO:root:Fetching model ElderLadyPatient.
DEBUG:urllib3.connectionpool:Starting new HTTPS connection (1): fuel.ignitionrobotics.org:443
DEBUG:urllib3.connectionpool:https://fuel.ignitionrobotics.org:443 "GET /1.0/OpenRobotics/models/ElderLadyPatient HTTP/1.1" 200 460
INFO:root:Fetching model ElderMalePatient.
DEBUG:urllib3.connectionpool:Starting new HTTPS connection (1): fuel.ignitionrobotics.org:443
DEBUG:urllib3.connectionpool:https://fuel.ignitionrobotics.org:443 "GET /1.0/OpenRobotics/models/ElderMalePatient HTTP/1.1" 200 468
INFO:root:Fetching model InstrumentCart2.
DEBUG:urllib3.connectionpool:Starting new HTTPS connection (1): fuel.ignitionrobotics.org:443
DEBUG:urllib3.connectionpool:https://fuel.ignitionrobotics.org:443 "GET /1.0/OpenRobotics/models/InstrumentCart2 HTTP/1.1" 200 384
INFO:root:Fetching model MetalCabinet.
DEBUG:urllib3.connectionpool:Starting new HTTPS connection (1): fuel.ignitionrobotics.org:443
DEBUG:urllib3.connectionpool:https://fuel.ignitionrobotics.org:443 "GET /1.0/OpenRobotics/models/MetalCabinet HTTP/1.1" 200 380
INFO:root:Fetching model BedTable.
DEBUG:urllib3.connectionpool:Starting new HTTPS connection (1): fuel.ignitionrobotics.org:443
DEBUG:urllib3.connectionpool:https://fuel.ignitionrobotics.org:443 "GET /1.0/OpenRobotics/models/BedTable HTTP/1.1" 200 399
INFO:root:Fetching model BedsideTable.
DEBUG:urllib3.connectionpool:Starting new HTTPS connection (1): fuel.ignitionrobotics.org:443
DEBUG:urllib3.connectionpool:https://fuel.ignitionrobotics.org:443 "GET /1.0/OpenRobotics/models/BedsideTable HTTP/1.1" 200 399
INFO:root:Fetching model AnesthesiaMachine.
DEBUG:urllib3.connectionpool:Starting new HTTPS connection (1): fuel.ignitionrobotics.org:443
DEBUG:urllib3.connectionpool:https://fuel.ignitionrobotics.org:443 "GET /1.0/OpenRobotics/models/AnesthesiaMachine HTTP/1.1" 200 375
INFO:root:Fetching model TrolleyBedPatient.
DEBUG:urllib3.connectionpool:Starting new HTTPS connection (1): fuel.ignitionrobotics.org:443
DEBUG:urllib3.connectionpool:https://fuel.ignitionrobotics.org:443 "GET /1.0/OpenRobotics/models/TrolleyBedPatient HTTP/1.1" 200 393
INFO:root:Fetching model Shower.
DEBUG:urllib3.connectionpool:Starting new HTTPS connection (1): fuel.ignitionrobotics.org:443
DEBUG:urllib3.connectionpool:https://fuel.ignitionrobotics.org:443 "GET /1.0/OpenRobotics/models/Shower HTTP/1.1" 200 386
INFO:root:Fetching model SurgicalTrolleyMed.
DEBUG:urllib3.connectionpool:Starting new HTTPS connection (1): fuel.ignitionrobotics.org:443
DEBUG:urllib3.connectionpool:https://fuel.ignitionrobotics.org:443 "GET /1.0/OpenRobotics/models/SurgicalTrolleyMed HTTP/1.1" 200 399
INFO:root:Fetching model StorageRackCovered.
DEBUG:urllib3.connectionpool:Starting new HTTPS connection (1): fuel.ignitionrobotics.org:443
DEBUG:urllib3.connectionpool:https://fuel.ignitionrobotics.org:443 "GET /1.0/OpenRobotics/models/StorageRackCovered HTTP/1.1" 200 381
INFO:root:Fetching model KitchenSink.
DEBUG:urllib3.connectionpool:Starting new HTTPS connection (1): fuel.ignitionrobotics.org:443
DEBUG:urllib3.connectionpool:https://fuel.ignitionrobotics.org:443 "GET /1.0/OpenRobotics/models/KitchenSink HTTP/1.1" 200 405
INFO:root:Fetching model Toilet.
DEBUG:urllib3.connectionpool:Starting new HTTPS connection (1): fuel.ignitionrobotics.org:443
DEBUG:urllib3.connectionpool:https://fuel.ignitionrobotics.org:443 "GET /1.0/OpenRobotics/models/Toilet HTTP/1.1" 200 383
INFO:root:Fetching model VendingMachine.
DEBUG:urllib3.connectionpool:Starting new HTTPS connection (1): fuel.ignitionrobotics.org:443
DEBUG:urllib3.connectionpool:https://fuel.ignitionrobotics.org:443 "GET /1.0/OpenRobotics/models/VendingMachine HTTP/1.1" 200 422
INFO:root:Fetching model ParkingTrolleyMin.
DEBUG:urllib3.connectionpool:Starting new HTTPS connection (1): fuel.ignitionrobotics.org:443
DEBUG:urllib3.connectionpool:https://fuel.ignitionrobotics.org:443 "GET /1.0/OpenRobotics/models/ParkingTrolleyMin HTTP/1.1" 200 416
INFO:root:Fetching model PatientFSit.
DEBUG:urllib3.connectionpool:Starting new HTTPS connection (1): fuel.ignitionrobotics.org:443
DEBUG:urllib3.connectionpool:https://fuel.ignitionrobotics.org:443 "GET /1.0/OpenRobotics/models/PatientFSit HTTP/1.1" 200 370
INFO:root:Fetching model MaleVisitorOnPhone.
DEBUG:urllib3.connectionpool:Starting new HTTPS connection (1): fuel.ignitionrobotics.org:443
DEBUG:urllib3.connectionpool:https://fuel.ignitionrobotics.org:443 "GET /1.0/OpenRobotics/models/MaleVisitorOnPhone HTTP/1.1" 200 426
INFO:root:Fetching model FemaleVisitor.
DEBUG:urllib3.connectionpool:Starting new HTTPS connection (1): fuel.ignitionrobotics.org:443
DEBUG:urllib3.connectionpool:https://fuel.ignitionrobotics.org:443 "GET /1.0/OpenRobotics/models/FemaleVisitor HTTP/1.1" 200 378
INFO:root:Fetching model MalePatientBed.
DEBUG:urllib3.connectionpool:Starting new HTTPS connection (1): fuel.ignitionrobotics.org:443
DEBUG:urllib3.connectionpool:https://fuel.ignitionrobotics.org:443 "GET /1.0/OpenRobotics/models/MalePatientBed HTTP/1.1" 200 483
INFO:root:Fetching model StorageRackCoverOpen.
DEBUG:urllib3.connectionpool:Starting new HTTPS connection (1): fuel.ignitionrobotics.org:443
DEBUG:urllib3.connectionpool:https://fuel.ignitionrobotics.org:443 "GET /1.0/OpenRobotics/models/StorageRackCoverOpen HTTP/1.1" 200 394
INFO:root:Fetching model ParkingTrolleyMax.
DEBUG:urllib3.connectionpool:Starting new HTTPS connection (1): fuel.ignitionrobotics.org:443
DEBUG:urllib3.connectionpool:https://fuel.ignitionrobotics.org:443 "GET /1.0/OpenRobotics/models/ParkingTrolleyMax HTTP/1.1" 200 417
DEBUG:root:Complete model list: [{'createdAt': '2020-08-06T11:41:57Z', 'updatedAt': '2026-02-07T10:45:44Z', 'name': 'XRayMachine', 'owner': 'OpenRobotics', 'description': '', 'likes': 0, 'downloads': 6386, 'filesize': 345665, 'upload_date': '2020-08-06T11:41:56Z', 'modify_date': '2023-09-27T15:22:20Z', 'license_id': 2, 'license_name': 'Creative Commons Attribution 4.0 International', 'license_url': 'http://creativecommons.org/licenses/by/4.0/', 'license_image': 'https://i.creativecommons.org/l/by/4.0/88x31.png', 'permission': 0, 'url_name': '', 'thumbnail_url': '/OpenRobotics/models/XRayMachine/tip/files/thumbnails/1.png', 'version': 2, 'private': False, 'tags': ['xray', 'machine', 'xraymachine'], 'categories': ['Electronics', 'Appliance']}, {'createdAt': '2020-08-06T11:26:29Z', 'updatedAt': '2026-02-07T10:45:50Z', 'name': 'IVStand', 'owner': 'OpenRobotics', 'description': 'A generic hospital IV stand', 'likes': 0, 'downloads': 33112, 'filesize': 774855, 'upload_date': '2020-08-06T11:26:28Z', 'modify_date': '2023-09-27T15:23:16Z', 'license_id': 2, 'license_name': 'Creative Commons Attribution 4.0 International', 'license_url': 'http://creativecommons.org/licenses/by/4.0/', 'license_image': 'https://i.creativecommons.org/l/by/4.0/88x31.png', 'permission': 0, 'url_name': '', 'thumbnail_url': '/OpenRobotics/models/IVStand/tip/files/thumbnails/1.png', 'version': 2, 'private': False, 'tags': ['stand', 'IV', 'IVStand'], 'categories': ['Appliance']}, {'createdAt': '2020-08-06T11:21:27Z', 'updatedAt': '2026-02-07T10:45:56Z', 'name': 'BloodPressureMonitor', 'owner': 'OpenRobotics', 'description': '', 'likes': 0, 'downloads': 6596, 'filesize': 237020, 'upload_date': '2020-08-06T11:21:26Z', 'modify_date': '2023-09-27T15:23:44Z', 'license_id': 2, 'license_name': 'Creative Commons Attribution 4.0 International', 'license_url': 'http://creativecommons.org/licenses/by/4.0/', 'license_image': 'https://i.creativecommons.org/l/by/4.0/88x31.png', 'permission': 0, 'url_name': '', 'thumbnail_url': '/OpenRobotics/models/BloodPressureMonitor/tip/files/thumbnails/1.png', 'version': 2, 'private': False, 'tags': ['monitor', 'bloodpressure', 'blood', 'bloodpressuremonitor'], 'categories': ['Appliance']}, {'createdAt': '2020-08-06T11:22:38Z', 'updatedAt': '2026-02-07T10:46:02Z', 'name': 'BPCart', 'owner': 'OpenRobotics', 'description': 'A generic hospital cart', 'likes': 0, 'downloads': 7215, 'filesize': 1659990, 'upload_date': '2020-08-06T11:22:35Z', 'modify_date': '2023-09-27T15:23:37Z', 'license_id': 2, 'license_name': 'Creative Commons Attribution 4.0 International', 'license_url': 'http://creativecommons.org/licenses/by/4.0/', 'license_image': 'https://i.creativecommons.org/l/by/4.0/88x31.png', 'permission': 0, 'url_name': '', 'thumbnail_url': '/OpenRobotics/models/BPCart/tip/files/thumbnails/1.png', 'version': 2, 'private': False, 'tags': ['bp', 'cart', 'bpcart'], 'categories': ['Appliance']}, {'createdAt': '2020-06-26T09:36:40Z', 'updatedAt': '2026-02-07T10:46:08Z', 'name': 'BMWCart', 'owner': 'OpenRobotics', 'description': 'A generic hospital cart', 'likes': 0, 'downloads': 6870, 'filesize': 1607574, 'upload_date': '2020-06-26T09:36:38Z', 'modify_date': '2023-09-27T15:26:53Z', 'license_id': 2, 'license_name': 'Creative Commons Attribution 4.0 International', 'license_url': 'http://creativecommons.org/licenses/by/4.0/', 'license_image': 'https://i.creativecommons.org/l/by/4.0/88x31.png', 'permission': 0, 'url_name': '', 'thumbnail_url': '/OpenRobotics/models/BMWCart/tip/files/thumbnails/1.png', 'version': 2, 'private': False, 'categories': ['Appliance']}, {'createdAt': '2019-10-28T05:53:59Z', 'updatedAt': '2026-02-07T10:46:14Z', 'name': 'CGMClassic', 'owner': 'OpenRobotics', 'description': 'A CGMClassic hospital bed', 'likes': 0, 'downloads': 6461, 'filesize': 1597545, 'upload_date': '2019-10-28T05:53:56Z', 'modify_date': '2023-09-27T16:22:35Z', 'license_id': 2, 'license_name': 'Creative Commons Attribution 4.0 International', 'license_url': 'http://creativecommons.org/licenses/by/4.0/', 'license_image': 'https://i.creativecommons.org/l/by/4.0/88x31.png', 'permission': 0, 'url_name': '', 'thumbnail_url': '/OpenRobotics/models/CGMClassic/tip/files/thumbnails/1.png', 'version': 4, 'private': False, 'tags': ['hospital', 'bed']}, {'createdAt': '2019-10-28T06:40:47Z', 'updatedAt': '2026-02-07T10:46:21Z', 'name': 'StorageRack', 'owner': 'OpenRobotics', 'description': 'Empty Grilled Storage Rack', 'likes': 1, 'downloads': 85526, 'filesize': 70905, 'upload_date': '2019-10-28T06:40:44Z', 'modify_date': '2023-09-27T16:19:50Z', 'license_id': 2, 'license_name': 'Creative Commons Attribution 4.0 International', 'license_url': 'http://creativecommons.org/licenses/by/4.0/', 'license_image': 'https://i.creativecommons.org/l/by/4.0/88x31.png', 'permission': 0, 'url_name': '', 'thumbnail_url': '/OpenRobotics/models/StorageRack/tip/files/thumbnails/1.png', 'version': 2, 'private': False, 'tags': ['hospital']}, {'createdAt': '2020-05-20T19:30:13Z', 'updatedAt': '2026-02-07T10:46:27Z', 'name': 'Chair', 'owner': 'OpenRobotics', 'description': 'A generic hospital chair', 'likes': 1, 'downloads': 151311, 'filesize': 2741574, 'upload_date': '2020-05-20T19:30:11Z', 'modify_date': '2023-09-27T15:40:33Z', 'license_id': 2, 'license_name': 'Creative Commons Attribution 4.0 International', 'license_url': 'http://creativecommons.org/licenses/by/4.0/', 'license_image': 'https://i.creativecommons.org/l/by/4.0/88x31.png', 'permission': 0, 'url_name': '', 'thumbnail_url': '/OpenRobotics/models/Chair/tip/files/thumbnails/1.png', 'version': 3, 'private': False, 'categories': ['Furniture and Home']}, {'createdAt': '2019-10-28T06:19:00Z', 'updatedAt': '2026-02-07T10:46:33Z', 'name': 'InstrumentCart1', 'owner': 'OpenRobotics', 'description': 'Description of the model', 'likes': 0, 'downloads': 6337, 'filesize': 135677, 'upload_date': '2019-10-28T06:18:57Z', 'modify_date': '2023-09-27T16:21:22Z', 'license_id': 2, 'license_name': 'Creative Commons Attribution 4.0 International', 'license_url': 'http://creativecommons.org/licenses/by/4.0/', 'license_image': 'https://i.creativecommons.org/l/by/4.0/88x31.png', 'permission': 0, 'url_name': '', 'thumbnail_url': '/OpenRobotics/models/InstrumentCart1/tip/files/thumbnails/1.png', 'version': 2, 'private': False, 'tags': ['hospital']}, {'createdAt': '2020-07-06T10:19:54Z', 'updatedAt': '2026-02-07T10:46:39Z', 'name': 'Scrubs', 'owner': 'OpenRobotics', 'description': 'A person in scrubs.', 'likes': 0, 'downloads': 34102, 'filesize': 1028421, 'upload_date': '2020-07-06T10:19:52Z', 'modify_date': '2023-09-27T15:26:25Z', 'license_id': 2, 'license_name': 'Creative Commons Attribution 4.0 International', 'license_url': 'http://creativecommons.org/licenses/by/4.0/', 'license_image': 'https://i.creativecommons.org/l/by/4.0/88x31.png', 'permission': 0, 'url_name': '', 'thumbnail_url': '/OpenRobotics/models/Scrubs/tip/files/thumbnails/1.png', 'version': 2, 'private': False, 'categories': ['People']}, {'createdAt': '2019-10-28T06:33:50Z', 'updatedAt': '2026-02-07T10:46:45Z', 'name': 'PatientWheelChair', 'owner': 'OpenRobotics', 'description': 'Elderly patient on a wheelchair', 'likes': 0, 'downloads': 33443, 'filesize': 1175273, 'upload_date': '2019-10-28T06:33:46Z', 'modify_date': '2023-09-27T16:20:17Z', 'license_id': 2, 'license_name': 'Creative Commons Attribution 4.0 International', 'license_url': 'http://creativecommons.org/licenses/by/4.0/', 'license_image': 'https://i.creativecommons.org/l/by/4.0/88x31.png', 'permission': 0, 'url_name': '', 'thumbnail_url': '/OpenRobotics/models/PatientWheelChair/tip/files/thumbnails/1.png', 'version': 4, 'private': False, 'tags': ['person', 'hospital']}, {'createdAt': '2019-10-28T06:48:13Z', 'updatedAt': '2026-02-07T10:46:52Z', 'name': 'WhiteChipChair', 'owner': 'OpenRobotics', 'description': 'White row of seats', 'likes': 0, 'downloads': 53363, 'filesize': 792333, 'upload_date': '2019-10-28T06:48:10Z', 'modify_date': '2023-09-27T16:18:41Z', 'license_id': 2, 'license_name': 'Creative Commons Attribution 4.0 International', 'license_url': 'http://creativecommons.org/licenses/by/4.0/', 'license_image': 'https://i.creativecommons.org/l/by/4.0/88x31.png', 'permission': 0, 'url_name': '', 'thumbnail_url': '/OpenRobotics/models/WhiteChipChair/tip/files/thumbnails/1.png', 'version': 3, 'private': False, 'tags': ['hospital', 'furniture']}, {'createdAt': '2019-10-25T09:22:08Z', 'updatedAt': '2026-02-07T10:46:58Z', 'name': 'TrolleyBed', 'owner': 'OpenRobotics', 'description': 'Bed to transport patients.', 'likes': 0, 'downloads': 6464, 'filesize': 1015682, 'upload_date': '2019-10-25T09:22:04Z', 'modify_date': '2023-09-27T16:23:11Z', 'license_id': 2, 'license_name': 'Creative Commons Attribution 4.0 International', 'license_url': 'http://creativecommons.org/licenses/by/4.0/', 'license_image': 'https://i.creativecommons.org/l/by/4.0/88x31.png', 'permission': 0, 'url_name': '', 'thumbnail_url': '/OpenRobotics/models/TrolleyBed/tip/files/thumbnails/1.png', 'version': 3, 'private': False, 'tags': ['static', 'hospital', 'bed']}, {'createdAt': '2019-10-28T06:43:28Z', 'updatedAt': '2026-02-07T10:47:04Z', 'name': 'SurgicalTrolley', 'owner': 'OpenRobotics', 'description': 'Surgical supply trolley', 'likes': 0, 'downloads': 5599, 'filesize': 849805, 'upload_date': '2019-10-28T06:43:25Z', 'modify_date': '2023-09-27T16:19:23Z', 'license_id': 2, 'license_name': 'Creative Commons Attribution 4.0 International', 'license_url': 'http://creativecommons.org/licenses/by/4.0/', 'license_image': 'https://i.creativecommons.org/l/by/4.0/88x31.png', 'permission': 0, 'url_name': '', 'thumbnail_url': '/OpenRobotics/models/SurgicalTrolley/tip/files/thumbnails/1.png', 'version': 2, 'private': False, 'tags': ['hospital']}, {'createdAt': '2019-10-28T06:34:44Z', 'updatedAt': '2026-02-07T10:47:11Z', 'name': 'PotatoChipChair', 'owner': 'OpenRobotics', 'description': 'Three-seater bench for waiting outpatients', 'likes': 0, 'downloads': 68330, 'filesize': 824743, 'upload_date': '2019-10-28T06:34:41Z', 'modify_date': '2023-09-27T16:20:10Z', 'license_id': 2, 'license_name': 'Creative Commons Attribution 4.0 International', 'license_url': 'http://creativecommons.org/licenses/by/4.0/', 'license_image': 'https://i.creativecommons.org/l/by/4.0/88x31.png', 'permission': 0, 'url_name': '', 'thumbnail_url': '/OpenRobotics/models/PotatoChipChair/tip/files/thumbnails/1.png', 'version': 3, 'private': False, 'tags': ['hospital', 'furniture']}, {'createdAt': '2020-05-20T19:38:37Z', 'updatedAt': '2026-02-07T10:47:17Z', 'name': 'VisitorKidSit', 'owner': 'OpenRobotics', 'description': 'Kid sitting down reading a book.', 'likes': 0, 'downloads': 55089, 'filesize': 744956, 'upload_date': '2020-05-20T19:38:35Z', 'modify_date': '2023-09-27T15:39:59Z', 'license_id': 2, 'license_name': 'Creative Commons Attribution 4.0 International', 'license_url': 'http://creativecommons.org/licenses/by/4.0/', 'license_image': 'https://i.creativecommons.org/l/by/4.0/88x31.png', 'permission': 0, 'url_name': '', 'thumbnail_url': '/OpenRobotics/models/VisitorKidSit/tip/files/thumbnails/1.png', 'version': 2, 'private': False, 'categories': ['People']}, {'createdAt': '2020-05-20T19:34:41Z', 'updatedAt': '2026-02-07T10:47:23Z', 'name': 'FemaleVisitorSit', 'owner': 'OpenRobotics', 'description': '', 'likes': 0, 'downloads': 61934, 'filesize': 669884, 'upload_date': '2020-05-20T19:34:39Z', 'modify_date': '2023-09-27T15:40:21Z', 'license_id': 2, 'license_name': 'Creative Commons Attribution 4.0 International', 'license_url': 'http://creativecommons.org/licenses/by/4.0/', 'license_image': 'https://i.creativecommons.org/l/by/4.0/88x31.png', 'permission': 0, 'url_name': '', 'thumbnail_url': '/OpenRobotics/models/FemaleVisitorSit/tip/files/thumbnails/1.png', 'version': 2, 'private': False, 'categories': ['People']}, {'createdAt': '2020-06-09T12:06:50Z', 'updatedAt': '2026-02-07T10:47:29Z', 'name': 'AdjTable', 'owner': 'OpenRobotics', 'description': 'Description of the model', 'likes': 1, 'downloads': 117465, 'filesize': 4100585, 'upload_date': '2020-06-09T12:06:48Z', 'modify_date': '2023-09-27T15:33:59Z', 'license_id': 2, 'license_name': 'Creative Commons Attribution 4.0 International', 'license_url': 'http://creativecommons.org/licenses/by/4.0/', 'license_image': 'https://i.creativecommons.org/l/by/4.0/88x31.png', 'permission': 0, 'url_name': '', 'thumbnail_url': '/OpenRobotics/models/AdjTable/tip/files/thumbnails/1.png', 'version': 4, 'private': False, 'categories': ['Furniture and Home']}, {'createdAt': '2020-06-22T08:41:13Z', 'updatedAt': '2026-02-07T10:47:36Z', 'name': 'MopCart3', 'owner': 'OpenRobotics', 'description': 'Last version of another mop cart', 'likes': 0, 'downloads': 40275, 'filesize': 5787981, 'upload_date': '2020-06-22T08:41:10Z', 'modify_date': '2023-09-27T15:29:40Z', 'license_id': 2, 'license_name': 'Creative Commons Attribution 4.0 International', 'license_url': 'http://creativecommons.org/licenses/by/4.0/', 'license_image': 'https://i.creativecommons.org/l/by/4.0/88x31.png', 'permission': 0, 'url_name': '', 'thumbnail_url': '/OpenRobotics/models/MopCart3/tip/files/thumbnails/1.png', 'version': 2, 'private': False, 'categories': ['Appliance']}, {'createdAt': '2020-05-20T19:36:36Z', 'updatedAt': '2026-02-07T10:47:43Z', 'name': 'MaleVisitorSit', 'owner': 'OpenRobotics', 'description': '', 'likes': 0, 'downloads': 56758, 'filesize': 596416, 'upload_date': '2020-05-20T19:36:34Z', 'modify_date': '2023-09-27T15:40:10Z', 'license_id': 2, 'license_name': 'Creative Commons Attribution 4.0 International', 'license_url': 'http://creativecommons.org/licenses/by/4.0/', 'license_image': 'https://i.creativecommons.org/l/by/4.0/88x31.png', 'permission': 0, 'url_name': '', 'thumbnail_url': '/OpenRobotics/models/MaleVisitorSit/tip/files/thumbnails/1.png', 'version': 2, 'private': False, 'categories': ['People']}, {'createdAt': '2020-06-09T12:11:18Z', 'updatedAt': '2026-02-07T10:47:50Z', 'name': 'Drawer', 'owner': 'OpenRobotics', 'description': '', 'likes': 1, 'downloads': 67714, 'filesize': 135520, 'upload_date': '2020-06-09T12:11:16Z', 'modify_date': '2023-09-27T15:33:39Z', 'license_id': 2, 'license_name': 'Creative Commons Attribution 4.0 International', 'license_url': 'http://creativecommons.org/licenses/by/4.0/', 'license_image': 'https://i.creativecommons.org/l/by/4.0/88x31.png', 'permission': 0, 'url_name': '', 'thumbnail_url': '/OpenRobotics/models/Drawer/tip/files/thumbnails/1.png', 'version': 2, 'private': False, 'categories': ['Furniture and Home']}, {'createdAt': '2020-06-09T12:12:56Z', 'updatedAt': '2026-02-07T10:47:55Z', 'name': 'OfficeChairBlack', 'owner': 'OpenRobotics', 'description': 'Chair from meeting room.', 'likes': 0, 'downloads': 104219, 'filesize': 793096, 'upload_date': '2020-06-09T12:12:54Z', 'modify_date': '2023-09-27T15:33:27Z', 'license_id': 2, 'license_name': 'Creative Commons Attribution 4.0 International', 'license_url': 'http://creativecommons.org/licenses/by/4.0/', 'license_image': 'https://i.creativecommons.org/l/by/4.0/88x31.png', 'permission': 0, 'url_name': '', 'thumbnail_url': '/OpenRobotics/models/OfficeChairBlack/tip/files/thumbnails/1.png', 'version': 2, 'private': False, 'categories': ['Furniture and Home']}, {'createdAt': '2020-05-21T06:09:55Z', 'updatedAt': '2026-02-07T10:48:02Z', 'name': 'ElderLadyPatient', 'owner': 'OpenRobotics', 'description': 'An elder lady patient\nCharacter generated from Autodesk Character Generator - https://charactergenerator.autodesk.com/\nPose from Mixamo - https://www.mixamo.com/', 'likes': 0, 'downloads': 32908, 'filesize': 2731549, 'upload_date': '2020-05-21T06:09:52Z', 'modify_date': '2023-09-27T15:39:19Z', 'license_id': 2, 'license_name': 'Creative Commons Attribution 4.0 International', 'license_url': 'http://creativecommons.org/licenses/by/4.0/', 'license_image': 'https://i.creativecommons.org/l/by/4.0/88x31.png', 'permission': 0, 'url_name': '', 'thumbnail_url': '/OpenRobotics/models/ElderLadyPatient/tip/files/thumbnails/1.png', 'version': 2, 'private': False, 'categories': ['People']}, {'createdAt': '2020-05-21T06:13:26Z', 'updatedAt': '2026-02-07T10:48:08Z', 'name': 'ElderMalePatient', 'owner': 'OpenRobotics', 'description': 'An elder male patient lying down.\nCharacter generated from Autodesk Character Generator - https://charactergenerator.autodesk.com/\nPose from Mixamo - https://www.mixamo.com/', 'likes': 0, 'downloads': 32621, 'filesize': 2918271, 'upload_date': '2020-05-21T06:13:24Z', 'modify_date': '2023-09-27T15:39:11Z', 'license_id': 2, 'license_name': 'Creative Commons Attribution 4.0 International', 'license_url': 'http://creativecommons.org/licenses/by/4.0/', 'license_image': 'https://i.creativecommons.org/l/by/4.0/88x31.png', 'permission': 0, 'url_name': '', 'thumbnail_url': '/OpenRobotics/models/ElderMalePatient/tip/files/thumbnails/1.png', 'version': 2, 'private': False, 'categories': ['People']}, {'createdAt': '2019-10-28T06:19:44Z', 'updatedAt': '2026-02-07T10:48:15Z', 'name': 'InstrumentCart2', 'owner': 'OpenRobotics', 'description': 'Description of the model', 'likes': 0, 'downloads': 5528, 'filesize': 702606, 'upload_date': '2019-10-28T06:19:41Z', 'modify_date': '2023-09-27T16:21:17Z', 'license_id': 2, 'license_name': 'Creative Commons Attribution 4.0 International', 'license_url': 'http://creativecommons.org/licenses/by/4.0/', 'license_image': 'https://i.creativecommons.org/l/by/4.0/88x31.png', 'permission': 0, 'url_name': '', 'thumbnail_url': '/OpenRobotics/models/InstrumentCart2/tip/files/thumbnails/1.png', 'version': 2, 'private': False, 'tags': ['hospital']}, {'createdAt': '2019-10-28T06:23:41Z', 'updatedAt': '2026-02-07T10:48:21Z', 'name': 'MetalCabinet', 'owner': 'OpenRobotics', 'description': 'Tall grey metal cabinet', 'likes': 0, 'downloads': 50252, 'filesize': 29065, 'upload_date': '2019-10-28T06:23:37Z', 'modify_date': '2023-09-27T16:20:57Z', 'license_id': 2, 'license_name': 'Creative Commons Attribution 4.0 International', 'license_url': 'http://creativecommons.org/licenses/by/4.0/', 'license_image': 'https://i.creativecommons.org/l/by/4.0/88x31.png', 'permission': 0, 'url_name': '', 'thumbnail_url': '/OpenRobotics/models/MetalCabinet/tip/files/thumbnails/1.png', 'version': 2, 'private': False, 'tags': ['hospital']}, {'createdAt': '2020-05-21T05:53:52Z', 'updatedAt': '2026-02-07T10:48:26Z', 'name': 'BedTable', 'owner': 'OpenRobotics', 'description': 'A generic hospital bed table', 'likes': 0, 'downloads': 13237, 'filesize': 1088303, 'upload_date': '2020-05-21T05:53:49Z', 'modify_date': '2023-09-27T15:39:31Z', 'license_id': 2, 'license_name': 'Creative Commons Attribution 4.0 International', 'license_url': 'http://creativecommons.org/licenses/by/4.0/', 'license_image': 'https://i.creativecommons.org/l/by/4.0/88x31.png', 'permission': 0, 'url_name': '', 'thumbnail_url': '/OpenRobotics/models/BedTable/tip/files/thumbnails/1.png', 'version': 2, 'private': False, 'categories': ['Furniture and Home']}, {'createdAt': '2020-05-21T05:27:18Z', 'updatedAt': '2026-02-07T10:48:33Z', 'name': 'BedsideTable', 'owner': 'OpenRobotics', 'description': 'A generic hospital bedside table', 'likes': 0, 'downloads': 36320, 'filesize': 691910, 'upload_date': '2020-05-21T05:27:16Z', 'modify_date': '2023-09-27T15:39:43Z', 'license_id': 2, 'license_name': 'Creative Commons Attribution 4.0 International', 'license_url': 'http://creativecommons.org/licenses/by/4.0/', 'license_image': 'https://i.creativecommons.org/l/by/4.0/88x31.png', 'permission': 0, 'url_name': '', 'thumbnail_url': '/OpenRobotics/models/BedsideTable/tip/files/thumbnails/1.png', 'version': 2, 'private': False, 'categories': ['Furniture and Home']}, {'createdAt': '2020-06-26T09:35:49Z', 'updatedAt': '2026-02-07T10:48:39Z', 'name': 'AnesthesiaMachine', 'owner': 'OpenRobotics', 'description': '', 'likes': 0, 'downloads': 6302, 'filesize': 541299, 'upload_date': '2020-06-26T09:35:47Z', 'modify_date': '2023-09-27T15:27:00Z', 'license_id': 2, 'license_name': 'Creative Commons Attribution 4.0 International', 'license_url': 'http://creativecommons.org/licenses/by/4.0/', 'license_image': 'https://i.creativecommons.org/l/by/4.0/88x31.png', 'permission': 0, 'url_name': '', 'thumbnail_url': '/OpenRobotics/models/AnesthesiaMachine/tip/files/thumbnails/1.png', 'version': 2, 'private': False, 'categories': ['Appliance']}, {'createdAt': '2019-10-28T06:45:05Z', 'updatedAt': '2026-02-07T10:48:45Z', 'name': 'TrolleyBedPatient', 'owner': 'OpenRobotics', 'description': 'Trolley Bed with patient', 'likes': 0, 'downloads': 5888, 'filesize': 1479205, 'upload_date': '2019-10-28T06:45:01Z', 'modify_date': '2023-09-27T16:19:05Z', 'license_id': 2, 'license_name': 'Creative Commons Attribution 4.0 International', 'license_url': 'http://creativecommons.org/licenses/by/4.0/', 'license_image': 'https://i.creativecommons.org/l/by/4.0/88x31.png', 'permission': 0, 'url_name': '', 'thumbnail_url': '/OpenRobotics/models/TrolleyBedPatient/tip/files/thumbnails/1.png', 'version': 3, 'private': False, 'tags': ['person', 'hospital', 'furniture']}, {'createdAt': '2020-06-25T10:18:19Z', 'updatedAt': '2026-02-07T10:48:51Z', 'name': 'Shower', 'owner': 'OpenRobotics', 'description': 'A generic shower', 'likes': 1, 'downloads': 41879, 'filesize': 568856, 'upload_date': '2020-06-25T10:18:17Z', 'modify_date': '2023-09-27T15:27:42Z', 'license_id': 2, 'license_name': 'Creative Commons Attribution 4.0 International', 'license_url': 'http://creativecommons.org/licenses/by/4.0/', 'license_image': 'https://i.creativecommons.org/l/by/4.0/88x31.png', 'permission': 0, 'url_name': '', 'thumbnail_url': '/OpenRobotics/models/Shower/tip/files/thumbnails/1.png', 'version': 2, 'private': False, 'categories': ['Furniture and Home']}, {'createdAt': '2020-06-26T09:39:00Z', 'updatedAt': '2026-02-07T10:48:57Z', 'name': 'SurgicalTrolleyMed', 'owner': 'OpenRobotics', 'description': 'Medium sized surgical trolley.', 'likes': 1, 'downloads': 32342, 'filesize': 860176, 'upload_date': '2020-06-26T09:38:58Z', 'modify_date': '2023-09-27T15:26:41Z', 'license_id': 2, 'license_name': 'Creative Commons Attribution 4.0 International', 'license_url': 'http://creativecommons.org/licenses/by/4.0/', 'license_image': 'https://i.creativecommons.org/l/by/4.0/88x31.png', 'permission': 0, 'url_name': '', 'thumbnail_url': '/OpenRobotics/models/SurgicalTrolleyMed/tip/files/thumbnails/1.png', 'version': 2, 'private': False, 'categories': ['Appliance']}, {'createdAt': '2019-10-28T06:42:26Z', 'updatedAt': '2026-02-07T10:49:04Z', 'name': 'StorageRackCovered', 'owner': 'OpenRobotics', 'description': 'Storage rack covered.', 'likes': 0, 'downloads': 23470, 'filesize': 536807, 'upload_date': '2019-10-28T06:42:22Z', 'modify_date': '2023-09-27T16:19:32Z', 'license_id': 2, 'license_name': 'Creative Commons Attribution 4.0 International', 'license_url': 'http://creativecommons.org/licenses/by/4.0/', 'license_image': 'https://i.creativecommons.org/l/by/4.0/88x31.png', 'permission': 0, 'url_name': '', 'thumbnail_url': '/OpenRobotics/models/StorageRackCovered/tip/files/thumbnails/1.png', 'version': 2, 'private': False, 'tags': ['hospital']}, {'createdAt': '2020-06-22T08:38:48Z', 'updatedAt': '2026-02-07T10:49:10Z', 'name': 'KitchenSink', 'owner': 'OpenRobotics', 'description': 'A countertop with a kitchen sink', 'likes': 1, 'downloads': 41772, 'filesize': 41731, 'upload_date': '2020-06-22T08:38:47Z', 'modify_date': '2023-09-27T15:30:05Z', 'license_id': 2, 'license_name': 'Creative Commons Attribution 4.0 International', 'license_url': 'http://creativecommons.org/licenses/by/4.0/', 'license_image': 'https://i.creativecommons.org/l/by/4.0/88x31.png', 'permission': 0, 'url_name': '', 'thumbnail_url': '/OpenRobotics/models/KitchenSink/tip/files/thumbnails/1.png', 'version': 2, 'private': False, 'categories': ['Furniture and Home', 'Kitchen']}, {'createdAt': '2020-06-25T10:18:48Z', 'updatedAt': '2026-02-07T10:49:16Z', 'name': 'Toilet', 'owner': 'OpenRobotics', 'description': 'A generic toilet', 'likes': 0, 'downloads': 104447, 'filesize': 205503, 'upload_date': '2020-06-25T10:18:46Z', 'modify_date': '2023-09-27T15:27:37Z', 'license_id': 2, 'license_name': 'Creative Commons Attribution 4.0 International', 'license_url': 'http://creativecommons.org/licenses/by/4.0/', 'license_image': 'https://i.creativecommons.org/l/by/4.0/88x31.png', 'permission': 0, 'url_name': '', 'thumbnail_url': '/OpenRobotics/models/Toilet/tip/files/thumbnails/1.png', 'version': 2, 'private': False, 'categories': ['Furniture and Home']}, {'createdAt': '2020-06-25T10:20:57Z', 'updatedAt': '2026-02-07T10:49:22Z', 'name': 'VendingMachine', 'owner': 'OpenRobotics', 'description': 'Beverage vending device mostly seen across singapore, including hospitals', 'likes': 0, 'downloads': 87948, 'filesize': 619550, 'upload_date': '2020-06-25T10:20:53Z', 'modify_date': '2023-09-27T15:27:16Z', 'license_id': 2, 'license_name': 'Creative Commons Attribution 4.0 International', 'license_url': 'http://creativecommons.org/licenses/by/4.0/', 'license_image': 'https://i.creativecommons.org/l/by/4.0/88x31.png', 'permission': 0, 'url_name': '', 'thumbnail_url': '/OpenRobotics/models/VendingMachine/tip/files/thumbnails/1.png', 'version': 3, 'private': False, 'categories': ['Appliance']}, {'createdAt': '2019-10-28T06:31:59Z', 'updatedAt': '2026-02-07T10:49:28Z', 'name': 'ParkingTrolleyMin', 'owner': 'OpenRobotics', 'description': 'Trolley and carts parking area with bags, this one has less bags', 'likes': 0, 'downloads': 5330, 'filesize': 1946726, 'upload_date': '2019-10-28T06:31:55Z', 'modify_date': '2023-09-27T16:20:24Z', 'license_id': 2, 'license_name': 'Creative Commons Attribution 4.0 International', 'license_url': 'http://creativecommons.org/licenses/by/4.0/', 'license_image': 'https://i.creativecommons.org/l/by/4.0/88x31.png', 'permission': 0, 'url_name': '', 'thumbnail_url': '/OpenRobotics/models/ParkingTrolleyMin/tip/files/thumbnails/1.png', 'version': 3, 'private': False, 'tags': ['hospital']}, {'createdAt': '2020-06-25T10:17:29Z', 'updatedAt': '2026-02-07T10:49:34Z', 'name': 'PatientFSit', 'owner': 'OpenRobotics', 'description': '', 'likes': 0, 'downloads': 32721, 'filesize': 657045, 'upload_date': '2020-06-25T10:17:27Z', 'modify_date': '2023-09-27T15:27:47Z', 'license_id': 2, 'license_name': 'Creative Commons Attribution 4.0 International', 'license_url': 'http://creativecommons.org/licenses/by/4.0/', 'license_image': 'https://i.creativecommons.org/l/by/4.0/88x31.png', 'permission': 0, 'url_name': '', 'thumbnail_url': '/OpenRobotics/models/PatientFSit/tip/files/thumbnails/1.png', 'version': 2, 'private': False, 'categories': ['People']}, {'createdAt': '2020-06-25T10:13:35Z', 'updatedAt': '2026-02-07T10:49:41Z', 'name': 'MaleVisitorOnPhone', 'owner': 'OpenRobotics', 'description': 'A man wearing purple shirt, looking at his phone', 'likes': 0, 'downloads': 59801, 'filesize': 1394258, 'upload_date': '2020-06-25T10:13:33Z', 'modify_date': '2023-09-27T15:28:15Z', 'license_id': 2, 'license_name': 'Creative Commons Attribution 4.0 International', 'license_url': 'http://creativecommons.org/licenses/by/4.0/', 'license_image': 'https://i.creativecommons.org/l/by/4.0/88x31.png', 'permission': 0, 'url_name': '', 'thumbnail_url': '/OpenRobotics/models/MaleVisitorOnPhone/tip/files/thumbnails/1.png', 'version': 2, 'private': False, 'categories': ['People', 'Tablet and Smartphone']}, {'createdAt': '2020-05-20T19:33:13Z', 'updatedAt': '2026-02-07T10:49:47Z', 'name': 'FemaleVisitor', 'owner': 'OpenRobotics', 'description': 'Female visitor', 'likes': 0, 'downloads': 65789, 'filesize': 685516, 'upload_date': '2020-05-20T19:33:11Z', 'modify_date': '2023-09-27T15:40:27Z', 'license_id': 2, 'license_name': 'Creative Commons Attribution 4.0 International', 'license_url': 'http://creativecommons.org/licenses/by/4.0/', 'license_image': 'https://i.creativecommons.org/l/by/4.0/88x31.png', 'permission': 0, 'url_name': '', 'thumbnail_url': '/OpenRobotics/models/FemaleVisitor/tip/files/thumbnails/1.png', 'version': 2, 'private': False, 'categories': ['People']}, {'createdAt': '2020-06-25T10:12:27Z', 'updatedAt': '2026-02-07T10:49:53Z', 'name': 'MalePatientBed', 'owner': 'OpenRobotics', 'description': 'A male patient lying down on a hospital bed.\nCharacter generated from Autodesk Character Generator - https://charactergenerator.autodesk.com/\nPose from Mixamo - https://www.mixamo.com/\nBed from Cole Biesemeyer.', 'likes': 0, 'downloads': 6622, 'filesize': 2087725, 'upload_date': '2020-06-25T10:12:25Z', 'modify_date': '2023-09-27T15:28:21Z', 'license_id': 2, 'license_name': 'Creative Commons Attribution 4.0 International', 'license_url': 'http://creativecommons.org/licenses/by/4.0/', 'license_image': 'https://i.creativecommons.org/l/by/4.0/88x31.png', 'permission': 0, 'url_name': '', 'thumbnail_url': '/OpenRobotics/models/MalePatientBed/tip/files/thumbnails/1.png', 'version': 2, 'private': False, 'categories': ['People']}, {'createdAt': '2019-10-28T06:41:39Z', 'updatedAt': '2026-02-07T10:50:00Z', 'name': 'StorageRackCoverOpen', 'owner': 'OpenRobotics', 'description': 'Storage rack with blue cover, open.', 'likes': 1, 'downloads': 22149, 'filesize': 635216, 'upload_date': '2019-10-28T06:41:36Z', 'modify_date': '2023-09-27T16:19:41Z', 'license_id': 2, 'license_name': 'Creative Commons Attribution 4.0 International', 'license_url': 'http://creativecommons.org/licenses/by/4.0/', 'license_image': 'https://i.creativecommons.org/l/by/4.0/88x31.png', 'permission': 0, 'url_name': '', 'thumbnail_url': '/OpenRobotics/models/StorageRackCoverOpen/tip/files/thumbnails/1.png', 'version': 2, 'private': False, 'tags': ['hospital']}, {'createdAt': '2019-10-28T06:30:59Z', 'updatedAt': '2026-02-07T10:50:06Z', 'name': 'ParkingTrolleyMax', 'owner': 'OpenRobotics', 'description': 'Trolley and carts parking area with bags, this one has more bags', 'likes': 0, 'downloads': 39654, 'filesize': 778398, 'upload_date': '2019-10-28T06:30:55Z', 'modify_date': '2023-09-27T16:20:32Z', 'license_id': 2, 'license_name': 'Creative Commons Attribution 4.0 International', 'license_url': 'http://creativecommons.org/licenses/by/4.0/', 'license_image': 'https://i.creativecommons.org/l/by/4.0/88x31.png', 'permission': 0, 'url_name': '', 'thumbnail_url': '/OpenRobotics/models/ParkingTrolleyMax/tip/files/thumbnails/1.png', 'version': 3, 'private': False, 'tags': ['hospital']}]
INFO:root:Downloading zip files and extracting them into /home/alberto/tfg/Reconocimiento-y-sintesis-visual-Tiago/workspace/src/aws-robomaker-hospital-world/fuel_models directory
INFO:root:Model XRayMachine already downloaded.
INFO:root:Model IVStand already downloaded.
INFO:root:Model BloodPressureMonitor already downloaded.
INFO:root:Model BPCart already downloaded.
INFO:root:Model BMWCart already downloaded.
INFO:root:Model CGMClassic already downloaded.
INFO:root:Model StorageRack already downloaded.
INFO:root:Model Chair already downloaded.
INFO:root:Model InstrumentCart1 already downloaded.
INFO:root:Model Scrubs already downloaded.
INFO:root:Model PatientWheelChair already downloaded.
INFO:root:Model WhiteChipChair already downloaded.
INFO:root:Model TrolleyBed already downloaded.
INFO:root:Model SurgicalTrolley already downloaded.
INFO:root:Model PotatoChipChair already downloaded.
INFO:root:Model VisitorKidSit already downloaded.
INFO:root:Model FemaleVisitorSit already downloaded.
INFO:root:Model AdjTable already downloaded.
INFO:root:Model MopCart3 already downloaded.
INFO:root:Model MaleVisitorSit already downloaded.
INFO:root:Model Drawer already downloaded.
INFO:root:Model OfficeChairBlack already downloaded.
INFO:root:Model ElderLadyPatient already downloaded.
INFO:root:Model ElderMalePatient already downloaded.
INFO:root:Model InstrumentCart2 already downloaded.
INFO:root:Model MetalCabinet already downloaded.
INFO:root:Model BedTable already downloaded.
INFO:root:Model BedsideTable already downloaded.
INFO:root:Model AnesthesiaMachine already downloaded.
INFO:root:Model TrolleyBedPatient already downloaded.
INFO:root:Model Shower already downloaded.
INFO:root:Model SurgicalTrolleyMed already downloaded.
INFO:root:Model StorageRackCovered already downloaded.
INFO:root:Model KitchenSink already downloaded.
INFO:root:Model Toilet already downloaded.
INFO:root:Model VendingMachine already downloaded.
INFO:root:Model ParkingTrolleyMin already downloaded.
INFO:root:Model PatientFSit already downloaded.
INFO:root:Model MaleVisitorOnPhone already downloaded.
INFO:root:Model FemaleVisitor already downloaded.
INFO:root:Model MalePatientBed already downloaded.
INFO:root:Model StorageRackCoverOpen already downloaded.
INFO:root:Model ParkingTrolleyMax already downloaded.
INFO:root:Creating database file: /home/alberto/tfg/Reconocimiento-y-sintesis-visual-Tiago/workspace/src/aws-robomaker-hospital-world/fuel_models/database.config
INFO:root:All done!
-- Configuring done
-- Generating done
-- Build files have been written to: /home/alberto/tfg/Reconocimiento-y-sintesis-visual-Tiago/workspace/build/aws_robomaker_hospital_world
-- Install configuration: ""
-- Execute custom install script
-- Symlinking: /home/alberto/tfg/Reconocimiento-y-sintesis-visual-Tiago/workspace/install/aws_robomaker_hospital_world/share/aws_robomaker_hospital_world/launch/hospital.launch.py
-- Symlinking: /home/alberto/tfg/Reconocimiento-y-sintesis-visual-Tiago/workspace/install/aws_robomaker_hospital_world/share/aws_robomaker_hospital_world/launch/view_hospital.launch.py
-- Symlinking: /home/alberto/tfg/Reconocimiento-y-sintesis-visual-Tiago/workspace/install/aws_robomaker_hospital_world/share/aws_robomaker_hospital_world/models/aws_robomaker_hospital_curtain_closed_01/meshes/aws_robomaker_hospital_curtain_closed_01_collision.dae
-- Symlinking: /home/alberto/tfg/Reconocimiento-y-sintesis-visual-Tiago/workspace/install/aws_robomaker_hospital_world/share/aws_robomaker_hospital_world/models/aws_robomaker_hospital_curtain_closed_01/meshes/aws_robomaker_hospital_curtain_closed_01_low.png
-- Symlinking: /home/alberto/tfg/Reconocimiento-y-sintesis-visual-Tiago/workspace/install/aws_robomaker_hospital_world/share/aws_robomaker_hospital_world/models/aws_robomaker_hospital_curtain_closed_01/meshes/aws_robomaker_hospital_curtain_closed_01_low_normal.png
-- Symlinking: /home/alberto/tfg/Reconocimiento-y-sintesis-visual-Tiago/workspace/install/aws_robomaker_hospital_world/share/aws_robomaker_hospital_world/models/aws_robomaker_hospital_curtain_closed_01/meshes/aws_robomaker_hospital_curtain_closed_01_visual.dae
-- Symlinking: /home/alberto/tfg/Reconocimiento-y-sintesis-visual-Tiago/workspace/install/aws_robomaker_hospital_world/share/aws_robomaker_hospital_world/models/aws_robomaker_hospital_curtain_closed_01/meshes/aws_robomaker_hospital_curtain_closed_01_visual.png
-- Symlinking: /home/alberto/tfg/Reconocimiento-y-sintesis-visual-Tiago/workspace/install/aws_robomaker_hospital_world/share/aws_robomaker_hospital_world/models/aws_robomaker_hospital_curtain_closed_01/meshes/aws_robomaker_hospital_curtain_closed_01_visual_normal.png
-- Symlinking: /home/alberto/tfg/Reconocimiento-y-sintesis-visual-Tiago/workspace/install/aws_robomaker_hospital_world/share/aws_robomaker_hospital_world/models/aws_robomaker_hospital_curtain_closed_01/meshes/aws_robomaker_hospital_curtainrail_01_low.png
-- Symlinking: /home/alberto/tfg/Reconocimiento-y-sintesis-visual-Tiago/workspace/install/aws_robomaker_hospital_world/share/aws_robomaker_hospital_world/models/aws_robomaker_hospital_curtain_closed_01/meshes/aws_robomaker_hospital_curtainrail_01_low_normal.png
-- Symlinking: /home/alberto/tfg/Reconocimiento-y-sintesis-visual-Tiago/workspace/install/aws_robomaker_hospital_world/share/aws_robomaker_hospital_world/models/aws_robomaker_hospital_curtain_closed_01/meshes/aws_robomaker_hospital_curtainrail_01_visual.png
-- Symlinking: /home/alberto/tfg/Reconocimiento-y-sintesis-visual-Tiago/workspace/install/aws_robomaker_hospital_world/share/aws_robomaker_hospital_world/models/aws_robomaker_hospital_curtain_closed_01/meshes/aws_robomaker_hospital_curtainrail_01_visual_normal.png
-- Symlinking: /home/alberto/tfg/Reconocimiento-y-sintesis-visual-Tiago/workspace/install/aws_robomaker_hospital_world/share/aws_robomaker_hospital_world/models/aws_robomaker_hospital_curtain_closed_01/model.config
-- Symlinking: /home/alberto/tfg/Reconocimiento-y-sintesis-visual-Tiago/workspace/install/aws_robomaker_hospital_world/share/aws_robomaker_hospital_world/models/aws_robomaker_hospital_curtain_closed_01/model.sdf
-- Symlinking: /home/alberto/tfg/Reconocimiento-y-sintesis-visual-Tiago/workspace/install/aws_robomaker_hospital_world/share/aws_robomaker_hospital_world/models/aws_robomaker_hospital_curtain_half_open_01/meshes/aws_robomaker_hospital_curtain_half_open_01_collision.dae
-- Symlinking: /home/alberto/tfg/Reconocimiento-y-sintesis-visual-Tiago/workspace/install/aws_robomaker_hospital_world/share/aws_robomaker_hospital_world/models/aws_robomaker_hospital_curtain_half_open_01/meshes/aws_robomaker_hospital_curtain_half_open_01_low.png
-- Symlinking: /home/alberto/tfg/Reconocimiento-y-sintesis-visual-Tiago/workspace/install/aws_robomaker_hospital_world/share/aws_robomaker_hospital_world/models/aws_robomaker_hospital_curtain_half_open_01/meshes/aws_robomaker_hospital_curtain_half_open_01_low_normal.png
-- Symlinking: /home/alberto/tfg/Reconocimiento-y-sintesis-visual-Tiago/workspace/install/aws_robomaker_hospital_world/share/aws_robomaker_hospital_world/models/aws_robomaker_hospital_curtain_half_open_01/meshes/aws_robomaker_hospital_curtain_half_open_01_visual.dae
-- Symlinking: /home/alberto/tfg/Reconocimiento-y-sintesis-visual-Tiago/workspace/install/aws_robomaker_hospital_world/share/aws_robomaker_hospital_world/models/aws_robomaker_hospital_curtain_half_open_01/meshes/aws_robomaker_hospital_curtain_half_open_01_visual.png
-- Symlinking: /home/alberto/tfg/Reconocimiento-y-sintesis-visual-Tiago/workspace/install/aws_robomaker_hospital_world/share/aws_robomaker_hospital_world/models/aws_robomaker_hospital_curtain_half_open_01/meshes/aws_robomaker_hospital_curtain_half_open_01_visual_normal.png
-- Symlinking: /home/alberto/tfg/Reconocimiento-y-sintesis-visual-Tiago/workspace/install/aws_robomaker_hospital_world/share/aws_robomaker_hospital_world/models/aws_robomaker_hospital_curtain_half_open_01/meshes/aws_robomaker_hospital_curtainrail_01_low.png
-- Symlinking: /home/alberto/tfg/Reconocimiento-y-sintesis-visual-Tiago/workspace/install/aws_robomaker_hospital_world/share/aws_robomaker_hospital_world/models/aws_robomaker_hospital_curtain_half_open_01/meshes/aws_robomaker_hospital_curtainrail_01_low_normal.png
-- Symlinking: /home/alberto/tfg/Reconocimiento-y-sintesis-visual-Tiago/workspace/install/aws_robomaker_hospital_world/share/aws_robomaker_hospital_world/models/aws_robomaker_hospital_curtain_half_open_01/meshes/aws_robomaker_hospital_curtainrail_01_visual.png
-- Symlinking: /home/alberto/tfg/Reconocimiento-y-sintesis-visual-Tiago/workspace/install/aws_robomaker_hospital_world/share/aws_robomaker_hospital_world/models/aws_robomaker_hospital_curtain_half_open_01/meshes/aws_robomaker_hospital_curtainrail_01_visual_normal.png
-- Symlinking: /home/alberto/tfg/Reconocimiento-y-sintesis-visual-Tiago/workspace/install/aws_robomaker_hospital_world/share/aws_robomaker_hospital_world/models/aws_robomaker_hospital_curtain_half_open_01/model.config
-- Symlinking: /home/alberto/tfg/Reconocimiento-y-sintesis-visual-Tiago/workspace/install/aws_robomaker_hospital_world/share/aws_robomaker_hospital_world/models/aws_robomaker_hospital_curtain_half_open_01/model.sdf
-- Symlinking: /home/alberto/tfg/Reconocimiento-y-sintesis-visual-Tiago/workspace/install/aws_robomaker_hospital_world/share/aws_robomaker_hospital_world/models/aws_robomaker_hospital_curtain_open_01/meshes/aws_robomaker_hospital_curtain_open_01_collision.dae
-- Symlinking: /home/alberto/tfg/Reconocimiento-y-sintesis-visual-Tiago/workspace/install/aws_robomaker_hospital_world/share/aws_robomaker_hospital_world/models/aws_robomaker_hospital_curtain_open_01/meshes/aws_robomaker_hospital_curtain_open_01_low.png
-- Symlinking: /home/alberto/tfg/Reconocimiento-y-sintesis-visual-Tiago/workspace/install/aws_robomaker_hospital_world/share/aws_robomaker_hospital_world/models/aws_robomaker_hospital_curtain_open_01/meshes/aws_robomaker_hospital_curtain_open_01_low_normal.png
-- Symlinking: /home/alberto/tfg/Reconocimiento-y-sintesis-visual-Tiago/workspace/install/aws_robomaker_hospital_world/share/aws_robomaker_hospital_world/models/aws_robomaker_hospital_curtain_open_01/meshes/aws_robomaker_hospital_curtain_open_01_visual.dae
-- Symlinking: /home/alberto/tfg/Reconocimiento-y-sintesis-visual-Tiago/workspace/install/aws_robomaker_hospital_world/share/aws_robomaker_hospital_world/models/aws_robomaker_hospital_curtain_open_01/meshes/aws_robomaker_hospital_curtain_open_01_visual.png
-- Symlinking: /home/alberto/tfg/Reconocimiento-y-sintesis-visual-Tiago/workspace/install/aws_robomaker_hospital_world/share/aws_robomaker_hospital_world/models/aws_robomaker_hospital_curtain_open_01/meshes/aws_robomaker_hospital_curtain_open_01_visual_normal.png
-- Symlinking: /home/alberto/tfg/Reconocimiento-y-sintesis-visual-Tiago/workspace/install/aws_robomaker_hospital_world/share/aws_robomaker_hospital_world/models/aws_robomaker_hospital_curtain_open_01/meshes/aws_robomaker_hospital_curtainrail_01_low.png
-- Symlinking: /home/alberto/tfg/Reconocimiento-y-sintesis-visual-Tiago/workspace/install/aws_robomaker_hospital_world/share/aws_robomaker_hospital_world/models/aws_robomaker_hospital_curtain_open_01/meshes/aws_robomaker_hospital_curtainrail_01_low_normal.png
-- Symlinking: /home/alberto/tfg/Reconocimiento-y-sintesis-visual-Tiago/workspace/install/aws_robomaker_hospital_world/share/aws_robomaker_hospital_world/models/aws_robomaker_hospital_curtain_open_01/meshes/aws_robomaker_hospital_curtainrail_01_visual.png
-- Symlinking: /home/alberto/tfg/Reconocimiento-y-sintesis-visual-Tiago/workspace/install/aws_robomaker_hospital_world/share/aws_robomaker_hospital_world/models/aws_robomaker_hospital_curtain_open_01/meshes/aws_robomaker_hospital_curtainrail_01_visual_normal.png
-- Symlinking: /home/alberto/tfg/Reconocimiento-y-sintesis-visual-Tiago/workspace/install/aws_robomaker_hospital_world/share/aws_robomaker_hospital_world/models/aws_robomaker_hospital_curtain_open_01/model.config
-- Symlinking: /home/alberto/tfg/Reconocimiento-y-sintesis-visual-Tiago/workspace/install/aws_robomaker_hospital_world/share/aws_robomaker_hospital_world/models/aws_robomaker_hospital_curtain_open_01/model.sdf
-- Symlinking: /home/alberto/tfg/Reconocimiento-y-sintesis-visual-Tiago/workspace/install/aws_robomaker_hospital_world/share/aws_robomaker_hospital_world/models/aws_robomaker_hospital_elevator_01_car/meshes/aws_robomaker_hospital_elevator_01_car_collision.dae
-- Symlinking: /home/alberto/tfg/Reconocimiento-y-sintesis-visual-Tiago/workspace/install/aws_robomaker_hospital_world/share/aws_robomaker_hospital_world/models/aws_robomaker_hospital_elevator_01_car/meshes/aws_robomaker_hospital_elevator_01_car_low.dae
-- Symlinking: /home/alberto/tfg/Reconocimiento-y-sintesis-visual-Tiago/workspace/install/aws_robomaker_hospital_world/share/aws_robomaker_hospital_world/models/aws_robomaker_hospital_elevator_01_car/meshes/aws_robomaker_hospital_elevator_01_car_visual.dae
-- Symlinking: /home/alberto/tfg/Reconocimiento-y-sintesis-visual-Tiago/workspace/install/aws_robomaker_hospital_world/share/aws_robomaker_hospital_world/models/aws_robomaker_hospital_elevator_01_car/meshes/aws_robomaker_hospital_elevator_01_low.png
-- Symlinking: /home/alberto/tfg/Reconocimiento-y-sintesis-visual-Tiago/workspace/install/aws_robomaker_hospital_world/share/aws_robomaker_hospital_world/models/aws_robomaker_hospital_elevator_01_car/meshes/aws_robomaker_hospital_elevator_01_low_normal.png
-- Symlinking: /home/alberto/tfg/Reconocimiento-y-sintesis-visual-Tiago/workspace/install/aws_robomaker_hospital_world/share/aws_robomaker_hospital_world/models/aws_robomaker_hospital_elevator_01_car/meshes/aws_robomaker_hospital_elevator_01_visual.png
-- Symlinking: /home/alberto/tfg/Reconocimiento-y-sintesis-visual-Tiago/workspace/install/aws_robomaker_hospital_world/share/aws_robomaker_hospital_world/models/aws_robomaker_hospital_elevator_01_car/meshes/aws_robomaker_hospital_elevator_01_visual_normal.png
-- Symlinking: /home/alberto/tfg/Reconocimiento-y-sintesis-visual-Tiago/workspace/install/aws_robomaker_hospital_world/share/aws_robomaker_hospital_world/models/aws_robomaker_hospital_elevator_01_car/model.config
-- Symlinking: /home/alberto/tfg/Reconocimiento-y-sintesis-visual-Tiago/workspace/install/aws_robomaker_hospital_world/share/aws_robomaker_hospital_world/models/aws_robomaker_hospital_elevator_01_car/model.sdf
-- Symlinking: /home/alberto/tfg/Reconocimiento-y-sintesis-visual-Tiago/workspace/install/aws_robomaker_hospital_world/share/aws_robomaker_hospital_world/models/aws_robomaker_hospital_elevator_01_door/meshes/aws_robomaker_hospital_elevator_01_door_collision.dae
-- Symlinking: /home/alberto/tfg/Reconocimiento-y-sintesis-visual-Tiago/workspace/install/aws_robomaker_hospital_world/share/aws_robomaker_hospital_world/models/aws_robomaker_hospital_elevator_01_door/meshes/aws_robomaker_hospital_elevator_01_door_low.dae
-- Symlinking: /home/alberto/tfg/Reconocimiento-y-sintesis-visual-Tiago/workspace/install/aws_robomaker_hospital_world/share/aws_robomaker_hospital_world/models/aws_robomaker_hospital_elevator_01_door/meshes/aws_robomaker_hospital_elevator_01_door_visual.dae
-- Symlinking: /home/alberto/tfg/Reconocimiento-y-sintesis-visual-Tiago/workspace/install/aws_robomaker_hospital_world/share/aws_robomaker_hospital_world/models/aws_robomaker_hospital_elevator_01_door/meshes/aws_robomaker_hospital_elevator_01_low.png
-- Symlinking: /home/alberto/tfg/Reconocimiento-y-sintesis-visual-Tiago/workspace/install/aws_robomaker_hospital_world/share/aws_robomaker_hospital_world/models/aws_robomaker_hospital_elevator_01_door/meshes/aws_robomaker_hospital_elevator_01_low_normal.png
-- Symlinking: /home/alberto/tfg/Reconocimiento-y-sintesis-visual-Tiago/workspace/install/aws_robomaker_hospital_world/share/aws_robomaker_hospital_world/models/aws_robomaker_hospital_elevator_01_door/meshes/aws_robomaker_hospital_elevator_01_visual.png
-- Symlinking: /home/alberto/tfg/Reconocimiento-y-sintesis-visual-Tiago/workspace/install/aws_robomaker_hospital_world/share/aws_robomaker_hospital_world/models/aws_robomaker_hospital_elevator_01_door/meshes/aws_robomaker_hospital_elevator_01_visual_normal.png
-- Symlinking: /home/alberto/tfg/Reconocimiento-y-sintesis-visual-Tiago/workspace/install/aws_robomaker_hospital_world/share/aws_robomaker_hospital_world/models/aws_robomaker_hospital_elevator_01_door/model.config
-- Symlinking: /home/alberto/tfg/Reconocimiento-y-sintesis-visual-Tiago/workspace/install/aws_robomaker_hospital_world/share/aws_robomaker_hospital_world/models/aws_robomaker_hospital_elevator_01_door/model.sdf
-- Symlinking: /home/alberto/tfg/Reconocimiento-y-sintesis-visual-Tiago/workspace/install/aws_robomaker_hospital_world/share/aws_robomaker_hospital_world/models/aws_robomaker_hospital_elevator_01_portal/meshes/aws_robomaker_hospital_elevator_01_low.png
-- Symlinking: /home/alberto/tfg/Reconocimiento-y-sintesis-visual-Tiago/workspace/install/aws_robomaker_hospital_world/share/aws_robomaker_hospital_world/models/aws_robomaker_hospital_elevator_01_portal/meshes/aws_robomaker_hospital_elevator_01_low_normal.png
-- Symlinking: /home/alberto/tfg/Reconocimiento-y-sintesis-visual-Tiago/workspace/install/aws_robomaker_hospital_world/share/aws_robomaker_hospital_world/models/aws_robomaker_hospital_elevator_01_portal/meshes/aws_robomaker_hospital_elevator_01_portal_collision.dae
-- Symlinking: /home/alberto/tfg/Reconocimiento-y-sintesis-visual-Tiago/workspace/install/aws_robomaker_hospital_world/share/aws_robomaker_hospital_world/models/aws_robomaker_hospital_elevator_01_portal/meshes/aws_robomaker_hospital_elevator_01_portal_low.dae
-- Symlinking: /home/alberto/tfg/Reconocimiento-y-sintesis-visual-Tiago/workspace/install/aws_robomaker_hospital_world/share/aws_robomaker_hospital_world/models/aws_robomaker_hospital_elevator_01_portal/meshes/aws_robomaker_hospital_elevator_01_portal_visual.dae
-- Symlinking: /home/alberto/tfg/Reconocimiento-y-sintesis-visual-Tiago/workspace/install/aws_robomaker_hospital_world/share/aws_robomaker_hospital_world/models/aws_robomaker_hospital_elevator_01_portal/meshes/aws_robomaker_hospital_elevator_01_visual.png
-- Symlinking: /home/alberto/tfg/Reconocimiento-y-sintesis-visual-Tiago/workspace/install/aws_robomaker_hospital_world/share/aws_robomaker_hospital_world/models/aws_robomaker_hospital_elevator_01_portal/meshes/aws_robomaker_hospital_elevator_01_visual_normal.png
-- Symlinking: /home/alberto/tfg/Reconocimiento-y-sintesis-visual-Tiago/workspace/install/aws_robomaker_hospital_world/share/aws_robomaker_hospital_world/models/aws_robomaker_hospital_elevator_01_portal/model.config
-- Symlinking: /home/alberto/tfg/Reconocimiento-y-sintesis-visual-Tiago/workspace/install/aws_robomaker_hospital_world/share/aws_robomaker_hospital_world/models/aws_robomaker_hospital_elevator_01_portal/model.sdf
-- Symlinking: /home/alberto/tfg/Reconocimiento-y-sintesis-visual-Tiago/workspace/install/aws_robomaker_hospital_world/share/aws_robomaker_hospital_world/models/aws_robomaker_hospital_floor_01_ceiling/meshes/aws_robomaker_hospital_floor_01_ceiling.png
-- Symlinking: /home/alberto/tfg/Reconocimiento-y-sintesis-visual-Tiago/workspace/install/aws_robomaker_hospital_world/share/aws_robomaker_hospital_world/models/aws_robomaker_hospital_floor_01_ceiling/meshes/aws_robomaker_hospital_floor_01_ceiling_collision.dae
-- Symlinking: /home/alberto/tfg/Reconocimiento-y-sintesis-visual-Tiago/workspace/install/aws_robomaker_hospital_world/share/aws_robomaker_hospital_world/models/aws_robomaker_hospital_floor_01_ceiling/meshes/aws_robomaker_hospital_floor_01_ceiling_normal.png
-- Symlinking: /home/alberto/tfg/Reconocimiento-y-sintesis-visual-Tiago/workspace/install/aws_robomaker_hospital_world/share/aws_robomaker_hospital_world/models/aws_robomaker_hospital_floor_01_ceiling/meshes/aws_robomaker_hospital_floor_01_ceiling_visual.dae
-- Symlinking: /home/alberto/tfg/Reconocimiento-y-sintesis-visual-Tiago/workspace/install/aws_robomaker_hospital_world/share/aws_robomaker_hospital_world/models/aws_robomaker_hospital_floor_01_ceiling/model.config
-- Symlinking: /home/alberto/tfg/Reconocimiento-y-sintesis-visual-Tiago/workspace/install/aws_robomaker_hospital_world/share/aws_robomaker_hospital_world/models/aws_robomaker_hospital_floor_01_ceiling/model.sdf
-- Symlinking: /home/alberto/tfg/Reconocimiento-y-sintesis-visual-Tiago/workspace/install/aws_robomaker_hospital_world/share/aws_robomaker_hospital_world/models/aws_robomaker_hospital_floor_01_floor/meshes/aws_robomaker_hospital_floor_01_floor.png
-- Symlinking: /home/alberto/tfg/Reconocimiento-y-sintesis-visual-Tiago/workspace/install/aws_robomaker_hospital_world/share/aws_robomaker_hospital_world/models/aws_robomaker_hospital_floor_01_floor/meshes/aws_robomaker_hospital_floor_01_floor_collision.dae
-- Symlinking: /home/alberto/tfg/Reconocimiento-y-sintesis-visual-Tiago/workspace/install/aws_robomaker_hospital_world/share/aws_robomaker_hospital_world/models/aws_robomaker_hospital_floor_01_floor/meshes/aws_robomaker_hospital_floor_01_floor_normal.png
-- Symlinking: /home/alberto/tfg/Reconocimiento-y-sintesis-visual-Tiago/workspace/install/aws_robomaker_hospital_world/share/aws_robomaker_hospital_world/models/aws_robomaker_hospital_floor_01_floor/meshes/aws_robomaker_hospital_floor_01_floor_visual.dae
-- Symlinking: /home/alberto/tfg/Reconocimiento-y-sintesis-visual-Tiago/workspace/install/aws_robomaker_hospital_world/share/aws_robomaker_hospital_world/models/aws_robomaker_hospital_floor_01_floor/model.config
-- Symlinking: /home/alberto/tfg/Reconocimiento-y-sintesis-visual-Tiago/workspace/install/aws_robomaker_hospital_world/share/aws_robomaker_hospital_world/models/aws_robomaker_hospital_floor_01_floor/model.sdf
-- Symlinking: /home/alberto/tfg/Reconocimiento-y-sintesis-visual-Tiago/workspace/install/aws_robomaker_hospital_world/share/aws_robomaker_hospital_world/models/aws_robomaker_hospital_floor_01_walls/meshes/aws_robomaker_hospital_floor_01_bumprail.png
-- Symlinking: /home/alberto/tfg/Reconocimiento-y-sintesis-visual-Tiago/workspace/install/aws_robomaker_hospital_world/share/aws_robomaker_hospital_world/models/aws_robomaker_hospital_floor_01_walls/meshes/aws_robomaker_hospital_floor_01_doorframes_big.png
-- Symlinking: /home/alberto/tfg/Reconocimiento-y-sintesis-visual-Tiago/workspace/install/aws_robomaker_hospital_world/share/aws_robomaker_hospital_world/models/aws_robomaker_hospital_floor_01_walls/meshes/aws_robomaker_hospital_floor_01_doorframes_small.png
-- Symlinking: /home/alberto/tfg/Reconocimiento-y-sintesis-visual-Tiago/workspace/install/aws_robomaker_hospital_world/share/aws_robomaker_hospital_world/models/aws_robomaker_hospital_floor_01_walls/meshes/aws_robomaker_hospital_floor_01_doorsign.png
-- Symlinking: /home/alberto/tfg/Reconocimiento-y-sintesis-visual-Tiago/workspace/install/aws_robomaker_hospital_world/share/aws_robomaker_hospital_world/models/aws_robomaker_hospital_floor_01_walls/meshes/aws_robomaker_hospital_floor_01_handrail.png
-- Symlinking: /home/alberto/tfg/Reconocimiento-y-sintesis-visual-Tiago/workspace/install/aws_robomaker_hospital_world/share/aws_robomaker_hospital_world/models/aws_robomaker_hospital_floor_01_walls/meshes/aws_robomaker_hospital_floor_01_stairs.png
-- Symlinking: /home/alberto/tfg/Reconocimiento-y-sintesis-visual-Tiago/workspace/install/aws_robomaker_hospital_world/share/aws_robomaker_hospital_world/models/aws_robomaker_hospital_floor_01_walls/meshes/aws_robomaker_hospital_floor_01_walls.png
-- Symlinking: /home/alberto/tfg/Reconocimiento-y-sintesis-visual-Tiago/workspace/install/aws_robomaker_hospital_world/share/aws_robomaker_hospital_world/models/aws_robomaker_hospital_floor_01_walls/meshes/aws_robomaker_hospital_floor_01_walls_collision.dae
-- Symlinking: /home/alberto/tfg/Reconocimiento-y-sintesis-visual-Tiago/workspace/install/aws_robomaker_hospital_world/share/aws_robomaker_hospital_world/models/aws_robomaker_hospital_floor_01_walls/meshes/aws_robomaker_hospital_floor_01_walls_visual.dae
-- Symlinking: /home/alberto/tfg/Reconocimiento-y-sintesis-visual-Tiago/workspace/install/aws_robomaker_hospital_world/share/aws_robomaker_hospital_world/models/aws_robomaker_hospital_floor_01_walls/meshes/aws_robomaker_hospital_floor_01_windows.png
-- Symlinking: /home/alberto/tfg/Reconocimiento-y-sintesis-visual-Tiago/workspace/install/aws_robomaker_hospital_world/share/aws_robomaker_hospital_world/models/aws_robomaker_hospital_floor_01_walls/model.config
-- Symlinking: /home/alberto/tfg/Reconocimiento-y-sintesis-visual-Tiago/workspace/install/aws_robomaker_hospital_world/share/aws_robomaker_hospital_world/models/aws_robomaker_hospital_floor_01_walls/model.sdf
-- Symlinking: /home/alberto/tfg/Reconocimiento-y-sintesis-visual-Tiago/workspace/install/aws_robomaker_hospital_world/share/aws_robomaker_hospital_world/models/aws_robomaker_hospital_floor_02_ceiling/materials/model.sdf
-- Symlinking: /home/alberto/tfg/Reconocimiento-y-sintesis-visual-Tiago/workspace/install/aws_robomaker_hospital_world/share/aws_robomaker_hospital_world/models/aws_robomaker_hospital_floor_02_ceiling/meshes/aws_robomaker_hospital_floor_02_ceiling.png
-- Symlinking: /home/alberto/tfg/Reconocimiento-y-sintesis-visual-Tiago/workspace/install/aws_robomaker_hospital_world/share/aws_robomaker_hospital_world/models/aws_robomaker_hospital_floor_02_ceiling/meshes/aws_robomaker_hospital_floor_02_ceiling_collision.dae
-- Symlinking: /home/alberto/tfg/Reconocimiento-y-sintesis-visual-Tiago/workspace/install/aws_robomaker_hospital_world/share/aws_robomaker_hospital_world/models/aws_robomaker_hospital_floor_02_ceiling/meshes/aws_robomaker_hospital_floor_02_ceiling_normal.png
-- Symlinking: /home/alberto/tfg/Reconocimiento-y-sintesis-visual-Tiago/workspace/install/aws_robomaker_hospital_world/share/aws_robomaker_hospital_world/models/aws_robomaker_hospital_floor_02_ceiling/meshes/aws_robomaker_hospital_floor_02_ceiling_visual.dae
-- Symlinking: /home/alberto/tfg/Reconocimiento-y-sintesis-visual-Tiago/workspace/install/aws_robomaker_hospital_world/share/aws_robomaker_hospital_world/models/aws_robomaker_hospital_floor_02_ceiling/model.config
-- Symlinking: /home/alberto/tfg/Reconocimiento-y-sintesis-visual-Tiago/workspace/install/aws_robomaker_hospital_world/share/aws_robomaker_hospital_world/models/aws_robomaker_hospital_floor_02_ceiling/model.sdf
-- Symlinking: /home/alberto/tfg/Reconocimiento-y-sintesis-visual-Tiago/workspace/install/aws_robomaker_hospital_world/share/aws_robomaker_hospital_world/models/aws_robomaker_hospital_floor_02_floor/meshes/aws_robomaker_hospital_floor_02_floor.png
-- Symlinking: /home/alberto/tfg/Reconocimiento-y-sintesis-visual-Tiago/workspace/install/aws_robomaker_hospital_world/share/aws_robomaker_hospital_world/models/aws_robomaker_hospital_floor_02_floor/meshes/aws_robomaker_hospital_floor_02_floor_collision.dae
-- Symlinking: /home/alberto/tfg/Reconocimiento-y-sintesis-visual-Tiago/workspace/install/aws_robomaker_hospital_world/share/aws_robomaker_hospital_world/models/aws_robomaker_hospital_floor_02_floor/meshes/aws_robomaker_hospital_floor_02_floor_normal.png
-- Symlinking: /home/alberto/tfg/Reconocimiento-y-sintesis-visual-Tiago/workspace/install/aws_robomaker_hospital_world/share/aws_robomaker_hospital_world/models/aws_robomaker_hospital_floor_02_floor/meshes/aws_robomaker_hospital_floor_02_floor_visual.dae
-- Symlinking: /home/alberto/tfg/Reconocimiento-y-sintesis-visual-Tiago/workspace/install/aws_robomaker_hospital_world/share/aws_robomaker_hospital_world/models/aws_robomaker_hospital_floor_02_floor/model.config
-- Symlinking: /home/alberto/tfg/Reconocimiento-y-sintesis-visual-Tiago/workspace/install/aws_robomaker_hospital_world/share/aws_robomaker_hospital_world/models/aws_robomaker_hospital_floor_02_floor/model.sdf
-- Symlinking: /home/alberto/tfg/Reconocimiento-y-sintesis-visual-Tiago/workspace/install/aws_robomaker_hospital_world/share/aws_robomaker_hospital_world/models/aws_robomaker_hospital_floor_02_walls/meshes/aws_robomaker_hospital_floor_02_bumprail.png
-- Symlinking: /home/alberto/tfg/Reconocimiento-y-sintesis-visual-Tiago/workspace/install/aws_robomaker_hospital_world/share/aws_robomaker_hospital_world/models/aws_robomaker_hospital_floor_02_walls/meshes/aws_robomaker_hospital_floor_02_doorframes_big.png
-- Symlinking: /home/alberto/tfg/Reconocimiento-y-sintesis-visual-Tiago/workspace/install/aws_robomaker_hospital_world/share/aws_robomaker_hospital_world/models/aws_robomaker_hospital_floor_02_walls/meshes/aws_robomaker_hospital_floor_02_doorframes_small.png
-- Symlinking: /home/alberto/tfg/Reconocimiento-y-sintesis-visual-Tiago/workspace/install/aws_robomaker_hospital_world/share/aws_robomaker_hospital_world/models/aws_robomaker_hospital_floor_02_walls/meshes/aws_robomaker_hospital_floor_02_doorsign.png
-- Symlinking: /home/alberto/tfg/Reconocimiento-y-sintesis-visual-Tiago/workspace/install/aws_robomaker_hospital_world/share/aws_robomaker_hospital_world/models/aws_robomaker_hospital_floor_02_walls/meshes/aws_robomaker_hospital_floor_02_handrail.png
-- Symlinking: /home/alberto/tfg/Reconocimiento-y-sintesis-visual-Tiago/workspace/install/aws_robomaker_hospital_world/share/aws_robomaker_hospital_world/models/aws_robomaker_hospital_floor_02_walls/meshes/aws_robomaker_hospital_floor_02_stairs.png
-- Symlinking: /home/alberto/tfg/Reconocimiento-y-sintesis-visual-Tiago/workspace/install/aws_robomaker_hospital_world/share/aws_robomaker_hospital_world/models/aws_robomaker_hospital_floor_02_walls/meshes/aws_robomaker_hospital_floor_02_walls.png
-- Symlinking: /home/alberto/tfg/Reconocimiento-y-sintesis-visual-Tiago/workspace/install/aws_robomaker_hospital_world/share/aws_robomaker_hospital_world/models/aws_robomaker_hospital_floor_02_walls/meshes/aws_robomaker_hospital_floor_02_walls_collision.dae
-- Symlinking: /home/alberto/tfg/Reconocimiento-y-sintesis-visual-Tiago/workspace/install/aws_robomaker_hospital_world/share/aws_robomaker_hospital_world/models/aws_robomaker_hospital_floor_02_walls/meshes/aws_robomaker_hospital_floor_02_walls_visual.dae
-- Symlinking: /home/alberto/tfg/Reconocimiento-y-sintesis-visual-Tiago/workspace/install/aws_robomaker_hospital_world/share/aws_robomaker_hospital_world/models/aws_robomaker_hospital_floor_02_walls/meshes/aws_robomaker_hospital_floor_02_windows.png
-- Symlinking: /home/alberto/tfg/Reconocimiento-y-sintesis-visual-Tiago/workspace/install/aws_robomaker_hospital_world/share/aws_robomaker_hospital_world/models/aws_robomaker_hospital_floor_02_walls/model.config
-- Symlinking: /home/alberto/tfg/Reconocimiento-y-sintesis-visual-Tiago/workspace/install/aws_robomaker_hospital_world/share/aws_robomaker_hospital_world/models/aws_robomaker_hospital_floor_02_walls/model.sdf
-- Symlinking: /home/alberto/tfg/Reconocimiento-y-sintesis-visual-Tiago/workspace/install/aws_robomaker_hospital_world/share/aws_robomaker_hospital_world/models/aws_robomaker_hospital_hospitalsign_01/meshes/aws_robomaker_hospital_hospitalsign_01.png
-- Symlinking: /home/alberto/tfg/Reconocimiento-y-sintesis-visual-Tiago/workspace/install/aws_robomaker_hospital_world/share/aws_robomaker_hospital_world/models/aws_robomaker_hospital_hospitalsign_01/meshes/aws_robomaker_hospital_hospitalsign_01_collision.dae
-- Symlinking: /home/alberto/tfg/Reconocimiento-y-sintesis-visual-Tiago/workspace/install/aws_robomaker_hospital_world/share/aws_robomaker_hospital_world/models/aws_robomaker_hospital_hospitalsign_01/meshes/aws_robomaker_hospital_hospitalsign_01_normal.png
-- Symlinking: /home/alberto/tfg/Reconocimiento-y-sintesis-visual-Tiago/workspace/install/aws_robomaker_hospital_world/share/aws_robomaker_hospital_world/models/aws_robomaker_hospital_hospitalsign_01/meshes/aws_robomaker_hospital_hospitalsign_01_visual.dae
-- Symlinking: /home/alberto/tfg/Reconocimiento-y-sintesis-visual-Tiago/workspace/install/aws_robomaker_hospital_world/share/aws_robomaker_hospital_world/models/aws_robomaker_hospital_hospitalsign_01/model.config
-- Symlinking: /home/alberto/tfg/Reconocimiento-y-sintesis-visual-Tiago/workspace/install/aws_robomaker_hospital_world/share/aws_robomaker_hospital_world/models/aws_robomaker_hospital_hospitalsign_01/model.sdf
-- Symlinking: /home/alberto/tfg/Reconocimiento-y-sintesis-visual-Tiago/workspace/install/aws_robomaker_hospital_world/share/aws_robomaker_hospital_world/models/aws_robomaker_hospital_nursesstation_01/meshes/aws_robomaker_hospital_nursesstation_01_collision.dae
-- Symlinking: /home/alberto/tfg/Reconocimiento-y-sintesis-visual-Tiago/workspace/install/aws_robomaker_hospital_world/share/aws_robomaker_hospital_world/models/aws_robomaker_hospital_nursesstation_01/meshes/aws_robomaker_hospital_nursesstation_01_low.dae
-- Symlinking: /home/alberto/tfg/Reconocimiento-y-sintesis-visual-Tiago/workspace/install/aws_robomaker_hospital_world/share/aws_robomaker_hospital_world/models/aws_robomaker_hospital_nursesstation_01/meshes/aws_robomaker_hospital_nursesstation_01_low.png
-- Symlinking: /home/alberto/tfg/Reconocimiento-y-sintesis-visual-Tiago/workspace/install/aws_robomaker_hospital_world/share/aws_robomaker_hospital_world/models/aws_robomaker_hospital_nursesstation_01/meshes/aws_robomaker_hospital_nursesstation_01_low_normal.png
-- Symlinking: /home/alberto/tfg/Reconocimiento-y-sintesis-visual-Tiago/workspace/install/aws_robomaker_hospital_world/share/aws_robomaker_hospital_world/models/aws_robomaker_hospital_nursesstation_01/meshes/aws_robomaker_hospital_nursesstation_01_visual.dae
-- Symlinking: /home/alberto/tfg/Reconocimiento-y-sintesis-visual-Tiago/workspace/install/aws_robomaker_hospital_world/share/aws_robomaker_hospital_world/models/aws_robomaker_hospital_nursesstation_01/meshes/aws_robomaker_hospital_nursesstation_01_visual.png
-- Symlinking: /home/alberto/tfg/Reconocimiento-y-sintesis-visual-Tiago/workspace/install/aws_robomaker_hospital_world/share/aws_robomaker_hospital_world/models/aws_robomaker_hospital_nursesstation_01/meshes/aws_robomaker_hospital_nursesstation_01_visual_normal.png
-- Symlinking: /home/alberto/tfg/Reconocimiento-y-sintesis-visual-Tiago/workspace/install/aws_robomaker_hospital_world/share/aws_robomaker_hospital_world/models/aws_robomaker_hospital_nursesstation_01/model.config
-- Symlinking: /home/alberto/tfg/Reconocimiento-y-sintesis-visual-Tiago/workspace/install/aws_robomaker_hospital_world/share/aws_robomaker_hospital_world/models/aws_robomaker_hospital_nursesstation_01/model.sdf
-- Symlinking: /home/alberto/tfg/Reconocimiento-y-sintesis-visual-Tiago/workspace/install/aws_robomaker_hospital_world/share/aws_robomaker_hospital_world/models/aws_robomaker_hospital_ramp_01/meshes/aws_robomaker_hospital_ramp_01.png
-- Symlinking: /home/alberto/tfg/Reconocimiento-y-sintesis-visual-Tiago/workspace/install/aws_robomaker_hospital_world/share/aws_robomaker_hospital_world/models/aws_robomaker_hospital_ramp_01/meshes/aws_robomaker_hospital_ramp_01_collision.dae
-- Symlinking: /home/alberto/tfg/Reconocimiento-y-sintesis-visual-Tiago/workspace/install/aws_robomaker_hospital_world/share/aws_robomaker_hospital_world/models/aws_robomaker_hospital_ramp_01/meshes/aws_robomaker_hospital_ramp_01_normal.png
-- Symlinking: /home/alberto/tfg/Reconocimiento-y-sintesis-visual-Tiago/workspace/install/aws_robomaker_hospital_world/share/aws_robomaker_hospital_world/models/aws_robomaker_hospital_ramp_01/meshes/aws_robomaker_hospital_ramp_01_visual.dae
-- Symlinking: /home/alberto/tfg/Reconocimiento-y-sintesis-visual-Tiago/workspace/install/aws_robomaker_hospital_world/share/aws_robomaker_hospital_world/models/aws_robomaker_hospital_ramp_01/model.config
-- Symlinking: /home/alberto/tfg/Reconocimiento-y-sintesis-visual-Tiago/workspace/install/aws_robomaker_hospital_world/share/aws_robomaker_hospital_world/models/aws_robomaker_hospital_ramp_01/model.sdf
-- Symlinking: /home/alberto/tfg/Reconocimiento-y-sintesis-visual-Tiago/workspace/install/aws_robomaker_hospital_world/share/aws_robomaker_hospital_world/models/aws_robomaker_residential_Carpet_01/materials/textures/aws_Carpet_01.png
-- Symlinking: /home/alberto/tfg/Reconocimiento-y-sintesis-visual-Tiago/workspace/install/aws_robomaker_hospital_world/share/aws_robomaker_hospital_world/models/aws_robomaker_residential_Carpet_01/meshes/aws_Carpet_01_collision.DAE
-- Symlinking: /home/alberto/tfg/Reconocimiento-y-sintesis-visual-Tiago/workspace/install/aws_robomaker_hospital_world/share/aws_robomaker_hospital_world/models/aws_robomaker_residential_Carpet_01/meshes/aws_Carpet_01_visual.DAE
-- Symlinking: /home/alberto/tfg/Reconocimiento-y-sintesis-visual-Tiago/workspace/install/aws_robomaker_hospital_world/share/aws_robomaker_hospital_world/models/aws_robomaker_residential_Carpet_01/model.config
-- Symlinking: /home/alberto/tfg/Reconocimiento-y-sintesis-visual-Tiago/workspace/install/aws_robomaker_hospital_world/share/aws_robomaker_hospital_world/models/aws_robomaker_residential_Carpet_01/model.sdf
-- Symlinking: /home/alberto/tfg/Reconocimiento-y-sintesis-visual-Tiago/workspace/install/aws_robomaker_hospital_world/share/aws_robomaker_hospital_world/models/aws_robomaker_residential_CoffeeTable_01/materials/textures/aws_CoffeeTable_01.png
-- Symlinking: /home/alberto/tfg/Reconocimiento-y-sintesis-visual-Tiago/workspace/install/aws_robomaker_hospital_world/share/aws_robomaker_hospital_world/models/aws_robomaker_residential_CoffeeTable_01/meshes/aws_CoffeeTable_01_collision.DAE
-- Symlinking: /home/alberto/tfg/Reconocimiento-y-sintesis-visual-Tiago/workspace/install/aws_robomaker_hospital_world/share/aws_robomaker_hospital_world/models/aws_robomaker_residential_CoffeeTable_01/meshes/aws_CoffeeTable_01_visual.DAE
-- Symlinking: /home/alberto/tfg/Reconocimiento-y-sintesis-visual-Tiago/workspace/install/aws_robomaker_hospital_world/share/aws_robomaker_hospital_world/models/aws_robomaker_residential_CoffeeTable_01/model.config
-- Symlinking: /home/alberto/tfg/Reconocimiento-y-sintesis-visual-Tiago/workspace/install/aws_robomaker_hospital_world/share/aws_robomaker_hospital_world/models/aws_robomaker_residential_CoffeeTable_01/model.sdf
-- Symlinking: /home/alberto/tfg/Reconocimiento-y-sintesis-visual-Tiago/workspace/install/aws_robomaker_hospital_world/share/aws_robomaker_hospital_world/models/aws_robomaker_residential_KitchenCabinet_01/materials/textures/aws_KitchenCabinet_01.png
-- Symlinking: /home/alberto/tfg/Reconocimiento-y-sintesis-visual-Tiago/workspace/install/aws_robomaker_hospital_world/share/aws_robomaker_hospital_world/models/aws_robomaker_residential_KitchenCabinet_01/meshes/aws_KitchenCabinet_01_collision.DAE
-- Symlinking: /home/alberto/tfg/Reconocimiento-y-sintesis-visual-Tiago/workspace/install/aws_robomaker_hospital_world/share/aws_robomaker_hospital_world/models/aws_robomaker_residential_KitchenCabinet_01/meshes/aws_KitchenCabinet_01_visual.DAE
-- Symlinking: /home/alberto/tfg/Reconocimiento-y-sintesis-visual-Tiago/workspace/install/aws_robomaker_hospital_world/share/aws_robomaker_hospital_world/models/aws_robomaker_residential_KitchenCabinet_01/model.config
-- Symlinking: /home/alberto/tfg/Reconocimiento-y-sintesis-visual-Tiago/workspace/install/aws_robomaker_hospital_world/share/aws_robomaker_hospital_world/models/aws_robomaker_residential_KitchenCabinet_01/model.sdf
-- Symlinking: /home/alberto/tfg/Reconocimiento-y-sintesis-visual-Tiago/workspace/install/aws_robomaker_hospital_world/share/aws_robomaker_hospital_world/models/aws_robomaker_residential_PortraitA_01/materials/textures/aws_PortraitA_01.png
-- Symlinking: /home/alberto/tfg/Reconocimiento-y-sintesis-visual-Tiago/workspace/install/aws_robomaker_hospital_world/share/aws_robomaker_hospital_world/models/aws_robomaker_residential_PortraitA_01/materials/textures/aws_PortraitA_02.png
-- Symlinking: /home/alberto/tfg/Reconocimiento-y-sintesis-visual-Tiago/workspace/install/aws_robomaker_hospital_world/share/aws_robomaker_hospital_world/models/aws_robomaker_residential_PortraitA_01/meshes/aws_PortraitA_01_collision.DAE
-- Symlinking: /home/alberto/tfg/Reconocimiento-y-sintesis-visual-Tiago/workspace/install/aws_robomaker_hospital_world/share/aws_robomaker_hospital_world/models/aws_robomaker_residential_PortraitA_01/meshes/aws_PortraitA_01_visual.DAE
-- Symlinking: /home/alberto/tfg/Reconocimiento-y-sintesis-visual-Tiago/workspace/install/aws_robomaker_hospital_world/share/aws_robomaker_hospital_world/models/aws_robomaker_residential_PortraitA_01/model.config
-- Symlinking: /home/alberto/tfg/Reconocimiento-y-sintesis-visual-Tiago/workspace/install/aws_robomaker_hospital_world/share/aws_robomaker_hospital_world/models/aws_robomaker_residential_PortraitA_01/model.sdf
-- Symlinking: /home/alberto/tfg/Reconocimiento-y-sintesis-visual-Tiago/workspace/install/aws_robomaker_hospital_world/share/aws_robomaker_hospital_world/models/aws_robomaker_residential_PortraitA_02/materials/textures/aws_PortraitA_01.png
-- Symlinking: /home/alberto/tfg/Reconocimiento-y-sintesis-visual-Tiago/workspace/install/aws_robomaker_hospital_world/share/aws_robomaker_hospital_world/models/aws_robomaker_residential_PortraitA_02/materials/textures/aws_PortraitA_02.png
-- Symlinking: /home/alberto/tfg/Reconocimiento-y-sintesis-visual-Tiago/workspace/install/aws_robomaker_hospital_world/share/aws_robomaker_hospital_world/models/aws_robomaker_residential_PortraitA_02/meshes/aws_PortraitA_01_collision.DAE
-- Symlinking: /home/alberto/tfg/Reconocimiento-y-sintesis-visual-Tiago/workspace/install/aws_robomaker_hospital_world/share/aws_robomaker_hospital_world/models/aws_robomaker_residential_PortraitA_02/meshes/aws_PortraitA_01_visual.DAE
-- Symlinking: /home/alberto/tfg/Reconocimiento-y-sintesis-visual-Tiago/workspace/install/aws_robomaker_hospital_world/share/aws_robomaker_hospital_world/models/aws_robomaker_residential_PortraitA_02/model.config
-- Symlinking: /home/alberto/tfg/Reconocimiento-y-sintesis-visual-Tiago/workspace/install/aws_robomaker_hospital_world/share/aws_robomaker_hospital_world/models/aws_robomaker_residential_PortraitA_02/model.sdf
-- Symlinking: /home/alberto/tfg/Reconocimiento-y-sintesis-visual-Tiago/workspace/install/aws_robomaker_hospital_world/share/aws_robomaker_hospital_world/models/aws_robomaker_residential_PortraitB_01/materials/textures/aws_PortraitB_01.png
-- Symlinking: /home/alberto/tfg/Reconocimiento-y-sintesis-visual-Tiago/workspace/install/aws_robomaker_hospital_world/share/aws_robomaker_hospital_world/models/aws_robomaker_residential_PortraitB_01/materials/textures/aws_PortraitB_02.png
-- Symlinking: /home/alberto/tfg/Reconocimiento-y-sintesis-visual-Tiago/workspace/install/aws_robomaker_hospital_world/share/aws_robomaker_hospital_world/models/aws_robomaker_residential_PortraitB_01/meshes/aws_PortraitB_01_collision.DAE
-- Symlinking: /home/alberto/tfg/Reconocimiento-y-sintesis-visual-Tiago/workspace/install/aws_robomaker_hospital_world/share/aws_robomaker_hospital_world/models/aws_robomaker_residential_PortraitB_01/meshes/aws_PortraitB_01_visual.DAE
-- Symlinking: /home/alberto/tfg/Reconocimiento-y-sintesis-visual-Tiago/workspace/install/aws_robomaker_hospital_world/share/aws_robomaker_hospital_world/models/aws_robomaker_residential_PortraitB_01/model.config
-- Symlinking: /home/alberto/tfg/Reconocimiento-y-sintesis-visual-Tiago/workspace/install/aws_robomaker_hospital_world/share/aws_robomaker_hospital_world/models/aws_robomaker_residential_PortraitB_01/model.sdf
-- Symlinking: /home/alberto/tfg/Reconocimiento-y-sintesis-visual-Tiago/workspace/install/aws_robomaker_hospital_world/share/aws_robomaker_hospital_world/models/aws_robomaker_residential_PortraitB_02/materials/textures/aws_PortraitB_01.png
-- Symlinking: /home/alberto/tfg/Reconocimiento-y-sintesis-visual-Tiago/workspace/install/aws_robomaker_hospital_world/share/aws_robomaker_hospital_world/models/aws_robomaker_residential_PortraitB_02/materials/textures/aws_PortraitB_02.png
-- Symlinking: /home/alberto/tfg/Reconocimiento-y-sintesis-visual-Tiago/workspace/install/aws_robomaker_hospital_world/share/aws_robomaker_hospital_world/models/aws_robomaker_residential_PortraitB_02/meshes/aws_PortraitB_01_collision.DAE
-- Symlinking: /home/alberto/tfg/Reconocimiento-y-sintesis-visual-Tiago/workspace/install/aws_robomaker_hospital_world/share/aws_robomaker_hospital_world/models/aws_robomaker_residential_PortraitB_02/meshes/aws_PortraitB_01_visual.DAE
-- Symlinking: /home/alberto/tfg/Reconocimiento-y-sintesis-visual-Tiago/workspace/install/aws_robomaker_hospital_world/share/aws_robomaker_hospital_world/models/aws_robomaker_residential_PortraitB_02/model.config
-- Symlinking: /home/alberto/tfg/Reconocimiento-y-sintesis-visual-Tiago/workspace/install/aws_robomaker_hospital_world/share/aws_robomaker_hospital_world/models/aws_robomaker_residential_PortraitB_02/model.sdf
-- Symlinking: /home/alberto/tfg/Reconocimiento-y-sintesis-visual-Tiago/workspace/install/aws_robomaker_hospital_world/share/aws_robomaker_hospital_world/models/aws_robomaker_residential_PortraitB_03/materials/textures/aws_PortraitB_01.png
-- Symlinking: /home/alberto/tfg/Reconocimiento-y-sintesis-visual-Tiago/workspace/install/aws_robomaker_hospital_world/share/aws_robomaker_hospital_world/models/aws_robomaker_residential_PortraitB_03/materials/textures/aws_PortraitB_02.png
-- Symlinking: /home/alberto/tfg/Reconocimiento-y-sintesis-visual-Tiago/workspace/install/aws_robomaker_hospital_world/share/aws_robomaker_hospital_world/models/aws_robomaker_residential_PortraitB_03/meshes/aws_PortraitB_01_collision.DAE
-- Symlinking: /home/alberto/tfg/Reconocimiento-y-sintesis-visual-Tiago/workspace/install/aws_robomaker_hospital_world/share/aws_robomaker_hospital_world/models/aws_robomaker_residential_PortraitB_03/meshes/aws_PortraitB_01_visual.DAE
-- Symlinking: /home/alberto/tfg/Reconocimiento-y-sintesis-visual-Tiago/workspace/install/aws_robomaker_hospital_world/share/aws_robomaker_hospital_world/models/aws_robomaker_residential_PortraitB_03/model.config
-- Symlinking: /home/alberto/tfg/Reconocimiento-y-sintesis-visual-Tiago/workspace/install/aws_robomaker_hospital_world/share/aws_robomaker_hospital_world/models/aws_robomaker_residential_PortraitB_03/model.sdf
-- Symlinking: /home/alberto/tfg/Reconocimiento-y-sintesis-visual-Tiago/workspace/install/aws_robomaker_hospital_world/share/aws_robomaker_hospital_world/models/aws_robomaker_residential_PortraitC_01/materials/textures/aws_PortraitC_01.png
-- Symlinking: /home/alberto/tfg/Reconocimiento-y-sintesis-visual-Tiago/workspace/install/aws_robomaker_hospital_world/share/aws_robomaker_hospital_world/models/aws_robomaker_residential_PortraitC_01/materials/textures/aws_PortraitC_02.png
-- Symlinking: /home/alberto/tfg/Reconocimiento-y-sintesis-visual-Tiago/workspace/install/aws_robomaker_hospital_world/share/aws_robomaker_hospital_world/models/aws_robomaker_residential_PortraitC_01/meshes/aws_PortraitC_01_collision.DAE
-- Symlinking: /home/alberto/tfg/Reconocimiento-y-sintesis-visual-Tiago/workspace/install/aws_robomaker_hospital_world/share/aws_robomaker_hospital_world/models/aws_robomaker_residential_PortraitC_01/meshes/aws_PortraitC_01_visual.DAE
-- Symlinking: /home/alberto/tfg/Reconocimiento-y-sintesis-visual-Tiago/workspace/install/aws_robomaker_hospital_world/share/aws_robomaker_hospital_world/models/aws_robomaker_residential_PortraitC_01/model.config
-- Symlinking: /home/alberto/tfg/Reconocimiento-y-sintesis-visual-Tiago/workspace/install/aws_robomaker_hospital_world/share/aws_robomaker_hospital_world/models/aws_robomaker_residential_PortraitC_01/model.sdf
-- Symlinking: /home/alberto/tfg/Reconocimiento-y-sintesis-visual-Tiago/workspace/install/aws_robomaker_hospital_world/share/aws_robomaker_hospital_world/models/aws_robomaker_residential_PortraitD_01/materials/textures/aws_PortraitD_01.png
-- Symlinking: /home/alberto/tfg/Reconocimiento-y-sintesis-visual-Tiago/workspace/install/aws_robomaker_hospital_world/share/aws_robomaker_hospital_world/models/aws_robomaker_residential_PortraitD_01/materials/textures/aws_PortraitD_02.png
-- Symlinking: /home/alberto/tfg/Reconocimiento-y-sintesis-visual-Tiago/workspace/install/aws_robomaker_hospital_world/share/aws_robomaker_hospital_world/models/aws_robomaker_residential_PortraitD_01/meshes/aws_PortraitD_01_collision.DAE
-- Symlinking: /home/alberto/tfg/Reconocimiento-y-sintesis-visual-Tiago/workspace/install/aws_robomaker_hospital_world/share/aws_robomaker_hospital_world/models/aws_robomaker_residential_PortraitD_01/meshes/aws_PortraitD_01_visual.DAE
-- Symlinking: /home/alberto/tfg/Reconocimiento-y-sintesis-visual-Tiago/workspace/install/aws_robomaker_hospital_world/share/aws_robomaker_hospital_world/models/aws_robomaker_residential_PortraitD_01/model.config
-- Symlinking: /home/alberto/tfg/Reconocimiento-y-sintesis-visual-Tiago/workspace/install/aws_robomaker_hospital_world/share/aws_robomaker_hospital_world/models/aws_robomaker_residential_PortraitD_01/model.sdf
-- Symlinking: /home/alberto/tfg/Reconocimiento-y-sintesis-visual-Tiago/workspace/install/aws_robomaker_hospital_world/share/aws_robomaker_hospital_world/models/aws_robomaker_residential_PortraitD_02/materials/textures/aws_PortraitD_01.png
-- Symlinking: /home/alberto/tfg/Reconocimiento-y-sintesis-visual-Tiago/workspace/install/aws_robomaker_hospital_world/share/aws_robomaker_hospital_world/models/aws_robomaker_residential_PortraitD_02/materials/textures/aws_PortraitD_02.png
-- Symlinking: /home/alberto/tfg/Reconocimiento-y-sintesis-visual-Tiago/workspace/install/aws_robomaker_hospital_world/share/aws_robomaker_hospital_world/models/aws_robomaker_residential_PortraitD_02/meshes/aws_PortraitD_01_collision.DAE
-- Symlinking: /home/alberto/tfg/Reconocimiento-y-sintesis-visual-Tiago/workspace/install/aws_robomaker_hospital_world/share/aws_robomaker_hospital_world/models/aws_robomaker_residential_PortraitD_02/meshes/aws_PortraitD_01_visual.DAE
-- Symlinking: /home/alberto/tfg/Reconocimiento-y-sintesis-visual-Tiago/workspace/install/aws_robomaker_hospital_world/share/aws_robomaker_hospital_world/models/aws_robomaker_residential_PortraitD_02/model.config
-- Symlinking: /home/alberto/tfg/Reconocimiento-y-sintesis-visual-Tiago/workspace/install/aws_robomaker_hospital_world/share/aws_robomaker_hospital_world/models/aws_robomaker_residential_PortraitD_02/model.sdf
-- Symlinking: /home/alberto/tfg/Reconocimiento-y-sintesis-visual-Tiago/workspace/install/aws_robomaker_hospital_world/share/aws_robomaker_hospital_world/models/aws_robomaker_residential_PortraitE_01/materials/textures/aws_PortraitE_01.png
-- Symlinking: /home/alberto/tfg/Reconocimiento-y-sintesis-visual-Tiago/workspace/install/aws_robomaker_hospital_world/share/aws_robomaker_hospital_world/models/aws_robomaker_residential_PortraitE_01/materials/textures/aws_PortraitE_02.png
-- Symlinking: /home/alberto/tfg/Reconocimiento-y-sintesis-visual-Tiago/workspace/install/aws_robomaker_hospital_world/share/aws_robomaker_hospital_world/models/aws_robomaker_residential_PortraitE_01/meshes/aws_PortraitE_01_collision.DAE
-- Symlinking: /home/alberto/tfg/Reconocimiento-y-sintesis-visual-Tiago/workspace/install/aws_robomaker_hospital_world/share/aws_robomaker_hospital_world/models/aws_robomaker_residential_PortraitE_01/meshes/aws_PortraitE_01_visual.DAE
-- Symlinking: /home/alberto/tfg/Reconocimiento-y-sintesis-visual-Tiago/workspace/install/aws_robomaker_hospital_world/share/aws_robomaker_hospital_world/models/aws_robomaker_residential_PortraitE_01/model.config
-- Symlinking: /home/alberto/tfg/Reconocimiento-y-sintesis-visual-Tiago/workspace/install/aws_robomaker_hospital_world/share/aws_robomaker_hospital_world/models/aws_robomaker_residential_PortraitE_01/model.sdf
-- Symlinking: /home/alberto/tfg/Reconocimiento-y-sintesis-visual-Tiago/workspace/install/aws_robomaker_hospital_world/share/aws_robomaker_hospital_world/models/aws_robomaker_residential_PortraitE_02/materials/textures/aws_PortraitE_01.png
-- Symlinking: /home/alberto/tfg/Reconocimiento-y-sintesis-visual-Tiago/workspace/install/aws_robomaker_hospital_world/share/aws_robomaker_hospital_world/models/aws_robomaker_residential_PortraitE_02/materials/textures/aws_PortraitE_02.png
-- Symlinking: /home/alberto/tfg/Reconocimiento-y-sintesis-visual-Tiago/workspace/install/aws_robomaker_hospital_world/share/aws_robomaker_hospital_world/models/aws_robomaker_residential_PortraitE_02/meshes/aws_PortraitE_01_collision.DAE
-- Symlinking: /home/alberto/tfg/Reconocimiento-y-sintesis-visual-Tiago/workspace/install/aws_robomaker_hospital_world/share/aws_robomaker_hospital_world/models/aws_robomaker_residential_PortraitE_02/meshes/aws_PortraitE_01_visual.DAE
-- Symlinking: /home/alberto/tfg/Reconocimiento-y-sintesis-visual-Tiago/workspace/install/aws_robomaker_hospital_world/share/aws_robomaker_hospital_world/models/aws_robomaker_residential_PortraitE_02/model.config
-- Symlinking: /home/alberto/tfg/Reconocimiento-y-sintesis-visual-Tiago/workspace/install/aws_robomaker_hospital_world/share/aws_robomaker_hospital_world/models/aws_robomaker_residential_PortraitE_02/model.sdf
-- Symlinking: /home/alberto/tfg/Reconocimiento-y-sintesis-visual-Tiago/workspace/install/aws_robomaker_hospital_world/share/aws_robomaker_hospital_world/models/aws_robomaker_residential_Refrigerator_01/materials/textures/aws_Refrigerator_01.png
-- Symlinking: /home/alberto/tfg/Reconocimiento-y-sintesis-visual-Tiago/workspace/install/aws_robomaker_hospital_world/share/aws_robomaker_hospital_world/models/aws_robomaker_residential_Refrigerator_01/materials/textures/aws_Refrigerator_02.png
-- Symlinking: /home/alberto/tfg/Reconocimiento-y-sintesis-visual-Tiago/workspace/install/aws_robomaker_hospital_world/share/aws_robomaker_hospital_world/models/aws_robomaker_residential_Refrigerator_01/meshes/aws_Refrigerator_01.DAE
-- Symlinking: /home/alberto/tfg/Reconocimiento-y-sintesis-visual-Tiago/workspace/install/aws_robomaker_hospital_world/share/aws_robomaker_hospital_world/models/aws_robomaker_residential_Refrigerator_01/meshes/aws_Refrigerator_01_collision.DAE
-- Symlinking: /home/alberto/tfg/Reconocimiento-y-sintesis-visual-Tiago/workspace/install/aws_robomaker_hospital_world/share/aws_robomaker_hospital_world/models/aws_robomaker_residential_Refrigerator_01/meshes/aws_Refrigerator_01_visual.DAE
-- Symlinking: /home/alberto/tfg/Reconocimiento-y-sintesis-visual-Tiago/workspace/install/aws_robomaker_hospital_world/share/aws_robomaker_hospital_world/models/aws_robomaker_residential_Refrigerator_01/model.config
-- Symlinking: /home/alberto/tfg/Reconocimiento-y-sintesis-visual-Tiago/workspace/install/aws_robomaker_hospital_world/share/aws_robomaker_hospital_world/models/aws_robomaker_residential_Refrigerator_01/model.sdf
-- Symlinking: /home/alberto/tfg/Reconocimiento-y-sintesis-visual-Tiago/workspace/install/aws_robomaker_hospital_world/share/aws_robomaker_hospital_world/models/aws_robomaker_residential_SofaB_01/materials/textures/aws_SofaB_01.png
-- Symlinking: /home/alberto/tfg/Reconocimiento-y-sintesis-visual-Tiago/workspace/install/aws_robomaker_hospital_world/share/aws_robomaker_hospital_world/models/aws_robomaker_residential_SofaB_01/meshes/aws_SofaB_01_collision.DAE
-- Symlinking: /home/alberto/tfg/Reconocimiento-y-sintesis-visual-Tiago/workspace/install/aws_robomaker_hospital_world/share/aws_robomaker_hospital_world/models/aws_robomaker_residential_SofaB_01/meshes/aws_SofaB_01_visual.DAE
-- Symlinking: /home/alberto/tfg/Reconocimiento-y-sintesis-visual-Tiago/workspace/install/aws_robomaker_hospital_world/share/aws_robomaker_hospital_world/models/aws_robomaker_residential_SofaB_01/model.config
-- Symlinking: /home/alberto/tfg/Reconocimiento-y-sintesis-visual-Tiago/workspace/install/aws_robomaker_hospital_world/share/aws_robomaker_hospital_world/models/aws_robomaker_residential_SofaB_01/model.sdf
-- Symlinking: /home/alberto/tfg/Reconocimiento-y-sintesis-visual-Tiago/workspace/install/aws_robomaker_hospital_world/share/aws_robomaker_hospital_world/models/aws_robomaker_residential_Sofa_01/materials/textures/aws_Sofa_01.png
-- Symlinking: /home/alberto/tfg/Reconocimiento-y-sintesis-visual-Tiago/workspace/install/aws_robomaker_hospital_world/share/aws_robomaker_hospital_world/models/aws_robomaker_residential_Sofa_01/meshes/aws_Sofa_01.DAE
-- Symlinking: /home/alberto/tfg/Reconocimiento-y-sintesis-visual-Tiago/workspace/install/aws_robomaker_hospital_world/share/aws_robomaker_hospital_world/models/aws_robomaker_residential_Sofa_01/meshes/aws_Sofa_01_collision.DAE
-- Symlinking: /home/alberto/tfg/Reconocimiento-y-sintesis-visual-Tiago/workspace/install/aws_robomaker_hospital_world/share/aws_robomaker_hospital_world/models/aws_robomaker_residential_Sofa_01/meshes/aws_Sofa_01_visual.DAE
-- Symlinking: /home/alberto/tfg/Reconocimiento-y-sintesis-visual-Tiago/workspace/install/aws_robomaker_hospital_world/share/aws_robomaker_hospital_world/models/aws_robomaker_residential_Sofa_01/model.config
-- Symlinking: /home/alberto/tfg/Reconocimiento-y-sintesis-visual-Tiago/workspace/install/aws_robomaker_hospital_world/share/aws_robomaker_hospital_world/models/aws_robomaker_residential_Sofa_01/model.sdf
-- Symlinking: /home/alberto/tfg/Reconocimiento-y-sintesis-visual-Tiago/workspace/install/aws_robomaker_hospital_world/share/aws_robomaker_hospital_world/models/aws_robomaker_residential_TV_02/materials/textures/aws_TV_01.png
-- Symlinking: /home/alberto/tfg/Reconocimiento-y-sintesis-visual-Tiago/workspace/install/aws_robomaker_hospital_world/share/aws_robomaker_hospital_world/models/aws_robomaker_residential_TV_02/meshes/aws_TV_01_collision.DAE
-- Symlinking: /home/alberto/tfg/Reconocimiento-y-sintesis-visual-Tiago/workspace/install/aws_robomaker_hospital_world/share/aws_robomaker_hospital_world/models/aws_robomaker_residential_TV_02/meshes/aws_TV_01_visual.DAE
-- Symlinking: /home/alberto/tfg/Reconocimiento-y-sintesis-visual-Tiago/workspace/install/aws_robomaker_hospital_world/share/aws_robomaker_hospital_world/models/aws_robomaker_residential_TV_02/model.config
-- Symlinking: /home/alberto/tfg/Reconocimiento-y-sintesis-visual-Tiago/workspace/install/aws_robomaker_hospital_world/share/aws_robomaker_hospital_world/models/aws_robomaker_residential_TV_02/model.sdf
-- Symlinking: /home/alberto/tfg/Reconocimiento-y-sintesis-visual-Tiago/workspace/install/aws_robomaker_hospital_world/share/aws_robomaker_hospital_world/models/aws_robomaker_residential_Trash_01/materials/textures/aws_Trash_01.png
-- Symlinking: /home/alberto/tfg/Reconocimiento-y-sintesis-visual-Tiago/workspace/install/aws_robomaker_hospital_world/share/aws_robomaker_hospital_world/models/aws_robomaker_residential_Trash_01/meshes/aws_Trash_01_collision.DAE
-- Symlinking: /home/alberto/tfg/Reconocimiento-y-sintesis-visual-Tiago/workspace/install/aws_robomaker_hospital_world/share/aws_robomaker_hospital_world/models/aws_robomaker_residential_Trash_01/meshes/aws_Trash_01_visual.DAE
-- Symlinking: /home/alberto/tfg/Reconocimiento-y-sintesis-visual-Tiago/workspace/install/aws_robomaker_hospital_world/share/aws_robomaker_hospital_world/models/aws_robomaker_residential_Trash_01/model.config
-- Symlinking: /home/alberto/tfg/Reconocimiento-y-sintesis-visual-Tiago/workspace/install/aws_robomaker_hospital_world/share/aws_robomaker_hospital_world/models/aws_robomaker_residential_Trash_01/model.sdf
-- Symlinking: /home/alberto/tfg/Reconocimiento-y-sintesis-visual-Tiago/workspace/install/aws_robomaker_hospital_world/share/aws_robomaker_hospital_world/models/aws_robomaker_retail_BookshelfB_01/materials/textures/aws_BookshelfB_01.png
-- Symlinking: /home/alberto/tfg/Reconocimiento-y-sintesis-visual-Tiago/workspace/install/aws_robomaker_hospital_world/share/aws_robomaker_hospital_world/models/aws_robomaker_retail_BookshelfB_01/materials/textures/aws_BookshelfB_02.png
-- Symlinking: /home/alberto/tfg/Reconocimiento-y-sintesis-visual-Tiago/workspace/install/aws_robomaker_hospital_world/share/aws_robomaker_hospital_world/models/aws_robomaker_retail_BookshelfB_01/meshes/aws_BookshelfB_01_collision.DAE
-- Symlinking: /home/alberto/tfg/Reconocimiento-y-sintesis-visual-Tiago/workspace/install/aws_robomaker_hospital_world/share/aws_robomaker_hospital_world/models/aws_robomaker_retail_BookshelfB_01/meshes/aws_BookshelfB_01_visual.DAE
-- Symlinking: /home/alberto/tfg/Reconocimiento-y-sintesis-visual-Tiago/workspace/install/aws_robomaker_hospital_world/share/aws_robomaker_hospital_world/models/aws_robomaker_retail_BookshelfB_01/model.config
-- Symlinking: /home/alberto/tfg/Reconocimiento-y-sintesis-visual-Tiago/workspace/install/aws_robomaker_hospital_world/share/aws_robomaker_hospital_world/models/aws_robomaker_retail_BookshelfB_01/model.sdf
-- Symlinking: /home/alberto/tfg/Reconocimiento-y-sintesis-visual-Tiago/workspace/install/aws_robomaker_hospital_world/share/aws_robomaker_hospital_world/models/aws_robomaker_retail_Computer_01/materials/textures/aws_Computer_01.png
-- Symlinking: /home/alberto/tfg/Reconocimiento-y-sintesis-visual-Tiago/workspace/install/aws_robomaker_hospital_world/share/aws_robomaker_hospital_world/models/aws_robomaker_retail_Computer_01/meshes/aws_Computer_01_collision.DAE
-- Symlinking: /home/alberto/tfg/Reconocimiento-y-sintesis-visual-Tiago/workspace/install/aws_robomaker_hospital_world/share/aws_robomaker_hospital_world/models/aws_robomaker_retail_Computer_01/meshes/aws_Computer_01_visual.DAE
-- Symlinking: /home/alberto/tfg/Reconocimiento-y-sintesis-visual-Tiago/workspace/install/aws_robomaker_hospital_world/share/aws_robomaker_hospital_world/models/aws_robomaker_retail_Computer_01/model.config
-- Symlinking: /home/alberto/tfg/Reconocimiento-y-sintesis-visual-Tiago/workspace/install/aws_robomaker_hospital_world/share/aws_robomaker_hospital_world/models/aws_robomaker_retail_Computer_01/model.sdf
-- Symlinking: /home/alberto/tfg/Reconocimiento-y-sintesis-visual-Tiago/workspace/install/aws_robomaker_hospital_world/share/aws_robomaker_hospital_world/models/aws_robomaker_warehouse_ClutteringA_01/materials/textures/aws_robomaker_warehouse_ClutteringA_01.png
-- Symlinking: /home/alberto/tfg/Reconocimiento-y-sintesis-visual-Tiago/workspace/install/aws_robomaker_hospital_world/share/aws_robomaker_hospital_world/models/aws_robomaker_warehouse_ClutteringA_01/materials/textures/aws_robomaker_warehouse_ClutteringA_02.png
-- Symlinking: /home/alberto/tfg/Reconocimiento-y-sintesis-visual-Tiago/workspace/install/aws_robomaker_hospital_world/share/aws_robomaker_hospital_world/models/aws_robomaker_warehouse_ClutteringA_01/materials/textures/aws_robomaker_warehouse_ClutteringA_03.png
-- Symlinking: /home/alberto/tfg/Reconocimiento-y-sintesis-visual-Tiago/workspace/install/aws_robomaker_hospital_world/share/aws_robomaker_hospital_world/models/aws_robomaker_warehouse_ClutteringA_01/meshes/aws_robomaker_warehouse_ClutteringA_01_collision.DAE
-- Symlinking: /home/alberto/tfg/Reconocimiento-y-sintesis-visual-Tiago/workspace/install/aws_robomaker_hospital_world/share/aws_robomaker_hospital_world/models/aws_robomaker_warehouse_ClutteringA_01/meshes/aws_robomaker_warehouse_ClutteringA_01_visual.DAE
-- Symlinking: /home/alberto/tfg/Reconocimiento-y-sintesis-visual-Tiago/workspace/install/aws_robomaker_hospital_world/share/aws_robomaker_hospital_world/models/aws_robomaker_warehouse_ClutteringA_01/model.config
-- Symlinking: /home/alberto/tfg/Reconocimiento-y-sintesis-visual-Tiago/workspace/install/aws_robomaker_hospital_world/share/aws_robomaker_hospital_world/models/aws_robomaker_warehouse_ClutteringA_01/model.sdf
-- Symlinking: /home/alberto/tfg/Reconocimiento-y-sintesis-visual-Tiago/workspace/install/aws_robomaker_hospital_world/share/aws_robomaker_hospital_world/models/aws_robomaker_warehouse_ClutteringC_01/materials/textures/aws_robomaker_warehouse_ClutteringC_01.png
-- Symlinking: /home/alberto/tfg/Reconocimiento-y-sintesis-visual-Tiago/workspace/install/aws_robomaker_hospital_world/share/aws_robomaker_hospital_world/models/aws_robomaker_warehouse_ClutteringC_01/materials/textures/aws_robomaker_warehouse_ClutteringC_02.png
-- Symlinking: /home/alberto/tfg/Reconocimiento-y-sintesis-visual-Tiago/workspace/install/aws_robomaker_hospital_world/share/aws_robomaker_hospital_world/models/aws_robomaker_warehouse_ClutteringC_01/meshes/aws_robomaker_warehouse_ClutteringC_01_collision.DAE
-- Symlinking: /home/alberto/tfg/Reconocimiento-y-sintesis-visual-Tiago/workspace/install/aws_robomaker_hospital_world/share/aws_robomaker_hospital_world/models/aws_robomaker_warehouse_ClutteringC_01/meshes/aws_robomaker_warehouse_ClutteringC_01_visual.DAE
-- Symlinking: /home/alberto/tfg/Reconocimiento-y-sintesis-visual-Tiago/workspace/install/aws_robomaker_hospital_world/share/aws_robomaker_hospital_world/models/aws_robomaker_warehouse_ClutteringC_01/model.config
-- Symlinking: /home/alberto/tfg/Reconocimiento-y-sintesis-visual-Tiago/workspace/install/aws_robomaker_hospital_world/share/aws_robomaker_hospital_world/models/aws_robomaker_warehouse_ClutteringC_01/model.sdf
-- Symlinking: /home/alberto/tfg/Reconocimiento-y-sintesis-visual-Tiago/workspace/install/aws_robomaker_hospital_world/share/aws_robomaker_hospital_world/fuel_models/AdjTable/meshes/AdjTable.mtl
-- Symlinking: /home/alberto/tfg/Reconocimiento-y-sintesis-visual-Tiago/workspace/install/aws_robomaker_hospital_world/share/aws_robomaker_hospital_world/fuel_models/AdjTable/meshes/AdjTable.obj
-- Symlinking: /home/alberto/tfg/Reconocimiento-y-sintesis-visual-Tiago/workspace/install/aws_robomaker_hospital_world/share/aws_robomaker_hospital_world/fuel_models/AdjTable/meshes/AdjTable_Col.mtl
-- Symlinking: /home/alberto/tfg/Reconocimiento-y-sintesis-visual-Tiago/workspace/install/aws_robomaker_hospital_world/share/aws_robomaker_hospital_world/fuel_models/AdjTable/meshes/AdjTable_Col.obj
-- Symlinking: /home/alberto/tfg/Reconocimiento-y-sintesis-visual-Tiago/workspace/install/aws_robomaker_hospital_world/share/aws_robomaker_hospital_world/fuel_models/AdjTable/meshes/AdjTable_Diffuse.png
-- Symlinking: /home/alberto/tfg/Reconocimiento-y-sintesis-visual-Tiago/workspace/install/aws_robomaker_hospital_world/share/aws_robomaker_hospital_world/fuel_models/AdjTable/model.config
-- Symlinking: /home/alberto/tfg/Reconocimiento-y-sintesis-visual-Tiago/workspace/install/aws_robomaker_hospital_world/share/aws_robomaker_hospital_world/fuel_models/AdjTable/model.sdf
-- Symlinking: /home/alberto/tfg/Reconocimiento-y-sintesis-visual-Tiago/workspace/install/aws_robomaker_hospital_world/share/aws_robomaker_hospital_world/fuel_models/AdjTable/thumbnails/1.png
-- Symlinking: /home/alberto/tfg/Reconocimiento-y-sintesis-visual-Tiago/workspace/install/aws_robomaker_hospital_world/share/aws_robomaker_hospital_world/fuel_models/AdjTable/thumbnails/2.png
-- Symlinking: /home/alberto/tfg/Reconocimiento-y-sintesis-visual-Tiago/workspace/install/aws_robomaker_hospital_world/share/aws_robomaker_hospital_world/fuel_models/AdjTable/thumbnails/3.png
-- Symlinking: /home/alberto/tfg/Reconocimiento-y-sintesis-visual-Tiago/workspace/install/aws_robomaker_hospital_world/share/aws_robomaker_hospital_world/fuel_models/AdjTable/thumbnails/4.png
-- Symlinking: /home/alberto/tfg/Reconocimiento-y-sintesis-visual-Tiago/workspace/install/aws_robomaker_hospital_world/share/aws_robomaker_hospital_world/fuel_models/AdjTable/thumbnails/5.png
-- Symlinking: /home/alberto/tfg/Reconocimiento-y-sintesis-visual-Tiago/workspace/install/aws_robomaker_hospital_world/share/aws_robomaker_hospital_world/fuel_models/AnesthesiaMachine/meshes/AnesthesiaMachine.mtl
-- Symlinking: /home/alberto/tfg/Reconocimiento-y-sintesis-visual-Tiago/workspace/install/aws_robomaker_hospital_world/share/aws_robomaker_hospital_world/fuel_models/AnesthesiaMachine/meshes/AnesthesiaMachine.obj
-- Symlinking: /home/alberto/tfg/Reconocimiento-y-sintesis-visual-Tiago/workspace/install/aws_robomaker_hospital_world/share/aws_robomaker_hospital_world/fuel_models/AnesthesiaMachine/meshes/AnesthesiaMachine.png
-- Symlinking: /home/alberto/tfg/Reconocimiento-y-sintesis-visual-Tiago/workspace/install/aws_robomaker_hospital_world/share/aws_robomaker_hospital_world/fuel_models/AnesthesiaMachine/meshes/AnesthesiaMachine_Col.mtl
-- Symlinking: /home/alberto/tfg/Reconocimiento-y-sintesis-visual-Tiago/workspace/install/aws_robomaker_hospital_world/share/aws_robomaker_hospital_world/fuel_models/AnesthesiaMachine/meshes/AnesthesiaMachine_Col.obj
-- Symlinking: /home/alberto/tfg/Reconocimiento-y-sintesis-visual-Tiago/workspace/install/aws_robomaker_hospital_world/share/aws_robomaker_hospital_world/fuel_models/AnesthesiaMachine/model.config
-- Symlinking: /home/alberto/tfg/Reconocimiento-y-sintesis-visual-Tiago/workspace/install/aws_robomaker_hospital_world/share/aws_robomaker_hospital_world/fuel_models/AnesthesiaMachine/model.sdf
-- Symlinking: /home/alberto/tfg/Reconocimiento-y-sintesis-visual-Tiago/workspace/install/aws_robomaker_hospital_world/share/aws_robomaker_hospital_world/fuel_models/AnesthesiaMachine/thumbnails/1.png
-- Symlinking: /home/alberto/tfg/Reconocimiento-y-sintesis-visual-Tiago/workspace/install/aws_robomaker_hospital_world/share/aws_robomaker_hospital_world/fuel_models/AnesthesiaMachine/thumbnails/2.png
-- Symlinking: /home/alberto/tfg/Reconocimiento-y-sintesis-visual-Tiago/workspace/install/aws_robomaker_hospital_world/share/aws_robomaker_hospital_world/fuel_models/AnesthesiaMachine/thumbnails/3.png
-- Symlinking: /home/alberto/tfg/Reconocimiento-y-sintesis-visual-Tiago/workspace/install/aws_robomaker_hospital_world/share/aws_robomaker_hospital_world/fuel_models/AnesthesiaMachine/thumbnails/4.png
-- Symlinking: /home/alberto/tfg/Reconocimiento-y-sintesis-visual-Tiago/workspace/install/aws_robomaker_hospital_world/share/aws_robomaker_hospital_world/fuel_models/AnesthesiaMachine/thumbnails/5.png
-- Symlinking: /home/alberto/tfg/Reconocimiento-y-sintesis-visual-Tiago/workspace/install/aws_robomaker_hospital_world/share/aws_robomaker_hospital_world/fuel_models/BMWCart/meshes/Cart_BMW.mtl
-- Symlinking: /home/alberto/tfg/Reconocimiento-y-sintesis-visual-Tiago/workspace/install/aws_robomaker_hospital_world/share/aws_robomaker_hospital_world/fuel_models/BMWCart/meshes/Cart_BMW.obj
-- Symlinking: /home/alberto/tfg/Reconocimiento-y-sintesis-visual-Tiago/workspace/install/aws_robomaker_hospital_world/share/aws_robomaker_hospital_world/fuel_models/BMWCart/meshes/Cart_BMW_Col.mtl
-- Symlinking: /home/alberto/tfg/Reconocimiento-y-sintesis-visual-Tiago/workspace/install/aws_robomaker_hospital_world/share/aws_robomaker_hospital_world/fuel_models/BMWCart/meshes/Cart_BMW_Col.obj
-- Symlinking: /home/alberto/tfg/Reconocimiento-y-sintesis-visual-Tiago/workspace/install/aws_robomaker_hospital_world/share/aws_robomaker_hospital_world/fuel_models/BMWCart/meshes/Cart_BMW_Diffuse.png
-- Symlinking: /home/alberto/tfg/Reconocimiento-y-sintesis-visual-Tiago/workspace/install/aws_robomaker_hospital_world/share/aws_robomaker_hospital_world/fuel_models/BMWCart/meshes/Cart_BMW_Normal.png
-- Symlinking: /home/alberto/tfg/Reconocimiento-y-sintesis-visual-Tiago/workspace/install/aws_robomaker_hospital_world/share/aws_robomaker_hospital_world/fuel_models/BMWCart/meshes/Cart_BMW_SpecGloss.png
-- Symlinking: /home/alberto/tfg/Reconocimiento-y-sintesis-visual-Tiago/workspace/install/aws_robomaker_hospital_world/share/aws_robomaker_hospital_world/fuel_models/BMWCart/meshes/Carts_Wheels_Diffuse.png
-- Symlinking: /home/alberto/tfg/Reconocimiento-y-sintesis-visual-Tiago/workspace/install/aws_robomaker_hospital_world/share/aws_robomaker_hospital_world/fuel_models/BMWCart/model.config
-- Symlinking: /home/alberto/tfg/Reconocimiento-y-sintesis-visual-Tiago/workspace/install/aws_robomaker_hospital_world/share/aws_robomaker_hospital_world/fuel_models/BMWCart/model.sdf
-- Symlinking: /home/alberto/tfg/Reconocimiento-y-sintesis-visual-Tiago/workspace/install/aws_robomaker_hospital_world/share/aws_robomaker_hospital_world/fuel_models/BMWCart/thumbnails/1.png
-- Symlinking: /home/alberto/tfg/Reconocimiento-y-sintesis-visual-Tiago/workspace/install/aws_robomaker_hospital_world/share/aws_robomaker_hospital_world/fuel_models/BMWCart/thumbnails/2.png
-- Symlinking: /home/alberto/tfg/Reconocimiento-y-sintesis-visual-Tiago/workspace/install/aws_robomaker_hospital_world/share/aws_robomaker_hospital_world/fuel_models/BMWCart/thumbnails/3.png
-- Symlinking: /home/alberto/tfg/Reconocimiento-y-sintesis-visual-Tiago/workspace/install/aws_robomaker_hospital_world/share/aws_robomaker_hospital_world/fuel_models/BMWCart/thumbnails/4.png
-- Symlinking: /home/alberto/tfg/Reconocimiento-y-sintesis-visual-Tiago/workspace/install/aws_robomaker_hospital_world/share/aws_robomaker_hospital_world/fuel_models/BMWCart/thumbnails/5.png
-- Symlinking: /home/alberto/tfg/Reconocimiento-y-sintesis-visual-Tiago/workspace/install/aws_robomaker_hospital_world/share/aws_robomaker_hospital_world/fuel_models/BPCart/meshes/BP_BP_LP_Normal.png
-- Symlinking: /home/alberto/tfg/Reconocimiento-y-sintesis-visual-Tiago/workspace/install/aws_robomaker_hospital_world/share/aws_robomaker_hospital_world/fuel_models/BPCart/meshes/BP_BP_LP_SpecularGloss.png
-- Symlinking: /home/alberto/tfg/Reconocimiento-y-sintesis-visual-Tiago/workspace/install/aws_robomaker_hospital_world/share/aws_robomaker_hospital_world/fuel_models/BPCart/meshes/Cart_BP.mtl
-- Symlinking: /home/alberto/tfg/Reconocimiento-y-sintesis-visual-Tiago/workspace/install/aws_robomaker_hospital_world/share/aws_robomaker_hospital_world/fuel_models/BPCart/meshes/Cart_BP.obj
-- Symlinking: /home/alberto/tfg/Reconocimiento-y-sintesis-visual-Tiago/workspace/install/aws_robomaker_hospital_world/share/aws_robomaker_hospital_world/fuel_models/BPCart/meshes/Cart_BP_Col.mtl
-- Symlinking: /home/alberto/tfg/Reconocimiento-y-sintesis-visual-Tiago/workspace/install/aws_robomaker_hospital_world/share/aws_robomaker_hospital_world/fuel_models/BPCart/meshes/Cart_BP_Col.obj
-- Symlinking: /home/alberto/tfg/Reconocimiento-y-sintesis-visual-Tiago/workspace/install/aws_robomaker_hospital_world/share/aws_robomaker_hospital_world/fuel_models/BPCart/meshes/Cart_BP_Diffuse.png
-- Symlinking: /home/alberto/tfg/Reconocimiento-y-sintesis-visual-Tiago/workspace/install/aws_robomaker_hospital_world/share/aws_robomaker_hospital_world/fuel_models/BPCart/meshes/Carts_Wheels_Diffuse.png
-- Symlinking: /home/alberto/tfg/Reconocimiento-y-sintesis-visual-Tiago/workspace/install/aws_robomaker_hospital_world/share/aws_robomaker_hospital_world/fuel_models/BPCart/model.config
-- Symlinking: /home/alberto/tfg/Reconocimiento-y-sintesis-visual-Tiago/workspace/install/aws_robomaker_hospital_world/share/aws_robomaker_hospital_world/fuel_models/BPCart/model.sdf
-- Symlinking: /home/alberto/tfg/Reconocimiento-y-sintesis-visual-Tiago/workspace/install/aws_robomaker_hospital_world/share/aws_robomaker_hospital_world/fuel_models/BPCart/thumbnails/1.png
-- Symlinking: /home/alberto/tfg/Reconocimiento-y-sintesis-visual-Tiago/workspace/install/aws_robomaker_hospital_world/share/aws_robomaker_hospital_world/fuel_models/BPCart/thumbnails/2.png
-- Symlinking: /home/alberto/tfg/Reconocimiento-y-sintesis-visual-Tiago/workspace/install/aws_robomaker_hospital_world/share/aws_robomaker_hospital_world/fuel_models/BPCart/thumbnails/3.png
-- Symlinking: /home/alberto/tfg/Reconocimiento-y-sintesis-visual-Tiago/workspace/install/aws_robomaker_hospital_world/share/aws_robomaker_hospital_world/fuel_models/BPCart/thumbnails/4.png
-- Symlinking: /home/alberto/tfg/Reconocimiento-y-sintesis-visual-Tiago/workspace/install/aws_robomaker_hospital_world/share/aws_robomaker_hospital_world/fuel_models/BPCart/thumbnails/5.png
-- Symlinking: /home/alberto/tfg/Reconocimiento-y-sintesis-visual-Tiago/workspace/install/aws_robomaker_hospital_world/share/aws_robomaker_hospital_world/fuel_models/BedTable/meshes/BedTable.mtl
-- Symlinking: /home/alberto/tfg/Reconocimiento-y-sintesis-visual-Tiago/workspace/install/aws_robomaker_hospital_world/share/aws_robomaker_hospital_world/fuel_models/BedTable/meshes/BedTable.obj
-- Symlinking: /home/alberto/tfg/Reconocimiento-y-sintesis-visual-Tiago/workspace/install/aws_robomaker_hospital_world/share/aws_robomaker_hospital_world/fuel_models/BedTable/meshes/BedTable.png
-- Symlinking: /home/alberto/tfg/Reconocimiento-y-sintesis-visual-Tiago/workspace/install/aws_robomaker_hospital_world/share/aws_robomaker_hospital_world/fuel_models/BedTable/meshes/BedTable_Col.mtl
-- Symlinking: /home/alberto/tfg/Reconocimiento-y-sintesis-visual-Tiago/workspace/install/aws_robomaker_hospital_world/share/aws_robomaker_hospital_world/fuel_models/BedTable/meshes/BedTable_Col.obj
-- Symlinking: /home/alberto/tfg/Reconocimiento-y-sintesis-visual-Tiago/workspace/install/aws_robomaker_hospital_world/share/aws_robomaker_hospital_world/fuel_models/BedTable/meshes/BedTable_Diffuse.png
-- Symlinking: /home/alberto/tfg/Reconocimiento-y-sintesis-visual-Tiago/workspace/install/aws_robomaker_hospital_world/share/aws_robomaker_hospital_world/fuel_models/BedTable/meshes/BedTable_Normal.png
-- Symlinking: /home/alberto/tfg/Reconocimiento-y-sintesis-visual-Tiago/workspace/install/aws_robomaker_hospital_world/share/aws_robomaker_hospital_world/fuel_models/BedTable/meshes/BedTable_SpecGloss.png
-- Symlinking: /home/alberto/tfg/Reconocimiento-y-sintesis-visual-Tiago/workspace/install/aws_robomaker_hospital_world/share/aws_robomaker_hospital_world/fuel_models/BedTable/model.config
-- Symlinking: /home/alberto/tfg/Reconocimiento-y-sintesis-visual-Tiago/workspace/install/aws_robomaker_hospital_world/share/aws_robomaker_hospital_world/fuel_models/BedTable/model.sdf
-- Symlinking: /home/alberto/tfg/Reconocimiento-y-sintesis-visual-Tiago/workspace/install/aws_robomaker_hospital_world/share/aws_robomaker_hospital_world/fuel_models/BedTable/thumbnails/1.png
-- Symlinking: /home/alberto/tfg/Reconocimiento-y-sintesis-visual-Tiago/workspace/install/aws_robomaker_hospital_world/share/aws_robomaker_hospital_world/fuel_models/BedTable/thumbnails/2.png
-- Symlinking: /home/alberto/tfg/Reconocimiento-y-sintesis-visual-Tiago/workspace/install/aws_robomaker_hospital_world/share/aws_robomaker_hospital_world/fuel_models/BedTable/thumbnails/3.png
-- Symlinking: /home/alberto/tfg/Reconocimiento-y-sintesis-visual-Tiago/workspace/install/aws_robomaker_hospital_world/share/aws_robomaker_hospital_world/fuel_models/BedTable/thumbnails/4.png
-- Symlinking: /home/alberto/tfg/Reconocimiento-y-sintesis-visual-Tiago/workspace/install/aws_robomaker_hospital_world/share/aws_robomaker_hospital_world/fuel_models/BedTable/thumbnails/5.png
-- Symlinking: /home/alberto/tfg/Reconocimiento-y-sintesis-visual-Tiago/workspace/install/aws_robomaker_hospital_world/share/aws_robomaker_hospital_world/fuel_models/BedsideTable/meshes/BedsideTable.mtl
-- Symlinking: /home/alberto/tfg/Reconocimiento-y-sintesis-visual-Tiago/workspace/install/aws_robomaker_hospital_world/share/aws_robomaker_hospital_world/fuel_models/BedsideTable/meshes/BedsideTable.obj
-- Symlinking: /home/alberto/tfg/Reconocimiento-y-sintesis-visual-Tiago/workspace/install/aws_robomaker_hospital_world/share/aws_robomaker_hospital_world/fuel_models/BedsideTable/meshes/BedsideTable.png
-- Symlinking: /home/alberto/tfg/Reconocimiento-y-sintesis-visual-Tiago/workspace/install/aws_robomaker_hospital_world/share/aws_robomaker_hospital_world/fuel_models/BedsideTable/meshes/BedsideTable_Col.mtl
-- Symlinking: /home/alberto/tfg/Reconocimiento-y-sintesis-visual-Tiago/workspace/install/aws_robomaker_hospital_world/share/aws_robomaker_hospital_world/fuel_models/BedsideTable/meshes/BedsideTable_Col.obj
-- Symlinking: /home/alberto/tfg/Reconocimiento-y-sintesis-visual-Tiago/workspace/install/aws_robomaker_hospital_world/share/aws_robomaker_hospital_world/fuel_models/BedsideTable/meshes/BedsideTable_Diffuse.png
-- Symlinking: /home/alberto/tfg/Reconocimiento-y-sintesis-visual-Tiago/workspace/install/aws_robomaker_hospital_world/share/aws_robomaker_hospital_world/fuel_models/BedsideTable/meshes/BedsideTable_Normal.png
-- Symlinking: /home/alberto/tfg/Reconocimiento-y-sintesis-visual-Tiago/workspace/install/aws_robomaker_hospital_world/share/aws_robomaker_hospital_world/fuel_models/BedsideTable/meshes/BedsideTable_SpecGloss.png
-- Symlinking: /home/alberto/tfg/Reconocimiento-y-sintesis-visual-Tiago/workspace/install/aws_robomaker_hospital_world/share/aws_robomaker_hospital_world/fuel_models/BedsideTable/model.config
-- Symlinking: /home/alberto/tfg/Reconocimiento-y-sintesis-visual-Tiago/workspace/install/aws_robomaker_hospital_world/share/aws_robomaker_hospital_world/fuel_models/BedsideTable/model.sdf
-- Symlinking: /home/alberto/tfg/Reconocimiento-y-sintesis-visual-Tiago/workspace/install/aws_robomaker_hospital_world/share/aws_robomaker_hospital_world/fuel_models/BedsideTable/thumbnails/1.png
-- Symlinking: /home/alberto/tfg/Reconocimiento-y-sintesis-visual-Tiago/workspace/install/aws_robomaker_hospital_world/share/aws_robomaker_hospital_world/fuel_models/BedsideTable/thumbnails/2.png
-- Symlinking: /home/alberto/tfg/Reconocimiento-y-sintesis-visual-Tiago/workspace/install/aws_robomaker_hospital_world/share/aws_robomaker_hospital_world/fuel_models/BedsideTable/thumbnails/3.png
-- Symlinking: /home/alberto/tfg/Reconocimiento-y-sintesis-visual-Tiago/workspace/install/aws_robomaker_hospital_world/share/aws_robomaker_hospital_world/fuel_models/BedsideTable/thumbnails/4.png
-- Symlinking: /home/alberto/tfg/Reconocimiento-y-sintesis-visual-Tiago/workspace/install/aws_robomaker_hospital_world/share/aws_robomaker_hospital_world/fuel_models/BedsideTable/thumbnails/5.png
-- Symlinking: /home/alberto/tfg/Reconocimiento-y-sintesis-visual-Tiago/workspace/install/aws_robomaker_hospital_world/share/aws_robomaker_hospital_world/fuel_models/BloodPressureMonitor/meshes/BloodPressureMonitor.mtl
-- Symlinking: /home/alberto/tfg/Reconocimiento-y-sintesis-visual-Tiago/workspace/install/aws_robomaker_hospital_world/share/aws_robomaker_hospital_world/fuel_models/BloodPressureMonitor/meshes/BloodPressureMonitor.obj
-- Symlinking: /home/alberto/tfg/Reconocimiento-y-sintesis-visual-Tiago/workspace/install/aws_robomaker_hospital_world/share/aws_robomaker_hospital_world/fuel_models/BloodPressureMonitor/meshes/BloodPressureMonitor.png
-- Symlinking: /home/alberto/tfg/Reconocimiento-y-sintesis-visual-Tiago/workspace/install/aws_robomaker_hospital_world/share/aws_robomaker_hospital_world/fuel_models/BloodPressureMonitor/meshes/BloodPressureMonitor_Col.mtl
-- Symlinking: /home/alberto/tfg/Reconocimiento-y-sintesis-visual-Tiago/workspace/install/aws_robomaker_hospital_world/share/aws_robomaker_hospital_world/fuel_models/BloodPressureMonitor/meshes/BloodPressureMonitor_Col.obj
-- Symlinking: /home/alberto/tfg/Reconocimiento-y-sintesis-visual-Tiago/workspace/install/aws_robomaker_hospital_world/share/aws_robomaker_hospital_world/fuel_models/BloodPressureMonitor/model.config
-- Symlinking: /home/alberto/tfg/Reconocimiento-y-sintesis-visual-Tiago/workspace/install/aws_robomaker_hospital_world/share/aws_robomaker_hospital_world/fuel_models/BloodPressureMonitor/model.sdf
-- Symlinking: /home/alberto/tfg/Reconocimiento-y-sintesis-visual-Tiago/workspace/install/aws_robomaker_hospital_world/share/aws_robomaker_hospital_world/fuel_models/BloodPressureMonitor/thumbnails/1.png
-- Symlinking: /home/alberto/tfg/Reconocimiento-y-sintesis-visual-Tiago/workspace/install/aws_robomaker_hospital_world/share/aws_robomaker_hospital_world/fuel_models/BloodPressureMonitor/thumbnails/2.png
-- Symlinking: /home/alberto/tfg/Reconocimiento-y-sintesis-visual-Tiago/workspace/install/aws_robomaker_hospital_world/share/aws_robomaker_hospital_world/fuel_models/BloodPressureMonitor/thumbnails/3.png
-- Symlinking: /home/alberto/tfg/Reconocimiento-y-sintesis-visual-Tiago/workspace/install/aws_robomaker_hospital_world/share/aws_robomaker_hospital_world/fuel_models/BloodPressureMonitor/thumbnails/4.png
-- Symlinking: /home/alberto/tfg/Reconocimiento-y-sintesis-visual-Tiago/workspace/install/aws_robomaker_hospital_world/share/aws_robomaker_hospital_world/fuel_models/BloodPressureMonitor/thumbnails/5.png
-- Symlinking: /home/alberto/tfg/Reconocimiento-y-sintesis-visual-Tiago/workspace/install/aws_robomaker_hospital_world/share/aws_robomaker_hospital_world/fuel_models/CGMClassic/meshes/CGMClassic.mtl
-- Symlinking: /home/alberto/tfg/Reconocimiento-y-sintesis-visual-Tiago/workspace/install/aws_robomaker_hospital_world/share/aws_robomaker_hospital_world/fuel_models/CGMClassic/meshes/CGMClassic.obj
-- Symlinking: /home/alberto/tfg/Reconocimiento-y-sintesis-visual-Tiago/workspace/install/aws_robomaker_hospital_world/share/aws_robomaker_hospital_world/fuel_models/CGMClassic/meshes/CGMClassic_Diffuse.png
-- Symlinking: /home/alberto/tfg/Reconocimiento-y-sintesis-visual-Tiago/workspace/install/aws_robomaker_hospital_world/share/aws_robomaker_hospital_world/fuel_models/CGMClassic/meshes/Carts_Wheels_Diffuse.png
-- Symlinking: /home/alberto/tfg/Reconocimiento-y-sintesis-visual-Tiago/workspace/install/aws_robomaker_hospital_world/share/aws_robomaker_hospital_world/fuel_models/CGMClassic/meshes/Wheels_Normal_Normal_Bump.tga
-- Symlinking: /home/alberto/tfg/Reconocimiento-y-sintesis-visual-Tiago/workspace/install/aws_robomaker_hospital_world/share/aws_robomaker_hospital_world/fuel_models/CGMClassic/model.config
-- Symlinking: /home/alberto/tfg/Reconocimiento-y-sintesis-visual-Tiago/workspace/install/aws_robomaker_hospital_world/share/aws_robomaker_hospital_world/fuel_models/CGMClassic/model.sdf
-- Symlinking: /home/alberto/tfg/Reconocimiento-y-sintesis-visual-Tiago/workspace/install/aws_robomaker_hospital_world/share/aws_robomaker_hospital_world/fuel_models/CGMClassic/thumbnails/1.png
-- Symlinking: /home/alberto/tfg/Reconocimiento-y-sintesis-visual-Tiago/workspace/install/aws_robomaker_hospital_world/share/aws_robomaker_hospital_world/fuel_models/CGMClassic/thumbnails/2.png
-- Symlinking: /home/alberto/tfg/Reconocimiento-y-sintesis-visual-Tiago/workspace/install/aws_robomaker_hospital_world/share/aws_robomaker_hospital_world/fuel_models/CGMClassic/thumbnails/3.png
-- Symlinking: /home/alberto/tfg/Reconocimiento-y-sintesis-visual-Tiago/workspace/install/aws_robomaker_hospital_world/share/aws_robomaker_hospital_world/fuel_models/CGMClassic/thumbnails/4.png
-- Symlinking: /home/alberto/tfg/Reconocimiento-y-sintesis-visual-Tiago/workspace/install/aws_robomaker_hospital_world/share/aws_robomaker_hospital_world/fuel_models/CGMClassic/thumbnails/5.png
-- Symlinking: /home/alberto/tfg/Reconocimiento-y-sintesis-visual-Tiago/workspace/install/aws_robomaker_hospital_world/share/aws_robomaker_hospital_world/fuel_models/Chair/meshes/Chair.mtl
-- Symlinking: /home/alberto/tfg/Reconocimiento-y-sintesis-visual-Tiago/workspace/install/aws_robomaker_hospital_world/share/aws_robomaker_hospital_world/fuel_models/Chair/meshes/Chair.obj
-- Symlinking: /home/alberto/tfg/Reconocimiento-y-sintesis-visual-Tiago/workspace/install/aws_robomaker_hospital_world/share/aws_robomaker_hospital_world/fuel_models/Chair/meshes/Chair.png
-- Symlinking: /home/alberto/tfg/Reconocimiento-y-sintesis-visual-Tiago/workspace/install/aws_robomaker_hospital_world/share/aws_robomaker_hospital_world/fuel_models/Chair/meshes/Chair_Diffuse.png
-- Symlinking: /home/alberto/tfg/Reconocimiento-y-sintesis-visual-Tiago/workspace/install/aws_robomaker_hospital_world/share/aws_robomaker_hospital_world/fuel_models/Chair/meshes/Chair_Normal.png
-- Symlinking: /home/alberto/tfg/Reconocimiento-y-sintesis-visual-Tiago/workspace/install/aws_robomaker_hospital_world/share/aws_robomaker_hospital_world/fuel_models/Chair/meshes/Chair_SpecGloss.png
-- Symlinking: /home/alberto/tfg/Reconocimiento-y-sintesis-visual-Tiago/workspace/install/aws_robomaker_hospital_world/share/aws_robomaker_hospital_world/fuel_models/Chair/model.config
-- Symlinking: /home/alberto/tfg/Reconocimiento-y-sintesis-visual-Tiago/workspace/install/aws_robomaker_hospital_world/share/aws_robomaker_hospital_world/fuel_models/Chair/model.sdf
-- Symlinking: /home/alberto/tfg/Reconocimiento-y-sintesis-visual-Tiago/workspace/install/aws_robomaker_hospital_world/share/aws_robomaker_hospital_world/fuel_models/Chair/thumbnails/1.png
-- Symlinking: /home/alberto/tfg/Reconocimiento-y-sintesis-visual-Tiago/workspace/install/aws_robomaker_hospital_world/share/aws_robomaker_hospital_world/fuel_models/Chair/thumbnails/2.png
-- Symlinking: /home/alberto/tfg/Reconocimiento-y-sintesis-visual-Tiago/workspace/install/aws_robomaker_hospital_world/share/aws_robomaker_hospital_world/fuel_models/Chair/thumbnails/3.png
-- Symlinking: /home/alberto/tfg/Reconocimiento-y-sintesis-visual-Tiago/workspace/install/aws_robomaker_hospital_world/share/aws_robomaker_hospital_world/fuel_models/Chair/thumbnails/4.png
-- Symlinking: /home/alberto/tfg/Reconocimiento-y-sintesis-visual-Tiago/workspace/install/aws_robomaker_hospital_world/share/aws_robomaker_hospital_world/fuel_models/Chair/thumbnails/5.png
-- Symlinking: /home/alberto/tfg/Reconocimiento-y-sintesis-visual-Tiago/workspace/install/aws_robomaker_hospital_world/share/aws_robomaker_hospital_world/fuel_models/Drawer/meshes/Drawer.mtl
-- Symlinking: /home/alberto/tfg/Reconocimiento-y-sintesis-visual-Tiago/workspace/install/aws_robomaker_hospital_world/share/aws_robomaker_hospital_world/fuel_models/Drawer/meshes/Drawer.obj
-- Symlinking: /home/alberto/tfg/Reconocimiento-y-sintesis-visual-Tiago/workspace/install/aws_robomaker_hospital_world/share/aws_robomaker_hospital_world/fuel_models/Drawer/meshes/Drawer.png
-- Symlinking: /home/alberto/tfg/Reconocimiento-y-sintesis-visual-Tiago/workspace/install/aws_robomaker_hospital_world/share/aws_robomaker_hospital_world/fuel_models/Drawer/meshes/Drawer_Col.obj
-- Symlinking: /home/alberto/tfg/Reconocimiento-y-sintesis-visual-Tiago/workspace/install/aws_robomaker_hospital_world/share/aws_robomaker_hospital_world/fuel_models/Drawer/model.config
-- Symlinking: /home/alberto/tfg/Reconocimiento-y-sintesis-visual-Tiago/workspace/install/aws_robomaker_hospital_world/share/aws_robomaker_hospital_world/fuel_models/Drawer/model.sdf
-- Symlinking: /home/alberto/tfg/Reconocimiento-y-sintesis-visual-Tiago/workspace/install/aws_robomaker_hospital_world/share/aws_robomaker_hospital_world/fuel_models/Drawer/thumbnails/1.png
-- Symlinking: /home/alberto/tfg/Reconocimiento-y-sintesis-visual-Tiago/workspace/install/aws_robomaker_hospital_world/share/aws_robomaker_hospital_world/fuel_models/Drawer/thumbnails/2.png
-- Symlinking: /home/alberto/tfg/Reconocimiento-y-sintesis-visual-Tiago/workspace/install/aws_robomaker_hospital_world/share/aws_robomaker_hospital_world/fuel_models/Drawer/thumbnails/3.png
-- Symlinking: /home/alberto/tfg/Reconocimiento-y-sintesis-visual-Tiago/workspace/install/aws_robomaker_hospital_world/share/aws_robomaker_hospital_world/fuel_models/Drawer/thumbnails/4.png
-- Symlinking: /home/alberto/tfg/Reconocimiento-y-sintesis-visual-Tiago/workspace/install/aws_robomaker_hospital_world/share/aws_robomaker_hospital_world/fuel_models/Drawer/thumbnails/5.png
-- Symlinking: /home/alberto/tfg/Reconocimiento-y-sintesis-visual-Tiago/workspace/install/aws_robomaker_hospital_world/share/aws_robomaker_hospital_world/fuel_models/ElderLadyPatient/meshes/CGMVanguard_Diffuse.png
-- Symlinking: /home/alberto/tfg/Reconocimiento-y-sintesis-visual-Tiago/workspace/install/aws_robomaker_hospital_world/share/aws_robomaker_hospital_world/fuel_models/ElderLadyPatient/meshes/Carts_Wheels_Diffuse.png
-- Symlinking: /home/alberto/tfg/Reconocimiento-y-sintesis-visual-Tiago/workspace/install/aws_robomaker_hospital_world/share/aws_robomaker_hospital_world/fuel_models/ElderLadyPatient/meshes/ElderFPatient_color.jpg
-- Symlinking: /home/alberto/tfg/Reconocimiento-y-sintesis-visual-Tiago/workspace/install/aws_robomaker_hospital_world/share/aws_robomaker_hospital_world/fuel_models/ElderLadyPatient/meshes/ElderFemale.mtl
-- Symlinking: /home/alberto/tfg/Reconocimiento-y-sintesis-visual-Tiago/workspace/install/aws_robomaker_hospital_world/share/aws_robomaker_hospital_world/fuel_models/ElderLadyPatient/meshes/ElderFemale.obj
-- Symlinking: /home/alberto/tfg/Reconocimiento-y-sintesis-visual-Tiago/workspace/install/aws_robomaker_hospital_world/share/aws_robomaker_hospital_world/fuel_models/ElderLadyPatient/model.config
-- Symlinking: /home/alberto/tfg/Reconocimiento-y-sintesis-visual-Tiago/workspace/install/aws_robomaker_hospital_world/share/aws_robomaker_hospital_world/fuel_models/ElderLadyPatient/model.sdf
-- Symlinking: /home/alberto/tfg/Reconocimiento-y-sintesis-visual-Tiago/workspace/install/aws_robomaker_hospital_world/share/aws_robomaker_hospital_world/fuel_models/ElderLadyPatient/thumbnails/1.png
-- Symlinking: /home/alberto/tfg/Reconocimiento-y-sintesis-visual-Tiago/workspace/install/aws_robomaker_hospital_world/share/aws_robomaker_hospital_world/fuel_models/ElderLadyPatient/thumbnails/2.png
-- Symlinking: /home/alberto/tfg/Reconocimiento-y-sintesis-visual-Tiago/workspace/install/aws_robomaker_hospital_world/share/aws_robomaker_hospital_world/fuel_models/ElderLadyPatient/thumbnails/3.png
-- Symlinking: /home/alberto/tfg/Reconocimiento-y-sintesis-visual-Tiago/workspace/install/aws_robomaker_hospital_world/share/aws_robomaker_hospital_world/fuel_models/ElderLadyPatient/thumbnails/4.png
-- Symlinking: /home/alberto/tfg/Reconocimiento-y-sintesis-visual-Tiago/workspace/install/aws_robomaker_hospital_world/share/aws_robomaker_hospital_world/fuel_models/ElderLadyPatient/thumbnails/5.png
-- Symlinking: /home/alberto/tfg/Reconocimiento-y-sintesis-visual-Tiago/workspace/install/aws_robomaker_hospital_world/share/aws_robomaker_hospital_world/fuel_models/ElderMalePatient/meshes/CGMVanguard_Diffuse.png
-- Symlinking: /home/alberto/tfg/Reconocimiento-y-sintesis-visual-Tiago/workspace/install/aws_robomaker_hospital_world/share/aws_robomaker_hospital_world/fuel_models/ElderMalePatient/meshes/Carts_Wheels_Diffuse.png
-- Symlinking: /home/alberto/tfg/Reconocimiento-y-sintesis-visual-Tiago/workspace/install/aws_robomaker_hospital_world/share/aws_robomaker_hospital_world/fuel_models/ElderMalePatient/meshes/ElderMalePatient.mtl
-- Symlinking: /home/alberto/tfg/Reconocimiento-y-sintesis-visual-Tiago/workspace/install/aws_robomaker_hospital_world/share/aws_robomaker_hospital_world/fuel_models/ElderMalePatient/meshes/ElderMalePatient.obj
-- Symlinking: /home/alberto/tfg/Reconocimiento-y-sintesis-visual-Tiago/workspace/install/aws_robomaker_hospital_world/share/aws_robomaker_hospital_world/fuel_models/ElderMalePatient/meshes/ElderMale_color1.jpg
-- Symlinking: /home/alberto/tfg/Reconocimiento-y-sintesis-visual-Tiago/workspace/install/aws_robomaker_hospital_world/share/aws_robomaker_hospital_world/fuel_models/ElderMalePatient/meshes/towel1.jpg
-- Symlinking: /home/alberto/tfg/Reconocimiento-y-sintesis-visual-Tiago/workspace/install/aws_robomaker_hospital_world/share/aws_robomaker_hospital_world/fuel_models/ElderMalePatient/model.config
-- Symlinking: /home/alberto/tfg/Reconocimiento-y-sintesis-visual-Tiago/workspace/install/aws_robomaker_hospital_world/share/aws_robomaker_hospital_world/fuel_models/ElderMalePatient/model.sdf
-- Symlinking: /home/alberto/tfg/Reconocimiento-y-sintesis-visual-Tiago/workspace/install/aws_robomaker_hospital_world/share/aws_robomaker_hospital_world/fuel_models/ElderMalePatient/thumbnails/1.png
-- Symlinking: /home/alberto/tfg/Reconocimiento-y-sintesis-visual-Tiago/workspace/install/aws_robomaker_hospital_world/share/aws_robomaker_hospital_world/fuel_models/ElderMalePatient/thumbnails/2.png
-- Symlinking: /home/alberto/tfg/Reconocimiento-y-sintesis-visual-Tiago/workspace/install/aws_robomaker_hospital_world/share/aws_robomaker_hospital_world/fuel_models/ElderMalePatient/thumbnails/3.png
-- Symlinking: /home/alberto/tfg/Reconocimiento-y-sintesis-visual-Tiago/workspace/install/aws_robomaker_hospital_world/share/aws_robomaker_hospital_world/fuel_models/ElderMalePatient/thumbnails/4.png
-- Symlinking: /home/alberto/tfg/Reconocimiento-y-sintesis-visual-Tiago/workspace/install/aws_robomaker_hospital_world/share/aws_robomaker_hospital_world/fuel_models/ElderMalePatient/thumbnails/5.png
-- Symlinking: /home/alberto/tfg/Reconocimiento-y-sintesis-visual-Tiago/workspace/install/aws_robomaker_hospital_world/share/aws_robomaker_hospital_world/fuel_models/FemaleVisitor/meshes/FemaleVisitor.mtl
-- Symlinking: /home/alberto/tfg/Reconocimiento-y-sintesis-visual-Tiago/workspace/install/aws_robomaker_hospital_world/share/aws_robomaker_hospital_world/fuel_models/FemaleVisitor/meshes/FemaleVisitor.obj
-- Symlinking: /home/alberto/tfg/Reconocimiento-y-sintesis-visual-Tiago/workspace/install/aws_robomaker_hospital_world/share/aws_robomaker_hospital_world/fuel_models/FemaleVisitor/meshes/FemaleVisitor.png
-- Symlinking: /home/alberto/tfg/Reconocimiento-y-sintesis-visual-Tiago/workspace/install/aws_robomaker_hospital_world/share/aws_robomaker_hospital_world/fuel_models/FemaleVisitor/meshes/FemaleVisitor_Col.mtl
-- Symlinking: /home/alberto/tfg/Reconocimiento-y-sintesis-visual-Tiago/workspace/install/aws_robomaker_hospital_world/share/aws_robomaker_hospital_world/fuel_models/FemaleVisitor/meshes/FemaleVisitor_Col.obj
-- Symlinking: /home/alberto/tfg/Reconocimiento-y-sintesis-visual-Tiago/workspace/install/aws_robomaker_hospital_world/share/aws_robomaker_hospital_world/fuel_models/FemaleVisitor/meshes/Handbag.png
-- Symlinking: /home/alberto/tfg/Reconocimiento-y-sintesis-visual-Tiago/workspace/install/aws_robomaker_hospital_world/share/aws_robomaker_hospital_world/fuel_models/FemaleVisitor/model.config
-- Symlinking: /home/alberto/tfg/Reconocimiento-y-sintesis-visual-Tiago/workspace/install/aws_robomaker_hospital_world/share/aws_robomaker_hospital_world/fuel_models/FemaleVisitor/model.sdf
-- Symlinking: /home/alberto/tfg/Reconocimiento-y-sintesis-visual-Tiago/workspace/install/aws_robomaker_hospital_world/share/aws_robomaker_hospital_world/fuel_models/FemaleVisitor/thumbnails/1.png
-- Symlinking: /home/alberto/tfg/Reconocimiento-y-sintesis-visual-Tiago/workspace/install/aws_robomaker_hospital_world/share/aws_robomaker_hospital_world/fuel_models/FemaleVisitor/thumbnails/2.png
-- Symlinking: /home/alberto/tfg/Reconocimiento-y-sintesis-visual-Tiago/workspace/install/aws_robomaker_hospital_world/share/aws_robomaker_hospital_world/fuel_models/FemaleVisitor/thumbnails/3.png
-- Symlinking: /home/alberto/tfg/Reconocimiento-y-sintesis-visual-Tiago/workspace/install/aws_robomaker_hospital_world/share/aws_robomaker_hospital_world/fuel_models/FemaleVisitor/thumbnails/4.png
-- Symlinking: /home/alberto/tfg/Reconocimiento-y-sintesis-visual-Tiago/workspace/install/aws_robomaker_hospital_world/share/aws_robomaker_hospital_world/fuel_models/FemaleVisitor/thumbnails/5.png
-- Symlinking: /home/alberto/tfg/Reconocimiento-y-sintesis-visual-Tiago/workspace/install/aws_robomaker_hospital_world/share/aws_robomaker_hospital_world/fuel_models/FemaleVisitorSit/meshes/FemaleVisitorSit.mtl
-- Symlinking: /home/alberto/tfg/Reconocimiento-y-sintesis-visual-Tiago/workspace/install/aws_robomaker_hospital_world/share/aws_robomaker_hospital_world/fuel_models/FemaleVisitorSit/meshes/FemaleVisitorSit.obj
-- Symlinking: /home/alberto/tfg/Reconocimiento-y-sintesis-visual-Tiago/workspace/install/aws_robomaker_hospital_world/share/aws_robomaker_hospital_world/fuel_models/FemaleVisitorSit/meshes/FemaleVisitorSit.png
-- Symlinking: /home/alberto/tfg/Reconocimiento-y-sintesis-visual-Tiago/workspace/install/aws_robomaker_hospital_world/share/aws_robomaker_hospital_world/fuel_models/FemaleVisitorSit/meshes/FemaleVisitorSit_Col.mtl
-- Symlinking: /home/alberto/tfg/Reconocimiento-y-sintesis-visual-Tiago/workspace/install/aws_robomaker_hospital_world/share/aws_robomaker_hospital_world/fuel_models/FemaleVisitorSit/meshes/FemaleVisitorSit_Col.obj
-- Symlinking: /home/alberto/tfg/Reconocimiento-y-sintesis-visual-Tiago/workspace/install/aws_robomaker_hospital_world/share/aws_robomaker_hospital_world/fuel_models/FemaleVisitorSit/meshes/HandbagBlack.png
-- Symlinking: /home/alberto/tfg/Reconocimiento-y-sintesis-visual-Tiago/workspace/install/aws_robomaker_hospital_world/share/aws_robomaker_hospital_world/fuel_models/FemaleVisitorSit/model.config
-- Symlinking: /home/alberto/tfg/Reconocimiento-y-sintesis-visual-Tiago/workspace/install/aws_robomaker_hospital_world/share/aws_robomaker_hospital_world/fuel_models/FemaleVisitorSit/model.sdf
-- Symlinking: /home/alberto/tfg/Reconocimiento-y-sintesis-visual-Tiago/workspace/install/aws_robomaker_hospital_world/share/aws_robomaker_hospital_world/fuel_models/FemaleVisitorSit/thumbnails/1.png
-- Symlinking: /home/alberto/tfg/Reconocimiento-y-sintesis-visual-Tiago/workspace/install/aws_robomaker_hospital_world/share/aws_robomaker_hospital_world/fuel_models/FemaleVisitorSit/thumbnails/2.png
-- Symlinking: /home/alberto/tfg/Reconocimiento-y-sintesis-visual-Tiago/workspace/install/aws_robomaker_hospital_world/share/aws_robomaker_hospital_world/fuel_models/FemaleVisitorSit/thumbnails/3.png
-- Symlinking: /home/alberto/tfg/Reconocimiento-y-sintesis-visual-Tiago/workspace/install/aws_robomaker_hospital_world/share/aws_robomaker_hospital_world/fuel_models/FemaleVisitorSit/thumbnails/4.png
-- Symlinking: /home/alberto/tfg/Reconocimiento-y-sintesis-visual-Tiago/workspace/install/aws_robomaker_hospital_world/share/aws_robomaker_hospital_world/fuel_models/FemaleVisitorSit/thumbnails/5.png
-- Symlinking: /home/alberto/tfg/Reconocimiento-y-sintesis-visual-Tiago/workspace/install/aws_robomaker_hospital_world/share/aws_robomaker_hospital_world/fuel_models/IVStand/meshes/Carts_Wheels_Diffuse.png
-- Symlinking: /home/alberto/tfg/Reconocimiento-y-sintesis-visual-Tiago/workspace/install/aws_robomaker_hospital_world/share/aws_robomaker_hospital_world/fuel_models/IVStand/meshes/IVStand.mtl
-- Symlinking: /home/alberto/tfg/Reconocimiento-y-sintesis-visual-Tiago/workspace/install/aws_robomaker_hospital_world/share/aws_robomaker_hospital_world/fuel_models/IVStand/meshes/IVStand.obj
-- Symlinking: /home/alberto/tfg/Reconocimiento-y-sintesis-visual-Tiago/workspace/install/aws_robomaker_hospital_world/share/aws_robomaker_hospital_world/fuel_models/IVStand/meshes/IVStand_Diffuse.png
-- Symlinking: /home/alberto/tfg/Reconocimiento-y-sintesis-visual-Tiago/workspace/install/aws_robomaker_hospital_world/share/aws_robomaker_hospital_world/fuel_models/IVStand/model.config
-- Symlinking: /home/alberto/tfg/Reconocimiento-y-sintesis-visual-Tiago/workspace/install/aws_robomaker_hospital_world/share/aws_robomaker_hospital_world/fuel_models/IVStand/model.sdf
-- Symlinking: /home/alberto/tfg/Reconocimiento-y-sintesis-visual-Tiago/workspace/install/aws_robomaker_hospital_world/share/aws_robomaker_hospital_world/fuel_models/IVStand/thumbnails/1.png
-- Symlinking: /home/alberto/tfg/Reconocimiento-y-sintesis-visual-Tiago/workspace/install/aws_robomaker_hospital_world/share/aws_robomaker_hospital_world/fuel_models/IVStand/thumbnails/2.png
-- Symlinking: /home/alberto/tfg/Reconocimiento-y-sintesis-visual-Tiago/workspace/install/aws_robomaker_hospital_world/share/aws_robomaker_hospital_world/fuel_models/IVStand/thumbnails/3.png
-- Symlinking: /home/alberto/tfg/Reconocimiento-y-sintesis-visual-Tiago/workspace/install/aws_robomaker_hospital_world/share/aws_robomaker_hospital_world/fuel_models/IVStand/thumbnails/4.png
-- Symlinking: /home/alberto/tfg/Reconocimiento-y-sintesis-visual-Tiago/workspace/install/aws_robomaker_hospital_world/share/aws_robomaker_hospital_world/fuel_models/IVStand/thumbnails/5.png
-- Symlinking: /home/alberto/tfg/Reconocimiento-y-sintesis-visual-Tiago/workspace/install/aws_robomaker_hospital_world/share/aws_robomaker_hospital_world/fuel_models/InstrumentCart1/meshes/InstrumentCart1.mtl
-- Symlinking: /home/alberto/tfg/Reconocimiento-y-sintesis-visual-Tiago/workspace/install/aws_robomaker_hospital_world/share/aws_robomaker_hospital_world/fuel_models/InstrumentCart1/meshes/InstrumentCart1.obj
-- Symlinking: /home/alberto/tfg/Reconocimiento-y-sintesis-visual-Tiago/workspace/install/aws_robomaker_hospital_world/share/aws_robomaker_hospital_world/fuel_models/InstrumentCart1/meshes/texture.png
-- Symlinking: /home/alberto/tfg/Reconocimiento-y-sintesis-visual-Tiago/workspace/install/aws_robomaker_hospital_world/share/aws_robomaker_hospital_world/fuel_models/InstrumentCart1/model.config
-- Symlinking: /home/alberto/tfg/Reconocimiento-y-sintesis-visual-Tiago/workspace/install/aws_robomaker_hospital_world/share/aws_robomaker_hospital_world/fuel_models/InstrumentCart1/model.sdf
-- Symlinking: /home/alberto/tfg/Reconocimiento-y-sintesis-visual-Tiago/workspace/install/aws_robomaker_hospital_world/share/aws_robomaker_hospital_world/fuel_models/InstrumentCart1/thumbnails/1.png
-- Symlinking: /home/alberto/tfg/Reconocimiento-y-sintesis-visual-Tiago/workspace/install/aws_robomaker_hospital_world/share/aws_robomaker_hospital_world/fuel_models/InstrumentCart1/thumbnails/2.png
-- Symlinking: /home/alberto/tfg/Reconocimiento-y-sintesis-visual-Tiago/workspace/install/aws_robomaker_hospital_world/share/aws_robomaker_hospital_world/fuel_models/InstrumentCart1/thumbnails/3.png
-- Symlinking: /home/alberto/tfg/Reconocimiento-y-sintesis-visual-Tiago/workspace/install/aws_robomaker_hospital_world/share/aws_robomaker_hospital_world/fuel_models/InstrumentCart1/thumbnails/4.png
-- Symlinking: /home/alberto/tfg/Reconocimiento-y-sintesis-visual-Tiago/workspace/install/aws_robomaker_hospital_world/share/aws_robomaker_hospital_world/fuel_models/InstrumentCart1/thumbnails/5.png
-- Symlinking: /home/alberto/tfg/Reconocimiento-y-sintesis-visual-Tiago/workspace/install/aws_robomaker_hospital_world/share/aws_robomaker_hospital_world/fuel_models/InstrumentCart2/meshes/InstrumentCart2.mtl
-- Symlinking: /home/alberto/tfg/Reconocimiento-y-sintesis-visual-Tiago/workspace/install/aws_robomaker_hospital_world/share/aws_robomaker_hospital_world/fuel_models/InstrumentCart2/meshes/InstrumentCart2.obj
-- Symlinking: /home/alberto/tfg/Reconocimiento-y-sintesis-visual-Tiago/workspace/install/aws_robomaker_hospital_world/share/aws_robomaker_hospital_world/fuel_models/InstrumentCart2/meshes/texture.png
-- Symlinking: /home/alberto/tfg/Reconocimiento-y-sintesis-visual-Tiago/workspace/install/aws_robomaker_hospital_world/share/aws_robomaker_hospital_world/fuel_models/InstrumentCart2/model.config
-- Symlinking: /home/alberto/tfg/Reconocimiento-y-sintesis-visual-Tiago/workspace/install/aws_robomaker_hospital_world/share/aws_robomaker_hospital_world/fuel_models/InstrumentCart2/model.sdf
-- Symlinking: /home/alberto/tfg/Reconocimiento-y-sintesis-visual-Tiago/workspace/install/aws_robomaker_hospital_world/share/aws_robomaker_hospital_world/fuel_models/InstrumentCart2/thumbnails/1.png
-- Symlinking: /home/alberto/tfg/Reconocimiento-y-sintesis-visual-Tiago/workspace/install/aws_robomaker_hospital_world/share/aws_robomaker_hospital_world/fuel_models/InstrumentCart2/thumbnails/2.png
-- Symlinking: /home/alberto/tfg/Reconocimiento-y-sintesis-visual-Tiago/workspace/install/aws_robomaker_hospital_world/share/aws_robomaker_hospital_world/fuel_models/InstrumentCart2/thumbnails/3.png
-- Symlinking: /home/alberto/tfg/Reconocimiento-y-sintesis-visual-Tiago/workspace/install/aws_robomaker_hospital_world/share/aws_robomaker_hospital_world/fuel_models/InstrumentCart2/thumbnails/4.png
-- Symlinking: /home/alberto/tfg/Reconocimiento-y-sintesis-visual-Tiago/workspace/install/aws_robomaker_hospital_world/share/aws_robomaker_hospital_world/fuel_models/InstrumentCart2/thumbnails/5.png
-- Symlinking: /home/alberto/tfg/Reconocimiento-y-sintesis-visual-Tiago/workspace/install/aws_robomaker_hospital_world/share/aws_robomaker_hospital_world/fuel_models/KitchenSink/meshes/kitchenSink.mtl
-- Symlinking: /home/alberto/tfg/Reconocimiento-y-sintesis-visual-Tiago/workspace/install/aws_robomaker_hospital_world/share/aws_robomaker_hospital_world/fuel_models/KitchenSink/meshes/kitchenSink.obj
-- Symlinking: /home/alberto/tfg/Reconocimiento-y-sintesis-visual-Tiago/workspace/install/aws_robomaker_hospital_world/share/aws_robomaker_hospital_world/fuel_models/KitchenSink/model.config
-- Symlinking: /home/alberto/tfg/Reconocimiento-y-sintesis-visual-Tiago/workspace/install/aws_robomaker_hospital_world/share/aws_robomaker_hospital_world/fuel_models/KitchenSink/model.sdf
-- Symlinking: /home/alberto/tfg/Reconocimiento-y-sintesis-visual-Tiago/workspace/install/aws_robomaker_hospital_world/share/aws_robomaker_hospital_world/fuel_models/KitchenSink/thumbnails/1.png
-- Symlinking: /home/alberto/tfg/Reconocimiento-y-sintesis-visual-Tiago/workspace/install/aws_robomaker_hospital_world/share/aws_robomaker_hospital_world/fuel_models/KitchenSink/thumbnails/2.png
-- Symlinking: /home/alberto/tfg/Reconocimiento-y-sintesis-visual-Tiago/workspace/install/aws_robomaker_hospital_world/share/aws_robomaker_hospital_world/fuel_models/KitchenSink/thumbnails/3.png
-- Symlinking: /home/alberto/tfg/Reconocimiento-y-sintesis-visual-Tiago/workspace/install/aws_robomaker_hospital_world/share/aws_robomaker_hospital_world/fuel_models/KitchenSink/thumbnails/4.png
-- Symlinking: /home/alberto/tfg/Reconocimiento-y-sintesis-visual-Tiago/workspace/install/aws_robomaker_hospital_world/share/aws_robomaker_hospital_world/fuel_models/KitchenSink/thumbnails/5.png
-- Symlinking: /home/alberto/tfg/Reconocimiento-y-sintesis-visual-Tiago/workspace/install/aws_robomaker_hospital_world/share/aws_robomaker_hospital_world/fuel_models/MalePatientBed/meshes/CGMVanguard_Diffuse.png
-- Symlinking: /home/alberto/tfg/Reconocimiento-y-sintesis-visual-Tiago/workspace/install/aws_robomaker_hospital_world/share/aws_robomaker_hospital_world/fuel_models/MalePatientBed/meshes/Carts_Wheels_Diffuse.png
-- Symlinking: /home/alberto/tfg/Reconocimiento-y-sintesis-visual-Tiago/workspace/install/aws_robomaker_hospital_world/share/aws_robomaker_hospital_world/fuel_models/MalePatientBed/meshes/MalePatientBed.mtl
-- Symlinking: /home/alberto/tfg/Reconocimiento-y-sintesis-visual-Tiago/workspace/install/aws_robomaker_hospital_world/share/aws_robomaker_hospital_world/fuel_models/MalePatientBed/meshes/MalePatientBed.obj
-- Symlinking: /home/alberto/tfg/Reconocimiento-y-sintesis-visual-Tiago/workspace/install/aws_robomaker_hospital_world/share/aws_robomaker_hospital_world/fuel_models/MalePatientBed/meshes/PatientM.png
-- Symlinking: /home/alberto/tfg/Reconocimiento-y-sintesis-visual-Tiago/workspace/install/aws_robomaker_hospital_world/share/aws_robomaker_hospital_world/fuel_models/MalePatientBed/meshes/texture.png
-- Symlinking: /home/alberto/tfg/Reconocimiento-y-sintesis-visual-Tiago/workspace/install/aws_robomaker_hospital_world/share/aws_robomaker_hospital_world/fuel_models/MalePatientBed/meshes/towel1.jpg
-- Symlinking: /home/alberto/tfg/Reconocimiento-y-sintesis-visual-Tiago/workspace/install/aws_robomaker_hospital_world/share/aws_robomaker_hospital_world/fuel_models/MalePatientBed/model.config
-- Symlinking: /home/alberto/tfg/Reconocimiento-y-sintesis-visual-Tiago/workspace/install/aws_robomaker_hospital_world/share/aws_robomaker_hospital_world/fuel_models/MalePatientBed/model.sdf
-- Symlinking: /home/alberto/tfg/Reconocimiento-y-sintesis-visual-Tiago/workspace/install/aws_robomaker_hospital_world/share/aws_robomaker_hospital_world/fuel_models/MalePatientBed/thumbnails/1.png
-- Symlinking: /home/alberto/tfg/Reconocimiento-y-sintesis-visual-Tiago/workspace/install/aws_robomaker_hospital_world/share/aws_robomaker_hospital_world/fuel_models/MalePatientBed/thumbnails/2.png
-- Symlinking: /home/alberto/tfg/Reconocimiento-y-sintesis-visual-Tiago/workspace/install/aws_robomaker_hospital_world/share/aws_robomaker_hospital_world/fuel_models/MalePatientBed/thumbnails/3.png
-- Symlinking: /home/alberto/tfg/Reconocimiento-y-sintesis-visual-Tiago/workspace/install/aws_robomaker_hospital_world/share/aws_robomaker_hospital_world/fuel_models/MalePatientBed/thumbnails/4.png
-- Symlinking: /home/alberto/tfg/Reconocimiento-y-sintesis-visual-Tiago/workspace/install/aws_robomaker_hospital_world/share/aws_robomaker_hospital_world/fuel_models/MalePatientBed/thumbnails/5.png
-- Symlinking: /home/alberto/tfg/Reconocimiento-y-sintesis-visual-Tiago/workspace/install/aws_robomaker_hospital_world/share/aws_robomaker_hospital_world/fuel_models/MaleVisitorOnPhone/meshes/MaleVisitor.png
-- Symlinking: /home/alberto/tfg/Reconocimiento-y-sintesis-visual-Tiago/workspace/install/aws_robomaker_hospital_world/share/aws_robomaker_hospital_world/fuel_models/MaleVisitorOnPhone/meshes/MaleVisitorStatic.mtl
-- Symlinking: /home/alberto/tfg/Reconocimiento-y-sintesis-visual-Tiago/workspace/install/aws_robomaker_hospital_world/share/aws_robomaker_hospital_world/fuel_models/MaleVisitorOnPhone/meshes/MaleVisitorStatic.obj
-- Symlinking: /home/alberto/tfg/Reconocimiento-y-sintesis-visual-Tiago/workspace/install/aws_robomaker_hospital_world/share/aws_robomaker_hospital_world/fuel_models/MaleVisitorOnPhone/meshes/MaleVisitorStatic_Col.mtl
-- Symlinking: /home/alberto/tfg/Reconocimiento-y-sintesis-visual-Tiago/workspace/install/aws_robomaker_hospital_world/share/aws_robomaker_hospital_world/fuel_models/MaleVisitorOnPhone/meshes/MaleVisitorStatic_Col.obj
-- Symlinking: /home/alberto/tfg/Reconocimiento-y-sintesis-visual-Tiago/workspace/install/aws_robomaker_hospital_world/share/aws_robomaker_hospital_world/fuel_models/MaleVisitorOnPhone/meshes/Phone.png
-- Symlinking: /home/alberto/tfg/Reconocimiento-y-sintesis-visual-Tiago/workspace/install/aws_robomaker_hospital_world/share/aws_robomaker_hospital_world/fuel_models/MaleVisitorOnPhone/model.config
-- Symlinking: /home/alberto/tfg/Reconocimiento-y-sintesis-visual-Tiago/workspace/install/aws_robomaker_hospital_world/share/aws_robomaker_hospital_world/fuel_models/MaleVisitorOnPhone/model.sdf
-- Symlinking: /home/alberto/tfg/Reconocimiento-y-sintesis-visual-Tiago/workspace/install/aws_robomaker_hospital_world/share/aws_robomaker_hospital_world/fuel_models/MaleVisitorOnPhone/thumbnails/1.png
-- Symlinking: /home/alberto/tfg/Reconocimiento-y-sintesis-visual-Tiago/workspace/install/aws_robomaker_hospital_world/share/aws_robomaker_hospital_world/fuel_models/MaleVisitorOnPhone/thumbnails/2.png
-- Symlinking: /home/alberto/tfg/Reconocimiento-y-sintesis-visual-Tiago/workspace/install/aws_robomaker_hospital_world/share/aws_robomaker_hospital_world/fuel_models/MaleVisitorOnPhone/thumbnails/3.png
-- Symlinking: /home/alberto/tfg/Reconocimiento-y-sintesis-visual-Tiago/workspace/install/aws_robomaker_hospital_world/share/aws_robomaker_hospital_world/fuel_models/MaleVisitorOnPhone/thumbnails/4.png
-- Symlinking: /home/alberto/tfg/Reconocimiento-y-sintesis-visual-Tiago/workspace/install/aws_robomaker_hospital_world/share/aws_robomaker_hospital_world/fuel_models/MaleVisitorOnPhone/thumbnails/5.png
-- Symlinking: /home/alberto/tfg/Reconocimiento-y-sintesis-visual-Tiago/workspace/install/aws_robomaker_hospital_world/share/aws_robomaker_hospital_world/fuel_models/MaleVisitorSit/meshes/MaleVisitorSit.mtl
-- Symlinking: /home/alberto/tfg/Reconocimiento-y-sintesis-visual-Tiago/workspace/install/aws_robomaker_hospital_world/share/aws_robomaker_hospital_world/fuel_models/MaleVisitorSit/meshes/MaleVisitorSit.obj
-- Symlinking: /home/alberto/tfg/Reconocimiento-y-sintesis-visual-Tiago/workspace/install/aws_robomaker_hospital_world/share/aws_robomaker_hospital_world/fuel_models/MaleVisitorSit/meshes/MaleVisitorSit.png
-- Symlinking: /home/alberto/tfg/Reconocimiento-y-sintesis-visual-Tiago/workspace/install/aws_robomaker_hospital_world/share/aws_robomaker_hospital_world/fuel_models/MaleVisitorSit/meshes/MaleVisitorSit_Col.mtl
-- Symlinking: /home/alberto/tfg/Reconocimiento-y-sintesis-visual-Tiago/workspace/install/aws_robomaker_hospital_world/share/aws_robomaker_hospital_world/fuel_models/MaleVisitorSit/meshes/MaleVisitorSit_Col.obj
-- Symlinking: /home/alberto/tfg/Reconocimiento-y-sintesis-visual-Tiago/workspace/install/aws_robomaker_hospital_world/share/aws_robomaker_hospital_world/fuel_models/MaleVisitorSit/meshes/Phone.png
-- Symlinking: /home/alberto/tfg/Reconocimiento-y-sintesis-visual-Tiago/workspace/install/aws_robomaker_hospital_world/share/aws_robomaker_hospital_world/fuel_models/MaleVisitorSit/model.config
-- Symlinking: /home/alberto/tfg/Reconocimiento-y-sintesis-visual-Tiago/workspace/install/aws_robomaker_hospital_world/share/aws_robomaker_hospital_world/fuel_models/MaleVisitorSit/model.sdf
-- Symlinking: /home/alberto/tfg/Reconocimiento-y-sintesis-visual-Tiago/workspace/install/aws_robomaker_hospital_world/share/aws_robomaker_hospital_world/fuel_models/MaleVisitorSit/thumbnails/1.png
-- Symlinking: /home/alberto/tfg/Reconocimiento-y-sintesis-visual-Tiago/workspace/install/aws_robomaker_hospital_world/share/aws_robomaker_hospital_world/fuel_models/MaleVisitorSit/thumbnails/2.png
-- Symlinking: /home/alberto/tfg/Reconocimiento-y-sintesis-visual-Tiago/workspace/install/aws_robomaker_hospital_world/share/aws_robomaker_hospital_world/fuel_models/MaleVisitorSit/thumbnails/3.png
-- Symlinking: /home/alberto/tfg/Reconocimiento-y-sintesis-visual-Tiago/workspace/install/aws_robomaker_hospital_world/share/aws_robomaker_hospital_world/fuel_models/MaleVisitorSit/thumbnails/4.png
-- Symlinking: /home/alberto/tfg/Reconocimiento-y-sintesis-visual-Tiago/workspace/install/aws_robomaker_hospital_world/share/aws_robomaker_hospital_world/fuel_models/MaleVisitorSit/thumbnails/5.png
-- Symlinking: /home/alberto/tfg/Reconocimiento-y-sintesis-visual-Tiago/workspace/install/aws_robomaker_hospital_world/share/aws_robomaker_hospital_world/fuel_models/MetalCabinet/meshes/MetalCabinet.mtl
-- Symlinking: /home/alberto/tfg/Reconocimiento-y-sintesis-visual-Tiago/workspace/install/aws_robomaker_hospital_world/share/aws_robomaker_hospital_world/fuel_models/MetalCabinet/meshes/MetalCabinet.obj
-- Symlinking: /home/alberto/tfg/Reconocimiento-y-sintesis-visual-Tiago/workspace/install/aws_robomaker_hospital_world/share/aws_robomaker_hospital_world/fuel_models/MetalCabinet/meshes/MetalCabinet.png
-- Symlinking: /home/alberto/tfg/Reconocimiento-y-sintesis-visual-Tiago/workspace/install/aws_robomaker_hospital_world/share/aws_robomaker_hospital_world/fuel_models/MetalCabinet/model.config
-- Symlinking: /home/alberto/tfg/Reconocimiento-y-sintesis-visual-Tiago/workspace/install/aws_robomaker_hospital_world/share/aws_robomaker_hospital_world/fuel_models/MetalCabinet/model.sdf
-- Symlinking: /home/alberto/tfg/Reconocimiento-y-sintesis-visual-Tiago/workspace/install/aws_robomaker_hospital_world/share/aws_robomaker_hospital_world/fuel_models/MetalCabinet/thumbnails/1.png
-- Symlinking: /home/alberto/tfg/Reconocimiento-y-sintesis-visual-Tiago/workspace/install/aws_robomaker_hospital_world/share/aws_robomaker_hospital_world/fuel_models/MetalCabinet/thumbnails/2.png
-- Symlinking: /home/alberto/tfg/Reconocimiento-y-sintesis-visual-Tiago/workspace/install/aws_robomaker_hospital_world/share/aws_robomaker_hospital_world/fuel_models/MetalCabinet/thumbnails/3.png
-- Symlinking: /home/alberto/tfg/Reconocimiento-y-sintesis-visual-Tiago/workspace/install/aws_robomaker_hospital_world/share/aws_robomaker_hospital_world/fuel_models/MetalCabinet/thumbnails/4.png
-- Symlinking: /home/alberto/tfg/Reconocimiento-y-sintesis-visual-Tiago/workspace/install/aws_robomaker_hospital_world/share/aws_robomaker_hospital_world/fuel_models/MetalCabinet/thumbnails/5.png
-- Symlinking: /home/alberto/tfg/Reconocimiento-y-sintesis-visual-Tiago/workspace/install/aws_robomaker_hospital_world/share/aws_robomaker_hospital_world/fuel_models/MopCart3/meshes/Blue.png
-- Symlinking: /home/alberto/tfg/Reconocimiento-y-sintesis-visual-Tiago/workspace/install/aws_robomaker_hospital_world/share/aws_robomaker_hospital_world/fuel_models/MopCart3/meshes/Cart.png
-- Symlinking: /home/alberto/tfg/Reconocimiento-y-sintesis-visual-Tiago/workspace/install/aws_robomaker_hospital_world/share/aws_robomaker_hospital_world/fuel_models/MopCart3/meshes/Cloth.png
-- Symlinking: /home/alberto/tfg/Reconocimiento-y-sintesis-visual-Tiago/workspace/install/aws_robomaker_hospital_world/share/aws_robomaker_hospital_world/fuel_models/MopCart3/meshes/Duster.png
-- Symlinking: /home/alberto/tfg/Reconocimiento-y-sintesis-visual-Tiago/workspace/install/aws_robomaker_hospital_world/share/aws_robomaker_hospital_world/fuel_models/MopCart3/meshes/Glove.png
-- Symlinking: /home/alberto/tfg/Reconocimiento-y-sintesis-visual-Tiago/workspace/install/aws_robomaker_hospital_world/share/aws_robomaker_hospital_world/fuel_models/MopCart3/meshes/Mop.png
-- Symlinking: /home/alberto/tfg/Reconocimiento-y-sintesis-visual-Tiago/workspace/install/aws_robomaker_hospital_world/share/aws_robomaker_hospital_world/fuel_models/MopCart3/meshes/MopCart3.mtl
-- Symlinking: /home/alberto/tfg/Reconocimiento-y-sintesis-visual-Tiago/workspace/install/aws_robomaker_hospital_world/share/aws_robomaker_hospital_world/fuel_models/MopCart3/meshes/MopCart3.obj
-- Symlinking: /home/alberto/tfg/Reconocimiento-y-sintesis-visual-Tiago/workspace/install/aws_robomaker_hospital_world/share/aws_robomaker_hospital_world/fuel_models/MopCart3/meshes/Parcel.png
-- Symlinking: /home/alberto/tfg/Reconocimiento-y-sintesis-visual-Tiago/workspace/install/aws_robomaker_hospital_world/share/aws_robomaker_hospital_world/fuel_models/MopCart3/meshes/Plastic.png
-- Symlinking: /home/alberto/tfg/Reconocimiento-y-sintesis-visual-Tiago/workspace/install/aws_robomaker_hospital_world/share/aws_robomaker_hospital_world/fuel_models/MopCart3/meshes/Red.png
-- Symlinking: /home/alberto/tfg/Reconocimiento-y-sintesis-visual-Tiago/workspace/install/aws_robomaker_hospital_world/share/aws_robomaker_hospital_world/fuel_models/MopCart3/meshes/Sign.png
-- Symlinking: /home/alberto/tfg/Reconocimiento-y-sintesis-visual-Tiago/workspace/install/aws_robomaker_hospital_world/share/aws_robomaker_hospital_world/fuel_models/MopCart3/meshes/Spray.png
-- Symlinking: /home/alberto/tfg/Reconocimiento-y-sintesis-visual-Tiago/workspace/install/aws_robomaker_hospital_world/share/aws_robomaker_hospital_world/fuel_models/MopCart3/model.config
-- Symlinking: /home/alberto/tfg/Reconocimiento-y-sintesis-visual-Tiago/workspace/install/aws_robomaker_hospital_world/share/aws_robomaker_hospital_world/fuel_models/MopCart3/model.sdf
-- Symlinking: /home/alberto/tfg/Reconocimiento-y-sintesis-visual-Tiago/workspace/install/aws_robomaker_hospital_world/share/aws_robomaker_hospital_world/fuel_models/MopCart3/thumbnails/1.png
-- Symlinking: /home/alberto/tfg/Reconocimiento-y-sintesis-visual-Tiago/workspace/install/aws_robomaker_hospital_world/share/aws_robomaker_hospital_world/fuel_models/MopCart3/thumbnails/2.png
-- Symlinking: /home/alberto/tfg/Reconocimiento-y-sintesis-visual-Tiago/workspace/install/aws_robomaker_hospital_world/share/aws_robomaker_hospital_world/fuel_models/MopCart3/thumbnails/3.png
-- Symlinking: /home/alberto/tfg/Reconocimiento-y-sintesis-visual-Tiago/workspace/install/aws_robomaker_hospital_world/share/aws_robomaker_hospital_world/fuel_models/MopCart3/thumbnails/4.png
-- Symlinking: /home/alberto/tfg/Reconocimiento-y-sintesis-visual-Tiago/workspace/install/aws_robomaker_hospital_world/share/aws_robomaker_hospital_world/fuel_models/MopCart3/thumbnails/5.png
-- Symlinking: /home/alberto/tfg/Reconocimiento-y-sintesis-visual-Tiago/workspace/install/aws_robomaker_hospital_world/share/aws_robomaker_hospital_world/fuel_models/OfficeChairBlack/meshes/OfficeChairBlack.mtl
-- Symlinking: /home/alberto/tfg/Reconocimiento-y-sintesis-visual-Tiago/workspace/install/aws_robomaker_hospital_world/share/aws_robomaker_hospital_world/fuel_models/OfficeChairBlack/meshes/OfficeChairBlack.obj
-- Symlinking: /home/alberto/tfg/Reconocimiento-y-sintesis-visual-Tiago/workspace/install/aws_robomaker_hospital_world/share/aws_robomaker_hospital_world/fuel_models/OfficeChairBlack/meshes/OfficeChairBlack.png
-- Symlinking: /home/alberto/tfg/Reconocimiento-y-sintesis-visual-Tiago/workspace/install/aws_robomaker_hospital_world/share/aws_robomaker_hospital_world/fuel_models/OfficeChairBlack/meshes/OfficeChairBlack_Col.mtl
-- Symlinking: /home/alberto/tfg/Reconocimiento-y-sintesis-visual-Tiago/workspace/install/aws_robomaker_hospital_world/share/aws_robomaker_hospital_world/fuel_models/OfficeChairBlack/meshes/OfficeChairBlack_Col.obj
-- Symlinking: /home/alberto/tfg/Reconocimiento-y-sintesis-visual-Tiago/workspace/install/aws_robomaker_hospital_world/share/aws_robomaker_hospital_world/fuel_models/OfficeChairBlack/model.config
-- Symlinking: /home/alberto/tfg/Reconocimiento-y-sintesis-visual-Tiago/workspace/install/aws_robomaker_hospital_world/share/aws_robomaker_hospital_world/fuel_models/OfficeChairBlack/model.sdf
-- Symlinking: /home/alberto/tfg/Reconocimiento-y-sintesis-visual-Tiago/workspace/install/aws_robomaker_hospital_world/share/aws_robomaker_hospital_world/fuel_models/OfficeChairBlack/thumbnails/1.png
-- Symlinking: /home/alberto/tfg/Reconocimiento-y-sintesis-visual-Tiago/workspace/install/aws_robomaker_hospital_world/share/aws_robomaker_hospital_world/fuel_models/OfficeChairBlack/thumbnails/2.png
-- Symlinking: /home/alberto/tfg/Reconocimiento-y-sintesis-visual-Tiago/workspace/install/aws_robomaker_hospital_world/share/aws_robomaker_hospital_world/fuel_models/OfficeChairBlack/thumbnails/3.png
-- Symlinking: /home/alberto/tfg/Reconocimiento-y-sintesis-visual-Tiago/workspace/install/aws_robomaker_hospital_world/share/aws_robomaker_hospital_world/fuel_models/OfficeChairBlack/thumbnails/4.png
-- Symlinking: /home/alberto/tfg/Reconocimiento-y-sintesis-visual-Tiago/workspace/install/aws_robomaker_hospital_world/share/aws_robomaker_hospital_world/fuel_models/OfficeChairBlack/thumbnails/5.png
-- Symlinking: /home/alberto/tfg/Reconocimiento-y-sintesis-visual-Tiago/workspace/install/aws_robomaker_hospital_world/share/aws_robomaker_hospital_world/fuel_models/OfficeChairBlack/thumbnails/meta/1.png
-- Symlinking: /home/alberto/tfg/Reconocimiento-y-sintesis-visual-Tiago/workspace/install/aws_robomaker_hospital_world/share/aws_robomaker_hospital_world/fuel_models/OfficeChairBlack/thumbnails/meta/2.png
-- Symlinking: /home/alberto/tfg/Reconocimiento-y-sintesis-visual-Tiago/workspace/install/aws_robomaker_hospital_world/share/aws_robomaker_hospital_world/fuel_models/OfficeChairBlack/thumbnails/meta/3.png
-- Symlinking: /home/alberto/tfg/Reconocimiento-y-sintesis-visual-Tiago/workspace/install/aws_robomaker_hospital_world/share/aws_robomaker_hospital_world/fuel_models/OfficeChairBlack/thumbnails/meta/4.png
-- Symlinking: /home/alberto/tfg/Reconocimiento-y-sintesis-visual-Tiago/workspace/install/aws_robomaker_hospital_world/share/aws_robomaker_hospital_world/fuel_models/OfficeChairBlack/thumbnails/meta/5.png
-- Symlinking: /home/alberto/tfg/Reconocimiento-y-sintesis-visual-Tiago/workspace/install/aws_robomaker_hospital_world/share/aws_robomaker_hospital_world/fuel_models/ParkingTrolleyMax/meshes/ParkingTrolleyMax.mtl
-- Symlinking: /home/alberto/tfg/Reconocimiento-y-sintesis-visual-Tiago/workspace/install/aws_robomaker_hospital_world/share/aws_robomaker_hospital_world/fuel_models/ParkingTrolleyMax/meshes/ParkingTrolleyMax.obj
-- Symlinking: /home/alberto/tfg/Reconocimiento-y-sintesis-visual-Tiago/workspace/install/aws_robomaker_hospital_world/share/aws_robomaker_hospital_world/fuel_models/ParkingTrolleyMax/meshes/ParkingTrolleyMax_Diffuse.png
-- Symlinking: /home/alberto/tfg/Reconocimiento-y-sintesis-visual-Tiago/workspace/install/aws_robomaker_hospital_world/share/aws_robomaker_hospital_world/fuel_models/ParkingTrolleyMax/model.config
-- Symlinking: /home/alberto/tfg/Reconocimiento-y-sintesis-visual-Tiago/workspace/install/aws_robomaker_hospital_world/share/aws_robomaker_hospital_world/fuel_models/ParkingTrolleyMax/model.sdf
-- Symlinking: /home/alberto/tfg/Reconocimiento-y-sintesis-visual-Tiago/workspace/install/aws_robomaker_hospital_world/share/aws_robomaker_hospital_world/fuel_models/ParkingTrolleyMax/thumbnails/1.png
-- Symlinking: /home/alberto/tfg/Reconocimiento-y-sintesis-visual-Tiago/workspace/install/aws_robomaker_hospital_world/share/aws_robomaker_hospital_world/fuel_models/ParkingTrolleyMax/thumbnails/2.png
-- Symlinking: /home/alberto/tfg/Reconocimiento-y-sintesis-visual-Tiago/workspace/install/aws_robomaker_hospital_world/share/aws_robomaker_hospital_world/fuel_models/ParkingTrolleyMax/thumbnails/3.png
-- Symlinking: /home/alberto/tfg/Reconocimiento-y-sintesis-visual-Tiago/workspace/install/aws_robomaker_hospital_world/share/aws_robomaker_hospital_world/fuel_models/ParkingTrolleyMax/thumbnails/4.png
-- Symlinking: /home/alberto/tfg/Reconocimiento-y-sintesis-visual-Tiago/workspace/install/aws_robomaker_hospital_world/share/aws_robomaker_hospital_world/fuel_models/ParkingTrolleyMax/thumbnails/5.png
-- Symlinking: /home/alberto/tfg/Reconocimiento-y-sintesis-visual-Tiago/workspace/install/aws_robomaker_hospital_world/share/aws_robomaker_hospital_world/fuel_models/ParkingTrolleyMin/meshes/bag.png
-- Symlinking: /home/alberto/tfg/Reconocimiento-y-sintesis-visual-Tiago/workspace/install/aws_robomaker_hospital_world/share/aws_robomaker_hospital_world/fuel_models/ParkingTrolleyMin/meshes/potato.png
-- Symlinking: /home/alberto/tfg/Reconocimiento-y-sintesis-visual-Tiago/workspace/install/aws_robomaker_hospital_world/share/aws_robomaker_hospital_world/fuel_models/ParkingTrolleyMin/meshes/texture.png
-- Symlinking: /home/alberto/tfg/Reconocimiento-y-sintesis-visual-Tiago/workspace/install/aws_robomaker_hospital_world/share/aws_robomaker_hospital_world/fuel_models/ParkingTrolleyMin/meshes/trolleymin.mtl
-- Symlinking: /home/alberto/tfg/Reconocimiento-y-sintesis-visual-Tiago/workspace/install/aws_robomaker_hospital_world/share/aws_robomaker_hospital_world/fuel_models/ParkingTrolleyMin/meshes/trolleymin.obj
-- Symlinking: /home/alberto/tfg/Reconocimiento-y-sintesis-visual-Tiago/workspace/install/aws_robomaker_hospital_world/share/aws_robomaker_hospital_world/fuel_models/ParkingTrolleyMin/model.config
-- Symlinking: /home/alberto/tfg/Reconocimiento-y-sintesis-visual-Tiago/workspace/install/aws_robomaker_hospital_world/share/aws_robomaker_hospital_world/fuel_models/ParkingTrolleyMin/model.sdf
-- Symlinking: /home/alberto/tfg/Reconocimiento-y-sintesis-visual-Tiago/workspace/install/aws_robomaker_hospital_world/share/aws_robomaker_hospital_world/fuel_models/ParkingTrolleyMin/thumbnails/1.png
-- Symlinking: /home/alberto/tfg/Reconocimiento-y-sintesis-visual-Tiago/workspace/install/aws_robomaker_hospital_world/share/aws_robomaker_hospital_world/fuel_models/ParkingTrolleyMin/thumbnails/2.png
-- Symlinking: /home/alberto/tfg/Reconocimiento-y-sintesis-visual-Tiago/workspace/install/aws_robomaker_hospital_world/share/aws_robomaker_hospital_world/fuel_models/ParkingTrolleyMin/thumbnails/3.png
-- Symlinking: /home/alberto/tfg/Reconocimiento-y-sintesis-visual-Tiago/workspace/install/aws_robomaker_hospital_world/share/aws_robomaker_hospital_world/fuel_models/ParkingTrolleyMin/thumbnails/4.png
-- Symlinking: /home/alberto/tfg/Reconocimiento-y-sintesis-visual-Tiago/workspace/install/aws_robomaker_hospital_world/share/aws_robomaker_hospital_world/fuel_models/ParkingTrolleyMin/thumbnails/5.png
-- Symlinking: /home/alberto/tfg/Reconocimiento-y-sintesis-visual-Tiago/workspace/install/aws_robomaker_hospital_world/share/aws_robomaker_hospital_world/fuel_models/PatientFSit/meshes/PatientFPurple.png
-- Symlinking: /home/alberto/tfg/Reconocimiento-y-sintesis-visual-Tiago/workspace/install/aws_robomaker_hospital_world/share/aws_robomaker_hospital_world/fuel_models/PatientFSit/meshes/PatientFSit.mtl
-- Symlinking: /home/alberto/tfg/Reconocimiento-y-sintesis-visual-Tiago/workspace/install/aws_robomaker_hospital_world/share/aws_robomaker_hospital_world/fuel_models/PatientFSit/meshes/PatientFSit.obj
-- Symlinking: /home/alberto/tfg/Reconocimiento-y-sintesis-visual-Tiago/workspace/install/aws_robomaker_hospital_world/share/aws_robomaker_hospital_world/fuel_models/PatientFSit/meshes/PatientFSit_Col.mtl
-- Symlinking: /home/alberto/tfg/Reconocimiento-y-sintesis-visual-Tiago/workspace/install/aws_robomaker_hospital_world/share/aws_robomaker_hospital_world/fuel_models/PatientFSit/meshes/PatientFSit_Col.obj
-- Symlinking: /home/alberto/tfg/Reconocimiento-y-sintesis-visual-Tiago/workspace/install/aws_robomaker_hospital_world/share/aws_robomaker_hospital_world/fuel_models/PatientFSit/model.config
-- Symlinking: /home/alberto/tfg/Reconocimiento-y-sintesis-visual-Tiago/workspace/install/aws_robomaker_hospital_world/share/aws_robomaker_hospital_world/fuel_models/PatientFSit/model.sdf
-- Symlinking: /home/alberto/tfg/Reconocimiento-y-sintesis-visual-Tiago/workspace/install/aws_robomaker_hospital_world/share/aws_robomaker_hospital_world/fuel_models/PatientFSit/thumbnails/1.png
-- Symlinking: /home/alberto/tfg/Reconocimiento-y-sintesis-visual-Tiago/workspace/install/aws_robomaker_hospital_world/share/aws_robomaker_hospital_world/fuel_models/PatientFSit/thumbnails/2.png
-- Symlinking: /home/alberto/tfg/Reconocimiento-y-sintesis-visual-Tiago/workspace/install/aws_robomaker_hospital_world/share/aws_robomaker_hospital_world/fuel_models/PatientFSit/thumbnails/3.png
-- Symlinking: /home/alberto/tfg/Reconocimiento-y-sintesis-visual-Tiago/workspace/install/aws_robomaker_hospital_world/share/aws_robomaker_hospital_world/fuel_models/PatientFSit/thumbnails/4.png
-- Symlinking: /home/alberto/tfg/Reconocimiento-y-sintesis-visual-Tiago/workspace/install/aws_robomaker_hospital_world/share/aws_robomaker_hospital_world/fuel_models/PatientFSit/thumbnails/5.png
-- Symlinking: /home/alberto/tfg/Reconocimiento-y-sintesis-visual-Tiago/workspace/install/aws_robomaker_hospital_world/share/aws_robomaker_hospital_world/fuel_models/PatientWheelChair/meshes/PatientWheelChair.mtl
-- Symlinking: /home/alberto/tfg/Reconocimiento-y-sintesis-visual-Tiago/workspace/install/aws_robomaker_hospital_world/share/aws_robomaker_hospital_world/fuel_models/PatientWheelChair/meshes/PatientWheelChair.obj
-- Symlinking: /home/alberto/tfg/Reconocimiento-y-sintesis-visual-Tiago/workspace/install/aws_robomaker_hospital_world/share/aws_robomaker_hospital_world/fuel_models/PatientWheelChair/meshes/PatientWheelChair_Col.mtl
-- Symlinking: /home/alberto/tfg/Reconocimiento-y-sintesis-visual-Tiago/workspace/install/aws_robomaker_hospital_world/share/aws_robomaker_hospital_world/fuel_models/PatientWheelChair/meshes/PatientWheelChair_Col.obj
-- Symlinking: /home/alberto/tfg/Reconocimiento-y-sintesis-visual-Tiago/workspace/install/aws_robomaker_hospital_world/share/aws_robomaker_hospital_world/fuel_models/PatientWheelChair/meshes/PatientWheelChair_Diffuse.png
-- Symlinking: /home/alberto/tfg/Reconocimiento-y-sintesis-visual-Tiago/workspace/install/aws_robomaker_hospital_world/share/aws_robomaker_hospital_world/fuel_models/PatientWheelChair/model.config
-- Symlinking: /home/alberto/tfg/Reconocimiento-y-sintesis-visual-Tiago/workspace/install/aws_robomaker_hospital_world/share/aws_robomaker_hospital_world/fuel_models/PatientWheelChair/model.sdf
-- Symlinking: /home/alberto/tfg/Reconocimiento-y-sintesis-visual-Tiago/workspace/install/aws_robomaker_hospital_world/share/aws_robomaker_hospital_world/fuel_models/PatientWheelChair/thumbnails/1.png
-- Symlinking: /home/alberto/tfg/Reconocimiento-y-sintesis-visual-Tiago/workspace/install/aws_robomaker_hospital_world/share/aws_robomaker_hospital_world/fuel_models/PatientWheelChair/thumbnails/2.png
-- Symlinking: /home/alberto/tfg/Reconocimiento-y-sintesis-visual-Tiago/workspace/install/aws_robomaker_hospital_world/share/aws_robomaker_hospital_world/fuel_models/PatientWheelChair/thumbnails/3.png
-- Symlinking: /home/alberto/tfg/Reconocimiento-y-sintesis-visual-Tiago/workspace/install/aws_robomaker_hospital_world/share/aws_robomaker_hospital_world/fuel_models/PatientWheelChair/thumbnails/4.png
-- Symlinking: /home/alberto/tfg/Reconocimiento-y-sintesis-visual-Tiago/workspace/install/aws_robomaker_hospital_world/share/aws_robomaker_hospital_world/fuel_models/PatientWheelChair/thumbnails/5.png
-- Symlinking: /home/alberto/tfg/Reconocimiento-y-sintesis-visual-Tiago/workspace/install/aws_robomaker_hospital_world/share/aws_robomaker_hospital_world/fuel_models/PotatoChipChair/meshes/PotatoChipChair.mtl
-- Symlinking: /home/alberto/tfg/Reconocimiento-y-sintesis-visual-Tiago/workspace/install/aws_robomaker_hospital_world/share/aws_robomaker_hospital_world/fuel_models/PotatoChipChair/meshes/PotatoChipChair.obj
-- Symlinking: /home/alberto/tfg/Reconocimiento-y-sintesis-visual-Tiago/workspace/install/aws_robomaker_hospital_world/share/aws_robomaker_hospital_world/fuel_models/PotatoChipChair/meshes/PotatoChipChairDiffuse.png
-- Symlinking: /home/alberto/tfg/Reconocimiento-y-sintesis-visual-Tiago/workspace/install/aws_robomaker_hospital_world/share/aws_robomaker_hospital_world/fuel_models/PotatoChipChair/meshes/PotatoChipChair_Col.mtl
-- Symlinking: /home/alberto/tfg/Reconocimiento-y-sintesis-visual-Tiago/workspace/install/aws_robomaker_hospital_world/share/aws_robomaker_hospital_world/fuel_models/PotatoChipChair/meshes/PotatoChipChair_Col.obj
-- Symlinking: /home/alberto/tfg/Reconocimiento-y-sintesis-visual-Tiago/workspace/install/aws_robomaker_hospital_world/share/aws_robomaker_hospital_world/fuel_models/PotatoChipChair/model.config
-- Symlinking: /home/alberto/tfg/Reconocimiento-y-sintesis-visual-Tiago/workspace/install/aws_robomaker_hospital_world/share/aws_robomaker_hospital_world/fuel_models/PotatoChipChair/model.sdf
-- Symlinking: /home/alberto/tfg/Reconocimiento-y-sintesis-visual-Tiago/workspace/install/aws_robomaker_hospital_world/share/aws_robomaker_hospital_world/fuel_models/PotatoChipChair/thumbnails/1.png
-- Symlinking: /home/alberto/tfg/Reconocimiento-y-sintesis-visual-Tiago/workspace/install/aws_robomaker_hospital_world/share/aws_robomaker_hospital_world/fuel_models/PotatoChipChair/thumbnails/2.png
-- Symlinking: /home/alberto/tfg/Reconocimiento-y-sintesis-visual-Tiago/workspace/install/aws_robomaker_hospital_world/share/aws_robomaker_hospital_world/fuel_models/PotatoChipChair/thumbnails/3.png
-- Symlinking: /home/alberto/tfg/Reconocimiento-y-sintesis-visual-Tiago/workspace/install/aws_robomaker_hospital_world/share/aws_robomaker_hospital_world/fuel_models/PotatoChipChair/thumbnails/4.png
-- Symlinking: /home/alberto/tfg/Reconocimiento-y-sintesis-visual-Tiago/workspace/install/aws_robomaker_hospital_world/share/aws_robomaker_hospital_world/fuel_models/PotatoChipChair/thumbnails/5.png
-- Symlinking: /home/alberto/tfg/Reconocimiento-y-sintesis-visual-Tiago/workspace/install/aws_robomaker_hospital_world/share/aws_robomaker_hospital_world/fuel_models/Scrubs/meshes/ScrubsFemaleDiffuse.png
-- Symlinking: /home/alberto/tfg/Reconocimiento-y-sintesis-visual-Tiago/workspace/install/aws_robomaker_hospital_world/share/aws_robomaker_hospital_world/fuel_models/Scrubs/meshes/Scrubs_Col.mtl
-- Symlinking: /home/alberto/tfg/Reconocimiento-y-sintesis-visual-Tiago/workspace/install/aws_robomaker_hospital_world/share/aws_robomaker_hospital_world/fuel_models/Scrubs/meshes/Scrubs_Col.obj
-- Symlinking: /home/alberto/tfg/Reconocimiento-y-sintesis-visual-Tiago/workspace/install/aws_robomaker_hospital_world/share/aws_robomaker_hospital_world/fuel_models/Scrubs/meshes/scrubs.mtl
-- Symlinking: /home/alberto/tfg/Reconocimiento-y-sintesis-visual-Tiago/workspace/install/aws_robomaker_hospital_world/share/aws_robomaker_hospital_world/fuel_models/Scrubs/meshes/scrubs.obj
-- Symlinking: /home/alberto/tfg/Reconocimiento-y-sintesis-visual-Tiago/workspace/install/aws_robomaker_hospital_world/share/aws_robomaker_hospital_world/fuel_models/Scrubs/model.config
-- Symlinking: /home/alberto/tfg/Reconocimiento-y-sintesis-visual-Tiago/workspace/install/aws_robomaker_hospital_world/share/aws_robomaker_hospital_world/fuel_models/Scrubs/model.sdf
-- Symlinking: /home/alberto/tfg/Reconocimiento-y-sintesis-visual-Tiago/workspace/install/aws_robomaker_hospital_world/share/aws_robomaker_hospital_world/fuel_models/Scrubs/thumbnails/1.png
-- Symlinking: /home/alberto/tfg/Reconocimiento-y-sintesis-visual-Tiago/workspace/install/aws_robomaker_hospital_world/share/aws_robomaker_hospital_world/fuel_models/Scrubs/thumbnails/2.png
-- Symlinking: /home/alberto/tfg/Reconocimiento-y-sintesis-visual-Tiago/workspace/install/aws_robomaker_hospital_world/share/aws_robomaker_hospital_world/fuel_models/Scrubs/thumbnails/3.png
-- Symlinking: /home/alberto/tfg/Reconocimiento-y-sintesis-visual-Tiago/workspace/install/aws_robomaker_hospital_world/share/aws_robomaker_hospital_world/fuel_models/Scrubs/thumbnails/4.png
-- Symlinking: /home/alberto/tfg/Reconocimiento-y-sintesis-visual-Tiago/workspace/install/aws_robomaker_hospital_world/share/aws_robomaker_hospital_world/fuel_models/Scrubs/thumbnails/5.png
-- Symlinking: /home/alberto/tfg/Reconocimiento-y-sintesis-visual-Tiago/workspace/install/aws_robomaker_hospital_world/share/aws_robomaker_hospital_world/fuel_models/Shower/meshes/Shower.mtl
-- Symlinking: /home/alberto/tfg/Reconocimiento-y-sintesis-visual-Tiago/workspace/install/aws_robomaker_hospital_world/share/aws_robomaker_hospital_world/fuel_models/Shower/meshes/Shower.obj
-- Symlinking: /home/alberto/tfg/Reconocimiento-y-sintesis-visual-Tiago/workspace/install/aws_robomaker_hospital_world/share/aws_robomaker_hospital_world/fuel_models/Shower/meshes/ShowerDiffuse.png
-- Symlinking: /home/alberto/tfg/Reconocimiento-y-sintesis-visual-Tiago/workspace/install/aws_robomaker_hospital_world/share/aws_robomaker_hospital_world/fuel_models/Shower/model.config
-- Symlinking: /home/alberto/tfg/Reconocimiento-y-sintesis-visual-Tiago/workspace/install/aws_robomaker_hospital_world/share/aws_robomaker_hospital_world/fuel_models/Shower/model.sdf
-- Symlinking: /home/alberto/tfg/Reconocimiento-y-sintesis-visual-Tiago/workspace/install/aws_robomaker_hospital_world/share/aws_robomaker_hospital_world/fuel_models/Shower/thumbnails/1.png
-- Symlinking: /home/alberto/tfg/Reconocimiento-y-sintesis-visual-Tiago/workspace/install/aws_robomaker_hospital_world/share/aws_robomaker_hospital_world/fuel_models/Shower/thumbnails/2.png
-- Symlinking: /home/alberto/tfg/Reconocimiento-y-sintesis-visual-Tiago/workspace/install/aws_robomaker_hospital_world/share/aws_robomaker_hospital_world/fuel_models/Shower/thumbnails/3.png
-- Symlinking: /home/alberto/tfg/Reconocimiento-y-sintesis-visual-Tiago/workspace/install/aws_robomaker_hospital_world/share/aws_robomaker_hospital_world/fuel_models/Shower/thumbnails/4.png
-- Symlinking: /home/alberto/tfg/Reconocimiento-y-sintesis-visual-Tiago/workspace/install/aws_robomaker_hospital_world/share/aws_robomaker_hospital_world/fuel_models/Shower/thumbnails/5.png
-- Symlinking: /home/alberto/tfg/Reconocimiento-y-sintesis-visual-Tiago/workspace/install/aws_robomaker_hospital_world/share/aws_robomaker_hospital_world/fuel_models/StorageRack/meshes/StorageRack.mtl
-- Symlinking: /home/alberto/tfg/Reconocimiento-y-sintesis-visual-Tiago/workspace/install/aws_robomaker_hospital_world/share/aws_robomaker_hospital_world/fuel_models/StorageRack/meshes/StorageRack.obj
-- Symlinking: /home/alberto/tfg/Reconocimiento-y-sintesis-visual-Tiago/workspace/install/aws_robomaker_hospital_world/share/aws_robomaker_hospital_world/fuel_models/StorageRack/meshes/StorageRack.png
-- Symlinking: /home/alberto/tfg/Reconocimiento-y-sintesis-visual-Tiago/workspace/install/aws_robomaker_hospital_world/share/aws_robomaker_hospital_world/fuel_models/StorageRack/model.config
-- Symlinking: /home/alberto/tfg/Reconocimiento-y-sintesis-visual-Tiago/workspace/install/aws_robomaker_hospital_world/share/aws_robomaker_hospital_world/fuel_models/StorageRack/model.sdf
-- Symlinking: /home/alberto/tfg/Reconocimiento-y-sintesis-visual-Tiago/workspace/install/aws_robomaker_hospital_world/share/aws_robomaker_hospital_world/fuel_models/StorageRack/thumbnails/1.png
-- Symlinking: /home/alberto/tfg/Reconocimiento-y-sintesis-visual-Tiago/workspace/install/aws_robomaker_hospital_world/share/aws_robomaker_hospital_world/fuel_models/StorageRack/thumbnails/2.png
-- Symlinking: /home/alberto/tfg/Reconocimiento-y-sintesis-visual-Tiago/workspace/install/aws_robomaker_hospital_world/share/aws_robomaker_hospital_world/fuel_models/StorageRack/thumbnails/3.png
-- Symlinking: /home/alberto/tfg/Reconocimiento-y-sintesis-visual-Tiago/workspace/install/aws_robomaker_hospital_world/share/aws_robomaker_hospital_world/fuel_models/StorageRack/thumbnails/4.png
-- Symlinking: /home/alberto/tfg/Reconocimiento-y-sintesis-visual-Tiago/workspace/install/aws_robomaker_hospital_world/share/aws_robomaker_hospital_world/fuel_models/StorageRack/thumbnails/5.png
-- Symlinking: /home/alberto/tfg/Reconocimiento-y-sintesis-visual-Tiago/workspace/install/aws_robomaker_hospital_world/share/aws_robomaker_hospital_world/fuel_models/StorageRackCoverOpen/meshes/StorageRackCoverOpen.mtl
-- Symlinking: /home/alberto/tfg/Reconocimiento-y-sintesis-visual-Tiago/workspace/install/aws_robomaker_hospital_world/share/aws_robomaker_hospital_world/fuel_models/StorageRackCoverOpen/meshes/StorageRackCoverOpen.obj
-- Symlinking: /home/alberto/tfg/Reconocimiento-y-sintesis-visual-Tiago/workspace/install/aws_robomaker_hospital_world/share/aws_robomaker_hospital_world/fuel_models/StorageRackCoverOpen/meshes/StorageRackCoverOpen.png
-- Symlinking: /home/alberto/tfg/Reconocimiento-y-sintesis-visual-Tiago/workspace/install/aws_robomaker_hospital_world/share/aws_robomaker_hospital_world/fuel_models/StorageRackCoverOpen/model.config
-- Symlinking: /home/alberto/tfg/Reconocimiento-y-sintesis-visual-Tiago/workspace/install/aws_robomaker_hospital_world/share/aws_robomaker_hospital_world/fuel_models/StorageRackCoverOpen/model.sdf
-- Symlinking: /home/alberto/tfg/Reconocimiento-y-sintesis-visual-Tiago/workspace/install/aws_robomaker_hospital_world/share/aws_robomaker_hospital_world/fuel_models/StorageRackCoverOpen/thumbnails/1.png
-- Symlinking: /home/alberto/tfg/Reconocimiento-y-sintesis-visual-Tiago/workspace/install/aws_robomaker_hospital_world/share/aws_robomaker_hospital_world/fuel_models/StorageRackCoverOpen/thumbnails/2.png
-- Symlinking: /home/alberto/tfg/Reconocimiento-y-sintesis-visual-Tiago/workspace/install/aws_robomaker_hospital_world/share/aws_robomaker_hospital_world/fuel_models/StorageRackCoverOpen/thumbnails/3.png
-- Symlinking: /home/alberto/tfg/Reconocimiento-y-sintesis-visual-Tiago/workspace/install/aws_robomaker_hospital_world/share/aws_robomaker_hospital_world/fuel_models/StorageRackCoverOpen/thumbnails/4.png
-- Symlinking: /home/alberto/tfg/Reconocimiento-y-sintesis-visual-Tiago/workspace/install/aws_robomaker_hospital_world/share/aws_robomaker_hospital_world/fuel_models/StorageRackCoverOpen/thumbnails/5.png
-- Symlinking: /home/alberto/tfg/Reconocimiento-y-sintesis-visual-Tiago/workspace/install/aws_robomaker_hospital_world/share/aws_robomaker_hospital_world/fuel_models/StorageRackCovered/meshes/StorageRackCovered.mtl
-- Symlinking: /home/alberto/tfg/Reconocimiento-y-sintesis-visual-Tiago/workspace/install/aws_robomaker_hospital_world/share/aws_robomaker_hospital_world/fuel_models/StorageRackCovered/meshes/StorageRackCovered.obj
-- Symlinking: /home/alberto/tfg/Reconocimiento-y-sintesis-visual-Tiago/workspace/install/aws_robomaker_hospital_world/share/aws_robomaker_hospital_world/fuel_models/StorageRackCovered/meshes/StorageRackCovered.png
-- Symlinking: /home/alberto/tfg/Reconocimiento-y-sintesis-visual-Tiago/workspace/install/aws_robomaker_hospital_world/share/aws_robomaker_hospital_world/fuel_models/StorageRackCovered/model.config
-- Symlinking: /home/alberto/tfg/Reconocimiento-y-sintesis-visual-Tiago/workspace/install/aws_robomaker_hospital_world/share/aws_robomaker_hospital_world/fuel_models/StorageRackCovered/model.sdf
-- Symlinking: /home/alberto/tfg/Reconocimiento-y-sintesis-visual-Tiago/workspace/install/aws_robomaker_hospital_world/share/aws_robomaker_hospital_world/fuel_models/StorageRackCovered/thumbnails/1.png
-- Symlinking: /home/alberto/tfg/Reconocimiento-y-sintesis-visual-Tiago/workspace/install/aws_robomaker_hospital_world/share/aws_robomaker_hospital_world/fuel_models/StorageRackCovered/thumbnails/2.png
-- Symlinking: /home/alberto/tfg/Reconocimiento-y-sintesis-visual-Tiago/workspace/install/aws_robomaker_hospital_world/share/aws_robomaker_hospital_world/fuel_models/StorageRackCovered/thumbnails/3.png
-- Symlinking: /home/alberto/tfg/Reconocimiento-y-sintesis-visual-Tiago/workspace/install/aws_robomaker_hospital_world/share/aws_robomaker_hospital_world/fuel_models/StorageRackCovered/thumbnails/4.png
-- Symlinking: /home/alberto/tfg/Reconocimiento-y-sintesis-visual-Tiago/workspace/install/aws_robomaker_hospital_world/share/aws_robomaker_hospital_world/fuel_models/StorageRackCovered/thumbnails/5.png
-- Symlinking: /home/alberto/tfg/Reconocimiento-y-sintesis-visual-Tiago/workspace/install/aws_robomaker_hospital_world/share/aws_robomaker_hospital_world/fuel_models/SurgicalTrolley/meshes/texture.png
-- Symlinking: /home/alberto/tfg/Reconocimiento-y-sintesis-visual-Tiago/workspace/install/aws_robomaker_hospital_world/share/aws_robomaker_hospital_world/fuel_models/SurgicalTrolley/meshes/trolley.mtl
-- Symlinking: /home/alberto/tfg/Reconocimiento-y-sintesis-visual-Tiago/workspace/install/aws_robomaker_hospital_world/share/aws_robomaker_hospital_world/fuel_models/SurgicalTrolley/meshes/trolley.obj
-- Symlinking: /home/alberto/tfg/Reconocimiento-y-sintesis-visual-Tiago/workspace/install/aws_robomaker_hospital_world/share/aws_robomaker_hospital_world/fuel_models/SurgicalTrolley/model.config
-- Symlinking: /home/alberto/tfg/Reconocimiento-y-sintesis-visual-Tiago/workspace/install/aws_robomaker_hospital_world/share/aws_robomaker_hospital_world/fuel_models/SurgicalTrolley/model.sdf
-- Symlinking: /home/alberto/tfg/Reconocimiento-y-sintesis-visual-Tiago/workspace/install/aws_robomaker_hospital_world/share/aws_robomaker_hospital_world/fuel_models/SurgicalTrolley/thumbnails/1.png
-- Symlinking: /home/alberto/tfg/Reconocimiento-y-sintesis-visual-Tiago/workspace/install/aws_robomaker_hospital_world/share/aws_robomaker_hospital_world/fuel_models/SurgicalTrolley/thumbnails/2.png
-- Symlinking: /home/alberto/tfg/Reconocimiento-y-sintesis-visual-Tiago/workspace/install/aws_robomaker_hospital_world/share/aws_robomaker_hospital_world/fuel_models/SurgicalTrolley/thumbnails/3.png
-- Symlinking: /home/alberto/tfg/Reconocimiento-y-sintesis-visual-Tiago/workspace/install/aws_robomaker_hospital_world/share/aws_robomaker_hospital_world/fuel_models/SurgicalTrolley/thumbnails/4.png
-- Symlinking: /home/alberto/tfg/Reconocimiento-y-sintesis-visual-Tiago/workspace/install/aws_robomaker_hospital_world/share/aws_robomaker_hospital_world/fuel_models/SurgicalTrolley/thumbnails/5.png
-- Symlinking: /home/alberto/tfg/Reconocimiento-y-sintesis-visual-Tiago/workspace/install/aws_robomaker_hospital_world/share/aws_robomaker_hospital_world/fuel_models/SurgicalTrolleyMed/meshes/SurgicalTrolleyMed.mtl
-- Symlinking: /home/alberto/tfg/Reconocimiento-y-sintesis-visual-Tiago/workspace/install/aws_robomaker_hospital_world/share/aws_robomaker_hospital_world/fuel_models/SurgicalTrolleyMed/meshes/SurgicalTrolleyMed.obj
-- Symlinking: /home/alberto/tfg/Reconocimiento-y-sintesis-visual-Tiago/workspace/install/aws_robomaker_hospital_world/share/aws_robomaker_hospital_world/fuel_models/SurgicalTrolleyMed/meshes/SurgicalTrolleyMed_Col.mtl
-- Symlinking: /home/alberto/tfg/Reconocimiento-y-sintesis-visual-Tiago/workspace/install/aws_robomaker_hospital_world/share/aws_robomaker_hospital_world/fuel_models/SurgicalTrolleyMed/meshes/SurgicalTrolleyMed_Col.obj
-- Symlinking: /home/alberto/tfg/Reconocimiento-y-sintesis-visual-Tiago/workspace/install/aws_robomaker_hospital_world/share/aws_robomaker_hospital_world/fuel_models/SurgicalTrolleyMed/meshes/SurgicalTrolleyMed_Diffuse.png
-- Symlinking: /home/alberto/tfg/Reconocimiento-y-sintesis-visual-Tiago/workspace/install/aws_robomaker_hospital_world/share/aws_robomaker_hospital_world/fuel_models/SurgicalTrolleyMed/model.config
-- Symlinking: /home/alberto/tfg/Reconocimiento-y-sintesis-visual-Tiago/workspace/install/aws_robomaker_hospital_world/share/aws_robomaker_hospital_world/fuel_models/SurgicalTrolleyMed/model.sdf
-- Symlinking: /home/alberto/tfg/Reconocimiento-y-sintesis-visual-Tiago/workspace/install/aws_robomaker_hospital_world/share/aws_robomaker_hospital_world/fuel_models/SurgicalTrolleyMed/thumbnails/1.png
-- Symlinking: /home/alberto/tfg/Reconocimiento-y-sintesis-visual-Tiago/workspace/install/aws_robomaker_hospital_world/share/aws_robomaker_hospital_world/fuel_models/SurgicalTrolleyMed/thumbnails/2.png
-- Symlinking: /home/alberto/tfg/Reconocimiento-y-sintesis-visual-Tiago/workspace/install/aws_robomaker_hospital_world/share/aws_robomaker_hospital_world/fuel_models/SurgicalTrolleyMed/thumbnails/3.png
-- Symlinking: /home/alberto/tfg/Reconocimiento-y-sintesis-visual-Tiago/workspace/install/aws_robomaker_hospital_world/share/aws_robomaker_hospital_world/fuel_models/SurgicalTrolleyMed/thumbnails/4.png
-- Symlinking: /home/alberto/tfg/Reconocimiento-y-sintesis-visual-Tiago/workspace/install/aws_robomaker_hospital_world/share/aws_robomaker_hospital_world/fuel_models/SurgicalTrolleyMed/thumbnails/5.png
-- Symlinking: /home/alberto/tfg/Reconocimiento-y-sintesis-visual-Tiago/workspace/install/aws_robomaker_hospital_world/share/aws_robomaker_hospital_world/fuel_models/Toilet/meshes/toilet.mtl
-- Symlinking: /home/alberto/tfg/Reconocimiento-y-sintesis-visual-Tiago/workspace/install/aws_robomaker_hospital_world/share/aws_robomaker_hospital_world/fuel_models/Toilet/meshes/toilet.obj
-- Symlinking: /home/alberto/tfg/Reconocimiento-y-sintesis-visual-Tiago/workspace/install/aws_robomaker_hospital_world/share/aws_robomaker_hospital_world/fuel_models/Toilet/model.config
-- Symlinking: /home/alberto/tfg/Reconocimiento-y-sintesis-visual-Tiago/workspace/install/aws_robomaker_hospital_world/share/aws_robomaker_hospital_world/fuel_models/Toilet/model.sdf
-- Symlinking: /home/alberto/tfg/Reconocimiento-y-sintesis-visual-Tiago/workspace/install/aws_robomaker_hospital_world/share/aws_robomaker_hospital_world/fuel_models/Toilet/thumbnails/1.png
-- Symlinking: /home/alberto/tfg/Reconocimiento-y-sintesis-visual-Tiago/workspace/install/aws_robomaker_hospital_world/share/aws_robomaker_hospital_world/fuel_models/Toilet/thumbnails/2.png
-- Symlinking: /home/alberto/tfg/Reconocimiento-y-sintesis-visual-Tiago/workspace/install/aws_robomaker_hospital_world/share/aws_robomaker_hospital_world/fuel_models/Toilet/thumbnails/3.png
-- Symlinking: /home/alberto/tfg/Reconocimiento-y-sintesis-visual-Tiago/workspace/install/aws_robomaker_hospital_world/share/aws_robomaker_hospital_world/fuel_models/Toilet/thumbnails/4.png
-- Symlinking: /home/alberto/tfg/Reconocimiento-y-sintesis-visual-Tiago/workspace/install/aws_robomaker_hospital_world/share/aws_robomaker_hospital_world/fuel_models/Toilet/thumbnails/5.png
-- Symlinking: /home/alberto/tfg/Reconocimiento-y-sintesis-visual-Tiago/workspace/install/aws_robomaker_hospital_world/share/aws_robomaker_hospital_world/fuel_models/TrolleyBed/meshes/TrolleyBed.mtl
-- Symlinking: /home/alberto/tfg/Reconocimiento-y-sintesis-visual-Tiago/workspace/install/aws_robomaker_hospital_world/share/aws_robomaker_hospital_world/fuel_models/TrolleyBed/meshes/TrolleyBed.obj
-- Symlinking: /home/alberto/tfg/Reconocimiento-y-sintesis-visual-Tiago/workspace/install/aws_robomaker_hospital_world/share/aws_robomaker_hospital_world/fuel_models/TrolleyBed/meshes/TrolleyBed_Diffuse.png
-- Symlinking: /home/alberto/tfg/Reconocimiento-y-sintesis-visual-Tiago/workspace/install/aws_robomaker_hospital_world/share/aws_robomaker_hospital_world/fuel_models/TrolleyBed/model.config
-- Symlinking: /home/alberto/tfg/Reconocimiento-y-sintesis-visual-Tiago/workspace/install/aws_robomaker_hospital_world/share/aws_robomaker_hospital_world/fuel_models/TrolleyBed/model.sdf
-- Symlinking: /home/alberto/tfg/Reconocimiento-y-sintesis-visual-Tiago/workspace/install/aws_robomaker_hospital_world/share/aws_robomaker_hospital_world/fuel_models/TrolleyBed/thumbnails/1.png
-- Symlinking: /home/alberto/tfg/Reconocimiento-y-sintesis-visual-Tiago/workspace/install/aws_robomaker_hospital_world/share/aws_robomaker_hospital_world/fuel_models/TrolleyBed/thumbnails/2.png
-- Symlinking: /home/alberto/tfg/Reconocimiento-y-sintesis-visual-Tiago/workspace/install/aws_robomaker_hospital_world/share/aws_robomaker_hospital_world/fuel_models/TrolleyBed/thumbnails/3.png
-- Symlinking: /home/alberto/tfg/Reconocimiento-y-sintesis-visual-Tiago/workspace/install/aws_robomaker_hospital_world/share/aws_robomaker_hospital_world/fuel_models/TrolleyBed/thumbnails/4.png
-- Symlinking: /home/alberto/tfg/Reconocimiento-y-sintesis-visual-Tiago/workspace/install/aws_robomaker_hospital_world/share/aws_robomaker_hospital_world/fuel_models/TrolleyBed/thumbnails/5.png
-- Symlinking: /home/alberto/tfg/Reconocimiento-y-sintesis-visual-Tiago/workspace/install/aws_robomaker_hospital_world/share/aws_robomaker_hospital_world/fuel_models/TrolleyBedPatient/meshes/PatientF.png
-- Symlinking: /home/alberto/tfg/Reconocimiento-y-sintesis-visual-Tiago/workspace/install/aws_robomaker_hospital_world/share/aws_robomaker_hospital_world/fuel_models/TrolleyBedPatient/meshes/TrolleyBedPatient.mtl
-- Symlinking: /home/alberto/tfg/Reconocimiento-y-sintesis-visual-Tiago/workspace/install/aws_robomaker_hospital_world/share/aws_robomaker_hospital_world/fuel_models/TrolleyBedPatient/meshes/TrolleyBedPatient.obj
-- Symlinking: /home/alberto/tfg/Reconocimiento-y-sintesis-visual-Tiago/workspace/install/aws_robomaker_hospital_world/share/aws_robomaker_hospital_world/fuel_models/TrolleyBedPatient/meshes/TrolleyBed_Diffuse.png
-- Symlinking: /home/alberto/tfg/Reconocimiento-y-sintesis-visual-Tiago/workspace/install/aws_robomaker_hospital_world/share/aws_robomaker_hospital_world/fuel_models/TrolleyBedPatient/model.config
-- Symlinking: /home/alberto/tfg/Reconocimiento-y-sintesis-visual-Tiago/workspace/install/aws_robomaker_hospital_world/share/aws_robomaker_hospital_world/fuel_models/TrolleyBedPatient/model.sdf
-- Symlinking: /home/alberto/tfg/Reconocimiento-y-sintesis-visual-Tiago/workspace/install/aws_robomaker_hospital_world/share/aws_robomaker_hospital_world/fuel_models/TrolleyBedPatient/thumbnails/1.png
-- Symlinking: /home/alberto/tfg/Reconocimiento-y-sintesis-visual-Tiago/workspace/install/aws_robomaker_hospital_world/share/aws_robomaker_hospital_world/fuel_models/TrolleyBedPatient/thumbnails/2.png
-- Symlinking: /home/alberto/tfg/Reconocimiento-y-sintesis-visual-Tiago/workspace/install/aws_robomaker_hospital_world/share/aws_robomaker_hospital_world/fuel_models/TrolleyBedPatient/thumbnails/3.png
-- Symlinking: /home/alberto/tfg/Reconocimiento-y-sintesis-visual-Tiago/workspace/install/aws_robomaker_hospital_world/share/aws_robomaker_hospital_world/fuel_models/TrolleyBedPatient/thumbnails/4.png
-- Symlinking: /home/alberto/tfg/Reconocimiento-y-sintesis-visual-Tiago/workspace/install/aws_robomaker_hospital_world/share/aws_robomaker_hospital_world/fuel_models/TrolleyBedPatient/thumbnails/5.png
-- Symlinking: /home/alberto/tfg/Reconocimiento-y-sintesis-visual-Tiago/workspace/install/aws_robomaker_hospital_world/share/aws_robomaker_hospital_world/fuel_models/VendingMachine/meshes/VendingMachine.mtl
-- Symlinking: /home/alberto/tfg/Reconocimiento-y-sintesis-visual-Tiago/workspace/install/aws_robomaker_hospital_world/share/aws_robomaker_hospital_world/fuel_models/VendingMachine/meshes/VendingMachine.obj
-- Symlinking: /home/alberto/tfg/Reconocimiento-y-sintesis-visual-Tiago/workspace/install/aws_robomaker_hospital_world/share/aws_robomaker_hospital_world/fuel_models/VendingMachine/meshes/VendingMachine_Diffuse.png
-- Symlinking: /home/alberto/tfg/Reconocimiento-y-sintesis-visual-Tiago/workspace/install/aws_robomaker_hospital_world/share/aws_robomaker_hospital_world/fuel_models/VendingMachine/model.config
-- Symlinking: /home/alberto/tfg/Reconocimiento-y-sintesis-visual-Tiago/workspace/install/aws_robomaker_hospital_world/share/aws_robomaker_hospital_world/fuel_models/VendingMachine/model.sdf
-- Symlinking: /home/alberto/tfg/Reconocimiento-y-sintesis-visual-Tiago/workspace/install/aws_robomaker_hospital_world/share/aws_robomaker_hospital_world/fuel_models/VendingMachine/thumbnails/1.png
-- Symlinking: /home/alberto/tfg/Reconocimiento-y-sintesis-visual-Tiago/workspace/install/aws_robomaker_hospital_world/share/aws_robomaker_hospital_world/fuel_models/VendingMachine/thumbnails/2.png
-- Symlinking: /home/alberto/tfg/Reconocimiento-y-sintesis-visual-Tiago/workspace/install/aws_robomaker_hospital_world/share/aws_robomaker_hospital_world/fuel_models/VendingMachine/thumbnails/3.png
-- Symlinking: /home/alberto/tfg/Reconocimiento-y-sintesis-visual-Tiago/workspace/install/aws_robomaker_hospital_world/share/aws_robomaker_hospital_world/fuel_models/VendingMachine/thumbnails/4.png
-- Symlinking: /home/alberto/tfg/Reconocimiento-y-sintesis-visual-Tiago/workspace/install/aws_robomaker_hospital_world/share/aws_robomaker_hospital_world/fuel_models/VendingMachine/thumbnails/5.png
-- Symlinking: /home/alberto/tfg/Reconocimiento-y-sintesis-visual-Tiago/workspace/install/aws_robomaker_hospital_world/share/aws_robomaker_hospital_world/fuel_models/VisitorKidSit/meshes/Book.png
-- Symlinking: /home/alberto/tfg/Reconocimiento-y-sintesis-visual-Tiago/workspace/install/aws_robomaker_hospital_world/share/aws_robomaker_hospital_world/fuel_models/VisitorKidSit/meshes/VisitorKidGreen.png
-- Symlinking: /home/alberto/tfg/Reconocimiento-y-sintesis-visual-Tiago/workspace/install/aws_robomaker_hospital_world/share/aws_robomaker_hospital_world/fuel_models/VisitorKidSit/meshes/VisitorKidSit.mtl
-- Symlinking: /home/alberto/tfg/Reconocimiento-y-sintesis-visual-Tiago/workspace/install/aws_robomaker_hospital_world/share/aws_robomaker_hospital_world/fuel_models/VisitorKidSit/meshes/VisitorKidSit.obj
-- Symlinking: /home/alberto/tfg/Reconocimiento-y-sintesis-visual-Tiago/workspace/install/aws_robomaker_hospital_world/share/aws_robomaker_hospital_world/fuel_models/VisitorKidSit/meshes/VisitorKidSit_Col.mtl
-- Symlinking: /home/alberto/tfg/Reconocimiento-y-sintesis-visual-Tiago/workspace/install/aws_robomaker_hospital_world/share/aws_robomaker_hospital_world/fuel_models/VisitorKidSit/meshes/VisitorKidSit_Col.obj
-- Symlinking: /home/alberto/tfg/Reconocimiento-y-sintesis-visual-Tiago/workspace/install/aws_robomaker_hospital_world/share/aws_robomaker_hospital_world/fuel_models/VisitorKidSit/model.config
-- Symlinking: /home/alberto/tfg/Reconocimiento-y-sintesis-visual-Tiago/workspace/install/aws_robomaker_hospital_world/share/aws_robomaker_hospital_world/fuel_models/VisitorKidSit/model.sdf
-- Symlinking: /home/alberto/tfg/Reconocimiento-y-sintesis-visual-Tiago/workspace/install/aws_robomaker_hospital_world/share/aws_robomaker_hospital_world/fuel_models/VisitorKidSit/thumbnails/1.png
-- Symlinking: /home/alberto/tfg/Reconocimiento-y-sintesis-visual-Tiago/workspace/install/aws_robomaker_hospital_world/share/aws_robomaker_hospital_world/fuel_models/VisitorKidSit/thumbnails/2.png
-- Symlinking: /home/alberto/tfg/Reconocimiento-y-sintesis-visual-Tiago/workspace/install/aws_robomaker_hospital_world/share/aws_robomaker_hospital_world/fuel_models/VisitorKidSit/thumbnails/3.png
-- Symlinking: /home/alberto/tfg/Reconocimiento-y-sintesis-visual-Tiago/workspace/install/aws_robomaker_hospital_world/share/aws_robomaker_hospital_world/fuel_models/VisitorKidSit/thumbnails/4.png
-- Symlinking: /home/alberto/tfg/Reconocimiento-y-sintesis-visual-Tiago/workspace/install/aws_robomaker_hospital_world/share/aws_robomaker_hospital_world/fuel_models/VisitorKidSit/thumbnails/5.png
-- Symlinking: /home/alberto/tfg/Reconocimiento-y-sintesis-visual-Tiago/workspace/install/aws_robomaker_hospital_world/share/aws_robomaker_hospital_world/fuel_models/WhiteChipChair/meshes/WhiteChipChair.mtl
-- Symlinking: /home/alberto/tfg/Reconocimiento-y-sintesis-visual-Tiago/workspace/install/aws_robomaker_hospital_world/share/aws_robomaker_hospital_world/fuel_models/WhiteChipChair/meshes/WhiteChipChair.obj
-- Symlinking: /home/alberto/tfg/Reconocimiento-y-sintesis-visual-Tiago/workspace/install/aws_robomaker_hospital_world/share/aws_robomaker_hospital_world/fuel_models/WhiteChipChair/meshes/WhiteChipChairDiffuse.png
-- Symlinking: /home/alberto/tfg/Reconocimiento-y-sintesis-visual-Tiago/workspace/install/aws_robomaker_hospital_world/share/aws_robomaker_hospital_world/fuel_models/WhiteChipChair/meshes/WhiteChipChair_Col.mtl
-- Symlinking: /home/alberto/tfg/Reconocimiento-y-sintesis-visual-Tiago/workspace/install/aws_robomaker_hospital_world/share/aws_robomaker_hospital_world/fuel_models/WhiteChipChair/meshes/WhiteChipChair_Col.obj
-- Symlinking: /home/alberto/tfg/Reconocimiento-y-sintesis-visual-Tiago/workspace/install/aws_robomaker_hospital_world/share/aws_robomaker_hospital_world/fuel_models/WhiteChipChair/model.config
-- Symlinking: /home/alberto/tfg/Reconocimiento-y-sintesis-visual-Tiago/workspace/install/aws_robomaker_hospital_world/share/aws_robomaker_hospital_world/fuel_models/WhiteChipChair/model.sdf
-- Symlinking: /home/alberto/tfg/Reconocimiento-y-sintesis-visual-Tiago/workspace/install/aws_robomaker_hospital_world/share/aws_robomaker_hospital_world/fuel_models/WhiteChipChair/thumbnails/1.png
-- Symlinking: /home/alberto/tfg/Reconocimiento-y-sintesis-visual-Tiago/workspace/install/aws_robomaker_hospital_world/share/aws_robomaker_hospital_world/fuel_models/WhiteChipChair/thumbnails/2.png
-- Symlinking: /home/alberto/tfg/Reconocimiento-y-sintesis-visual-Tiago/workspace/install/aws_robomaker_hospital_world/share/aws_robomaker_hospital_world/fuel_models/WhiteChipChair/thumbnails/3.png
-- Symlinking: /home/alberto/tfg/Reconocimiento-y-sintesis-visual-Tiago/workspace/install/aws_robomaker_hospital_world/share/aws_robomaker_hospital_world/fuel_models/WhiteChipChair/thumbnails/4.png
-- Symlinking: /home/alberto/tfg/Reconocimiento-y-sintesis-visual-Tiago/workspace/install/aws_robomaker_hospital_world/share/aws_robomaker_hospital_world/fuel_models/WhiteChipChair/thumbnails/5.png
-- Symlinking: /home/alberto/tfg/Reconocimiento-y-sintesis-visual-Tiago/workspace/install/aws_robomaker_hospital_world/share/aws_robomaker_hospital_world/fuel_models/XRayMachine/meshes/XRayMachine.mtl
-- Symlinking: /home/alberto/tfg/Reconocimiento-y-sintesis-visual-Tiago/workspace/install/aws_robomaker_hospital_world/share/aws_robomaker_hospital_world/fuel_models/XRayMachine/meshes/XRayMachine.obj
-- Symlinking: /home/alberto/tfg/Reconocimiento-y-sintesis-visual-Tiago/workspace/install/aws_robomaker_hospital_world/share/aws_robomaker_hospital_world/fuel_models/XRayMachine/meshes/XRayMachine.png
-- Symlinking: /home/alberto/tfg/Reconocimiento-y-sintesis-visual-Tiago/workspace/install/aws_robomaker_hospital_world/share/aws_robomaker_hospital_world/fuel_models/XRayMachine/meshes/XRayMachine_Col.mtl
-- Symlinking: /home/alberto/tfg/Reconocimiento-y-sintesis-visual-Tiago/workspace/install/aws_robomaker_hospital_world/share/aws_robomaker_hospital_world/fuel_models/XRayMachine/meshes/XRayMachine_Col.obj
-- Symlinking: /home/alberto/tfg/Reconocimiento-y-sintesis-visual-Tiago/workspace/install/aws_robomaker_hospital_world/share/aws_robomaker_hospital_world/fuel_models/XRayMachine/model.config
-- Symlinking: /home/alberto/tfg/Reconocimiento-y-sintesis-visual-Tiago/workspace/install/aws_robomaker_hospital_world/share/aws_robomaker_hospital_world/fuel_models/XRayMachine/model.sdf
-- Symlinking: /home/alberto/tfg/Reconocimiento-y-sintesis-visual-Tiago/workspace/install/aws_robomaker_hospital_world/share/aws_robomaker_hospital_world/fuel_models/XRayMachine/thumbnails/1.png
-- Symlinking: /home/alberto/tfg/Reconocimiento-y-sintesis-visual-Tiago/workspace/install/aws_robomaker_hospital_world/share/aws_robomaker_hospital_world/fuel_models/XRayMachine/thumbnails/2.png
-- Symlinking: /home/alberto/tfg/Reconocimiento-y-sintesis-visual-Tiago/workspace/install/aws_robomaker_hospital_world/share/aws_robomaker_hospital_world/fuel_models/XRayMachine/thumbnails/3.png
-- Symlinking: /home/alberto/tfg/Reconocimiento-y-sintesis-visual-Tiago/workspace/install/aws_robomaker_hospital_world/share/aws_robomaker_hospital_world/fuel_models/XRayMachine/thumbnails/4.png
-- Symlinking: /home/alberto/tfg/Reconocimiento-y-sintesis-visual-Tiago/workspace/install/aws_robomaker_hospital_world/share/aws_robomaker_hospital_world/fuel_models/XRayMachine/thumbnails/5.png
-- Symlinking: /home/alberto/tfg/Reconocimiento-y-sintesis-visual-Tiago/workspace/install/aws_robomaker_hospital_world/share/aws_robomaker_hospital_world/fuel_models/database.config
-- Symlinking: /home/alberto/tfg/Reconocimiento-y-sintesis-visual-Tiago/workspace/install/aws_robomaker_hospital_world/share/aws_robomaker_hospital_world/worlds/hospital.world
-- Symlinking: /home/alberto/tfg/Reconocimiento-y-sintesis-visual-Tiago/workspace/install/aws_robomaker_hospital_world/share/aws_robomaker_hospital_world/worlds/hospital_three_floors.world
-- Symlinking: /home/alberto/tfg/Reconocimiento-y-sintesis-visual-Tiago/workspace/install/aws_robomaker_hospital_world/share/aws_robomaker_hospital_world/worlds/hospital_two_floors.world
-- Symlinking: /home/alberto/tfg/Reconocimiento-y-sintesis-visual-Tiago/workspace/install/aws_robomaker_hospital_world/share/ament_index/resource_index/package_run_dependencies/aws_robomaker_hospital_world
-- Symlinking: /home/alberto/tfg/Reconocimiento-y-sintesis-visual-Tiago/workspace/install/aws_robomaker_hospital_world/share/ament_index/resource_index/parent_prefix_path/aws_robomaker_hospital_world
-- Symlinking: /home/alberto/tfg/Reconocimiento-y-sintesis-visual-Tiago/workspace/install/aws_robomaker_hospital_world/share/aws_robomaker_hospital_world/environment/ament_prefix_path.sh
-- Symlinking: /home/alberto/tfg/Reconocimiento-y-sintesis-visual-Tiago/workspace/install/aws_robomaker_hospital_world/share/aws_robomaker_hospital_world/environment/ament_prefix_path.dsv
-- Symlinking: /home/alberto/tfg/Reconocimiento-y-sintesis-visual-Tiago/workspace/install/aws_robomaker_hospital_world/share/aws_robomaker_hospital_world/environment/path.sh
-- Symlinking: /home/alberto/tfg/Reconocimiento-y-sintesis-visual-Tiago/workspace/install/aws_robomaker_hospital_world/share/aws_robomaker_hospital_world/environment/path.dsv
-- Symlinking: /home/alberto/tfg/Reconocimiento-y-sintesis-visual-Tiago/workspace/install/aws_robomaker_hospital_world/share/aws_robomaker_hospital_world/local_setup.bash
-- Symlinking: /home/alberto/tfg/Reconocimiento-y-sintesis-visual-Tiago/workspace/install/aws_robomaker_hospital_world/share/aws_robomaker_hospital_world/local_setup.sh
-- Symlinking: /home/alberto/tfg/Reconocimiento-y-sintesis-visual-Tiago/workspace/install/aws_robomaker_hospital_world/share/aws_robomaker_hospital_world/local_setup.zsh
-- Symlinking: /home/alberto/tfg/Reconocimiento-y-sintesis-visual-Tiago/workspace/install/aws_robomaker_hospital_world/share/aws_robomaker_hospital_world/local_setup.dsv
-- Symlinking: /home/alberto/tfg/Reconocimiento-y-sintesis-visual-Tiago/workspace/install/aws_robomaker_hospital_world/share/aws_robomaker_hospital_world/package.dsv
-- Symlinking: /home/alberto/tfg/Reconocimiento-y-sintesis-visual-Tiago/workspace/install/aws_robomaker_hospital_world/share/ament_index/resource_index/packages/aws_robomaker_hospital_world
-- Symlinking: /home/alberto/tfg/Reconocimiento-y-sintesis-visual-Tiago/workspace/install/aws_robomaker_hospital_world/share/aws_robomaker_hospital_world/cmake/ament_cmake_export_dependencies-extras.cmake
-- Symlinking: /home/alberto/tfg/Reconocimiento-y-sintesis-visual-Tiago/workspace/install/aws_robomaker_hospital_world/share/aws_robomaker_hospital_world/cmake/aws_robomaker_hospital_worldConfig.cmake
-- Symlinking: /home/alberto/tfg/Reconocimiento-y-sintesis-visual-Tiago/workspace/install/aws_robomaker_hospital_world/share/aws_robomaker_hospital_world/cmake/aws_robomaker_hospital_worldConfig-version.cmake
-- Symlinking: /home/alberto/tfg/Reconocimiento-y-sintesis-visual-Tiago/workspace/install/aws_robomaker_hospital_world/share/aws_robomaker_hospital_world/package.xml
