[0.277s] Invoking command in '/home/alberto/tfg/Reconocimiento-y-sintesis-visual-Tiago/workspace/build/aws_robomaker_hospital_world': CMAKE_PREFIX_PATH=${CMAKE_PREFIX_PATH}:/home/alberto/tfg/Reconocimiento-y-sintesis-visual-Tiago/workspace/install/tests:/home/alberto/tfg/Reconocimiento-y-sintesis-visual-Tiago/workspace/install/launch_pal:/opt/ros/humble /usr/bin/cmake /home/alberto/tfg/Reconocimiento-y-sintesis-visual-Tiago/workspace/src/aws-robomaker-hospital-world -DAMENT_CMAKE_SYMLINK_INSTALL=1 -DCMAKE_INSTALL_PREFIX=/home/alberto/tfg/Reconocimiento-y-sintesis-visual-Tiago/workspace/install/aws_robomaker_hospital_world
[1.284s] -- The C compiler identification is GNU 11.4.0
[1.284s] -- The CXX compiler identification is GNU 11.4.0
[1.284s] -- Detecting C compiler ABI info
[1.284s] -- Detecting C compiler ABI info - done
[1.284s] -- Check for working C compiler: /usr/bin/cc - skipped
[1.284s] -- Detecting C compile features
[1.285s] -- Detecting C compile features - done
[1.285s] -- Detecting CXX compiler ABI info
[1.285s] -- Detecting CXX compiler ABI info - done
[1.285s] -- Check for working CXX compiler: /usr/bin/c++ - skipped
[1.285s] -- Detecting CXX compile features
[1.285s] -- Detecting CXX compile features - done
[1.285s] -- Found ament_cmake: 1.3.12 (/opt/ros/humble/share/ament_cmake/cmake)
[1.285s] -- Found Python3: /usr/bin/python3 (found version "3.10.12") found components: Interpreter 
[1.285s] -- Override CMake install command with custom implementation using symlinks instead of copying resources
[1.285s] -- Found gazebo_ros: 3.9.0 (/opt/ros/humble/share/gazebo_ros/cmake)
[1.286s] -- Found rosidl_generator_c: 3.1.8 (/opt/ros/humble/share/rosidl_generator_c/cmake)
[1.286s] -- Found rosidl_adapter: 3.1.8 (/opt/ros/humble/share/rosidl_adapter/cmake)
[1.286s] -- Found rosidl_generator_cpp: 3.1.8 (/opt/ros/humble/share/rosidl_generator_cpp/cmake)
[1.286s] -- Using all available rosidl_typesupport_c: rosidl_typesupport_fastrtps_c;rosidl_typesupport_introspection_c
[1.299s] -- Using all available rosidl_typesupport_cpp: rosidl_typesupport_fastrtps_cpp;rosidl_typesupport_introspection_cpp
[1.367s] -- Found rmw_implementation_cmake: 6.1.2 (/opt/ros/humble/share/rmw_implementation_cmake/cmake)
[1.372s] -- Found rmw_fastrtps_cpp: 6.2.9 (/opt/ros/humble/share/rmw_fastrtps_cpp/cmake)
[1.540s] -- Found OpenSSL: /usr/lib/x86_64-linux-gnu/libcrypto.so (found version "3.0.2")  
[1.605s] -- Found FastRTPS: /opt/ros/humble/include  
[1.668s] -- Using RMW implementation 'rmw_fastrtps_cpp' as default
[1.683s] -- Looking for pthread.h
[1.758s] -- Looking for pthread.h - found
[1.759s] -- Performing Test CMAKE_HAVE_LIBC_PTHREAD
[1.850s] -- Performing Test CMAKE_HAVE_LIBC_PTHREAD - Success
[1.851s] -- Found Threads: TRUE  
[1.938s] -- Found PkgConfig: /usr/bin/pkg-config (found version "0.29.2") 
[1.940s] -- Checking for module 'bullet>=2.82'
[1.965s] --   Found bullet, version 3.05
[2.140s] -- Found fcl: /usr/include (found suitable version "0.7.0", minimum required is "0.5.0") 
[2.224s] -- Found assimp: /usr/include (found version "5.2.0") 
[2.250s] -- Found DART: /usr/include (Required is at least version "6.6") found components: dart 
[2.304s] -- Found Boost: /usr/lib/x86_64-linux-gnu/cmake/Boost-1.74.0/BoostConfig.cmake (found suitable version "1.74.0", minimum required is "1.40.0") found components: thread system filesystem program_options regex iostreams date_time 
[2.329s] -- Found Protobuf: /usr/lib/x86_64-linux-gnu/libprotobuf.so (found version "3.12.4") 
[2.337s] -- Looking for ignition-math6 -- found version 6.15.1
[2.346s] -- Searching for dependencies of ignition-math6
[2.347s] -- Looking for OGRE...
[2.348s] -- OGRE_PREFIX_WATCH changed.
[2.354s] -- Checking for module 'OGRE'
[2.376s] --   Found OGRE, version 1.9.0
[2.439s] -- Found Ogre Ghadamon (1.9.0)
[2.464s] -- Found OGRE: optimized;/usr/lib/x86_64-linux-gnu/libOgreMain.so;debug;/usr/lib/x86_64-linux-gnu/libOgreMain.so
[2.478s] -- Looking for OGRE_Paging...
[2.497s] -- Found OGRE_Paging: optimized;/usr/lib/x86_64-linux-gnu/libOgrePaging.so;debug;/usr/lib/x86_64-linux-gnu/libOgrePaging.so
[2.497s] -- Looking for OGRE_Terrain...
[2.512s] -- Found OGRE_Terrain: optimized;/usr/lib/x86_64-linux-gnu/libOgreTerrain.so;debug;/usr/lib/x86_64-linux-gnu/libOgreTerrain.so
[2.513s] -- Looking for OGRE_Property...
[2.526s] -- Found OGRE_Property: optimized;/usr/lib/x86_64-linux-gnu/libOgreProperty.so;debug;/usr/lib/x86_64-linux-gnu/libOgreProperty.so
[2.526s] -- Looking for OGRE_RTShaderSystem...
[2.542s] -- Found OGRE_RTShaderSystem: optimized;/usr/lib/x86_64-linux-gnu/libOgreRTShaderSystem.so;debug;/usr/lib/x86_64-linux-gnu/libOgreRTShaderSystem.so
[2.542s] -- Looking for OGRE_Volume...
[2.557s] -- Found OGRE_Volume: optimized;/usr/lib/x86_64-linux-gnu/libOgreVolume.so;debug;/usr/lib/x86_64-linux-gnu/libOgreVolume.so
[2.557s] -- Looking for OGRE_Overlay...
[2.575s] -- Found OGRE_Overlay: optimized;/usr/lib/x86_64-linux-gnu/libOgreOverlay.so;debug;/usr/lib/x86_64-linux-gnu/libOgreOverlay.so
[3.025s] -- Looking for ignition-math6 -- found version 6.15.1
[3.033s] -- Looking for ignition-transport8 -- found version 8.2.1
[3.033s] -- Searching for dependencies of ignition-transport8
[3.065s] -- Found Protobuf: /usr/lib/x86_64-linux-gnu/libprotobuf.so (found suitable version "3.12.4", minimum required is "3") 
[3.088s] -- Config-file not installed for ZeroMQ -- checking for pkg-config
[3.094s] -- Checking for module 'libzmq >= 4'
[3.118s] --   Found libzmq , version 4.3.4
[3.191s] -- Found ZeroMQ: TRUE (Required is at least version "4") 
[3.202s] -- Checking for module 'uuid'
[3.228s] --   Found uuid, version 2.37.2
[3.292s] -- Found UUID: TRUE  
[3.299s] -- Looking for ignition-msgs5 -- found version 5.8.1
[3.300s] -- Searching for dependencies of ignition-msgs5
[3.335s] -- Looking for ignition-math6 -- found version 6.15.1
[3.343s] -- Checking for module 'tinyxml2'
[3.368s] --   Found tinyxml2, version 9.0.0
[3.433s] -- Looking for ignition-msgs5 -- found version 5.8.1
[3.439s] -- Looking for ignition-common3 -- found version 3.14.0
[3.440s] -- Searching for dependencies of ignition-common3
[3.441s] -- Looking for dlfcn.h - found
[3.443s] -- Looking for libdl - found
[3.445s] -- Found DL: TRUE  
[3.464s] -- Found tinyobjloader: /usr/lib/x86_64-linux-gnu/cmake/tinyobjloader/tinyobjloader-config.cmake (found version "2.0.0") 
[3.464s] -- Searching for <ignition-common3> component [graphics]
[3.469s] -- Looking for ignition-common3-graphics -- found version 3.14.0
[3.470s] -- Searching for dependencies of ignition-common3-graphics
[3.470s] -- Looking for ignition-math6 -- found version 6.15.1
[3.475s] -- Looking for ignition-fuel_tools4 -- found version 4.4.0
[3.476s] -- Searching for dependencies of ignition-fuel_tools4
[3.620s] -- Found CURL: /usr/lib/x86_64-linux-gnu/libcurl.so (found version "7.81.0")  
[3.633s] -- Checking for module 'jsoncpp'
[3.653s] --   Found jsoncpp, version 1.9.5
[3.699s] -- Found JSONCPP: TRUE  
[3.707s] -- Checking for module 'libzip'
[3.727s] --   Found libzip, version 1.7.3
[3.773s] -- Found ZIP: TRUE  
[3.776s] -- Looking for ignition-common3 -- found version 3.14.0
[3.776s] -- Looking for ignition-math6 -- found version 6.15.1
[3.776s] -- Looking for ignition-msgs5 -- found version 5.8.1
[3.780s] -- Gazebo version: 11.10
[3.780s] -- Checking for module 'tbb'
[3.805s] --   Found tbb, version 2021.5.0
[3.860s] running python3 -m pip install -r /home/alberto/tfg/Reconocimiento-y-sintesis-visual-Tiago/workspace/src/aws-robomaker-hospital-world/requirements.txt 2>&1
[4.276s] Defaulting to user installation because normal site-packages is not writeable
[4.583s] Requirement already satisfied: docopt>=0.6.2 in /home/alberto/.local/lib/python3.10/site-packages (from -r /home/alberto/tfg/Reconocimiento-y-sintesis-visual-Tiago/workspace/src/aws-robomaker-hospital-world/requirements.txt (line 1)) (0.6.2)
[4.583s] Requirement already satisfied: requests in /usr/lib/python3/dist-packages (from -r /home/alberto/tfg/Reconocimiento-y-sintesis-visual-Tiago/workspace/src/aws-robomaker-hospital-world/requirements.txt (line 2)) (2.25.1)
[4.584s] Requirement already satisfied: lxml in /usr/lib/python3/dist-packages (from -r /home/alberto/tfg/Reconocimiento-y-sintesis-visual-Tiago/workspace/src/aws-robomaker-hospital-world/requirements.txt (line 3)) (4.8.0)
[5.016s] running python3 /home/alberto/tfg/Reconocimiento-y-sintesis-visual-Tiago/workspace/src/aws-robomaker-hospital-world/fuel_utility.py download -m XRayMachine -m IVStand -m BloodPressureMonitor -m BPCart -m BMWCart -m CGMClassic -m StorageRack -m Chair -m InstrumentCart1 -m Scrubs -m PatientWheelChair -m WhiteChipChair -m TrolleyBed -m SurgicalTrolley -m PotatoChipChair -m VisitorKidSit -m FemaleVisitorSit -m AdjTable -m MopCart3 -m MaleVisitorSit -m Drawer -m OfficeChairBlack -m ElderLadyPatient -m ElderMalePatient -m InstrumentCart2 -m MetalCabinet -m BedTable -m BedsideTable -m AnesthesiaMachine -m TrolleyBedPatient -m Shower -m SurgicalTrolleyMed -m StorageRackCovered -m KitchenSink -m Toilet -m VendingMachine -m ParkingTrolleyMin -m PatientFSit -m MaleVisitorOnPhone -m FemaleVisitor -m MalePatientBed -m StorageRackCoverOpen -m ParkingTrolleyMax -d /home/alberto/tfg/Reconocimiento-y-sintesis-visual-Tiago/workspace/src/aws-robomaker-hospital-world/fuel_models --verbose 2>&1
[5.150s] DEBUG:root:Arguments provided: {"download": true, "--query": null, "--model": ["XRayMachine", "IVStand", "BloodPressureMonitor", "BPCart", "BMWCart", "CGMClassic", "StorageRack", "Chair", "InstrumentCart1", "Scrubs", "PatientWheelChair", "WhiteChipChair", "TrolleyBed", "SurgicalTrolley", "PotatoChipChair", "VisitorKidSit", "FemaleVisitorSit", "AdjTable", "MopCart3", "MaleVisitorSit", "Drawer", "OfficeChairBlack", "ElderLadyPatient", "ElderMalePatient", "InstrumentCart2", "MetalCabinet", "BedTable", "BedsideTable", "AnesthesiaMachine", "TrolleyBedPatient", "Shower", "SurgicalTrolleyMed", "StorageRackCovered", "KitchenSink", "Toilet", "VendingMachine", "ParkingTrolleyMin", "PatientFSit", "MaleVisitorOnPhone", "FemaleVisitor", "MalePatientBed", "StorageRackCoverOpen", "ParkingTrolleyMax"], "--version": 0, "-,": false, "--verbose": true, "--destination": "/home/alberto/tfg/Reconocimiento-y-sintesis-visual-Tiago/workspace/src/aws-robomaker-hospital-world/fuel_models"}
[5.150s] INFO:root:Starting fuel models..
[5.151s] INFO:root:Fetching model XRayMachine.
[5.152s] DEBUG:urllib3.connectionpool:Starting new HTTPS connection (1): fuel.ignitionrobotics.org:443
[5.754s] DEBUG:urllib3.connectionpool:https://fuel.ignitionrobotics.org:443 "GET /1.0/OpenRobotics/models/XRayMachine HTTP/1.1" 200 403
[5.754s] INFO:root:Fetching model IVStand.
[5.758s] DEBUG:urllib3.connectionpool:Starting new HTTPS connection (1): fuel.ignitionrobotics.org:443
[6.297s] DEBUG:urllib3.connectionpool:https://fuel.ignitionrobotics.org:443 "GET /1.0/OpenRobotics/models/IVStand HTTP/1.1" 200 409
[6.297s] INFO:root:Fetching model BloodPressureMonitor.
[6.298s] DEBUG:urllib3.connectionpool:Starting new HTTPS connection (1): fuel.ignitionrobotics.org:443
[6.910s] DEBUG:urllib3.connectionpool:https://fuel.ignitionrobotics.org:443 "GET /1.0/OpenRobotics/models/BloodPressureMonitor HTTP/1.1" 200 401
[6.916s] INFO:root:Fetching model BPCart.
[6.918s] DEBUG:urllib3.connectionpool:Starting new HTTPS connection (1): fuel.ignitionrobotics.org:443
[7.556s] DEBUG:urllib3.connectionpool:https://fuel.ignitionrobotics.org:443 "GET /1.0/OpenRobotics/models/BPCart HTTP/1.1" 200 400
[7.559s] INFO:root:Fetching model BMWCart.
[7.560s] DEBUG:urllib3.connectionpool:Starting new HTTPS connection (1): fuel.ignitionrobotics.org:443
[8.111s] DEBUG:urllib3.connectionpool:https://fuel.ignitionrobotics.org:443 "GET /1.0/OpenRobotics/models/BMWCart HTTP/1.1" 200 389
[8.112s] INFO:root:Fetching model CGMClassic.
[8.113s] DEBUG:urllib3.connectionpool:Starting new HTTPS connection (1): fuel.ignitionrobotics.org:443
[8.659s] DEBUG:urllib3.connectionpool:https://fuel.ignitionrobotics.org:443 "GET /1.0/OpenRobotics/models/CGMClassic HTTP/1.1" 200 385
[8.660s] INFO:root:Fetching model StorageRack.
[8.661s] DEBUG:urllib3.connectionpool:Starting new HTTPS connection (1): fuel.ignitionrobotics.org:443
[9.238s] DEBUG:urllib3.connectionpool:https://fuel.ignitionrobotics.org:443 "GET /1.0/OpenRobotics/models/StorageRack HTTP/1.1" 200 384
[9.240s] INFO:root:Fetching model Chair.
[9.241s] DEBUG:urllib3.connectionpool:Starting new HTTPS connection (1): fuel.ignitionrobotics.org:443
[9.763s] DEBUG:urllib3.connectionpool:https://fuel.ignitionrobotics.org:443 "GET /1.0/OpenRobotics/models/Chair HTTP/1.1" 200 388
[9.766s] INFO:root:Fetching model InstrumentCart1.
[9.767s] DEBUG:urllib3.connectionpool:Starting new HTTPS connection (1): fuel.ignitionrobotics.org:443
[10.292s] DEBUG:urllib3.connectionpool:https://fuel.ignitionrobotics.org:443 "GET /1.0/OpenRobotics/models/InstrumentCart1 HTTP/1.1" 200 387
[10.293s] INFO:root:Fetching model Scrubs.
[10.294s] DEBUG:urllib3.connectionpool:Starting new HTTPS connection (1): fuel.ignitionrobotics.org:443
[10.803s] DEBUG:urllib3.connectionpool:https://fuel.ignitionrobotics.org:443 "GET /1.0/OpenRobotics/models/Scrubs HTTP/1.1" 200 376
[10.804s] INFO:root:Fetching model PatientWheelChair.
[10.805s] DEBUG:urllib3.connectionpool:Starting new HTTPS connection (1): fuel.ignitionrobotics.org:443
[11.428s] DEBUG:urllib3.connectionpool:https://fuel.ignitionrobotics.org:443 "GET /1.0/OpenRobotics/models/PatientWheelChair HTTP/1.1" 200 404
[11.430s] INFO:root:Fetching model WhiteChipChair.
[11.430s] DEBUG:urllib3.connectionpool:Starting new HTTPS connection (1): fuel.ignitionrobotics.org:443
[11.952s] DEBUG:urllib3.connectionpool:https://fuel.ignitionrobotics.org:443 "GET /1.0/OpenRobotics/models/WhiteChipChair HTTP/1.1" 200 393
[11.954s] INFO:root:Fetching model TrolleyBed.
[11.954s] DEBUG:urllib3.connectionpool:Starting new HTTPS connection (1): fuel.ignitionrobotics.org:443
[12.465s] DEBUG:urllib3.connectionpool:https://fuel.ignitionrobotics.org:443 "GET /1.0/OpenRobotics/models/TrolleyBed HTTP/1.1" 200 397
[12.466s] INFO:root:Fetching model SurgicalTrolley.
[12.467s] DEBUG:urllib3.connectionpool:Starting new HTTPS connection (1): fuel.ignitionrobotics.org:443
[12.960s] DEBUG:urllib3.connectionpool:https://fuel.ignitionrobotics.org:443 "GET /1.0/OpenRobotics/models/SurgicalTrolley HTTP/1.1" 200 383
[12.961s] INFO:root:Fetching model PotatoChipChair.
[12.962s] DEBUG:urllib3.connectionpool:Starting new HTTPS connection (1): fuel.ignitionrobotics.org:443
[13.459s] DEBUG:urllib3.connectionpool:https://fuel.ignitionrobotics.org:443 "GET /1.0/OpenRobotics/models/PotatoChipChair HTTP/1.1" 200 408
[13.461s] INFO:root:Fetching model VisitorKidSit.
[13.461s] DEBUG:urllib3.connectionpool:Starting new HTTPS connection (1): fuel.ignitionrobotics.org:443
[13.983s] DEBUG:urllib3.connectionpool:https://fuel.ignitionrobotics.org:443 "GET /1.0/OpenRobotics/models/VisitorKidSit HTTP/1.1" 200 397
[13.984s] INFO:root:Fetching model FemaleVisitorSit.
[13.985s] DEBUG:urllib3.connectionpool:Starting new HTTPS connection (1): fuel.ignitionrobotics.org:443
[14.507s] DEBUG:urllib3.connectionpool:https://fuel.ignitionrobotics.org:443 "GET /1.0/OpenRobotics/models/FemaleVisitorSit HTTP/1.1" 200 378
[14.508s] INFO:root:Fetching model AdjTable.
[14.509s] DEBUG:urllib3.connectionpool:Starting new HTTPS connection (1): fuel.ignitionrobotics.org:443
[15.041s] DEBUG:urllib3.connectionpool:https://fuel.ignitionrobotics.org:443 "GET /1.0/OpenRobotics/models/AdjTable HTTP/1.1" 200 391
[15.044s] INFO:root:Fetching model MopCart3.
[15.045s] DEBUG:urllib3.connectionpool:Starting new HTTPS connection (1): fuel.ignitionrobotics.org:443
[15.555s] DEBUG:urllib3.connectionpool:https://fuel.ignitionrobotics.org:443 "GET /1.0/OpenRobotics/models/MopCart3 HTTP/1.1" 200 394
[15.557s] INFO:root:Fetching model MaleVisitorSit.
[15.558s] DEBUG:urllib3.connectionpool:Starting new HTTPS connection (1): fuel.ignitionrobotics.org:443
[16.107s] DEBUG:urllib3.connectionpool:https://fuel.ignitionrobotics.org:443 "GET /1.0/OpenRobotics/models/MaleVisitorSit HTTP/1.1" 200 376
[16.109s] INFO:root:Fetching model Drawer.
[16.110s] DEBUG:urllib3.connectionpool:Starting new HTTPS connection (1): fuel.ignitionrobotics.org:443
[16.641s] DEBUG:urllib3.connectionpool:https://fuel.ignitionrobotics.org:443 "GET /1.0/OpenRobotics/models/Drawer HTTP/1.1" 200 376
[16.642s] INFO:root:Fetching model OfficeChairBlack.
[16.643s] DEBUG:urllib3.connectionpool:Starting new HTTPS connection (1): fuel.ignitionrobotics.org:443
[17.225s] DEBUG:urllib3.connectionpool:https://fuel.ignitionrobotics.org:443 "GET /1.0/OpenRobotics/models/OfficeChairBlack HTTP/1.1" 200 402
[17.227s] INFO:root:Fetching model ElderLadyPatient.
[17.227s] DEBUG:urllib3.connectionpool:Starting new HTTPS connection (1): fuel.ignitionrobotics.org:443
[17.742s] DEBUG:urllib3.connectionpool:https://fuel.ignitionrobotics.org:443 "GET /1.0/OpenRobotics/models/ElderLadyPatient HTTP/1.1" 200 460
[17.743s] INFO:root:Fetching model ElderMalePatient.
[17.744s] DEBUG:urllib3.connectionpool:Starting new HTTPS connection (1): fuel.ignitionrobotics.org:443
[18.351s] DEBUG:urllib3.connectionpool:https://fuel.ignitionrobotics.org:443 "GET /1.0/OpenRobotics/models/ElderMalePatient HTTP/1.1" 200 468
[18.352s] INFO:root:Fetching model InstrumentCart2.
[18.352s] DEBUG:urllib3.connectionpool:Starting new HTTPS connection (1): fuel.ignitionrobotics.org:443
[18.913s] DEBUG:urllib3.connectionpool:https://fuel.ignitionrobotics.org:443 "GET /1.0/OpenRobotics/models/InstrumentCart2 HTTP/1.1" 200 384
[18.914s] INFO:root:Fetching model MetalCabinet.
[18.915s] DEBUG:urllib3.connectionpool:Starting new HTTPS connection (1): fuel.ignitionrobotics.org:443
[19.437s] DEBUG:urllib3.connectionpool:https://fuel.ignitionrobotics.org:443 "GET /1.0/OpenRobotics/models/MetalCabinet HTTP/1.1" 200 380
[19.438s] INFO:root:Fetching model BedTable.
[19.439s] DEBUG:urllib3.connectionpool:Starting new HTTPS connection (1): fuel.ignitionrobotics.org:443
[19.951s] DEBUG:urllib3.connectionpool:https://fuel.ignitionrobotics.org:443 "GET /1.0/OpenRobotics/models/BedTable HTTP/1.1" 200 399
[19.952s] INFO:root:Fetching model BedsideTable.
[19.952s] DEBUG:urllib3.connectionpool:Starting new HTTPS connection (1): fuel.ignitionrobotics.org:443
[20.479s] DEBUG:urllib3.connectionpool:https://fuel.ignitionrobotics.org:443 "GET /1.0/OpenRobotics/models/BedsideTable HTTP/1.1" 200 399
[20.481s] INFO:root:Fetching model AnesthesiaMachine.
[20.481s] DEBUG:urllib3.connectionpool:Starting new HTTPS connection (1): fuel.ignitionrobotics.org:443
[20.968s] DEBUG:urllib3.connectionpool:https://fuel.ignitionrobotics.org:443 "GET /1.0/OpenRobotics/models/AnesthesiaMachine HTTP/1.1" 200 375
[20.969s] INFO:root:Fetching model TrolleyBedPatient.
[20.970s] DEBUG:urllib3.connectionpool:Starting new HTTPS connection (1): fuel.ignitionrobotics.org:443
[21.476s] DEBUG:urllib3.connectionpool:https://fuel.ignitionrobotics.org:443 "GET /1.0/OpenRobotics/models/TrolleyBedPatient HTTP/1.1" 200 393
[21.477s] INFO:root:Fetching model Shower.
[21.478s] DEBUG:urllib3.connectionpool:Starting new HTTPS connection (1): fuel.ignitionrobotics.org:443
[21.994s] DEBUG:urllib3.connectionpool:https://fuel.ignitionrobotics.org:443 "GET /1.0/OpenRobotics/models/Shower HTTP/1.1" 200 386
[21.996s] INFO:root:Fetching model SurgicalTrolleyMed.
[21.997s] DEBUG:urllib3.connectionpool:Starting new HTTPS connection (1): fuel.ignitionrobotics.org:443
[22.508s] DEBUG:urllib3.connectionpool:https://fuel.ignitionrobotics.org:443 "GET /1.0/OpenRobotics/models/SurgicalTrolleyMed HTTP/1.1" 200 399
[22.510s] INFO:root:Fetching model StorageRackCovered.
[22.511s] DEBUG:urllib3.connectionpool:Starting new HTTPS connection (1): fuel.ignitionrobotics.org:443
[22.998s] DEBUG:urllib3.connectionpool:https://fuel.ignitionrobotics.org:443 "GET /1.0/OpenRobotics/models/StorageRackCovered HTTP/1.1" 200 381
[23.000s] INFO:root:Fetching model KitchenSink.
[23.000s] DEBUG:urllib3.connectionpool:Starting new HTTPS connection (1): fuel.ignitionrobotics.org:443
[23.521s] DEBUG:urllib3.connectionpool:https://fuel.ignitionrobotics.org:443 "GET /1.0/OpenRobotics/models/KitchenSink HTTP/1.1" 200 405
[23.523s] INFO:root:Fetching model Toilet.
[23.523s] DEBUG:urllib3.connectionpool:Starting new HTTPS connection (1): fuel.ignitionrobotics.org:443
[24.087s] DEBUG:urllib3.connectionpool:https://fuel.ignitionrobotics.org:443 "GET /1.0/OpenRobotics/models/Toilet HTTP/1.1" 200 383
[24.088s] INFO:root:Fetching model VendingMachine.
[24.089s] DEBUG:urllib3.connectionpool:Starting new HTTPS connection (1): fuel.ignitionrobotics.org:443
[24.573s] DEBUG:urllib3.connectionpool:https://fuel.ignitionrobotics.org:443 "GET /1.0/OpenRobotics/models/VendingMachine HTTP/1.1" 200 422
[24.574s] INFO:root:Fetching model ParkingTrolleyMin.
[24.575s] DEBUG:urllib3.connectionpool:Starting new HTTPS connection (1): fuel.ignitionrobotics.org:443
[25.088s] DEBUG:urllib3.connectionpool:https://fuel.ignitionrobotics.org:443 "GET /1.0/OpenRobotics/models/ParkingTrolleyMin HTTP/1.1" 200 416
[25.090s] INFO:root:Fetching model PatientFSit.
[25.090s] DEBUG:urllib3.connectionpool:Starting new HTTPS connection (1): fuel.ignitionrobotics.org:443
[25.597s] DEBUG:urllib3.connectionpool:https://fuel.ignitionrobotics.org:443 "GET /1.0/OpenRobotics/models/PatientFSit HTTP/1.1" 200 370
[25.598s] INFO:root:Fetching model MaleVisitorOnPhone.
[25.599s] DEBUG:urllib3.connectionpool:Starting new HTTPS connection (1): fuel.ignitionrobotics.org:443
[26.088s] DEBUG:urllib3.connectionpool:https://fuel.ignitionrobotics.org:443 "GET /1.0/OpenRobotics/models/MaleVisitorOnPhone HTTP/1.1" 200 426
[26.089s] INFO:root:Fetching model FemaleVisitor.
[26.090s] DEBUG:urllib3.connectionpool:Starting new HTTPS connection (1): fuel.ignitionrobotics.org:443
[26.617s] DEBUG:urllib3.connectionpool:https://fuel.ignitionrobotics.org:443 "GET /1.0/OpenRobotics/models/FemaleVisitor HTTP/1.1" 200 378
[26.618s] INFO:root:Fetching model MalePatientBed.
[26.618s] DEBUG:urllib3.connectionpool:Starting new HTTPS connection (1): fuel.ignitionrobotics.org:443
[27.105s] DEBUG:urllib3.connectionpool:https://fuel.ignitionrobotics.org:443 "GET /1.0/OpenRobotics/models/MalePatientBed HTTP/1.1" 200 483
[27.107s] INFO:root:Fetching model StorageRackCoverOpen.
[27.107s] DEBUG:urllib3.connectionpool:Starting new HTTPS connection (1): fuel.ignitionrobotics.org:443
[27.588s] DEBUG:urllib3.connectionpool:https://fuel.ignitionrobotics.org:443 "GET /1.0/OpenRobotics/models/StorageRackCoverOpen HTTP/1.1" 200 394
[27.589s] INFO:root:Fetching model ParkingTrolleyMax.
[27.590s] DEBUG:urllib3.connectionpool:Starting new HTTPS connection (1): fuel.ignitionrobotics.org:443
[28.091s] DEBUG:urllib3.connectionpool:https://fuel.ignitionrobotics.org:443 "GET /1.0/OpenRobotics/models/ParkingTrolleyMax HTTP/1.1" 200 417
[28.093s] DEBUG:root:Complete model list: [{'createdAt': '2020-08-06T11:41:57Z', 'updatedAt': '2026-02-07T10:45:44Z', 'name': 'XRayMachine', 'owner': 'OpenRobotics', 'description': '', 'likes': 0, 'downloads': 6386, 'filesize': 345665, 'upload_date': '2020-08-06T11:41:56Z', 'modify_date': '2023-09-27T15:22:20Z', 'license_id': 2, 'license_name': 'Creative Commons Attribution 4.0 International', 'license_url': 'http://creativecommons.org/licenses/by/4.0/', 'license_image': 'https://i.creativecommons.org/l/by/4.0/88x31.png', 'permission': 0, 'url_name': '', 'thumbnail_url': '/OpenRobotics/models/XRayMachine/tip/files/thumbnails/1.png', 'version': 2, 'private': False, 'tags': ['xray', 'machine', 'xraymachine'], 'categories': ['Electronics', 'Appliance']}, {'createdAt': '2020-08-06T11:26:29Z', 'updatedAt': '2026-02-07T10:45:50Z', 'name': 'IVStand', 'owner': 'OpenRobotics', 'description': 'A generic hospital IV stand', 'likes': 0, 'downloads': 33112, 'filesize': 774855, 'upload_date': '2020-08-06T11:26:28Z', 'modify_date': '2023-09-27T15:23:16Z', 'license_id': 2, 'license_name': 'Creative Commons Attribution 4.0 International', 'license_url': 'http://creativecommons.org/licenses/by/4.0/', 'license_image': 'https://i.creativecommons.org/l/by/4.0/88x31.png', 'permission': 0, 'url_name': '', 'thumbnail_url': '/OpenRobotics/models/IVStand/tip/files/thumbnails/1.png', 'version': 2, 'private': False, 'tags': ['stand', 'IV', 'IVStand'], 'categories': ['Appliance']}, {'createdAt': '2020-08-06T11:21:27Z', 'updatedAt': '2026-02-07T10:45:56Z', 'name': 'BloodPressureMonitor', 'owner': 'OpenRobotics', 'description': '', 'likes': 0, 'downloads': 6596, 'filesize': 237020, 'upload_date': '2020-08-06T11:21:26Z', 'modify_date': '2023-09-27T15:23:44Z', 'license_id': 2, 'license_name': 'Creative Commons Attribution 4.0 International', 'license_url': 'http://creativecommons.org/licenses/by/4.0/', 'license_image': 'https://i.creativecommons.org/l/by/4.0/88x31.png', 'permission': 0, 'url_name': '', 'thumbnail_url': '/OpenRobotics/models/BloodPressureMonitor/tip/files/thumbnails/1.png', 'version': 2, 'private': False, 'tags': ['monitor', 'bloodpressure', 'blood', 'bloodpressuremonitor'], 'categories': ['Appliance']}, {'createdAt': '2020-08-06T11:22:38Z', 'updatedAt': '2026-02-07T10:46:02Z', 'name': 'BPCart', 'owner': 'OpenRobotics', 'description': 'A generic hospital cart', 'likes': 0, 'downloads': 7215, 'filesize': 1659990, 'upload_date': '2020-08-06T11:22:35Z', 'modify_date': '2023-09-27T15:23:37Z', 'license_id': 2, 'license_name': 'Creative Commons Attribution 4.0 International', 'license_url': 'http://creativecommons.org/licenses/by/4.0/', 'license_image': 'https://i.creativecommons.org/l/by/4.0/88x31.png', 'permission': 0, 'url_name': '', 'thumbnail_url': '/OpenRobotics/models/BPCart/tip/files/thumbnails/1.png', 'version': 2, 'private': False, 'tags': ['bp', 'cart', 'bpcart'], 'categories': ['Appliance']}, {'createdAt': '2020-06-26T09:36:40Z', 'updatedAt': '2026-02-07T10:46:08Z', 'name': 'BMWCart', 'owner': 'OpenRobotics', 'description': 'A generic hospital cart', 'likes': 0, 'downloads': 6870, 'filesize': 1607574, 'upload_date': '2020-06-26T09:36:38Z', 'modify_date': '2023-09-27T15:26:53Z', 'license_id': 2, 'license_name': 'Creative Commons Attribution 4.0 International', 'license_url': 'http://creativecommons.org/licenses/by/4.0/', 'license_image': 'https://i.creativecommons.org/l/by/4.0/88x31.png', 'permission': 0, 'url_name': '', 'thumbnail_url': '/OpenRobotics/models/BMWCart/tip/files/thumbnails/1.png', 'version': 2, 'private': False, 'categories': ['Appliance']}, {'createdAt': '2019-10-28T05:53:59Z', 'updatedAt': '2026-02-07T10:46:14Z', 'name': 'CGMClassic', 'owner': 'OpenRobotics', 'description': 'A CGMClassic hospital bed', 'likes': 0, 'downloads': 6461, 'filesize': 1597545, 'upload_date': '2019-10-28T05:53:56Z', 'modify_date': '2023-09-27T16:22:35Z', 'license_id': 2, 'license_name': 'Creative Commons Attribution 4.0 International', 'license_url': 'http://creativecommons.org/licenses/by/4.0/', 'license_image': 'https://i.creativecommons.org/l/by/4.0/88x31.png', 'permission': 0, 'url_name': '', 'thumbnail_url': '/OpenRobotics/models/CGMClassic/tip/files/thumbnails/1.png', 'version': 4, 'private': False, 'tags': ['hospital', 'bed']}, {'createdAt': '2019-10-28T06:40:47Z', 'updatedAt': '2026-02-07T10:46:21Z', 'name': 'StorageRack', 'owner': 'OpenRobotics', 'description': 'Empty Grilled Storage Rack', 'likes': 1, 'downloads': 85526, 'filesize': 70905, 'upload_date': '2019-10-28T06:40:44Z', 'modify_date': '2023-09-27T16:19:50Z', 'license_id': 2, 'license_name': 'Creative Commons Attribution 4.0 International', 'license_url': 'http://creativecommons.org/licenses/by/4.0/', 'license_image': 'https://i.creativecommons.org/l/by/4.0/88x31.png', 'permission': 0, 'url_name': '', 'thumbnail_url': '/OpenRobotics/models/StorageRack/tip/files/thumbnails/1.png', 'version': 2, 'private': False, 'tags': ['hospital']}, {'createdAt': '2020-05-20T19:30:13Z', 'updatedAt': '2026-02-07T10:46:27Z', 'name': 'Chair', 'owner': 'OpenRobotics', 'description': 'A generic hospital chair', 'likes': 1, 'downloads': 151311, 'filesize': 2741574, 'upload_date': '2020-05-20T19:30:11Z', 'modify_date': '2023-09-27T15:40:33Z', 'license_id': 2, 'license_name': 'Creative Commons Attribution 4.0 International', 'license_url': 'http://creativecommons.org/licenses/by/4.0/', 'license_image': 'https://i.creativecommons.org/l/by/4.0/88x31.png', 'permission': 0, 'url_name': '', 'thumbnail_url': '/OpenRobotics/models/Chair/tip/files/thumbnails/1.png', 'version': 3, 'private': False, 'categories': ['Furniture and Home']}, {'createdAt': '2019-10-28T06:19:00Z', 'updatedAt': '2026-02-07T10:46:33Z', 'name': 'InstrumentCart1', 'owner': 'OpenRobotics', 'description': 'Description of the model', 'likes': 0, 'downloads': 6337, 'filesize': 135677, 'upload_date': '2019-10-28T06:18:57Z', 'modify_date': '2023-09-27T16:21:22Z', 'license_id': 2, 'license_name': 'Creative Commons Attribution 4.0 International', 'license_url': 'http://creativecommons.org/licenses/by/4.0/', 'license_image': 'https://i.creativecommons.org/l/by/4.0/88x31.png', 'permission': 0, 'url_name': '', 'thumbnail_url': '/OpenRobotics/models/InstrumentCart1/tip/files/thumbnails/1.png', 'version': 2, 'private': False, 'tags': ['hospital']}, {'createdAt': '2020-07-06T10:19:54Z', 'updatedAt': '2026-02-07T10:46:39Z', 'name': 'Scrubs', 'owner': 'OpenRobotics', 'description': 'A person in scrubs.', 'likes': 0, 'downloads': 34102, 'filesize': 1028421, 'upload_date': '2020-07-06T10:19:52Z', 'modify_date': '2023-09-27T15:26:25Z', 'license_id': 2, 'license_name': 'Creative Commons Attribution 4.0 International', 'license_url': 'http://creativecommons.org/licenses/by/4.0/', 'license_image': 'https://i.creativecommons.org/l/by/4.0/88x31.png', 'permission': 0, 'url_name': '', 'thumbnail_url': '/OpenRobotics/models/Scrubs/tip/files/thumbnails/1.png', 'version': 2, 'private': False, 'categories': ['People']}, {'createdAt': '2019-10-28T06:33:50Z', 'updatedAt': '2026-02-07T10:46:45Z', 'name': 'PatientWheelChair', 'owner': 'OpenRobotics', 'description': 'Elderly patient on a wheelchair', 'likes': 0, 'downloads': 33443, 'filesize': 1175273, 'upload_date': '2019-10-28T06:33:46Z', 'modify_date': '2023-09-27T16:20:17Z', 'license_id': 2, 'license_name': 'Creative Commons Attribution 4.0 International', 'license_url': 'http://creativecommons.org/licenses/by/4.0/', 'license_image': 'https://i.creativecommons.org/l/by/4.0/88x31.png', 'permission': 0, 'url_name': '', 'thumbnail_url': '/OpenRobotics/models/PatientWheelChair/tip/files/thumbnails/1.png', 'version': 4, 'private': False, 'tags': ['person', 'hospital']}, {'createdAt': '2019-10-28T06:48:13Z', 'updatedAt': '2026-02-07T10:46:52Z', 'name': 'WhiteChipChair', 'owner': 'OpenRobotics', 'description': 'White row of seats', 'likes': 0, 'downloads': 53363, 'filesize': 792333, 'upload_date': '2019-10-28T06:48:10Z', 'modify_date': '2023-09-27T16:18:41Z', 'license_id': 2, 'license_name': 'Creative Commons Attribution 4.0 International', 'license_url': 'http://creativecommons.org/licenses/by/4.0/', 'license_image': 'https://i.creativecommons.org/l/by/4.0/88x31.png', 'permission': 0, 'url_name': '', 'thumbnail_url': '/OpenRobotics/models/WhiteChipChair/tip/files/thumbnails/1.png', 'version': 3, 'private': False, 'tags': ['hospital', 'furniture']}, {'createdAt': '2019-10-25T09:22:08Z', 'updatedAt': '2026-02-07T10:46:58Z', 'name': 'TrolleyBed', 'owner': 'OpenRobotics', 'description': 'Bed to transport patients.', 'likes': 0, 'downloads': 6464, 'filesize': 1015682, 'upload_date': '2019-10-25T09:22:04Z', 'modify_date': '2023-09-27T16:23:11Z', 'license_id': 2, 'license_name': 'Creative Commons Attribution 4.0 International', 'license_url': 'http://creativecommons.org/licenses/by/4.0/', 'license_image': 'https://i.creativecommons.org/l/by/4.0/88x31.png', 'permission': 0, 'url_name': '', 'thumbnail_url': '/OpenRobotics/models/TrolleyBed/tip/files/thumbnails/1.png', 'version': 3, 'private': False, 'tags': ['static', 'hospital', 'bed']}, {'createdAt': '2019-10-28T06:43:28Z', 'updatedAt': '2026-02-07T10:47:04Z', 'name': 'SurgicalTrolley', 'owner': 'OpenRobotics', 'description': 'Surgical supply trolley', 'likes': 0, 'downloads': 5599, 'filesize': 849805, 'upload_date': '2019-10-28T06:43:25Z', 'modify_date': '2023-09-27T16:19:23Z', 'license_id': 2, 'license_name': 'Creative Commons Attribution 4.0 International', 'license_url': 'http://creativecommons.org/licenses/by/4.0/', 'license_image': 'https://i.creativecommons.org/l/by/4.0/88x31.png', 'permission': 0, 'url_name': '', 'thumbnail_url': '/OpenRobotics/models/SurgicalTrolley/tip/files/thumbnails/1.png', 'version': 2, 'private': False, 'tags': ['hospital']}, {'createdAt': '2019-10-28T06:34:44Z', 'updatedAt': '2026-02-07T10:47:11Z', 'name': 'PotatoChipChair', 'owner': 'OpenRobotics', 'description': 'Three-seater bench for waiting outpatients', 'likes': 0, 'downloads': 68330, 'filesize': 824743, 'upload_date': '2019-10-28T06:34:41Z', 'modify_date': '2023-09-27T16:20:10Z', 'license_id': 2, 'license_name': 'Creative Commons Attribution 4.0 International', 'license_url': 'http://creativecommons.org/licenses/by/4.0/', 'license_image': 'https://i.creativecommons.org/l/by/4.0/88x31.png', 'permission': 0, 'url_name': '', 'thumbnail_url': '/OpenRobotics/models/PotatoChipChair/tip/files/thumbnails/1.png', 'version': 3, 'private': False, 'tags': ['hospital', 'furniture']}, {'createdAt': '2020-05-20T19:38:37Z', 'updatedAt': '2026-02-07T10:47:17Z', 'name': 'VisitorKidSit', 'owner': 'OpenRobotics', 'description': 'Kid sitting down reading a book.', 'likes': 0, 'downloads': 55089, 'filesize': 744956, 'upload_date': '2020-05-20T19:38:35Z', 'modify_date': '2023-09-27T15:39:59Z', 'license_id': 2, 'license_name': 'Creative Commons Attribution 4.0 International', 'license_url': 'http://creativecommons.org/licenses/by/4.0/', 'license_image': 'https://i.creativecommons.org/l/by/4.0/88x31.png', 'permission': 0, 'url_name': '', 'thumbnail_url': '/OpenRobotics/models/VisitorKidSit/tip/files/thumbnails/1.png', 'version': 2, 'private': False, 'categories': ['People']}, {'createdAt': '2020-05-20T19:34:41Z', 'updatedAt': '2026-02-07T10:47:23Z', 'name': 'FemaleVisitorSit', 'owner': 'OpenRobotics', 'description': '', 'likes': 0, 'downloads': 61934, 'filesize': 669884, 'upload_date': '2020-05-20T19:34:39Z', 'modify_date': '2023-09-27T15:40:21Z', 'license_id': 2, 'license_name': 'Creative Commons Attribution 4.0 International', 'license_url': 'http://creativecommons.org/licenses/by/4.0/', 'license_image': 'https://i.creativecommons.org/l/by/4.0/88x31.png', 'permission': 0, 'url_name': '', 'thumbnail_url': '/OpenRobotics/models/FemaleVisitorSit/tip/files/thumbnails/1.png', 'version': 2, 'private': False, 'categories': ['People']}, {'createdAt': '2020-06-09T12:06:50Z', 'updatedAt': '2026-02-07T10:47:29Z', 'name': 'AdjTable', 'owner': 'OpenRobotics', 'description': 'Description of the model', 'likes': 1, 'downloads': 117465, 'filesize': 4100585, 'upload_date': '2020-06-09T12:06:48Z', 'modify_date': '2023-09-27T15:33:59Z', 'license_id': 2, 'license_name': 'Creative Commons Attribution 4.0 International', 'license_url': 'http://creativecommons.org/licenses/by/4.0/', 'license_image': 'https://i.creativecommons.org/l/by/4.0/88x31.png', 'permission': 0, 'url_name': '', 'thumbnail_url': '/OpenRobotics/models/AdjTable/tip/files/thumbnails/1.png', 'version': 4, 'private': False, 'categories': ['Furniture and Home']}, {'createdAt': '2020-06-22T08:41:13Z', 'updatedAt': '2026-02-07T10:47:36Z', 'name': 'MopCart3', 'owner': 'OpenRobotics', 'description': 'Last version of another mop cart', 'likes': 0, 'downloads': 40275, 'filesize': 5787981, 'upload_date': '2020-06-22T08:41:10Z', 'modify_date': '2023-09-27T15:29:40Z', 'license_id': 2, 'license_name': 'Creative Commons Attribution 4.0 International', 'license_url': 'http://creativecommons.org/licenses/by/4.0/', 'license_image': 'https://i.creativecommons.org/l/by/4.0/88x31.png', 'permission': 0, 'url_name': '', 'thumbnail_url': '/OpenRobotics/models/MopCart3/tip/files/thumbnails/1.png', 'version': 2, 'private': False, 'categories': ['Appliance']}, {'createdAt': '2020-05-20T19:36:36Z', 'updatedAt': '2026-02-07T10:47:43Z', 'name': 'MaleVisitorSit', 'owner': 'OpenRobotics', 'description': '', 'likes': 0, 'downloads': 56758, 'filesize': 596416, 'upload_date': '2020-05-20T19:36:34Z', 'modify_date': '2023-09-27T15:40:10Z', 'license_id': 2, 'license_name': 'Creative Commons Attribution 4.0 International', 'license_url': 'http://creativecommons.org/licenses/by/4.0/', 'license_image': 'https://i.creativecommons.org/l/by/4.0/88x31.png', 'permission': 0, 'url_name': '', 'thumbnail_url': '/OpenRobotics/models/MaleVisitorSit/tip/files/thumbnails/1.png', 'version': 2, 'private': False, 'categories': ['People']}, {'createdAt': '2020-06-09T12:11:18Z', 'updatedAt': '2026-02-07T10:47:50Z', 'name': 'Drawer', 'owner': 'OpenRobotics', 'description': '', 'likes': 1, 'downloads': 67714, 'filesize': 135520, 'upload_date': '2020-06-09T12:11:16Z', 'modify_date': '2023-09-27T15:33:39Z', 'license_id': 2, 'license_name': 'Creative Commons Attribution 4.0 International', 'license_url': 'http://creativecommons.org/licenses/by/4.0/', 'license_image': 'https://i.creativecommons.org/l/by/4.0/88x31.png', 'permission': 0, 'url_name': '', 'thumbnail_url': '/OpenRobotics/models/Drawer/tip/files/thumbnails/1.png', 'version': 2, 'private': False, 'categories': ['Furniture and Home']}, {'createdAt': '2020-06-09T12:12:56Z', 'updatedAt': '2026-02-07T10:47:55Z', 'name': 'OfficeChairBlack', 'owner': 'OpenRobotics', 'description': 'Chair from meeting room.', 'likes': 0, 'downloads': 104219, 'filesize': 793096, 'upload_date': '2020-06-09T12:12:54Z', 'modify_date': '2023-09-27T15:33:27Z', 'license_id': 2, 'license_name': 'Creative Commons Attribution 4.0 International', 'license_url': 'http://creativecommons.org/licenses/by/4.0/', 'license_image': 'https://i.creativecommons.org/l/by/4.0/88x31.png', 'permission': 0, 'url_name': '', 'thumbnail_url': '/OpenRobotics/models/OfficeChairBlack/tip/files/thumbnails/1.png', 'version': 2, 'private': False, 'categories': ['Furniture and Home']}, {'createdAt': '2020-05-21T06:09:55Z', 'updatedAt': '2026-02-07T10:48:02Z', 'name': 'ElderLadyPatient', 'owner': 'OpenRobotics', 'description': 'An elder lady patient\nCharacter generated from Autodesk Character Generator - https://charactergenerator.autodesk.com/\nPose from Mixamo - https://www.mixamo.com/', 'likes': 0, 'downloads': 32908, 'filesize': 2731549, 'upload_date': '2020-05-21T06:09:52Z', 'modify_date': '2023-09-27T15:39:19Z', 'license_id': 2, 'license_name': 'Creative Commons Attribution 4.0 International', 'license_url': 'http://creativecommons.org/licenses/by/4.0/', 'license_image': 'https://i.creativecommons.org/l/by/4.0/88x31.png', 'permission': 0, 'url_name': '', 'thumbnail_url': '/OpenRobotics/models/ElderLadyPatient/tip/files/thumbnails/1.png', 'version': 2, 'private': False, 'categories': ['People']}, {'createdAt': '2020-05-21T06:13:26Z', 'updatedAt': '2026-02-07T10:48:08Z', 'name': 'ElderMalePatient', 'owner': 'OpenRobotics', 'description': 'An elder male patient lying down.\nCharacter generated from Autodesk Character Generator - https://charactergenerator.autodesk.com/\nPose from Mixamo - https://www.mixamo.com/', 'likes': 0, 'downloads': 32621, 'filesize': 2918271, 'upload_date': '2020-05-21T06:13:24Z', 'modify_date': '2023-09-27T15:39:11Z', 'license_id': 2, 'license_name': 'Creative Commons Attribution 4.0 International', 'license_url': 'http://creativecommons.org/licenses/by/4.0/', 'license_image': 'https://i.creativecommons.org/l/by/4.0/88x31.png', 'permission': 0, 'url_name': '', 'thumbnail_url': '/OpenRobotics/models/ElderMalePatient/tip/files/thumbnails/1.png', 'version': 2, 'private': False, 'categories': ['People']}, {'createdAt': '2019-10-28T06:19:44Z', 'updatedAt': '2026-02-07T10:48:15Z', 'name': 'InstrumentCart2', 'owner': 'OpenRobotics', 'description': 'Description of the model', 'likes': 0, 'downloads': 5528, 'filesize': 702606, 'upload_date': '2019-10-28T06:19:41Z', 'modify_date': '2023-09-27T16:21:17Z', 'license_id': 2, 'license_name': 'Creative Commons Attribution 4.0 International', 'license_url': 'http://creativecommons.org/licenses/by/4.0/', 'license_image': 'https://i.creativecommons.org/l/by/4.0/88x31.png', 'permission': 0, 'url_name': '', 'thumbnail_url': '/OpenRobotics/models/InstrumentCart2/tip/files/thumbnails/1.png', 'version': 2, 'private': False, 'tags': ['hospital']}, {'createdAt': '2019-10-28T06:23:41Z', 'updatedAt': '2026-02-07T10:48:21Z', 'name': 'MetalCabinet', 'owner': 'OpenRobotics', 'description': 'Tall grey metal cabinet', 'likes': 0, 'downloads': 50252, 'filesize': 29065, 'upload_date': '2019-10-28T06:23:37Z', 'modify_date': '2023-09-27T16:20:57Z', 'license_id': 2, 'license_name': 'Creative Commons Attribution 4.0 International', 'license_url': 'http://creativecommons.org/licenses/by/4.0/', 'license_image': 'https://i.creativecommons.org/l/by/4.0/88x31.png', 'permission': 0, 'url_name': '', 'thumbnail_url': '/OpenRobotics/models/MetalCabinet/tip/files/thumbnails/1.png', 'version': 2, 'private': False, 'tags': ['hospital']}, {'createdAt': '2020-05-21T05:53:52Z', 'updatedAt': '2026-02-07T10:48:26Z', 'name': 'BedTable', 'owner': 'OpenRobotics', 'description': 'A generic hospital bed table', 'likes': 0, 'downloads': 13237, 'filesize': 1088303, 'upload_date': '2020-05-21T05:53:49Z', 'modify_date': '2023-09-27T15:39:31Z', 'license_id': 2, 'license_name': 'Creative Commons Attribution 4.0 International', 'license_url': 'http://creativecommons.org/licenses/by/4.0/', 'license_image': 'https://i.creativecommons.org/l/by/4.0/88x31.png', 'permission': 0, 'url_name': '', 'thumbnail_url': '/OpenRobotics/models/BedTable/tip/files/thumbnails/1.png', 'version': 2, 'private': False, 'categories': ['Furniture and Home']}, {'createdAt': '2020-05-21T05:27:18Z', 'updatedAt': '2026-02-07T10:48:33Z', 'name': 'BedsideTable', 'owner': 'OpenRobotics', 'description': 'A generic hospital bedside table', 'likes': 0, 'downloads': 36320, 'filesize': 691910, 'upload_date': '2020-05-21T05:27:16Z', 'modify_date': '2023-09-27T15:39:43Z', 'license_id': 2, 'license_name': 'Creative Commons Attribution 4.0 International', 'license_url': 'http://creativecommons.org/licenses/by/4.0/', 'license_image': 'https://i.creativecommons.org/l/by/4.0/88x31.png', 'permission': 0, 'url_name': '', 'thumbnail_url': '/OpenRobotics/models/BedsideTable/tip/files/thumbnails/1.png', 'version': 2, 'private': False, 'categories': ['Furniture and Home']}, {'createdAt': '2020-06-26T09:35:49Z', 'updatedAt': '2026-02-07T10:48:39Z', 'name': 'AnesthesiaMachine', 'owner': 'OpenRobotics', 'description': '', 'likes': 0, 'downloads': 6302, 'filesize': 541299, 'upload_date': '2020-06-26T09:35:47Z', 'modify_date': '2023-09-27T15:27:00Z', 'license_id': 2, 'license_name': 'Creative Commons Attribution 4.0 International', 'license_url': 'http://creativecommons.org/licenses/by/4.0/', 'license_image': 'https://i.creativecommons.org/l/by/4.0/88x31.png', 'permission': 0, 'url_name': '', 'thumbnail_url': '/OpenRobotics/models/AnesthesiaMachine/tip/files/thumbnails/1.png', 'version': 2, 'private': False, 'categories': ['Appliance']}, {'createdAt': '2019-10-28T06:45:05Z', 'updatedAt': '2026-02-07T10:48:45Z', 'name': 'TrolleyBedPatient', 'owner': 'OpenRobotics', 'description': 'Trolley Bed with patient', 'likes': 0, 'downloads': 5888, 'filesize': 1479205, 'upload_date': '2019-10-28T06:45:01Z', 'modify_date': '2023-09-27T16:19:05Z', 'license_id': 2, 'license_name': 'Creative Commons Attribution 4.0 International', 'license_url': 'http://creativecommons.org/licenses/by/4.0/', 'license_image': 'https://i.creativecommons.org/l/by/4.0/88x31.png', 'permission': 0, 'url_name': '', 'thumbnail_url': '/OpenRobotics/models/TrolleyBedPatient/tip/files/thumbnails/1.png', 'version': 3, 'private': False, 'tags': ['person', 'hospital', 'furniture']}, {'createdAt': '2020-06-25T10:18:19Z', 'updatedAt': '2026-02-07T10:48:51Z', 'name': 'Shower', 'owner': 'OpenRobotics', 'description': 'A generic shower', 'likes': 1, 'downloads': 41879, 'filesize': 568856, 'upload_date': '2020-06-25T10:18:17Z', 'modify_date': '2023-09-27T15:27:42Z', 'license_id': 2, 'license_name': 'Creative Commons Attribution 4.0 International', 'license_url': 'http://creativecommons.org/licenses/by/4.0/', 'license_image': 'https://i.creativecommons.org/l/by/4.0/88x31.png', 'permission': 0, 'url_name': '', 'thumbnail_url': '/OpenRobotics/models/Shower/tip/files/thumbnails/1.png', 'version': 2, 'private': False, 'categories': ['Furniture and Home']}, {'createdAt': '2020-06-26T09:39:00Z', 'updatedAt': '2026-02-07T10:48:57Z', 'name': 'SurgicalTrolleyMed', 'owner': 'OpenRobotics', 'description': 'Medium sized surgical trolley.', 'likes': 1, 'downloads': 32342, 'filesize': 860176, 'upload_date': '2020-06-26T09:38:58Z', 'modify_date': '2023-09-27T15:26:41Z', 'license_id': 2, 'license_name': 'Creative Commons Attribution 4.0 International', 'license_url': 'http://creativecommons.org/licenses/by/4.0/', 'license_image': 'https://i.creativecommons.org/l/by/4.0/88x31.png', 'permission': 0, 'url_name': '', 'thumbnail_url': '/OpenRobotics/models/SurgicalTrolleyMed/tip/files/thumbnails/1.png', 'version': 2, 'private': False, 'categories': ['Appliance']}, {'createdAt': '2019-10-28T06:42:26Z', 'updatedAt': '2026-02-07T10:49:04Z', 'name': 'StorageRackCovered', 'owner': 'OpenRobotics', 'description': 'Storage rack covered.', 'likes': 0, 'downloads': 23470, 'filesize': 536807, 'upload_date': '2019-10-28T06:42:22Z', 'modify_date': '2023-09-27T16:19:32Z', 'license_id': 2, 'license_name': 'Creative Commons Attribution 4.0 International', 'license_url': 'http://creativecommons.org/licenses/by/4.0/', 'license_image': 'https://i.creativecommons.org/l/by/4.0/88x31.png', 'permission': 0, 'url_name': '', 'thumbnail_url': '/OpenRobotics/models/StorageRackCovered/tip/files/thumbnails/1.png', 'version': 2, 'private': False, 'tags': ['hospital']}, {'createdAt': '2020-06-22T08:38:48Z', 'updatedAt': '2026-02-07T10:49:10Z', 'name': 'KitchenSink', 'owner': 'OpenRobotics', 'description': 'A countertop with a kitchen sink', 'likes': 1, 'downloads': 41772, 'filesize': 41731, 'upload_date': '2020-06-22T08:38:47Z', 'modify_date': '2023-09-27T15:30:05Z', 'license_id': 2, 'license_name': 'Creative Commons Attribution 4.0 International', 'license_url': 'http://creativecommons.org/licenses/by/4.0/', 'license_image': 'https://i.creativecommons.org/l/by/4.0/88x31.png', 'permission': 0, 'url_name': '', 'thumbnail_url': '/OpenRobotics/models/KitchenSink/tip/files/thumbnails/1.png', 'version': 2, 'private': False, 'categories': ['Furniture and Home', 'Kitchen']}, {'createdAt': '2020-06-25T10:18:48Z', 'updatedAt': '2026-02-07T10:49:16Z', 'name': 'Toilet', 'owner': 'OpenRobotics', 'description': 'A generic toilet', 'likes': 0, 'downloads': 104447, 'filesize': 205503, 'upload_date': '2020-06-25T10:18:46Z', 'modify_date': '2023-09-27T15:27:37Z', 'license_id': 2, 'license_name': 'Creative Commons Attribution 4.0 International', 'license_url': 'http://creativecommons.org/licenses/by/4.0/', 'license_image': 'https://i.creativecommons.org/l/by/4.0/88x31.png', 'permission': 0, 'url_name': '', 'thumbnail_url': '/OpenRobotics/models/Toilet/tip/files/thumbnails/1.png', 'version': 2, 'private': False, 'categories': ['Furniture and Home']}, {'createdAt': '2020-06-25T10:20:57Z', 'updatedAt': '2026-02-07T10:49:22Z', 'name': 'VendingMachine', 'owner': 'OpenRobotics', 'description': 'Beverage vending device mostly seen across singapore, including hospitals', 'likes': 0, 'downloads': 87948, 'filesize': 619550, 'upload_date': '2020-06-25T10:20:53Z', 'modify_date': '2023-09-27T15:27:16Z', 'license_id': 2, 'license_name': 'Creative Commons Attribution 4.0 International', 'license_url': 'http://creativecommons.org/licenses/by/4.0/', 'license_image': 'https://i.creativecommons.org/l/by/4.0/88x31.png', 'permission': 0, 'url_name': '', 'thumbnail_url': '/OpenRobotics/models/VendingMachine/tip/files/thumbnails/1.png', 'version': 3, 'private': False, 'categories': ['Appliance']}, {'createdAt': '2019-10-28T06:31:59Z', 'updatedAt': '2026-02-07T10:49:28Z', 'name': 'ParkingTrolleyMin', 'owner': 'OpenRobotics', 'description': 'Trolley and carts parking area with bags, this one has less bags', 'likes': 0, 'downloads': 5330, 'filesize': 1946726, 'upload_date': '2019-10-28T06:31:55Z', 'modify_date': '2023-09-27T16:20:24Z', 'license_id': 2, 'license_name': 'Creative Commons Attribution 4.0 International', 'license_url': 'http://creativecommons.org/licenses/by/4.0/', 'license_image': 'https://i.creativecommons.org/l/by/4.0/88x31.png', 'permission': 0, 'url_name': '', 'thumbnail_url': '/OpenRobotics/models/ParkingTrolleyMin/tip/files/thumbnails/1.png', 'version': 3, 'private': False, 'tags': ['hospital']}, {'createdAt': '2020-06-25T10:17:29Z', 'updatedAt': '2026-02-07T10:49:34Z', 'name': 'PatientFSit', 'owner': 'OpenRobotics', 'description': '', 'likes': 0, 'downloads': 32721, 'filesize': 657045, 'upload_date': '2020-06-25T10:17:27Z', 'modify_date': '2023-09-27T15:27:47Z', 'license_id': 2, 'license_name': 'Creative Commons Attribution 4.0 International', 'license_url': 'http://creativecommons.org/licenses/by/4.0/', 'license_image': 'https://i.creativecommons.org/l/by/4.0/88x31.png', 'permission': 0, 'url_name': '', 'thumbnail_url': '/OpenRobotics/models/PatientFSit/tip/files/thumbnails/1.png', 'version': 2, 'private': False, 'categories': ['People']}, {'createdAt': '2020-06-25T10:13:35Z', 'updatedAt': '2026-02-07T10:49:41Z', 'name': 'MaleVisitorOnPhone', 'owner': 'OpenRobotics', 'description': 'A man wearing purple shirt, looking at his phone', 'likes': 0, 'downloads': 59801, 'filesize': 1394258, 'upload_date': '2020-06-25T10:13:33Z', 'modify_date': '2023-09-27T15:28:15Z', 'license_id': 2, 'license_name': 'Creative Commons Attribution 4.0 International', 'license_url': 'http://creativecommons.org/licenses/by/4.0/', 'license_image': 'https://i.creativecommons.org/l/by/4.0/88x31.png', 'permission': 0, 'url_name': '', 'thumbnail_url': '/OpenRobotics/models/MaleVisitorOnPhone/tip/files/thumbnails/1.png', 'version': 2, 'private': False, 'categories': ['People', 'Tablet and Smartphone']}, {'createdAt': '2020-05-20T19:33:13Z', 'updatedAt': '2026-02-07T10:49:47Z', 'name': 'FemaleVisitor', 'owner': 'OpenRobotics', 'description': 'Female visitor', 'likes': 0, 'downloads': 65789, 'filesize': 685516, 'upload_date': '2020-05-20T19:33:11Z', 'modify_date': '2023-09-27T15:40:27Z', 'license_id': 2, 'license_name': 'Creative Commons Attribution 4.0 International', 'license_url': 'http://creativecommons.org/licenses/by/4.0/', 'license_image': 'https://i.creativecommons.org/l/by/4.0/88x31.png', 'permission': 0, 'url_name': '', 'thumbnail_url': '/OpenRobotics/models/FemaleVisitor/tip/files/thumbnails/1.png', 'version': 2, 'private': False, 'categories': ['People']}, {'createdAt': '2020-06-25T10:12:27Z', 'updatedAt': '2026-02-07T10:49:53Z', 'name': 'MalePatientBed', 'owner': 'OpenRobotics', 'description': 'A male patient lying down on a hospital bed.\nCharacter generated from Autodesk Character Generator - https://charactergenerator.autodesk.com/\nPose from Mixamo - https://www.mixamo.com/\nBed from Cole Biesemeyer.', 'likes': 0, 'downloads': 6622, 'filesize': 2087725, 'upload_date': '2020-06-25T10:12:25Z', 'modify_date': '2023-09-27T15:28:21Z', 'license_id': 2, 'license_name': 'Creative Commons Attribution 4.0 International', 'license_url': 'http://creativecommons.org/licenses/by/4.0/', 'license_image': 'https://i.creativecommons.org/l/by/4.0/88x31.png', 'permission': 0, 'url_name': '', 'thumbnail_url': '/OpenRobotics/models/MalePatientBed/tip/files/thumbnails/1.png', 'version': 2, 'private': False, 'categories': ['People']}, {'createdAt': '2019-10-28T06:41:39Z', 'updatedAt': '2026-02-07T10:50:00Z', 'name': 'StorageRackCoverOpen', 'owner': 'OpenRobotics', 'description': 'Storage rack with blue cover, open.', 'likes': 1, 'downloads': 22149, 'filesize': 635216, 'upload_date': '2019-10-28T06:41:36Z', 'modify_date': '2023-09-27T16:19:41Z', 'license_id': 2, 'license_name': 'Creative Commons Attribution 4.0 International', 'license_url': 'http://creativecommons.org/licenses/by/4.0/', 'license_image': 'https://i.creativecommons.org/l/by/4.0/88x31.png', 'permission': 0, 'url_name': '', 'thumbnail_url': '/OpenRobotics/models/StorageRackCoverOpen/tip/files/thumbnails/1.png', 'version': 2, 'private': False, 'tags': ['hospital']}, {'createdAt': '2019-10-28T06:30:59Z', 'updatedAt': '2026-02-07T10:50:06Z', 'name': 'ParkingTrolleyMax', 'owner': 'OpenRobotics', 'description': 'Trolley and carts parking area with bags, this one has more bags', 'likes': 0, 'downloads': 39654, 'filesize': 778398, 'upload_date': '2019-10-28T06:30:55Z', 'modify_date': '2023-09-27T16:20:32Z', 'license_id': 2, 'license_name': 'Creative Commons Attribution 4.0 International', 'license_url': 'http://creativecommons.org/licenses/by/4.0/', 'license_image': 'https://i.creativecommons.org/l/by/4.0/88x31.png', 'permission': 0, 'url_name': '', 'thumbnail_url': '/OpenRobotics/models/ParkingTrolleyMax/tip/files/thumbnails/1.png', 'version': 3, 'private': False, 'tags': ['hospital']}]
[28.093s] INFO:root:Downloading zip files and extracting them into /home/alberto/tfg/Reconocimiento-y-sintesis-visual-Tiago/workspace/src/aws-robomaker-hospital-world/fuel_models directory
[28.093s] INFO:root:Model XRayMachine already downloaded.
[28.093s] INFO:root:Model IVStand already downloaded.
[28.093s] INFO:root:Model BloodPressureMonitor already downloaded.
[28.093s] INFO:root:Model BPCart already downloaded.
[28.093s] INFO:root:Model BMWCart already downloaded.
[28.093s] INFO:root:Model CGMClassic already downloaded.
[28.094s] INFO:root:Model StorageRack already downloaded.
[28.094s] INFO:root:Model Chair already downloaded.
[28.094s] INFO:root:Model InstrumentCart1 already downloaded.
[28.094s] INFO:root:Model Scrubs already downloaded.
[28.094s] INFO:root:Model PatientWheelChair already downloaded.
[28.094s] INFO:root:Model WhiteChipChair already downloaded.
[28.094s] INFO:root:Model TrolleyBed already downloaded.
[28.094s] INFO:root:Model SurgicalTrolley already downloaded.
[28.094s] INFO:root:Model PotatoChipChair already downloaded.
[28.094s] INFO:root:Model VisitorKidSit already downloaded.
[28.094s] INFO:root:Model FemaleVisitorSit already downloaded.
[28.094s] INFO:root:Model AdjTable already downloaded.
[28.094s] INFO:root:Model MopCart3 already downloaded.
[28.094s] INFO:root:Model MaleVisitorSit already downloaded.
[28.094s] INFO:root:Model Drawer already downloaded.
[28.094s] INFO:root:Model OfficeChairBlack already downloaded.
[28.094s] INFO:root:Model ElderLadyPatient already downloaded.
[28.094s] INFO:root:Model ElderMalePatient already downloaded.
[28.094s] INFO:root:Model InstrumentCart2 already downloaded.
[28.094s] INFO:root:Model MetalCabinet already downloaded.
[28.094s] INFO:root:Model BedTable already downloaded.
[28.095s] INFO:root:Model BedsideTable already downloaded.
[28.095s] INFO:root:Model AnesthesiaMachine already downloaded.
[28.095s] INFO:root:Model TrolleyBedPatient already downloaded.
[28.095s] INFO:root:Model Shower already downloaded.
[28.095s] INFO:root:Model SurgicalTrolleyMed already downloaded.
[28.095s] INFO:root:Model StorageRackCovered already downloaded.
[28.095s] INFO:root:Model KitchenSink already downloaded.
[28.095s] INFO:root:Model Toilet already downloaded.
[28.095s] INFO:root:Model VendingMachine already downloaded.
[28.095s] INFO:root:Model ParkingTrolleyMin already downloaded.
[28.095s] INFO:root:Model PatientFSit already downloaded.
[28.095s] INFO:root:Model MaleVisitorOnPhone already downloaded.
[28.095s] INFO:root:Model FemaleVisitor already downloaded.
[28.095s] INFO:root:Model MalePatientBed already downloaded.
[28.095s] INFO:root:Model StorageRackCoverOpen already downloaded.
[28.095s] INFO:root:Model ParkingTrolleyMax already downloaded.
[28.095s] INFO:root:Creating database file: /home/alberto/tfg/Reconocimiento-y-sintesis-visual-Tiago/workspace/src/aws-robomaker-hospital-world/fuel_models/database.config
[28.095s] INFO:root:All done!
[28.170s] -- Configuring done
[28.176s] -- Generating done
[28.178s] -- Build files have been written to: /home/alberto/tfg/Reconocimiento-y-sintesis-visual-Tiago/workspace/build/aws_robomaker_hospital_world
[28.195s] Invoked command in '/home/alberto/tfg/Reconocimiento-y-sintesis-visual-Tiago/workspace/build/aws_robomaker_hospital_world' returned '0': CMAKE_PREFIX_PATH=${CMAKE_PREFIX_PATH}:/home/alberto/tfg/Reconocimiento-y-sintesis-visual-Tiago/workspace/install/tests:/home/alberto/tfg/Reconocimiento-y-sintesis-visual-Tiago/workspace/install/launch_pal:/opt/ros/humble /usr/bin/cmake /home/alberto/tfg/Reconocimiento-y-sintesis-visual-Tiago/workspace/src/aws-robomaker-hospital-world -DAMENT_CMAKE_SYMLINK_INSTALL=1 -DCMAKE_INSTALL_PREFIX=/home/alberto/tfg/Reconocimiento-y-sintesis-visual-Tiago/workspace/install/aws_robomaker_hospital_world
[28.196s] Invoking command in '/home/alberto/tfg/Reconocimiento-y-sintesis-visual-Tiago/workspace/build/aws_robomaker_hospital_world': CMAKE_PREFIX_PATH=${CMAKE_PREFIX_PATH}:/home/alberto/tfg/Reconocimiento-y-sintesis-visual-Tiago/workspace/install/tests:/home/alberto/tfg/Reconocimiento-y-sintesis-visual-Tiago/workspace/install/launch_pal:/opt/ros/humble /usr/bin/cmake --build /home/alberto/tfg/Reconocimiento-y-sintesis-visual-Tiago/workspace/build/aws_robomaker_hospital_world -- -j16 -l16
[28.239s] Invoked command in '/home/alberto/tfg/Reconocimiento-y-sintesis-visual-Tiago/workspace/build/aws_robomaker_hospital_world' returned '0': CMAKE_PREFIX_PATH=${CMAKE_PREFIX_PATH}:/home/alberto/tfg/Reconocimiento-y-sintesis-visual-Tiago/workspace/install/tests:/home/alberto/tfg/Reconocimiento-y-sintesis-visual-Tiago/workspace/install/launch_pal:/opt/ros/humble /usr/bin/cmake --build /home/alberto/tfg/Reconocimiento-y-sintesis-visual-Tiago/workspace/build/aws_robomaker_hospital_world -- -j16 -l16
[28.240s] Invoking command in '/home/alberto/tfg/Reconocimiento-y-sintesis-visual-Tiago/workspace/build/aws_robomaker_hospital_world': CMAKE_PREFIX_PATH=${CMAKE_PREFIX_PATH}:/home/alberto/tfg/Reconocimiento-y-sintesis-visual-Tiago/workspace/install/tests:/home/alberto/tfg/Reconocimiento-y-sintesis-visual-Tiago/workspace/install/launch_pal:/opt/ros/humble /usr/bin/cmake --install /home/alberto/tfg/Reconocimiento-y-sintesis-visual-Tiago/workspace/build/aws_robomaker_hospital_world
[28.247s] -- Install configuration: ""
[28.248s] -- Execute custom install script
[28.248s] -- Symlinking: /home/alberto/tfg/Reconocimiento-y-sintesis-visual-Tiago/workspace/install/aws_robomaker_hospital_world/share/aws_robomaker_hospital_world/launch/hospital.launch.py
[28.257s] -- Symlinking: /home/alberto/tfg/Reconocimiento-y-sintesis-visual-Tiago/workspace/install/aws_robomaker_hospital_world/share/aws_robomaker_hospital_world/launch/view_hospital.launch.py
[28.269s] -- Symlinking: /home/alberto/tfg/Reconocimiento-y-sintesis-visual-Tiago/workspace/install/aws_robomaker_hospital_world/share/aws_robomaker_hospital_world/models/aws_robomaker_hospital_curtain_closed_01/meshes/aws_robomaker_hospital_curtain_closed_01_collision.dae
[28.279s] -- Symlinking: /home/alberto/tfg/Reconocimiento-y-sintesis-visual-Tiago/workspace/install/aws_robomaker_hospital_world/share/aws_robomaker_hospital_world/models/aws_robomaker_hospital_curtain_closed_01/meshes/aws_robomaker_hospital_curtain_closed_01_low.png
[28.287s] -- Symlinking: /home/alberto/tfg/Reconocimiento-y-sintesis-visual-Tiago/workspace/install/aws_robomaker_hospital_world/share/aws_robomaker_hospital_world/models/aws_robomaker_hospital_curtain_closed_01/meshes/aws_robomaker_hospital_curtain_closed_01_low_normal.png
[28.296s] -- Symlinking: /home/alberto/tfg/Reconocimiento-y-sintesis-visual-Tiago/workspace/install/aws_robomaker_hospital_world/share/aws_robomaker_hospital_world/models/aws_robomaker_hospital_curtain_closed_01/meshes/aws_robomaker_hospital_curtain_closed_01_visual.dae
[28.304s] -- Symlinking: /home/alberto/tfg/Reconocimiento-y-sintesis-visual-Tiago/workspace/install/aws_robomaker_hospital_world/share/aws_robomaker_hospital_world/models/aws_robomaker_hospital_curtain_closed_01/meshes/aws_robomaker_hospital_curtain_closed_01_visual.png
[28.313s] -- Symlinking: /home/alberto/tfg/Reconocimiento-y-sintesis-visual-Tiago/workspace/install/aws_robomaker_hospital_world/share/aws_robomaker_hospital_world/models/aws_robomaker_hospital_curtain_closed_01/meshes/aws_robomaker_hospital_curtain_closed_01_visual_normal.png
[28.321s] -- Symlinking: /home/alberto/tfg/Reconocimiento-y-sintesis-visual-Tiago/workspace/install/aws_robomaker_hospital_world/share/aws_robomaker_hospital_world/models/aws_robomaker_hospital_curtain_closed_01/meshes/aws_robomaker_hospital_curtainrail_01_low.png
[28.330s] -- Symlinking: /home/alberto/tfg/Reconocimiento-y-sintesis-visual-Tiago/workspace/install/aws_robomaker_hospital_world/share/aws_robomaker_hospital_world/models/aws_robomaker_hospital_curtain_closed_01/meshes/aws_robomaker_hospital_curtainrail_01_low_normal.png
[28.338s] -- Symlinking: /home/alberto/tfg/Reconocimiento-y-sintesis-visual-Tiago/workspace/install/aws_robomaker_hospital_world/share/aws_robomaker_hospital_world/models/aws_robomaker_hospital_curtain_closed_01/meshes/aws_robomaker_hospital_curtainrail_01_visual.png
[28.346s] -- Symlinking: /home/alberto/tfg/Reconocimiento-y-sintesis-visual-Tiago/workspace/install/aws_robomaker_hospital_world/share/aws_robomaker_hospital_world/models/aws_robomaker_hospital_curtain_closed_01/meshes/aws_robomaker_hospital_curtainrail_01_visual_normal.png
[28.354s] -- Symlinking: /home/alberto/tfg/Reconocimiento-y-sintesis-visual-Tiago/workspace/install/aws_robomaker_hospital_world/share/aws_robomaker_hospital_world/models/aws_robomaker_hospital_curtain_closed_01/model.config
[28.362s] -- Symlinking: /home/alberto/tfg/Reconocimiento-y-sintesis-visual-Tiago/workspace/install/aws_robomaker_hospital_world/share/aws_robomaker_hospital_world/models/aws_robomaker_hospital_curtain_closed_01/model.sdf
[28.370s] -- Symlinking: /home/alberto/tfg/Reconocimiento-y-sintesis-visual-Tiago/workspace/install/aws_robomaker_hospital_world/share/aws_robomaker_hospital_world/models/aws_robomaker_hospital_curtain_half_open_01/meshes/aws_robomaker_hospital_curtain_half_open_01_collision.dae
[28.378s] -- Symlinking: /home/alberto/tfg/Reconocimiento-y-sintesis-visual-Tiago/workspace/install/aws_robomaker_hospital_world/share/aws_robomaker_hospital_world/models/aws_robomaker_hospital_curtain_half_open_01/meshes/aws_robomaker_hospital_curtain_half_open_01_low.png
[28.386s] -- Symlinking: /home/alberto/tfg/Reconocimiento-y-sintesis-visual-Tiago/workspace/install/aws_robomaker_hospital_world/share/aws_robomaker_hospital_world/models/aws_robomaker_hospital_curtain_half_open_01/meshes/aws_robomaker_hospital_curtain_half_open_01_low_normal.png
[28.394s] -- Symlinking: /home/alberto/tfg/Reconocimiento-y-sintesis-visual-Tiago/workspace/install/aws_robomaker_hospital_world/share/aws_robomaker_hospital_world/models/aws_robomaker_hospital_curtain_half_open_01/meshes/aws_robomaker_hospital_curtain_half_open_01_visual.dae
[28.402s] -- Symlinking: /home/alberto/tfg/Reconocimiento-y-sintesis-visual-Tiago/workspace/install/aws_robomaker_hospital_world/share/aws_robomaker_hospital_world/models/aws_robomaker_hospital_curtain_half_open_01/meshes/aws_robomaker_hospital_curtain_half_open_01_visual.png
[28.410s] -- Symlinking: /home/alberto/tfg/Reconocimiento-y-sintesis-visual-Tiago/workspace/install/aws_robomaker_hospital_world/share/aws_robomaker_hospital_world/models/aws_robomaker_hospital_curtain_half_open_01/meshes/aws_robomaker_hospital_curtain_half_open_01_visual_normal.png
[28.418s] -- Symlinking: /home/alberto/tfg/Reconocimiento-y-sintesis-visual-Tiago/workspace/install/aws_robomaker_hospital_world/share/aws_robomaker_hospital_world/models/aws_robomaker_hospital_curtain_half_open_01/meshes/aws_robomaker_hospital_curtainrail_01_low.png
[28.426s] -- Symlinking: /home/alberto/tfg/Reconocimiento-y-sintesis-visual-Tiago/workspace/install/aws_robomaker_hospital_world/share/aws_robomaker_hospital_world/models/aws_robomaker_hospital_curtain_half_open_01/meshes/aws_robomaker_hospital_curtainrail_01_low_normal.png
[28.434s] -- Symlinking: /home/alberto/tfg/Reconocimiento-y-sintesis-visual-Tiago/workspace/install/aws_robomaker_hospital_world/share/aws_robomaker_hospital_world/models/aws_robomaker_hospital_curtain_half_open_01/meshes/aws_robomaker_hospital_curtainrail_01_visual.png
[28.442s] -- Symlinking: /home/alberto/tfg/Reconocimiento-y-sintesis-visual-Tiago/workspace/install/aws_robomaker_hospital_world/share/aws_robomaker_hospital_world/models/aws_robomaker_hospital_curtain_half_open_01/meshes/aws_robomaker_hospital_curtainrail_01_visual_normal.png
[28.451s] -- Symlinking: /home/alberto/tfg/Reconocimiento-y-sintesis-visual-Tiago/workspace/install/aws_robomaker_hospital_world/share/aws_robomaker_hospital_world/models/aws_robomaker_hospital_curtain_half_open_01/model.config
[28.459s] -- Symlinking: /home/alberto/tfg/Reconocimiento-y-sintesis-visual-Tiago/workspace/install/aws_robomaker_hospital_world/share/aws_robomaker_hospital_world/models/aws_robomaker_hospital_curtain_half_open_01/model.sdf
[28.467s] -- Symlinking: /home/alberto/tfg/Reconocimiento-y-sintesis-visual-Tiago/workspace/install/aws_robomaker_hospital_world/share/aws_robomaker_hospital_world/models/aws_robomaker_hospital_curtain_open_01/meshes/aws_robomaker_hospital_curtain_open_01_collision.dae
[28.475s] -- Symlinking: /home/alberto/tfg/Reconocimiento-y-sintesis-visual-Tiago/workspace/install/aws_robomaker_hospital_world/share/aws_robomaker_hospital_world/models/aws_robomaker_hospital_curtain_open_01/meshes/aws_robomaker_hospital_curtain_open_01_low.png
[28.483s] -- Symlinking: /home/alberto/tfg/Reconocimiento-y-sintesis-visual-Tiago/workspace/install/aws_robomaker_hospital_world/share/aws_robomaker_hospital_world/models/aws_robomaker_hospital_curtain_open_01/meshes/aws_robomaker_hospital_curtain_open_01_low_normal.png
[28.491s] -- Symlinking: /home/alberto/tfg/Reconocimiento-y-sintesis-visual-Tiago/workspace/install/aws_robomaker_hospital_world/share/aws_robomaker_hospital_world/models/aws_robomaker_hospital_curtain_open_01/meshes/aws_robomaker_hospital_curtain_open_01_visual.dae
[28.499s] -- Symlinking: /home/alberto/tfg/Reconocimiento-y-sintesis-visual-Tiago/workspace/install/aws_robomaker_hospital_world/share/aws_robomaker_hospital_world/models/aws_robomaker_hospital_curtain_open_01/meshes/aws_robomaker_hospital_curtain_open_01_visual.png
[28.508s] -- Symlinking: /home/alberto/tfg/Reconocimiento-y-sintesis-visual-Tiago/workspace/install/aws_robomaker_hospital_world/share/aws_robomaker_hospital_world/models/aws_robomaker_hospital_curtain_open_01/meshes/aws_robomaker_hospital_curtain_open_01_visual_normal.png
[28.516s] -- Symlinking: /home/alberto/tfg/Reconocimiento-y-sintesis-visual-Tiago/workspace/install/aws_robomaker_hospital_world/share/aws_robomaker_hospital_world/models/aws_robomaker_hospital_curtain_open_01/meshes/aws_robomaker_hospital_curtainrail_01_low.png
[28.523s] -- Symlinking: /home/alberto/tfg/Reconocimiento-y-sintesis-visual-Tiago/workspace/install/aws_robomaker_hospital_world/share/aws_robomaker_hospital_world/models/aws_robomaker_hospital_curtain_open_01/meshes/aws_robomaker_hospital_curtainrail_01_low_normal.png
[28.532s] -- Symlinking: /home/alberto/tfg/Reconocimiento-y-sintesis-visual-Tiago/workspace/install/aws_robomaker_hospital_world/share/aws_robomaker_hospital_world/models/aws_robomaker_hospital_curtain_open_01/meshes/aws_robomaker_hospital_curtainrail_01_visual.png
[28.540s] -- Symlinking: /home/alberto/tfg/Reconocimiento-y-sintesis-visual-Tiago/workspace/install/aws_robomaker_hospital_world/share/aws_robomaker_hospital_world/models/aws_robomaker_hospital_curtain_open_01/meshes/aws_robomaker_hospital_curtainrail_01_visual_normal.png
[28.548s] -- Symlinking: /home/alberto/tfg/Reconocimiento-y-sintesis-visual-Tiago/workspace/install/aws_robomaker_hospital_world/share/aws_robomaker_hospital_world/models/aws_robomaker_hospital_curtain_open_01/model.config
[28.557s] -- Symlinking: /home/alberto/tfg/Reconocimiento-y-sintesis-visual-Tiago/workspace/install/aws_robomaker_hospital_world/share/aws_robomaker_hospital_world/models/aws_robomaker_hospital_curtain_open_01/model.sdf
[28.565s] -- Symlinking: /home/alberto/tfg/Reconocimiento-y-sintesis-visual-Tiago/workspace/install/aws_robomaker_hospital_world/share/aws_robomaker_hospital_world/models/aws_robomaker_hospital_elevator_01_car/meshes/aws_robomaker_hospital_elevator_01_car_collision.dae
[28.574s] -- Symlinking: /home/alberto/tfg/Reconocimiento-y-sintesis-visual-Tiago/workspace/install/aws_robomaker_hospital_world/share/aws_robomaker_hospital_world/models/aws_robomaker_hospital_elevator_01_car/meshes/aws_robomaker_hospital_elevator_01_car_low.dae
[28.582s] -- Symlinking: /home/alberto/tfg/Reconocimiento-y-sintesis-visual-Tiago/workspace/install/aws_robomaker_hospital_world/share/aws_robomaker_hospital_world/models/aws_robomaker_hospital_elevator_01_car/meshes/aws_robomaker_hospital_elevator_01_car_visual.dae
[28.590s] -- Symlinking: /home/alberto/tfg/Reconocimiento-y-sintesis-visual-Tiago/workspace/install/aws_robomaker_hospital_world/share/aws_robomaker_hospital_world/models/aws_robomaker_hospital_elevator_01_car/meshes/aws_robomaker_hospital_elevator_01_low.png
[28.598s] -- Symlinking: /home/alberto/tfg/Reconocimiento-y-sintesis-visual-Tiago/workspace/install/aws_robomaker_hospital_world/share/aws_robomaker_hospital_world/models/aws_robomaker_hospital_elevator_01_car/meshes/aws_robomaker_hospital_elevator_01_low_normal.png
[28.607s] -- Symlinking: /home/alberto/tfg/Reconocimiento-y-sintesis-visual-Tiago/workspace/install/aws_robomaker_hospital_world/share/aws_robomaker_hospital_world/models/aws_robomaker_hospital_elevator_01_car/meshes/aws_robomaker_hospital_elevator_01_visual.png
[28.616s] -- Symlinking: /home/alberto/tfg/Reconocimiento-y-sintesis-visual-Tiago/workspace/install/aws_robomaker_hospital_world/share/aws_robomaker_hospital_world/models/aws_robomaker_hospital_elevator_01_car/meshes/aws_robomaker_hospital_elevator_01_visual_normal.png
[28.625s] -- Symlinking: /home/alberto/tfg/Reconocimiento-y-sintesis-visual-Tiago/workspace/install/aws_robomaker_hospital_world/share/aws_robomaker_hospital_world/models/aws_robomaker_hospital_elevator_01_car/model.config
[28.633s] -- Symlinking: /home/alberto/tfg/Reconocimiento-y-sintesis-visual-Tiago/workspace/install/aws_robomaker_hospital_world/share/aws_robomaker_hospital_world/models/aws_robomaker_hospital_elevator_01_car/model.sdf
[28.641s] -- Symlinking: /home/alberto/tfg/Reconocimiento-y-sintesis-visual-Tiago/workspace/install/aws_robomaker_hospital_world/share/aws_robomaker_hospital_world/models/aws_robomaker_hospital_elevator_01_door/meshes/aws_robomaker_hospital_elevator_01_door_collision.dae
[28.649s] -- Symlinking: /home/alberto/tfg/Reconocimiento-y-sintesis-visual-Tiago/workspace/install/aws_robomaker_hospital_world/share/aws_robomaker_hospital_world/models/aws_robomaker_hospital_elevator_01_door/meshes/aws_robomaker_hospital_elevator_01_door_low.dae
[28.658s] -- Symlinking: /home/alberto/tfg/Reconocimiento-y-sintesis-visual-Tiago/workspace/install/aws_robomaker_hospital_world/share/aws_robomaker_hospital_world/models/aws_robomaker_hospital_elevator_01_door/meshes/aws_robomaker_hospital_elevator_01_door_visual.dae
[28.667s] -- Symlinking: /home/alberto/tfg/Reconocimiento-y-sintesis-visual-Tiago/workspace/install/aws_robomaker_hospital_world/share/aws_robomaker_hospital_world/models/aws_robomaker_hospital_elevator_01_door/meshes/aws_robomaker_hospital_elevator_01_low.png
[28.675s] -- Symlinking: /home/alberto/tfg/Reconocimiento-y-sintesis-visual-Tiago/workspace/install/aws_robomaker_hospital_world/share/aws_robomaker_hospital_world/models/aws_robomaker_hospital_elevator_01_door/meshes/aws_robomaker_hospital_elevator_01_low_normal.png
[28.683s] -- Symlinking: /home/alberto/tfg/Reconocimiento-y-sintesis-visual-Tiago/workspace/install/aws_robomaker_hospital_world/share/aws_robomaker_hospital_world/models/aws_robomaker_hospital_elevator_01_door/meshes/aws_robomaker_hospital_elevator_01_visual.png
[28.692s] -- Symlinking: /home/alberto/tfg/Reconocimiento-y-sintesis-visual-Tiago/workspace/install/aws_robomaker_hospital_world/share/aws_robomaker_hospital_world/models/aws_robomaker_hospital_elevator_01_door/meshes/aws_robomaker_hospital_elevator_01_visual_normal.png
[28.700s] -- Symlinking: /home/alberto/tfg/Reconocimiento-y-sintesis-visual-Tiago/workspace/install/aws_robomaker_hospital_world/share/aws_robomaker_hospital_world/models/aws_robomaker_hospital_elevator_01_door/model.config
[28.709s] -- Symlinking: /home/alberto/tfg/Reconocimiento-y-sintesis-visual-Tiago/workspace/install/aws_robomaker_hospital_world/share/aws_robomaker_hospital_world/models/aws_robomaker_hospital_elevator_01_door/model.sdf
[28.717s] -- Symlinking: /home/alberto/tfg/Reconocimiento-y-sintesis-visual-Tiago/workspace/install/aws_robomaker_hospital_world/share/aws_robomaker_hospital_world/models/aws_robomaker_hospital_elevator_01_portal/meshes/aws_robomaker_hospital_elevator_01_low.png
[28.725s] -- Symlinking: /home/alberto/tfg/Reconocimiento-y-sintesis-visual-Tiago/workspace/install/aws_robomaker_hospital_world/share/aws_robomaker_hospital_world/models/aws_robomaker_hospital_elevator_01_portal/meshes/aws_robomaker_hospital_elevator_01_low_normal.png
[28.734s] -- Symlinking: /home/alberto/tfg/Reconocimiento-y-sintesis-visual-Tiago/workspace/install/aws_robomaker_hospital_world/share/aws_robomaker_hospital_world/models/aws_robomaker_hospital_elevator_01_portal/meshes/aws_robomaker_hospital_elevator_01_portal_collision.dae
[28.743s] -- Symlinking: /home/alberto/tfg/Reconocimiento-y-sintesis-visual-Tiago/workspace/install/aws_robomaker_hospital_world/share/aws_robomaker_hospital_world/models/aws_robomaker_hospital_elevator_01_portal/meshes/aws_robomaker_hospital_elevator_01_portal_low.dae
[28.752s] -- Symlinking: /home/alberto/tfg/Reconocimiento-y-sintesis-visual-Tiago/workspace/install/aws_robomaker_hospital_world/share/aws_robomaker_hospital_world/models/aws_robomaker_hospital_elevator_01_portal/meshes/aws_robomaker_hospital_elevator_01_portal_visual.dae
[28.760s] -- Symlinking: /home/alberto/tfg/Reconocimiento-y-sintesis-visual-Tiago/workspace/install/aws_robomaker_hospital_world/share/aws_robomaker_hospital_world/models/aws_robomaker_hospital_elevator_01_portal/meshes/aws_robomaker_hospital_elevator_01_visual.png
[28.769s] -- Symlinking: /home/alberto/tfg/Reconocimiento-y-sintesis-visual-Tiago/workspace/install/aws_robomaker_hospital_world/share/aws_robomaker_hospital_world/models/aws_robomaker_hospital_elevator_01_portal/meshes/aws_robomaker_hospital_elevator_01_visual_normal.png
[28.777s] -- Symlinking: /home/alberto/tfg/Reconocimiento-y-sintesis-visual-Tiago/workspace/install/aws_robomaker_hospital_world/share/aws_robomaker_hospital_world/models/aws_robomaker_hospital_elevator_01_portal/model.config
[28.786s] -- Symlinking: /home/alberto/tfg/Reconocimiento-y-sintesis-visual-Tiago/workspace/install/aws_robomaker_hospital_world/share/aws_robomaker_hospital_world/models/aws_robomaker_hospital_elevator_01_portal/model.sdf
[28.795s] -- Symlinking: /home/alberto/tfg/Reconocimiento-y-sintesis-visual-Tiago/workspace/install/aws_robomaker_hospital_world/share/aws_robomaker_hospital_world/models/aws_robomaker_hospital_floor_01_ceiling/meshes/aws_robomaker_hospital_floor_01_ceiling.png
[28.803s] -- Symlinking: /home/alberto/tfg/Reconocimiento-y-sintesis-visual-Tiago/workspace/install/aws_robomaker_hospital_world/share/aws_robomaker_hospital_world/models/aws_robomaker_hospital_floor_01_ceiling/meshes/aws_robomaker_hospital_floor_01_ceiling_collision.dae
[28.812s] -- Symlinking: /home/alberto/tfg/Reconocimiento-y-sintesis-visual-Tiago/workspace/install/aws_robomaker_hospital_world/share/aws_robomaker_hospital_world/models/aws_robomaker_hospital_floor_01_ceiling/meshes/aws_robomaker_hospital_floor_01_ceiling_normal.png
[28.820s] -- Symlinking: /home/alberto/tfg/Reconocimiento-y-sintesis-visual-Tiago/workspace/install/aws_robomaker_hospital_world/share/aws_robomaker_hospital_world/models/aws_robomaker_hospital_floor_01_ceiling/meshes/aws_robomaker_hospital_floor_01_ceiling_visual.dae
[28.828s] -- Symlinking: /home/alberto/tfg/Reconocimiento-y-sintesis-visual-Tiago/workspace/install/aws_robomaker_hospital_world/share/aws_robomaker_hospital_world/models/aws_robomaker_hospital_floor_01_ceiling/model.config
[28.837s] -- Symlinking: /home/alberto/tfg/Reconocimiento-y-sintesis-visual-Tiago/workspace/install/aws_robomaker_hospital_world/share/aws_robomaker_hospital_world/models/aws_robomaker_hospital_floor_01_ceiling/model.sdf
[28.845s] -- Symlinking: /home/alberto/tfg/Reconocimiento-y-sintesis-visual-Tiago/workspace/install/aws_robomaker_hospital_world/share/aws_robomaker_hospital_world/models/aws_robomaker_hospital_floor_01_floor/meshes/aws_robomaker_hospital_floor_01_floor.png
[28.853s] -- Symlinking: /home/alberto/tfg/Reconocimiento-y-sintesis-visual-Tiago/workspace/install/aws_robomaker_hospital_world/share/aws_robomaker_hospital_world/models/aws_robomaker_hospital_floor_01_floor/meshes/aws_robomaker_hospital_floor_01_floor_collision.dae
[28.861s] -- Symlinking: /home/alberto/tfg/Reconocimiento-y-sintesis-visual-Tiago/workspace/install/aws_robomaker_hospital_world/share/aws_robomaker_hospital_world/models/aws_robomaker_hospital_floor_01_floor/meshes/aws_robomaker_hospital_floor_01_floor_normal.png
[28.870s] -- Symlinking: /home/alberto/tfg/Reconocimiento-y-sintesis-visual-Tiago/workspace/install/aws_robomaker_hospital_world/share/aws_robomaker_hospital_world/models/aws_robomaker_hospital_floor_01_floor/meshes/aws_robomaker_hospital_floor_01_floor_visual.dae
[28.878s] -- Symlinking: /home/alberto/tfg/Reconocimiento-y-sintesis-visual-Tiago/workspace/install/aws_robomaker_hospital_world/share/aws_robomaker_hospital_world/models/aws_robomaker_hospital_floor_01_floor/model.config
[28.886s] -- Symlinking: /home/alberto/tfg/Reconocimiento-y-sintesis-visual-Tiago/workspace/install/aws_robomaker_hospital_world/share/aws_robomaker_hospital_world/models/aws_robomaker_hospital_floor_01_floor/model.sdf
[28.894s] -- Symlinking: /home/alberto/tfg/Reconocimiento-y-sintesis-visual-Tiago/workspace/install/aws_robomaker_hospital_world/share/aws_robomaker_hospital_world/models/aws_robomaker_hospital_floor_01_walls/meshes/aws_robomaker_hospital_floor_01_bumprail.png
[28.902s] -- Symlinking: /home/alberto/tfg/Reconocimiento-y-sintesis-visual-Tiago/workspace/install/aws_robomaker_hospital_world/share/aws_robomaker_hospital_world/models/aws_robomaker_hospital_floor_01_walls/meshes/aws_robomaker_hospital_floor_01_doorframes_big.png
[28.910s] -- Symlinking: /home/alberto/tfg/Reconocimiento-y-sintesis-visual-Tiago/workspace/install/aws_robomaker_hospital_world/share/aws_robomaker_hospital_world/models/aws_robomaker_hospital_floor_01_walls/meshes/aws_robomaker_hospital_floor_01_doorframes_small.png
[28.918s] -- Symlinking: /home/alberto/tfg/Reconocimiento-y-sintesis-visual-Tiago/workspace/install/aws_robomaker_hospital_world/share/aws_robomaker_hospital_world/models/aws_robomaker_hospital_floor_01_walls/meshes/aws_robomaker_hospital_floor_01_doorsign.png
[28.926s] -- Symlinking: /home/alberto/tfg/Reconocimiento-y-sintesis-visual-Tiago/workspace/install/aws_robomaker_hospital_world/share/aws_robomaker_hospital_world/models/aws_robomaker_hospital_floor_01_walls/meshes/aws_robomaker_hospital_floor_01_handrail.png
[28.935s] -- Symlinking: /home/alberto/tfg/Reconocimiento-y-sintesis-visual-Tiago/workspace/install/aws_robomaker_hospital_world/share/aws_robomaker_hospital_world/models/aws_robomaker_hospital_floor_01_walls/meshes/aws_robomaker_hospital_floor_01_stairs.png
[28.943s] -- Symlinking: /home/alberto/tfg/Reconocimiento-y-sintesis-visual-Tiago/workspace/install/aws_robomaker_hospital_world/share/aws_robomaker_hospital_world/models/aws_robomaker_hospital_floor_01_walls/meshes/aws_robomaker_hospital_floor_01_walls.png
[28.951s] -- Symlinking: /home/alberto/tfg/Reconocimiento-y-sintesis-visual-Tiago/workspace/install/aws_robomaker_hospital_world/share/aws_robomaker_hospital_world/models/aws_robomaker_hospital_floor_01_walls/meshes/aws_robomaker_hospital_floor_01_walls_collision.dae
[28.959s] -- Symlinking: /home/alberto/tfg/Reconocimiento-y-sintesis-visual-Tiago/workspace/install/aws_robomaker_hospital_world/share/aws_robomaker_hospital_world/models/aws_robomaker_hospital_floor_01_walls/meshes/aws_robomaker_hospital_floor_01_walls_visual.dae
[28.966s] -- Symlinking: /home/alberto/tfg/Reconocimiento-y-sintesis-visual-Tiago/workspace/install/aws_robomaker_hospital_world/share/aws_robomaker_hospital_world/models/aws_robomaker_hospital_floor_01_walls/meshes/aws_robomaker_hospital_floor_01_windows.png
[28.974s] -- Symlinking: /home/alberto/tfg/Reconocimiento-y-sintesis-visual-Tiago/workspace/install/aws_robomaker_hospital_world/share/aws_robomaker_hospital_world/models/aws_robomaker_hospital_floor_01_walls/model.config
[28.983s] -- Symlinking: /home/alberto/tfg/Reconocimiento-y-sintesis-visual-Tiago/workspace/install/aws_robomaker_hospital_world/share/aws_robomaker_hospital_world/models/aws_robomaker_hospital_floor_01_walls/model.sdf
[28.991s] -- Symlinking: /home/alberto/tfg/Reconocimiento-y-sintesis-visual-Tiago/workspace/install/aws_robomaker_hospital_world/share/aws_robomaker_hospital_world/models/aws_robomaker_hospital_floor_02_ceiling/materials/model.sdf
[28.999s] -- Symlinking: /home/alberto/tfg/Reconocimiento-y-sintesis-visual-Tiago/workspace/install/aws_robomaker_hospital_world/share/aws_robomaker_hospital_world/models/aws_robomaker_hospital_floor_02_ceiling/meshes/aws_robomaker_hospital_floor_02_ceiling.png
[29.008s] -- Symlinking: /home/alberto/tfg/Reconocimiento-y-sintesis-visual-Tiago/workspace/install/aws_robomaker_hospital_world/share/aws_robomaker_hospital_world/models/aws_robomaker_hospital_floor_02_ceiling/meshes/aws_robomaker_hospital_floor_02_ceiling_collision.dae
[29.016s] -- Symlinking: /home/alberto/tfg/Reconocimiento-y-sintesis-visual-Tiago/workspace/install/aws_robomaker_hospital_world/share/aws_robomaker_hospital_world/models/aws_robomaker_hospital_floor_02_ceiling/meshes/aws_robomaker_hospital_floor_02_ceiling_normal.png
[29.024s] -- Symlinking: /home/alberto/tfg/Reconocimiento-y-sintesis-visual-Tiago/workspace/install/aws_robomaker_hospital_world/share/aws_robomaker_hospital_world/models/aws_robomaker_hospital_floor_02_ceiling/meshes/aws_robomaker_hospital_floor_02_ceiling_visual.dae
[29.032s] -- Symlinking: /home/alberto/tfg/Reconocimiento-y-sintesis-visual-Tiago/workspace/install/aws_robomaker_hospital_world/share/aws_robomaker_hospital_world/models/aws_robomaker_hospital_floor_02_ceiling/model.config
[29.040s] -- Symlinking: /home/alberto/tfg/Reconocimiento-y-sintesis-visual-Tiago/workspace/install/aws_robomaker_hospital_world/share/aws_robomaker_hospital_world/models/aws_robomaker_hospital_floor_02_ceiling/model.sdf
[29.048s] -- Symlinking: /home/alberto/tfg/Reconocimiento-y-sintesis-visual-Tiago/workspace/install/aws_robomaker_hospital_world/share/aws_robomaker_hospital_world/models/aws_robomaker_hospital_floor_02_floor/meshes/aws_robomaker_hospital_floor_02_floor.png
[29.056s] -- Symlinking: /home/alberto/tfg/Reconocimiento-y-sintesis-visual-Tiago/workspace/install/aws_robomaker_hospital_world/share/aws_robomaker_hospital_world/models/aws_robomaker_hospital_floor_02_floor/meshes/aws_robomaker_hospital_floor_02_floor_collision.dae
[29.065s] -- Symlinking: /home/alberto/tfg/Reconocimiento-y-sintesis-visual-Tiago/workspace/install/aws_robomaker_hospital_world/share/aws_robomaker_hospital_world/models/aws_robomaker_hospital_floor_02_floor/meshes/aws_robomaker_hospital_floor_02_floor_normal.png
[29.073s] -- Symlinking: /home/alberto/tfg/Reconocimiento-y-sintesis-visual-Tiago/workspace/install/aws_robomaker_hospital_world/share/aws_robomaker_hospital_world/models/aws_robomaker_hospital_floor_02_floor/meshes/aws_robomaker_hospital_floor_02_floor_visual.dae
[29.081s] -- Symlinking: /home/alberto/tfg/Reconocimiento-y-sintesis-visual-Tiago/workspace/install/aws_robomaker_hospital_world/share/aws_robomaker_hospital_world/models/aws_robomaker_hospital_floor_02_floor/model.config
[29.089s] -- Symlinking: /home/alberto/tfg/Reconocimiento-y-sintesis-visual-Tiago/workspace/install/aws_robomaker_hospital_world/share/aws_robomaker_hospital_world/models/aws_robomaker_hospital_floor_02_floor/model.sdf
[29.097s] -- Symlinking: /home/alberto/tfg/Reconocimiento-y-sintesis-visual-Tiago/workspace/install/aws_robomaker_hospital_world/share/aws_robomaker_hospital_world/models/aws_robomaker_hospital_floor_02_walls/meshes/aws_robomaker_hospital_floor_02_bumprail.png
[29.106s] -- Symlinking: /home/alberto/tfg/Reconocimiento-y-sintesis-visual-Tiago/workspace/install/aws_robomaker_hospital_world/share/aws_robomaker_hospital_world/models/aws_robomaker_hospital_floor_02_walls/meshes/aws_robomaker_hospital_floor_02_doorframes_big.png
[29.114s] -- Symlinking: /home/alberto/tfg/Reconocimiento-y-sintesis-visual-Tiago/workspace/install/aws_robomaker_hospital_world/share/aws_robomaker_hospital_world/models/aws_robomaker_hospital_floor_02_walls/meshes/aws_robomaker_hospital_floor_02_doorframes_small.png
[29.122s] -- Symlinking: /home/alberto/tfg/Reconocimiento-y-sintesis-visual-Tiago/workspace/install/aws_robomaker_hospital_world/share/aws_robomaker_hospital_world/models/aws_robomaker_hospital_floor_02_walls/meshes/aws_robomaker_hospital_floor_02_doorsign.png
[29.130s] -- Symlinking: /home/alberto/tfg/Reconocimiento-y-sintesis-visual-Tiago/workspace/install/aws_robomaker_hospital_world/share/aws_robomaker_hospital_world/models/aws_robomaker_hospital_floor_02_walls/meshes/aws_robomaker_hospital_floor_02_handrail.png
[29.139s] -- Symlinking: /home/alberto/tfg/Reconocimiento-y-sintesis-visual-Tiago/workspace/install/aws_robomaker_hospital_world/share/aws_robomaker_hospital_world/models/aws_robomaker_hospital_floor_02_walls/meshes/aws_robomaker_hospital_floor_02_stairs.png
[29.147s] -- Symlinking: /home/alberto/tfg/Reconocimiento-y-sintesis-visual-Tiago/workspace/install/aws_robomaker_hospital_world/share/aws_robomaker_hospital_world/models/aws_robomaker_hospital_floor_02_walls/meshes/aws_robomaker_hospital_floor_02_walls.png
[29.155s] -- Symlinking: /home/alberto/tfg/Reconocimiento-y-sintesis-visual-Tiago/workspace/install/aws_robomaker_hospital_world/share/aws_robomaker_hospital_world/models/aws_robomaker_hospital_floor_02_walls/meshes/aws_robomaker_hospital_floor_02_walls_collision.dae
[29.164s] -- Symlinking: /home/alberto/tfg/Reconocimiento-y-sintesis-visual-Tiago/workspace/install/aws_robomaker_hospital_world/share/aws_robomaker_hospital_world/models/aws_robomaker_hospital_floor_02_walls/meshes/aws_robomaker_hospital_floor_02_walls_visual.dae
[29.173s] -- Symlinking: /home/alberto/tfg/Reconocimiento-y-sintesis-visual-Tiago/workspace/install/aws_robomaker_hospital_world/share/aws_robomaker_hospital_world/models/aws_robomaker_hospital_floor_02_walls/meshes/aws_robomaker_hospital_floor_02_windows.png
[29.182s] -- Symlinking: /home/alberto/tfg/Reconocimiento-y-sintesis-visual-Tiago/workspace/install/aws_robomaker_hospital_world/share/aws_robomaker_hospital_world/models/aws_robomaker_hospital_floor_02_walls/model.config
[29.191s] -- Symlinking: /home/alberto/tfg/Reconocimiento-y-sintesis-visual-Tiago/workspace/install/aws_robomaker_hospital_world/share/aws_robomaker_hospital_world/models/aws_robomaker_hospital_floor_02_walls/model.sdf
[29.201s] -- Symlinking: /home/alberto/tfg/Reconocimiento-y-sintesis-visual-Tiago/workspace/install/aws_robomaker_hospital_world/share/aws_robomaker_hospital_world/models/aws_robomaker_hospital_hospitalsign_01/meshes/aws_robomaker_hospital_hospitalsign_01.png
[29.210s] -- Symlinking: /home/alberto/tfg/Reconocimiento-y-sintesis-visual-Tiago/workspace/install/aws_robomaker_hospital_world/share/aws_robomaker_hospital_world/models/aws_robomaker_hospital_hospitalsign_01/meshes/aws_robomaker_hospital_hospitalsign_01_collision.dae
[29.219s] -- Symlinking: /home/alberto/tfg/Reconocimiento-y-sintesis-visual-Tiago/workspace/install/aws_robomaker_hospital_world/share/aws_robomaker_hospital_world/models/aws_robomaker_hospital_hospitalsign_01/meshes/aws_robomaker_hospital_hospitalsign_01_normal.png
[29.228s] -- Symlinking: /home/alberto/tfg/Reconocimiento-y-sintesis-visual-Tiago/workspace/install/aws_robomaker_hospital_world/share/aws_robomaker_hospital_world/models/aws_robomaker_hospital_hospitalsign_01/meshes/aws_robomaker_hospital_hospitalsign_01_visual.dae
[29.237s] -- Symlinking: /home/alberto/tfg/Reconocimiento-y-sintesis-visual-Tiago/workspace/install/aws_robomaker_hospital_world/share/aws_robomaker_hospital_world/models/aws_robomaker_hospital_hospitalsign_01/model.config
[29.246s] -- Symlinking: /home/alberto/tfg/Reconocimiento-y-sintesis-visual-Tiago/workspace/install/aws_robomaker_hospital_world/share/aws_robomaker_hospital_world/models/aws_robomaker_hospital_hospitalsign_01/model.sdf
[29.254s] -- Symlinking: /home/alberto/tfg/Reconocimiento-y-sintesis-visual-Tiago/workspace/install/aws_robomaker_hospital_world/share/aws_robomaker_hospital_world/models/aws_robomaker_hospital_nursesstation_01/meshes/aws_robomaker_hospital_nursesstation_01_collision.dae
[29.263s] -- Symlinking: /home/alberto/tfg/Reconocimiento-y-sintesis-visual-Tiago/workspace/install/aws_robomaker_hospital_world/share/aws_robomaker_hospital_world/models/aws_robomaker_hospital_nursesstation_01/meshes/aws_robomaker_hospital_nursesstation_01_low.dae
[29.271s] -- Symlinking: /home/alberto/tfg/Reconocimiento-y-sintesis-visual-Tiago/workspace/install/aws_robomaker_hospital_world/share/aws_robomaker_hospital_world/models/aws_robomaker_hospital_nursesstation_01/meshes/aws_robomaker_hospital_nursesstation_01_low.png
[29.280s] -- Symlinking: /home/alberto/tfg/Reconocimiento-y-sintesis-visual-Tiago/workspace/install/aws_robomaker_hospital_world/share/aws_robomaker_hospital_world/models/aws_robomaker_hospital_nursesstation_01/meshes/aws_robomaker_hospital_nursesstation_01_low_normal.png
[29.288s] -- Symlinking: /home/alberto/tfg/Reconocimiento-y-sintesis-visual-Tiago/workspace/install/aws_robomaker_hospital_world/share/aws_robomaker_hospital_world/models/aws_robomaker_hospital_nursesstation_01/meshes/aws_robomaker_hospital_nursesstation_01_visual.dae
[29.296s] -- Symlinking: /home/alberto/tfg/Reconocimiento-y-sintesis-visual-Tiago/workspace/install/aws_robomaker_hospital_world/share/aws_robomaker_hospital_world/models/aws_robomaker_hospital_nursesstation_01/meshes/aws_robomaker_hospital_nursesstation_01_visual.png
[29.304s] -- Symlinking: /home/alberto/tfg/Reconocimiento-y-sintesis-visual-Tiago/workspace/install/aws_robomaker_hospital_world/share/aws_robomaker_hospital_world/models/aws_robomaker_hospital_nursesstation_01/meshes/aws_robomaker_hospital_nursesstation_01_visual_normal.png
[29.312s] -- Symlinking: /home/alberto/tfg/Reconocimiento-y-sintesis-visual-Tiago/workspace/install/aws_robomaker_hospital_world/share/aws_robomaker_hospital_world/models/aws_robomaker_hospital_nursesstation_01/model.config
[29.321s] -- Symlinking: /home/alberto/tfg/Reconocimiento-y-sintesis-visual-Tiago/workspace/install/aws_robomaker_hospital_world/share/aws_robomaker_hospital_world/models/aws_robomaker_hospital_nursesstation_01/model.sdf
[29.330s] -- Symlinking: /home/alberto/tfg/Reconocimiento-y-sintesis-visual-Tiago/workspace/install/aws_robomaker_hospital_world/share/aws_robomaker_hospital_world/models/aws_robomaker_hospital_ramp_01/meshes/aws_robomaker_hospital_ramp_01.png
[29.338s] -- Symlinking: /home/alberto/tfg/Reconocimiento-y-sintesis-visual-Tiago/workspace/install/aws_robomaker_hospital_world/share/aws_robomaker_hospital_world/models/aws_robomaker_hospital_ramp_01/meshes/aws_robomaker_hospital_ramp_01_collision.dae
[29.347s] -- Symlinking: /home/alberto/tfg/Reconocimiento-y-sintesis-visual-Tiago/workspace/install/aws_robomaker_hospital_world/share/aws_robomaker_hospital_world/models/aws_robomaker_hospital_ramp_01/meshes/aws_robomaker_hospital_ramp_01_normal.png
[29.355s] -- Symlinking: /home/alberto/tfg/Reconocimiento-y-sintesis-visual-Tiago/workspace/install/aws_robomaker_hospital_world/share/aws_robomaker_hospital_world/models/aws_robomaker_hospital_ramp_01/meshes/aws_robomaker_hospital_ramp_01_visual.dae
[29.364s] -- Symlinking: /home/alberto/tfg/Reconocimiento-y-sintesis-visual-Tiago/workspace/install/aws_robomaker_hospital_world/share/aws_robomaker_hospital_world/models/aws_robomaker_hospital_ramp_01/model.config
[29.373s] -- Symlinking: /home/alberto/tfg/Reconocimiento-y-sintesis-visual-Tiago/workspace/install/aws_robomaker_hospital_world/share/aws_robomaker_hospital_world/models/aws_robomaker_hospital_ramp_01/model.sdf
[29.382s] -- Symlinking: /home/alberto/tfg/Reconocimiento-y-sintesis-visual-Tiago/workspace/install/aws_robomaker_hospital_world/share/aws_robomaker_hospital_world/models/aws_robomaker_residential_Carpet_01/materials/textures/aws_Carpet_01.png
[29.390s] -- Symlinking: /home/alberto/tfg/Reconocimiento-y-sintesis-visual-Tiago/workspace/install/aws_robomaker_hospital_world/share/aws_robomaker_hospital_world/models/aws_robomaker_residential_Carpet_01/meshes/aws_Carpet_01_collision.DAE
[29.398s] -- Symlinking: /home/alberto/tfg/Reconocimiento-y-sintesis-visual-Tiago/workspace/install/aws_robomaker_hospital_world/share/aws_robomaker_hospital_world/models/aws_robomaker_residential_Carpet_01/meshes/aws_Carpet_01_visual.DAE
[29.407s] -- Symlinking: /home/alberto/tfg/Reconocimiento-y-sintesis-visual-Tiago/workspace/install/aws_robomaker_hospital_world/share/aws_robomaker_hospital_world/models/aws_robomaker_residential_Carpet_01/model.config
[29.416s] -- Symlinking: /home/alberto/tfg/Reconocimiento-y-sintesis-visual-Tiago/workspace/install/aws_robomaker_hospital_world/share/aws_robomaker_hospital_world/models/aws_robomaker_residential_Carpet_01/model.sdf
[29.425s] -- Symlinking: /home/alberto/tfg/Reconocimiento-y-sintesis-visual-Tiago/workspace/install/aws_robomaker_hospital_world/share/aws_robomaker_hospital_world/models/aws_robomaker_residential_CoffeeTable_01/materials/textures/aws_CoffeeTable_01.png
[29.435s] -- Symlinking: /home/alberto/tfg/Reconocimiento-y-sintesis-visual-Tiago/workspace/install/aws_robomaker_hospital_world/share/aws_robomaker_hospital_world/models/aws_robomaker_residential_CoffeeTable_01/meshes/aws_CoffeeTable_01_collision.DAE
[29.444s] -- Symlinking: /home/alberto/tfg/Reconocimiento-y-sintesis-visual-Tiago/workspace/install/aws_robomaker_hospital_world/share/aws_robomaker_hospital_world/models/aws_robomaker_residential_CoffeeTable_01/meshes/aws_CoffeeTable_01_visual.DAE
[29.452s] -- Symlinking: /home/alberto/tfg/Reconocimiento-y-sintesis-visual-Tiago/workspace/install/aws_robomaker_hospital_world/share/aws_robomaker_hospital_world/models/aws_robomaker_residential_CoffeeTable_01/model.config
[29.461s] -- Symlinking: /home/alberto/tfg/Reconocimiento-y-sintesis-visual-Tiago/workspace/install/aws_robomaker_hospital_world/share/aws_robomaker_hospital_world/models/aws_robomaker_residential_CoffeeTable_01/model.sdf
[29.471s] -- Symlinking: /home/alberto/tfg/Reconocimiento-y-sintesis-visual-Tiago/workspace/install/aws_robomaker_hospital_world/share/aws_robomaker_hospital_world/models/aws_robomaker_residential_KitchenCabinet_01/materials/textures/aws_KitchenCabinet_01.png
[29.479s] -- Symlinking: /home/alberto/tfg/Reconocimiento-y-sintesis-visual-Tiago/workspace/install/aws_robomaker_hospital_world/share/aws_robomaker_hospital_world/models/aws_robomaker_residential_KitchenCabinet_01/meshes/aws_KitchenCabinet_01_collision.DAE
[29.488s] -- Symlinking: /home/alberto/tfg/Reconocimiento-y-sintesis-visual-Tiago/workspace/install/aws_robomaker_hospital_world/share/aws_robomaker_hospital_world/models/aws_robomaker_residential_KitchenCabinet_01/meshes/aws_KitchenCabinet_01_visual.DAE
[29.496s] -- Symlinking: /home/alberto/tfg/Reconocimiento-y-sintesis-visual-Tiago/workspace/install/aws_robomaker_hospital_world/share/aws_robomaker_hospital_world/models/aws_robomaker_residential_KitchenCabinet_01/model.config
[29.505s] -- Symlinking: /home/alberto/tfg/Reconocimiento-y-sintesis-visual-Tiago/workspace/install/aws_robomaker_hospital_world/share/aws_robomaker_hospital_world/models/aws_robomaker_residential_KitchenCabinet_01/model.sdf
[29.514s] -- Symlinking: /home/alberto/tfg/Reconocimiento-y-sintesis-visual-Tiago/workspace/install/aws_robomaker_hospital_world/share/aws_robomaker_hospital_world/models/aws_robomaker_residential_PortraitA_01/materials/textures/aws_PortraitA_01.png
[29.523s] -- Symlinking: /home/alberto/tfg/Reconocimiento-y-sintesis-visual-Tiago/workspace/install/aws_robomaker_hospital_world/share/aws_robomaker_hospital_world/models/aws_robomaker_residential_PortraitA_01/materials/textures/aws_PortraitA_02.png
[29.531s] -- Symlinking: /home/alberto/tfg/Reconocimiento-y-sintesis-visual-Tiago/workspace/install/aws_robomaker_hospital_world/share/aws_robomaker_hospital_world/models/aws_robomaker_residential_PortraitA_01/meshes/aws_PortraitA_01_collision.DAE
[29.539s] -- Symlinking: /home/alberto/tfg/Reconocimiento-y-sintesis-visual-Tiago/workspace/install/aws_robomaker_hospital_world/share/aws_robomaker_hospital_world/models/aws_robomaker_residential_PortraitA_01/meshes/aws_PortraitA_01_visual.DAE
[29.548s] -- Symlinking: /home/alberto/tfg/Reconocimiento-y-sintesis-visual-Tiago/workspace/install/aws_robomaker_hospital_world/share/aws_robomaker_hospital_world/models/aws_robomaker_residential_PortraitA_01/model.config
[29.556s] -- Symlinking: /home/alberto/tfg/Reconocimiento-y-sintesis-visual-Tiago/workspace/install/aws_robomaker_hospital_world/share/aws_robomaker_hospital_world/models/aws_robomaker_residential_PortraitA_01/model.sdf
[29.564s] -- Symlinking: /home/alberto/tfg/Reconocimiento-y-sintesis-visual-Tiago/workspace/install/aws_robomaker_hospital_world/share/aws_robomaker_hospital_world/models/aws_robomaker_residential_PortraitA_02/materials/textures/aws_PortraitA_01.png
[29.572s] -- Symlinking: /home/alberto/tfg/Reconocimiento-y-sintesis-visual-Tiago/workspace/install/aws_robomaker_hospital_world/share/aws_robomaker_hospital_world/models/aws_robomaker_residential_PortraitA_02/materials/textures/aws_PortraitA_02.png
[29.581s] -- Symlinking: /home/alberto/tfg/Reconocimiento-y-sintesis-visual-Tiago/workspace/install/aws_robomaker_hospital_world/share/aws_robomaker_hospital_world/models/aws_robomaker_residential_PortraitA_02/meshes/aws_PortraitA_01_collision.DAE
[29.590s] -- Symlinking: /home/alberto/tfg/Reconocimiento-y-sintesis-visual-Tiago/workspace/install/aws_robomaker_hospital_world/share/aws_robomaker_hospital_world/models/aws_robomaker_residential_PortraitA_02/meshes/aws_PortraitA_01_visual.DAE
[29.599s] -- Symlinking: /home/alberto/tfg/Reconocimiento-y-sintesis-visual-Tiago/workspace/install/aws_robomaker_hospital_world/share/aws_robomaker_hospital_world/models/aws_robomaker_residential_PortraitA_02/model.config
[29.607s] -- Symlinking: /home/alberto/tfg/Reconocimiento-y-sintesis-visual-Tiago/workspace/install/aws_robomaker_hospital_world/share/aws_robomaker_hospital_world/models/aws_robomaker_residential_PortraitA_02/model.sdf
[29.616s] -- Symlinking: /home/alberto/tfg/Reconocimiento-y-sintesis-visual-Tiago/workspace/install/aws_robomaker_hospital_world/share/aws_robomaker_hospital_world/models/aws_robomaker_residential_PortraitB_01/materials/textures/aws_PortraitB_01.png
[29.625s] -- Symlinking: /home/alberto/tfg/Reconocimiento-y-sintesis-visual-Tiago/workspace/install/aws_robomaker_hospital_world/share/aws_robomaker_hospital_world/models/aws_robomaker_residential_PortraitB_01/materials/textures/aws_PortraitB_02.png
[29.634s] -- Symlinking: /home/alberto/tfg/Reconocimiento-y-sintesis-visual-Tiago/workspace/install/aws_robomaker_hospital_world/share/aws_robomaker_hospital_world/models/aws_robomaker_residential_PortraitB_01/meshes/aws_PortraitB_01_collision.DAE
[29.643s] -- Symlinking: /home/alberto/tfg/Reconocimiento-y-sintesis-visual-Tiago/workspace/install/aws_robomaker_hospital_world/share/aws_robomaker_hospital_world/models/aws_robomaker_residential_PortraitB_01/meshes/aws_PortraitB_01_visual.DAE
[29.652s] -- Symlinking: /home/alberto/tfg/Reconocimiento-y-sintesis-visual-Tiago/workspace/install/aws_robomaker_hospital_world/share/aws_robomaker_hospital_world/models/aws_robomaker_residential_PortraitB_01/model.config
[29.661s] -- Symlinking: /home/alberto/tfg/Reconocimiento-y-sintesis-visual-Tiago/workspace/install/aws_robomaker_hospital_world/share/aws_robomaker_hospital_world/models/aws_robomaker_residential_PortraitB_01/model.sdf
[29.671s] -- Symlinking: /home/alberto/tfg/Reconocimiento-y-sintesis-visual-Tiago/workspace/install/aws_robomaker_hospital_world/share/aws_robomaker_hospital_world/models/aws_robomaker_residential_PortraitB_02/materials/textures/aws_PortraitB_01.png
[29.681s] -- Symlinking: /home/alberto/tfg/Reconocimiento-y-sintesis-visual-Tiago/workspace/install/aws_robomaker_hospital_world/share/aws_robomaker_hospital_world/models/aws_robomaker_residential_PortraitB_02/materials/textures/aws_PortraitB_02.png
[29.690s] -- Symlinking: /home/alberto/tfg/Reconocimiento-y-sintesis-visual-Tiago/workspace/install/aws_robomaker_hospital_world/share/aws_robomaker_hospital_world/models/aws_robomaker_residential_PortraitB_02/meshes/aws_PortraitB_01_collision.DAE
[29.700s] -- Symlinking: /home/alberto/tfg/Reconocimiento-y-sintesis-visual-Tiago/workspace/install/aws_robomaker_hospital_world/share/aws_robomaker_hospital_world/models/aws_robomaker_residential_PortraitB_02/meshes/aws_PortraitB_01_visual.DAE
[29.710s] -- Symlinking: /home/alberto/tfg/Reconocimiento-y-sintesis-visual-Tiago/workspace/install/aws_robomaker_hospital_world/share/aws_robomaker_hospital_world/models/aws_robomaker_residential_PortraitB_02/model.config
[29.720s] -- Symlinking: /home/alberto/tfg/Reconocimiento-y-sintesis-visual-Tiago/workspace/install/aws_robomaker_hospital_world/share/aws_robomaker_hospital_world/models/aws_robomaker_residential_PortraitB_02/model.sdf
[29.730s] -- Symlinking: /home/alberto/tfg/Reconocimiento-y-sintesis-visual-Tiago/workspace/install/aws_robomaker_hospital_world/share/aws_robomaker_hospital_world/models/aws_robomaker_residential_PortraitB_03/materials/textures/aws_PortraitB_01.png
[29.740s] -- Symlinking: /home/alberto/tfg/Reconocimiento-y-sintesis-visual-Tiago/workspace/install/aws_robomaker_hospital_world/share/aws_robomaker_hospital_world/models/aws_robomaker_residential_PortraitB_03/materials/textures/aws_PortraitB_02.png
[29.750s] -- Symlinking: /home/alberto/tfg/Reconocimiento-y-sintesis-visual-Tiago/workspace/install/aws_robomaker_hospital_world/share/aws_robomaker_hospital_world/models/aws_robomaker_residential_PortraitB_03/meshes/aws_PortraitB_01_collision.DAE
[29.760s] -- Symlinking: /home/alberto/tfg/Reconocimiento-y-sintesis-visual-Tiago/workspace/install/aws_robomaker_hospital_world/share/aws_robomaker_hospital_world/models/aws_robomaker_residential_PortraitB_03/meshes/aws_PortraitB_01_visual.DAE
[29.770s] -- Symlinking: /home/alberto/tfg/Reconocimiento-y-sintesis-visual-Tiago/workspace/install/aws_robomaker_hospital_world/share/aws_robomaker_hospital_world/models/aws_robomaker_residential_PortraitB_03/model.config
[29.780s] -- Symlinking: /home/alberto/tfg/Reconocimiento-y-sintesis-visual-Tiago/workspace/install/aws_robomaker_hospital_world/share/aws_robomaker_hospital_world/models/aws_robomaker_residential_PortraitB_03/model.sdf
[29.790s] -- Symlinking: /home/alberto/tfg/Reconocimiento-y-sintesis-visual-Tiago/workspace/install/aws_robomaker_hospital_world/share/aws_robomaker_hospital_world/models/aws_robomaker_residential_PortraitC_01/materials/textures/aws_PortraitC_01.png
[29.800s] -- Symlinking: /home/alberto/tfg/Reconocimiento-y-sintesis-visual-Tiago/workspace/install/aws_robomaker_hospital_world/share/aws_robomaker_hospital_world/models/aws_robomaker_residential_PortraitC_01/materials/textures/aws_PortraitC_02.png
[29.810s] -- Symlinking: /home/alberto/tfg/Reconocimiento-y-sintesis-visual-Tiago/workspace/install/aws_robomaker_hospital_world/share/aws_robomaker_hospital_world/models/aws_robomaker_residential_PortraitC_01/meshes/aws_PortraitC_01_collision.DAE
[29.820s] -- Symlinking: /home/alberto/tfg/Reconocimiento-y-sintesis-visual-Tiago/workspace/install/aws_robomaker_hospital_world/share/aws_robomaker_hospital_world/models/aws_robomaker_residential_PortraitC_01/meshes/aws_PortraitC_01_visual.DAE
[29.830s] -- Symlinking: /home/alberto/tfg/Reconocimiento-y-sintesis-visual-Tiago/workspace/install/aws_robomaker_hospital_world/share/aws_robomaker_hospital_world/models/aws_robomaker_residential_PortraitC_01/model.config
[29.839s] -- Symlinking: /home/alberto/tfg/Reconocimiento-y-sintesis-visual-Tiago/workspace/install/aws_robomaker_hospital_world/share/aws_robomaker_hospital_world/models/aws_robomaker_residential_PortraitC_01/model.sdf
[29.849s] -- Symlinking: /home/alberto/tfg/Reconocimiento-y-sintesis-visual-Tiago/workspace/install/aws_robomaker_hospital_world/share/aws_robomaker_hospital_world/models/aws_robomaker_residential_PortraitD_01/materials/textures/aws_PortraitD_01.png
[29.859s] -- Symlinking: /home/alberto/tfg/Reconocimiento-y-sintesis-visual-Tiago/workspace/install/aws_robomaker_hospital_world/share/aws_robomaker_hospital_world/models/aws_robomaker_residential_PortraitD_01/materials/textures/aws_PortraitD_02.png
[29.869s] -- Symlinking: /home/alberto/tfg/Reconocimiento-y-sintesis-visual-Tiago/workspace/install/aws_robomaker_hospital_world/share/aws_robomaker_hospital_world/models/aws_robomaker_residential_PortraitD_01/meshes/aws_PortraitD_01_collision.DAE
[29.879s] -- Symlinking: /home/alberto/tfg/Reconocimiento-y-sintesis-visual-Tiago/workspace/install/aws_robomaker_hospital_world/share/aws_robomaker_hospital_world/models/aws_robomaker_residential_PortraitD_01/meshes/aws_PortraitD_01_visual.DAE
[29.888s] -- Symlinking: /home/alberto/tfg/Reconocimiento-y-sintesis-visual-Tiago/workspace/install/aws_robomaker_hospital_world/share/aws_robomaker_hospital_world/models/aws_robomaker_residential_PortraitD_01/model.config
[29.897s] -- Symlinking: /home/alberto/tfg/Reconocimiento-y-sintesis-visual-Tiago/workspace/install/aws_robomaker_hospital_world/share/aws_robomaker_hospital_world/models/aws_robomaker_residential_PortraitD_01/model.sdf
[29.906s] -- Symlinking: /home/alberto/tfg/Reconocimiento-y-sintesis-visual-Tiago/workspace/install/aws_robomaker_hospital_world/share/aws_robomaker_hospital_world/models/aws_robomaker_residential_PortraitD_02/materials/textures/aws_PortraitD_01.png
[29.915s] -- Symlinking: /home/alberto/tfg/Reconocimiento-y-sintesis-visual-Tiago/workspace/install/aws_robomaker_hospital_world/share/aws_robomaker_hospital_world/models/aws_robomaker_residential_PortraitD_02/materials/textures/aws_PortraitD_02.png
[29.924s] -- Symlinking: /home/alberto/tfg/Reconocimiento-y-sintesis-visual-Tiago/workspace/install/aws_robomaker_hospital_world/share/aws_robomaker_hospital_world/models/aws_robomaker_residential_PortraitD_02/meshes/aws_PortraitD_01_collision.DAE
[29.933s] -- Symlinking: /home/alberto/tfg/Reconocimiento-y-sintesis-visual-Tiago/workspace/install/aws_robomaker_hospital_world/share/aws_robomaker_hospital_world/models/aws_robomaker_residential_PortraitD_02/meshes/aws_PortraitD_01_visual.DAE
[29.942s] -- Symlinking: /home/alberto/tfg/Reconocimiento-y-sintesis-visual-Tiago/workspace/install/aws_robomaker_hospital_world/share/aws_robomaker_hospital_world/models/aws_robomaker_residential_PortraitD_02/model.config
[29.951s] -- Symlinking: /home/alberto/tfg/Reconocimiento-y-sintesis-visual-Tiago/workspace/install/aws_robomaker_hospital_world/share/aws_robomaker_hospital_world/models/aws_robomaker_residential_PortraitD_02/model.sdf
[29.959s] -- Symlinking: /home/alberto/tfg/Reconocimiento-y-sintesis-visual-Tiago/workspace/install/aws_robomaker_hospital_world/share/aws_robomaker_hospital_world/models/aws_robomaker_residential_PortraitE_01/materials/textures/aws_PortraitE_01.png
[29.968s] -- Symlinking: /home/alberto/tfg/Reconocimiento-y-sintesis-visual-Tiago/workspace/install/aws_robomaker_hospital_world/share/aws_robomaker_hospital_world/models/aws_robomaker_residential_PortraitE_01/materials/textures/aws_PortraitE_02.png
[29.977s] -- Symlinking: /home/alberto/tfg/Reconocimiento-y-sintesis-visual-Tiago/workspace/install/aws_robomaker_hospital_world/share/aws_robomaker_hospital_world/models/aws_robomaker_residential_PortraitE_01/meshes/aws_PortraitE_01_collision.DAE
[29.987s] -- Symlinking: /home/alberto/tfg/Reconocimiento-y-sintesis-visual-Tiago/workspace/install/aws_robomaker_hospital_world/share/aws_robomaker_hospital_world/models/aws_robomaker_residential_PortraitE_01/meshes/aws_PortraitE_01_visual.DAE
[29.995s] -- Symlinking: /home/alberto/tfg/Reconocimiento-y-sintesis-visual-Tiago/workspace/install/aws_robomaker_hospital_world/share/aws_robomaker_hospital_world/models/aws_robomaker_residential_PortraitE_01/model.config
[30.003s] -- Symlinking: /home/alberto/tfg/Reconocimiento-y-sintesis-visual-Tiago/workspace/install/aws_robomaker_hospital_world/share/aws_robomaker_hospital_world/models/aws_robomaker_residential_PortraitE_01/model.sdf
[30.013s] -- Symlinking: /home/alberto/tfg/Reconocimiento-y-sintesis-visual-Tiago/workspace/install/aws_robomaker_hospital_world/share/aws_robomaker_hospital_world/models/aws_robomaker_residential_PortraitE_02/materials/textures/aws_PortraitE_01.png
[30.022s] -- Symlinking: /home/alberto/tfg/Reconocimiento-y-sintesis-visual-Tiago/workspace/install/aws_robomaker_hospital_world/share/aws_robomaker_hospital_world/models/aws_robomaker_residential_PortraitE_02/materials/textures/aws_PortraitE_02.png
[30.030s] -- Symlinking: /home/alberto/tfg/Reconocimiento-y-sintesis-visual-Tiago/workspace/install/aws_robomaker_hospital_world/share/aws_robomaker_hospital_world/models/aws_robomaker_residential_PortraitE_02/meshes/aws_PortraitE_01_collision.DAE
[30.039s] -- Symlinking: /home/alberto/tfg/Reconocimiento-y-sintesis-visual-Tiago/workspace/install/aws_robomaker_hospital_world/share/aws_robomaker_hospital_world/models/aws_robomaker_residential_PortraitE_02/meshes/aws_PortraitE_01_visual.DAE
[30.048s] -- Symlinking: /home/alberto/tfg/Reconocimiento-y-sintesis-visual-Tiago/workspace/install/aws_robomaker_hospital_world/share/aws_robomaker_hospital_world/models/aws_robomaker_residential_PortraitE_02/model.config
[30.056s] -- Symlinking: /home/alberto/tfg/Reconocimiento-y-sintesis-visual-Tiago/workspace/install/aws_robomaker_hospital_world/share/aws_robomaker_hospital_world/models/aws_robomaker_residential_PortraitE_02/model.sdf
[30.066s] -- Symlinking: /home/alberto/tfg/Reconocimiento-y-sintesis-visual-Tiago/workspace/install/aws_robomaker_hospital_world/share/aws_robomaker_hospital_world/models/aws_robomaker_residential_Refrigerator_01/materials/textures/aws_Refrigerator_01.png
[30.076s] -- Symlinking: /home/alberto/tfg/Reconocimiento-y-sintesis-visual-Tiago/workspace/install/aws_robomaker_hospital_world/share/aws_robomaker_hospital_world/models/aws_robomaker_residential_Refrigerator_01/materials/textures/aws_Refrigerator_02.png
[30.085s] -- Symlinking: /home/alberto/tfg/Reconocimiento-y-sintesis-visual-Tiago/workspace/install/aws_robomaker_hospital_world/share/aws_robomaker_hospital_world/models/aws_robomaker_residential_Refrigerator_01/meshes/aws_Refrigerator_01.DAE
[30.094s] -- Symlinking: /home/alberto/tfg/Reconocimiento-y-sintesis-visual-Tiago/workspace/install/aws_robomaker_hospital_world/share/aws_robomaker_hospital_world/models/aws_robomaker_residential_Refrigerator_01/meshes/aws_Refrigerator_01_collision.DAE
[30.103s] -- Symlinking: /home/alberto/tfg/Reconocimiento-y-sintesis-visual-Tiago/workspace/install/aws_robomaker_hospital_world/share/aws_robomaker_hospital_world/models/aws_robomaker_residential_Refrigerator_01/meshes/aws_Refrigerator_01_visual.DAE
[30.113s] -- Symlinking: /home/alberto/tfg/Reconocimiento-y-sintesis-visual-Tiago/workspace/install/aws_robomaker_hospital_world/share/aws_robomaker_hospital_world/models/aws_robomaker_residential_Refrigerator_01/model.config
[30.122s] -- Symlinking: /home/alberto/tfg/Reconocimiento-y-sintesis-visual-Tiago/workspace/install/aws_robomaker_hospital_world/share/aws_robomaker_hospital_world/models/aws_robomaker_residential_Refrigerator_01/model.sdf
[30.131s] -- Symlinking: /home/alberto/tfg/Reconocimiento-y-sintesis-visual-Tiago/workspace/install/aws_robomaker_hospital_world/share/aws_robomaker_hospital_world/models/aws_robomaker_residential_SofaB_01/materials/textures/aws_SofaB_01.png
[30.140s] -- Symlinking: /home/alberto/tfg/Reconocimiento-y-sintesis-visual-Tiago/workspace/install/aws_robomaker_hospital_world/share/aws_robomaker_hospital_world/models/aws_robomaker_residential_SofaB_01/meshes/aws_SofaB_01_collision.DAE
[30.148s] -- Symlinking: /home/alberto/tfg/Reconocimiento-y-sintesis-visual-Tiago/workspace/install/aws_robomaker_hospital_world/share/aws_robomaker_hospital_world/models/aws_robomaker_residential_SofaB_01/meshes/aws_SofaB_01_visual.DAE
[30.156s] -- Symlinking: /home/alberto/tfg/Reconocimiento-y-sintesis-visual-Tiago/workspace/install/aws_robomaker_hospital_world/share/aws_robomaker_hospital_world/models/aws_robomaker_residential_SofaB_01/model.config
[30.165s] -- Symlinking: /home/alberto/tfg/Reconocimiento-y-sintesis-visual-Tiago/workspace/install/aws_robomaker_hospital_world/share/aws_robomaker_hospital_world/models/aws_robomaker_residential_SofaB_01/model.sdf
[30.174s] -- Symlinking: /home/alberto/tfg/Reconocimiento-y-sintesis-visual-Tiago/workspace/install/aws_robomaker_hospital_world/share/aws_robomaker_hospital_world/models/aws_robomaker_residential_Sofa_01/materials/textures/aws_Sofa_01.png
[30.182s] -- Symlinking: /home/alberto/tfg/Reconocimiento-y-sintesis-visual-Tiago/workspace/install/aws_robomaker_hospital_world/share/aws_robomaker_hospital_world/models/aws_robomaker_residential_Sofa_01/meshes/aws_Sofa_01.DAE
[30.191s] -- Symlinking: /home/alberto/tfg/Reconocimiento-y-sintesis-visual-Tiago/workspace/install/aws_robomaker_hospital_world/share/aws_robomaker_hospital_world/models/aws_robomaker_residential_Sofa_01/meshes/aws_Sofa_01_collision.DAE
[30.200s] -- Symlinking: /home/alberto/tfg/Reconocimiento-y-sintesis-visual-Tiago/workspace/install/aws_robomaker_hospital_world/share/aws_robomaker_hospital_world/models/aws_robomaker_residential_Sofa_01/meshes/aws_Sofa_01_visual.DAE
[30.209s] -- Symlinking: /home/alberto/tfg/Reconocimiento-y-sintesis-visual-Tiago/workspace/install/aws_robomaker_hospital_world/share/aws_robomaker_hospital_world/models/aws_robomaker_residential_Sofa_01/model.config
[30.218s] -- Symlinking: /home/alberto/tfg/Reconocimiento-y-sintesis-visual-Tiago/workspace/install/aws_robomaker_hospital_world/share/aws_robomaker_hospital_world/models/aws_robomaker_residential_Sofa_01/model.sdf
[30.227s] -- Symlinking: /home/alberto/tfg/Reconocimiento-y-sintesis-visual-Tiago/workspace/install/aws_robomaker_hospital_world/share/aws_robomaker_hospital_world/models/aws_robomaker_residential_TV_02/materials/textures/aws_TV_01.png
[30.235s] -- Symlinking: /home/alberto/tfg/Reconocimiento-y-sintesis-visual-Tiago/workspace/install/aws_robomaker_hospital_world/share/aws_robomaker_hospital_world/models/aws_robomaker_residential_TV_02/meshes/aws_TV_01_collision.DAE
[30.243s] -- Symlinking: /home/alberto/tfg/Reconocimiento-y-sintesis-visual-Tiago/workspace/install/aws_robomaker_hospital_world/share/aws_robomaker_hospital_world/models/aws_robomaker_residential_TV_02/meshes/aws_TV_01_visual.DAE
[30.251s] -- Symlinking: /home/alberto/tfg/Reconocimiento-y-sintesis-visual-Tiago/workspace/install/aws_robomaker_hospital_world/share/aws_robomaker_hospital_world/models/aws_robomaker_residential_TV_02/model.config
[30.259s] -- Symlinking: /home/alberto/tfg/Reconocimiento-y-sintesis-visual-Tiago/workspace/install/aws_robomaker_hospital_world/share/aws_robomaker_hospital_world/models/aws_robomaker_residential_TV_02/model.sdf
[30.267s] -- Symlinking: /home/alberto/tfg/Reconocimiento-y-sintesis-visual-Tiago/workspace/install/aws_robomaker_hospital_world/share/aws_robomaker_hospital_world/models/aws_robomaker_residential_Trash_01/materials/textures/aws_Trash_01.png
[30.275s] -- Symlinking: /home/alberto/tfg/Reconocimiento-y-sintesis-visual-Tiago/workspace/install/aws_robomaker_hospital_world/share/aws_robomaker_hospital_world/models/aws_robomaker_residential_Trash_01/meshes/aws_Trash_01_collision.DAE
[30.283s] -- Symlinking: /home/alberto/tfg/Reconocimiento-y-sintesis-visual-Tiago/workspace/install/aws_robomaker_hospital_world/share/aws_robomaker_hospital_world/models/aws_robomaker_residential_Trash_01/meshes/aws_Trash_01_visual.DAE
[30.291s] -- Symlinking: /home/alberto/tfg/Reconocimiento-y-sintesis-visual-Tiago/workspace/install/aws_robomaker_hospital_world/share/aws_robomaker_hospital_world/models/aws_robomaker_residential_Trash_01/model.config
[30.299s] -- Symlinking: /home/alberto/tfg/Reconocimiento-y-sintesis-visual-Tiago/workspace/install/aws_robomaker_hospital_world/share/aws_robomaker_hospital_world/models/aws_robomaker_residential_Trash_01/model.sdf
[30.308s] -- Symlinking: /home/alberto/tfg/Reconocimiento-y-sintesis-visual-Tiago/workspace/install/aws_robomaker_hospital_world/share/aws_robomaker_hospital_world/models/aws_robomaker_retail_BookshelfB_01/materials/textures/aws_BookshelfB_01.png
[30.316s] -- Symlinking: /home/alberto/tfg/Reconocimiento-y-sintesis-visual-Tiago/workspace/install/aws_robomaker_hospital_world/share/aws_robomaker_hospital_world/models/aws_robomaker_retail_BookshelfB_01/materials/textures/aws_BookshelfB_02.png
[30.325s] -- Symlinking: /home/alberto/tfg/Reconocimiento-y-sintesis-visual-Tiago/workspace/install/aws_robomaker_hospital_world/share/aws_robomaker_hospital_world/models/aws_robomaker_retail_BookshelfB_01/meshes/aws_BookshelfB_01_collision.DAE
[30.333s] -- Symlinking: /home/alberto/tfg/Reconocimiento-y-sintesis-visual-Tiago/workspace/install/aws_robomaker_hospital_world/share/aws_robomaker_hospital_world/models/aws_robomaker_retail_BookshelfB_01/meshes/aws_BookshelfB_01_visual.DAE
[30.340s] -- Symlinking: /home/alberto/tfg/Reconocimiento-y-sintesis-visual-Tiago/workspace/install/aws_robomaker_hospital_world/share/aws_robomaker_hospital_world/models/aws_robomaker_retail_BookshelfB_01/model.config
[30.348s] -- Symlinking: /home/alberto/tfg/Reconocimiento-y-sintesis-visual-Tiago/workspace/install/aws_robomaker_hospital_world/share/aws_robomaker_hospital_world/models/aws_robomaker_retail_BookshelfB_01/model.sdf
[30.357s] -- Symlinking: /home/alberto/tfg/Reconocimiento-y-sintesis-visual-Tiago/workspace/install/aws_robomaker_hospital_world/share/aws_robomaker_hospital_world/models/aws_robomaker_retail_Computer_01/materials/textures/aws_Computer_01.png
[30.364s] -- Symlinking: /home/alberto/tfg/Reconocimiento-y-sintesis-visual-Tiago/workspace/install/aws_robomaker_hospital_world/share/aws_robomaker_hospital_world/models/aws_robomaker_retail_Computer_01/meshes/aws_Computer_01_collision.DAE
[30.372s] -- Symlinking: /home/alberto/tfg/Reconocimiento-y-sintesis-visual-Tiago/workspace/install/aws_robomaker_hospital_world/share/aws_robomaker_hospital_world/models/aws_robomaker_retail_Computer_01/meshes/aws_Computer_01_visual.DAE
[30.380s] -- Symlinking: /home/alberto/tfg/Reconocimiento-y-sintesis-visual-Tiago/workspace/install/aws_robomaker_hospital_world/share/aws_robomaker_hospital_world/models/aws_robomaker_retail_Computer_01/model.config
[30.388s] -- Symlinking: /home/alberto/tfg/Reconocimiento-y-sintesis-visual-Tiago/workspace/install/aws_robomaker_hospital_world/share/aws_robomaker_hospital_world/models/aws_robomaker_retail_Computer_01/model.sdf
[30.396s] -- Symlinking: /home/alberto/tfg/Reconocimiento-y-sintesis-visual-Tiago/workspace/install/aws_robomaker_hospital_world/share/aws_robomaker_hospital_world/models/aws_robomaker_warehouse_ClutteringA_01/materials/textures/aws_robomaker_warehouse_ClutteringA_01.png
[30.405s] -- Symlinking: /home/alberto/tfg/Reconocimiento-y-sintesis-visual-Tiago/workspace/install/aws_robomaker_hospital_world/share/aws_robomaker_hospital_world/models/aws_robomaker_warehouse_ClutteringA_01/materials/textures/aws_robomaker_warehouse_ClutteringA_02.png
[30.413s] -- Symlinking: /home/alberto/tfg/Reconocimiento-y-sintesis-visual-Tiago/workspace/install/aws_robomaker_hospital_world/share/aws_robomaker_hospital_world/models/aws_robomaker_warehouse_ClutteringA_01/materials/textures/aws_robomaker_warehouse_ClutteringA_03.png
[30.421s] -- Symlinking: /home/alberto/tfg/Reconocimiento-y-sintesis-visual-Tiago/workspace/install/aws_robomaker_hospital_world/share/aws_robomaker_hospital_world/models/aws_robomaker_warehouse_ClutteringA_01/meshes/aws_robomaker_warehouse_ClutteringA_01_collision.DAE
[30.430s] -- Symlinking: /home/alberto/tfg/Reconocimiento-y-sintesis-visual-Tiago/workspace/install/aws_robomaker_hospital_world/share/aws_robomaker_hospital_world/models/aws_robomaker_warehouse_ClutteringA_01/meshes/aws_robomaker_warehouse_ClutteringA_01_visual.DAE
[30.438s] -- Symlinking: /home/alberto/tfg/Reconocimiento-y-sintesis-visual-Tiago/workspace/install/aws_robomaker_hospital_world/share/aws_robomaker_hospital_world/models/aws_robomaker_warehouse_ClutteringA_01/model.config
[30.446s] -- Symlinking: /home/alberto/tfg/Reconocimiento-y-sintesis-visual-Tiago/workspace/install/aws_robomaker_hospital_world/share/aws_robomaker_hospital_world/models/aws_robomaker_warehouse_ClutteringA_01/model.sdf
[30.454s] -- Symlinking: /home/alberto/tfg/Reconocimiento-y-sintesis-visual-Tiago/workspace/install/aws_robomaker_hospital_world/share/aws_robomaker_hospital_world/models/aws_robomaker_warehouse_ClutteringC_01/materials/textures/aws_robomaker_warehouse_ClutteringC_01.png
[30.462s] -- Symlinking: /home/alberto/tfg/Reconocimiento-y-sintesis-visual-Tiago/workspace/install/aws_robomaker_hospital_world/share/aws_robomaker_hospital_world/models/aws_robomaker_warehouse_ClutteringC_01/materials/textures/aws_robomaker_warehouse_ClutteringC_02.png
[30.471s] -- Symlinking: /home/alberto/tfg/Reconocimiento-y-sintesis-visual-Tiago/workspace/install/aws_robomaker_hospital_world/share/aws_robomaker_hospital_world/models/aws_robomaker_warehouse_ClutteringC_01/meshes/aws_robomaker_warehouse_ClutteringC_01_collision.DAE
[30.478s] -- Symlinking: /home/alberto/tfg/Reconocimiento-y-sintesis-visual-Tiago/workspace/install/aws_robomaker_hospital_world/share/aws_robomaker_hospital_world/models/aws_robomaker_warehouse_ClutteringC_01/meshes/aws_robomaker_warehouse_ClutteringC_01_visual.DAE
[30.486s] -- Symlinking: /home/alberto/tfg/Reconocimiento-y-sintesis-visual-Tiago/workspace/install/aws_robomaker_hospital_world/share/aws_robomaker_hospital_world/models/aws_robomaker_warehouse_ClutteringC_01/model.config
[30.494s] -- Symlinking: /home/alberto/tfg/Reconocimiento-y-sintesis-visual-Tiago/workspace/install/aws_robomaker_hospital_world/share/aws_robomaker_hospital_world/models/aws_robomaker_warehouse_ClutteringC_01/model.sdf
[30.509s] -- Symlinking: /home/alberto/tfg/Reconocimiento-y-sintesis-visual-Tiago/workspace/install/aws_robomaker_hospital_world/share/aws_robomaker_hospital_world/fuel_models/AdjTable/meshes/AdjTable.mtl
[30.518s] -- Symlinking: /home/alberto/tfg/Reconocimiento-y-sintesis-visual-Tiago/workspace/install/aws_robomaker_hospital_world/share/aws_robomaker_hospital_world/fuel_models/AdjTable/meshes/AdjTable.obj
[30.526s] -- Symlinking: /home/alberto/tfg/Reconocimiento-y-sintesis-visual-Tiago/workspace/install/aws_robomaker_hospital_world/share/aws_robomaker_hospital_world/fuel_models/AdjTable/meshes/AdjTable_Col.mtl
[30.534s] -- Symlinking: /home/alberto/tfg/Reconocimiento-y-sintesis-visual-Tiago/workspace/install/aws_robomaker_hospital_world/share/aws_robomaker_hospital_world/fuel_models/AdjTable/meshes/AdjTable_Col.obj
[30.542s] -- Symlinking: /home/alberto/tfg/Reconocimiento-y-sintesis-visual-Tiago/workspace/install/aws_robomaker_hospital_world/share/aws_robomaker_hospital_world/fuel_models/AdjTable/meshes/AdjTable_Diffuse.png
[30.550s] -- Symlinking: /home/alberto/tfg/Reconocimiento-y-sintesis-visual-Tiago/workspace/install/aws_robomaker_hospital_world/share/aws_robomaker_hospital_world/fuel_models/AdjTable/model.config
[30.558s] -- Symlinking: /home/alberto/tfg/Reconocimiento-y-sintesis-visual-Tiago/workspace/install/aws_robomaker_hospital_world/share/aws_robomaker_hospital_world/fuel_models/AdjTable/model.sdf
[30.567s] -- Symlinking: /home/alberto/tfg/Reconocimiento-y-sintesis-visual-Tiago/workspace/install/aws_robomaker_hospital_world/share/aws_robomaker_hospital_world/fuel_models/AdjTable/thumbnails/1.png
[30.575s] -- Symlinking: /home/alberto/tfg/Reconocimiento-y-sintesis-visual-Tiago/workspace/install/aws_robomaker_hospital_world/share/aws_robomaker_hospital_world/fuel_models/AdjTable/thumbnails/2.png
[30.583s] -- Symlinking: /home/alberto/tfg/Reconocimiento-y-sintesis-visual-Tiago/workspace/install/aws_robomaker_hospital_world/share/aws_robomaker_hospital_world/fuel_models/AdjTable/thumbnails/3.png
[30.591s] -- Symlinking: /home/alberto/tfg/Reconocimiento-y-sintesis-visual-Tiago/workspace/install/aws_robomaker_hospital_world/share/aws_robomaker_hospital_world/fuel_models/AdjTable/thumbnails/4.png
[30.599s] -- Symlinking: /home/alberto/tfg/Reconocimiento-y-sintesis-visual-Tiago/workspace/install/aws_robomaker_hospital_world/share/aws_robomaker_hospital_world/fuel_models/AdjTable/thumbnails/5.png
[30.607s] -- Symlinking: /home/alberto/tfg/Reconocimiento-y-sintesis-visual-Tiago/workspace/install/aws_robomaker_hospital_world/share/aws_robomaker_hospital_world/fuel_models/AnesthesiaMachine/meshes/AnesthesiaMachine.mtl
[30.615s] -- Symlinking: /home/alberto/tfg/Reconocimiento-y-sintesis-visual-Tiago/workspace/install/aws_robomaker_hospital_world/share/aws_robomaker_hospital_world/fuel_models/AnesthesiaMachine/meshes/AnesthesiaMachine.obj
[30.623s] -- Symlinking: /home/alberto/tfg/Reconocimiento-y-sintesis-visual-Tiago/workspace/install/aws_robomaker_hospital_world/share/aws_robomaker_hospital_world/fuel_models/AnesthesiaMachine/meshes/AnesthesiaMachine.png
[30.631s] -- Symlinking: /home/alberto/tfg/Reconocimiento-y-sintesis-visual-Tiago/workspace/install/aws_robomaker_hospital_world/share/aws_robomaker_hospital_world/fuel_models/AnesthesiaMachine/meshes/AnesthesiaMachine_Col.mtl
[30.639s] -- Symlinking: /home/alberto/tfg/Reconocimiento-y-sintesis-visual-Tiago/workspace/install/aws_robomaker_hospital_world/share/aws_robomaker_hospital_world/fuel_models/AnesthesiaMachine/meshes/AnesthesiaMachine_Col.obj
[30.647s] -- Symlinking: /home/alberto/tfg/Reconocimiento-y-sintesis-visual-Tiago/workspace/install/aws_robomaker_hospital_world/share/aws_robomaker_hospital_world/fuel_models/AnesthesiaMachine/model.config
[30.655s] -- Symlinking: /home/alberto/tfg/Reconocimiento-y-sintesis-visual-Tiago/workspace/install/aws_robomaker_hospital_world/share/aws_robomaker_hospital_world/fuel_models/AnesthesiaMachine/model.sdf
[30.663s] -- Symlinking: /home/alberto/tfg/Reconocimiento-y-sintesis-visual-Tiago/workspace/install/aws_robomaker_hospital_world/share/aws_robomaker_hospital_world/fuel_models/AnesthesiaMachine/thumbnails/1.png
[30.671s] -- Symlinking: /home/alberto/tfg/Reconocimiento-y-sintesis-visual-Tiago/workspace/install/aws_robomaker_hospital_world/share/aws_robomaker_hospital_world/fuel_models/AnesthesiaMachine/thumbnails/2.png
[30.679s] -- Symlinking: /home/alberto/tfg/Reconocimiento-y-sintesis-visual-Tiago/workspace/install/aws_robomaker_hospital_world/share/aws_robomaker_hospital_world/fuel_models/AnesthesiaMachine/thumbnails/3.png
[30.687s] -- Symlinking: /home/alberto/tfg/Reconocimiento-y-sintesis-visual-Tiago/workspace/install/aws_robomaker_hospital_world/share/aws_robomaker_hospital_world/fuel_models/AnesthesiaMachine/thumbnails/4.png
[30.695s] -- Symlinking: /home/alberto/tfg/Reconocimiento-y-sintesis-visual-Tiago/workspace/install/aws_robomaker_hospital_world/share/aws_robomaker_hospital_world/fuel_models/AnesthesiaMachine/thumbnails/5.png
[30.703s] -- Symlinking: /home/alberto/tfg/Reconocimiento-y-sintesis-visual-Tiago/workspace/install/aws_robomaker_hospital_world/share/aws_robomaker_hospital_world/fuel_models/BMWCart/meshes/Cart_BMW.mtl
[30.712s] -- Symlinking: /home/alberto/tfg/Reconocimiento-y-sintesis-visual-Tiago/workspace/install/aws_robomaker_hospital_world/share/aws_robomaker_hospital_world/fuel_models/BMWCart/meshes/Cart_BMW.obj
[30.719s] -- Symlinking: /home/alberto/tfg/Reconocimiento-y-sintesis-visual-Tiago/workspace/install/aws_robomaker_hospital_world/share/aws_robomaker_hospital_world/fuel_models/BMWCart/meshes/Cart_BMW_Col.mtl
[30.727s] -- Symlinking: /home/alberto/tfg/Reconocimiento-y-sintesis-visual-Tiago/workspace/install/aws_robomaker_hospital_world/share/aws_robomaker_hospital_world/fuel_models/BMWCart/meshes/Cart_BMW_Col.obj
[30.735s] -- Symlinking: /home/alberto/tfg/Reconocimiento-y-sintesis-visual-Tiago/workspace/install/aws_robomaker_hospital_world/share/aws_robomaker_hospital_world/fuel_models/BMWCart/meshes/Cart_BMW_Diffuse.png
[30.743s] -- Symlinking: /home/alberto/tfg/Reconocimiento-y-sintesis-visual-Tiago/workspace/install/aws_robomaker_hospital_world/share/aws_robomaker_hospital_world/fuel_models/BMWCart/meshes/Cart_BMW_Normal.png
[30.751s] -- Symlinking: /home/alberto/tfg/Reconocimiento-y-sintesis-visual-Tiago/workspace/install/aws_robomaker_hospital_world/share/aws_robomaker_hospital_world/fuel_models/BMWCart/meshes/Cart_BMW_SpecGloss.png
[30.759s] -- Symlinking: /home/alberto/tfg/Reconocimiento-y-sintesis-visual-Tiago/workspace/install/aws_robomaker_hospital_world/share/aws_robomaker_hospital_world/fuel_models/BMWCart/meshes/Carts_Wheels_Diffuse.png
[30.767s] -- Symlinking: /home/alberto/tfg/Reconocimiento-y-sintesis-visual-Tiago/workspace/install/aws_robomaker_hospital_world/share/aws_robomaker_hospital_world/fuel_models/BMWCart/model.config
[30.775s] -- Symlinking: /home/alberto/tfg/Reconocimiento-y-sintesis-visual-Tiago/workspace/install/aws_robomaker_hospital_world/share/aws_robomaker_hospital_world/fuel_models/BMWCart/model.sdf
[30.783s] -- Symlinking: /home/alberto/tfg/Reconocimiento-y-sintesis-visual-Tiago/workspace/install/aws_robomaker_hospital_world/share/aws_robomaker_hospital_world/fuel_models/BMWCart/thumbnails/1.png
[30.792s] -- Symlinking: /home/alberto/tfg/Reconocimiento-y-sintesis-visual-Tiago/workspace/install/aws_robomaker_hospital_world/share/aws_robomaker_hospital_world/fuel_models/BMWCart/thumbnails/2.png
[30.799s] -- Symlinking: /home/alberto/tfg/Reconocimiento-y-sintesis-visual-Tiago/workspace/install/aws_robomaker_hospital_world/share/aws_robomaker_hospital_world/fuel_models/BMWCart/thumbnails/3.png
[30.808s] -- Symlinking: /home/alberto/tfg/Reconocimiento-y-sintesis-visual-Tiago/workspace/install/aws_robomaker_hospital_world/share/aws_robomaker_hospital_world/fuel_models/BMWCart/thumbnails/4.png
[30.816s] -- Symlinking: /home/alberto/tfg/Reconocimiento-y-sintesis-visual-Tiago/workspace/install/aws_robomaker_hospital_world/share/aws_robomaker_hospital_world/fuel_models/BMWCart/thumbnails/5.png
[30.825s] -- Symlinking: /home/alberto/tfg/Reconocimiento-y-sintesis-visual-Tiago/workspace/install/aws_robomaker_hospital_world/share/aws_robomaker_hospital_world/fuel_models/BPCart/meshes/BP_BP_LP_Normal.png
[30.833s] -- Symlinking: /home/alberto/tfg/Reconocimiento-y-sintesis-visual-Tiago/workspace/install/aws_robomaker_hospital_world/share/aws_robomaker_hospital_world/fuel_models/BPCart/meshes/BP_BP_LP_SpecularGloss.png
[30.841s] -- Symlinking: /home/alberto/tfg/Reconocimiento-y-sintesis-visual-Tiago/workspace/install/aws_robomaker_hospital_world/share/aws_robomaker_hospital_world/fuel_models/BPCart/meshes/Cart_BP.mtl
[30.850s] -- Symlinking: /home/alberto/tfg/Reconocimiento-y-sintesis-visual-Tiago/workspace/install/aws_robomaker_hospital_world/share/aws_robomaker_hospital_world/fuel_models/BPCart/meshes/Cart_BP.obj
[30.858s] -- Symlinking: /home/alberto/tfg/Reconocimiento-y-sintesis-visual-Tiago/workspace/install/aws_robomaker_hospital_world/share/aws_robomaker_hospital_world/fuel_models/BPCart/meshes/Cart_BP_Col.mtl
[30.867s] -- Symlinking: /home/alberto/tfg/Reconocimiento-y-sintesis-visual-Tiago/workspace/install/aws_robomaker_hospital_world/share/aws_robomaker_hospital_world/fuel_models/BPCart/meshes/Cart_BP_Col.obj
[30.875s] -- Symlinking: /home/alberto/tfg/Reconocimiento-y-sintesis-visual-Tiago/workspace/install/aws_robomaker_hospital_world/share/aws_robomaker_hospital_world/fuel_models/BPCart/meshes/Cart_BP_Diffuse.png
[30.884s] -- Symlinking: /home/alberto/tfg/Reconocimiento-y-sintesis-visual-Tiago/workspace/install/aws_robomaker_hospital_world/share/aws_robomaker_hospital_world/fuel_models/BPCart/meshes/Carts_Wheels_Diffuse.png
[30.892s] -- Symlinking: /home/alberto/tfg/Reconocimiento-y-sintesis-visual-Tiago/workspace/install/aws_robomaker_hospital_world/share/aws_robomaker_hospital_world/fuel_models/BPCart/model.config
[30.900s] -- Symlinking: /home/alberto/tfg/Reconocimiento-y-sintesis-visual-Tiago/workspace/install/aws_robomaker_hospital_world/share/aws_robomaker_hospital_world/fuel_models/BPCart/model.sdf
[30.908s] -- Symlinking: /home/alberto/tfg/Reconocimiento-y-sintesis-visual-Tiago/workspace/install/aws_robomaker_hospital_world/share/aws_robomaker_hospital_world/fuel_models/BPCart/thumbnails/1.png
[30.915s] -- Symlinking: /home/alberto/tfg/Reconocimiento-y-sintesis-visual-Tiago/workspace/install/aws_robomaker_hospital_world/share/aws_robomaker_hospital_world/fuel_models/BPCart/thumbnails/2.png
[30.923s] -- Symlinking: /home/alberto/tfg/Reconocimiento-y-sintesis-visual-Tiago/workspace/install/aws_robomaker_hospital_world/share/aws_robomaker_hospital_world/fuel_models/BPCart/thumbnails/3.png
[30.931s] -- Symlinking: /home/alberto/tfg/Reconocimiento-y-sintesis-visual-Tiago/workspace/install/aws_robomaker_hospital_world/share/aws_robomaker_hospital_world/fuel_models/BPCart/thumbnails/4.png
[30.939s] -- Symlinking: /home/alberto/tfg/Reconocimiento-y-sintesis-visual-Tiago/workspace/install/aws_robomaker_hospital_world/share/aws_robomaker_hospital_world/fuel_models/BPCart/thumbnails/5.png
[30.947s] -- Symlinking: /home/alberto/tfg/Reconocimiento-y-sintesis-visual-Tiago/workspace/install/aws_robomaker_hospital_world/share/aws_robomaker_hospital_world/fuel_models/BedTable/meshes/BedTable.mtl
[30.955s] -- Symlinking: /home/alberto/tfg/Reconocimiento-y-sintesis-visual-Tiago/workspace/install/aws_robomaker_hospital_world/share/aws_robomaker_hospital_world/fuel_models/BedTable/meshes/BedTable.obj
[30.963s] -- Symlinking: /home/alberto/tfg/Reconocimiento-y-sintesis-visual-Tiago/workspace/install/aws_robomaker_hospital_world/share/aws_robomaker_hospital_world/fuel_models/BedTable/meshes/BedTable.png
[30.971s] -- Symlinking: /home/alberto/tfg/Reconocimiento-y-sintesis-visual-Tiago/workspace/install/aws_robomaker_hospital_world/share/aws_robomaker_hospital_world/fuel_models/BedTable/meshes/BedTable_Col.mtl
[30.978s] -- Symlinking: /home/alberto/tfg/Reconocimiento-y-sintesis-visual-Tiago/workspace/install/aws_robomaker_hospital_world/share/aws_robomaker_hospital_world/fuel_models/BedTable/meshes/BedTable_Col.obj
[30.986s] -- Symlinking: /home/alberto/tfg/Reconocimiento-y-sintesis-visual-Tiago/workspace/install/aws_robomaker_hospital_world/share/aws_robomaker_hospital_world/fuel_models/BedTable/meshes/BedTable_Diffuse.png
[30.995s] -- Symlinking: /home/alberto/tfg/Reconocimiento-y-sintesis-visual-Tiago/workspace/install/aws_robomaker_hospital_world/share/aws_robomaker_hospital_world/fuel_models/BedTable/meshes/BedTable_Normal.png
[31.003s] -- Symlinking: /home/alberto/tfg/Reconocimiento-y-sintesis-visual-Tiago/workspace/install/aws_robomaker_hospital_world/share/aws_robomaker_hospital_world/fuel_models/BedTable/meshes/BedTable_SpecGloss.png
[31.011s] -- Symlinking: /home/alberto/tfg/Reconocimiento-y-sintesis-visual-Tiago/workspace/install/aws_robomaker_hospital_world/share/aws_robomaker_hospital_world/fuel_models/BedTable/model.config
[31.020s] -- Symlinking: /home/alberto/tfg/Reconocimiento-y-sintesis-visual-Tiago/workspace/install/aws_robomaker_hospital_world/share/aws_robomaker_hospital_world/fuel_models/BedTable/model.sdf
[31.028s] -- Symlinking: /home/alberto/tfg/Reconocimiento-y-sintesis-visual-Tiago/workspace/install/aws_robomaker_hospital_world/share/aws_robomaker_hospital_world/fuel_models/BedTable/thumbnails/1.png
[31.036s] -- Symlinking: /home/alberto/tfg/Reconocimiento-y-sintesis-visual-Tiago/workspace/install/aws_robomaker_hospital_world/share/aws_robomaker_hospital_world/fuel_models/BedTable/thumbnails/2.png
[31.044s] -- Symlinking: /home/alberto/tfg/Reconocimiento-y-sintesis-visual-Tiago/workspace/install/aws_robomaker_hospital_world/share/aws_robomaker_hospital_world/fuel_models/BedTable/thumbnails/3.png
[31.052s] -- Symlinking: /home/alberto/tfg/Reconocimiento-y-sintesis-visual-Tiago/workspace/install/aws_robomaker_hospital_world/share/aws_robomaker_hospital_world/fuel_models/BedTable/thumbnails/4.png
[31.060s] -- Symlinking: /home/alberto/tfg/Reconocimiento-y-sintesis-visual-Tiago/workspace/install/aws_robomaker_hospital_world/share/aws_robomaker_hospital_world/fuel_models/BedTable/thumbnails/5.png
[31.068s] -- Symlinking: /home/alberto/tfg/Reconocimiento-y-sintesis-visual-Tiago/workspace/install/aws_robomaker_hospital_world/share/aws_robomaker_hospital_world/fuel_models/BedsideTable/meshes/BedsideTable.mtl
[31.077s] -- Symlinking: /home/alberto/tfg/Reconocimiento-y-sintesis-visual-Tiago/workspace/install/aws_robomaker_hospital_world/share/aws_robomaker_hospital_world/fuel_models/BedsideTable/meshes/BedsideTable.obj
[31.085s] -- Symlinking: /home/alberto/tfg/Reconocimiento-y-sintesis-visual-Tiago/workspace/install/aws_robomaker_hospital_world/share/aws_robomaker_hospital_world/fuel_models/BedsideTable/meshes/BedsideTable.png
[31.093s] -- Symlinking: /home/alberto/tfg/Reconocimiento-y-sintesis-visual-Tiago/workspace/install/aws_robomaker_hospital_world/share/aws_robomaker_hospital_world/fuel_models/BedsideTable/meshes/BedsideTable_Col.mtl
[31.101s] -- Symlinking: /home/alberto/tfg/Reconocimiento-y-sintesis-visual-Tiago/workspace/install/aws_robomaker_hospital_world/share/aws_robomaker_hospital_world/fuel_models/BedsideTable/meshes/BedsideTable_Col.obj
[31.109s] -- Symlinking: /home/alberto/tfg/Reconocimiento-y-sintesis-visual-Tiago/workspace/install/aws_robomaker_hospital_world/share/aws_robomaker_hospital_world/fuel_models/BedsideTable/meshes/BedsideTable_Diffuse.png
[31.117s] -- Symlinking: /home/alberto/tfg/Reconocimiento-y-sintesis-visual-Tiago/workspace/install/aws_robomaker_hospital_world/share/aws_robomaker_hospital_world/fuel_models/BedsideTable/meshes/BedsideTable_Normal.png
[31.125s] -- Symlinking: /home/alberto/tfg/Reconocimiento-y-sintesis-visual-Tiago/workspace/install/aws_robomaker_hospital_world/share/aws_robomaker_hospital_world/fuel_models/BedsideTable/meshes/BedsideTable_SpecGloss.png
[31.133s] -- Symlinking: /home/alberto/tfg/Reconocimiento-y-sintesis-visual-Tiago/workspace/install/aws_robomaker_hospital_world/share/aws_robomaker_hospital_world/fuel_models/BedsideTable/model.config
[31.141s] -- Symlinking: /home/alberto/tfg/Reconocimiento-y-sintesis-visual-Tiago/workspace/install/aws_robomaker_hospital_world/share/aws_robomaker_hospital_world/fuel_models/BedsideTable/model.sdf
[31.149s] -- Symlinking: /home/alberto/tfg/Reconocimiento-y-sintesis-visual-Tiago/workspace/install/aws_robomaker_hospital_world/share/aws_robomaker_hospital_world/fuel_models/BedsideTable/thumbnails/1.png
[31.157s] -- Symlinking: /home/alberto/tfg/Reconocimiento-y-sintesis-visual-Tiago/workspace/install/aws_robomaker_hospital_world/share/aws_robomaker_hospital_world/fuel_models/BedsideTable/thumbnails/2.png
[31.164s] -- Symlinking: /home/alberto/tfg/Reconocimiento-y-sintesis-visual-Tiago/workspace/install/aws_robomaker_hospital_world/share/aws_robomaker_hospital_world/fuel_models/BedsideTable/thumbnails/3.png
[31.172s] -- Symlinking: /home/alberto/tfg/Reconocimiento-y-sintesis-visual-Tiago/workspace/install/aws_robomaker_hospital_world/share/aws_robomaker_hospital_world/fuel_models/BedsideTable/thumbnails/4.png
[31.180s] -- Symlinking: /home/alberto/tfg/Reconocimiento-y-sintesis-visual-Tiago/workspace/install/aws_robomaker_hospital_world/share/aws_robomaker_hospital_world/fuel_models/BedsideTable/thumbnails/5.png
[31.189s] -- Symlinking: /home/alberto/tfg/Reconocimiento-y-sintesis-visual-Tiago/workspace/install/aws_robomaker_hospital_world/share/aws_robomaker_hospital_world/fuel_models/BloodPressureMonitor/meshes/BloodPressureMonitor.mtl
[31.196s] -- Symlinking: /home/alberto/tfg/Reconocimiento-y-sintesis-visual-Tiago/workspace/install/aws_robomaker_hospital_world/share/aws_robomaker_hospital_world/fuel_models/BloodPressureMonitor/meshes/BloodPressureMonitor.obj
[31.204s] -- Symlinking: /home/alberto/tfg/Reconocimiento-y-sintesis-visual-Tiago/workspace/install/aws_robomaker_hospital_world/share/aws_robomaker_hospital_world/fuel_models/BloodPressureMonitor/meshes/BloodPressureMonitor.png
[31.213s] -- Symlinking: /home/alberto/tfg/Reconocimiento-y-sintesis-visual-Tiago/workspace/install/aws_robomaker_hospital_world/share/aws_robomaker_hospital_world/fuel_models/BloodPressureMonitor/meshes/BloodPressureMonitor_Col.mtl
[31.221s] -- Symlinking: /home/alberto/tfg/Reconocimiento-y-sintesis-visual-Tiago/workspace/install/aws_robomaker_hospital_world/share/aws_robomaker_hospital_world/fuel_models/BloodPressureMonitor/meshes/BloodPressureMonitor_Col.obj
[31.229s] -- Symlinking: /home/alberto/tfg/Reconocimiento-y-sintesis-visual-Tiago/workspace/install/aws_robomaker_hospital_world/share/aws_robomaker_hospital_world/fuel_models/BloodPressureMonitor/model.config
[31.236s] -- Symlinking: /home/alberto/tfg/Reconocimiento-y-sintesis-visual-Tiago/workspace/install/aws_robomaker_hospital_world/share/aws_robomaker_hospital_world/fuel_models/BloodPressureMonitor/model.sdf
[31.244s] -- Symlinking: /home/alberto/tfg/Reconocimiento-y-sintesis-visual-Tiago/workspace/install/aws_robomaker_hospital_world/share/aws_robomaker_hospital_world/fuel_models/BloodPressureMonitor/thumbnails/1.png
[31.252s] -- Symlinking: /home/alberto/tfg/Reconocimiento-y-sintesis-visual-Tiago/workspace/install/aws_robomaker_hospital_world/share/aws_robomaker_hospital_world/fuel_models/BloodPressureMonitor/thumbnails/2.png
[31.259s] -- Symlinking: /home/alberto/tfg/Reconocimiento-y-sintesis-visual-Tiago/workspace/install/aws_robomaker_hospital_world/share/aws_robomaker_hospital_world/fuel_models/BloodPressureMonitor/thumbnails/3.png
[31.267s] -- Symlinking: /home/alberto/tfg/Reconocimiento-y-sintesis-visual-Tiago/workspace/install/aws_robomaker_hospital_world/share/aws_robomaker_hospital_world/fuel_models/BloodPressureMonitor/thumbnails/4.png
[31.275s] -- Symlinking: /home/alberto/tfg/Reconocimiento-y-sintesis-visual-Tiago/workspace/install/aws_robomaker_hospital_world/share/aws_robomaker_hospital_world/fuel_models/BloodPressureMonitor/thumbnails/5.png
[31.282s] -- Symlinking: /home/alberto/tfg/Reconocimiento-y-sintesis-visual-Tiago/workspace/install/aws_robomaker_hospital_world/share/aws_robomaker_hospital_world/fuel_models/CGMClassic/meshes/CGMClassic.mtl
[31.290s] -- Symlinking: /home/alberto/tfg/Reconocimiento-y-sintesis-visual-Tiago/workspace/install/aws_robomaker_hospital_world/share/aws_robomaker_hospital_world/fuel_models/CGMClassic/meshes/CGMClassic.obj
[31.298s] -- Symlinking: /home/alberto/tfg/Reconocimiento-y-sintesis-visual-Tiago/workspace/install/aws_robomaker_hospital_world/share/aws_robomaker_hospital_world/fuel_models/CGMClassic/meshes/CGMClassic_Diffuse.png
[31.306s] -- Symlinking: /home/alberto/tfg/Reconocimiento-y-sintesis-visual-Tiago/workspace/install/aws_robomaker_hospital_world/share/aws_robomaker_hospital_world/fuel_models/CGMClassic/meshes/Carts_Wheels_Diffuse.png
[31.314s] -- Symlinking: /home/alberto/tfg/Reconocimiento-y-sintesis-visual-Tiago/workspace/install/aws_robomaker_hospital_world/share/aws_robomaker_hospital_world/fuel_models/CGMClassic/meshes/Wheels_Normal_Normal_Bump.tga
[31.322s] -- Symlinking: /home/alberto/tfg/Reconocimiento-y-sintesis-visual-Tiago/workspace/install/aws_robomaker_hospital_world/share/aws_robomaker_hospital_world/fuel_models/CGMClassic/model.config
[31.330s] -- Symlinking: /home/alberto/tfg/Reconocimiento-y-sintesis-visual-Tiago/workspace/install/aws_robomaker_hospital_world/share/aws_robomaker_hospital_world/fuel_models/CGMClassic/model.sdf
[31.338s] -- Symlinking: /home/alberto/tfg/Reconocimiento-y-sintesis-visual-Tiago/workspace/install/aws_robomaker_hospital_world/share/aws_robomaker_hospital_world/fuel_models/CGMClassic/thumbnails/1.png
[31.346s] -- Symlinking: /home/alberto/tfg/Reconocimiento-y-sintesis-visual-Tiago/workspace/install/aws_robomaker_hospital_world/share/aws_robomaker_hospital_world/fuel_models/CGMClassic/thumbnails/2.png
[31.354s] -- Symlinking: /home/alberto/tfg/Reconocimiento-y-sintesis-visual-Tiago/workspace/install/aws_robomaker_hospital_world/share/aws_robomaker_hospital_world/fuel_models/CGMClassic/thumbnails/3.png
[31.362s] -- Symlinking: /home/alberto/tfg/Reconocimiento-y-sintesis-visual-Tiago/workspace/install/aws_robomaker_hospital_world/share/aws_robomaker_hospital_world/fuel_models/CGMClassic/thumbnails/4.png
[31.370s] -- Symlinking: /home/alberto/tfg/Reconocimiento-y-sintesis-visual-Tiago/workspace/install/aws_robomaker_hospital_world/share/aws_robomaker_hospital_world/fuel_models/CGMClassic/thumbnails/5.png
[31.377s] -- Symlinking: /home/alberto/tfg/Reconocimiento-y-sintesis-visual-Tiago/workspace/install/aws_robomaker_hospital_world/share/aws_robomaker_hospital_world/fuel_models/Chair/meshes/Chair.mtl
[31.386s] -- Symlinking: /home/alberto/tfg/Reconocimiento-y-sintesis-visual-Tiago/workspace/install/aws_robomaker_hospital_world/share/aws_robomaker_hospital_world/fuel_models/Chair/meshes/Chair.obj
[31.393s] -- Symlinking: /home/alberto/tfg/Reconocimiento-y-sintesis-visual-Tiago/workspace/install/aws_robomaker_hospital_world/share/aws_robomaker_hospital_world/fuel_models/Chair/meshes/Chair.png
[31.401s] -- Symlinking: /home/alberto/tfg/Reconocimiento-y-sintesis-visual-Tiago/workspace/install/aws_robomaker_hospital_world/share/aws_robomaker_hospital_world/fuel_models/Chair/meshes/Chair_Diffuse.png
[31.409s] -- Symlinking: /home/alberto/tfg/Reconocimiento-y-sintesis-visual-Tiago/workspace/install/aws_robomaker_hospital_world/share/aws_robomaker_hospital_world/fuel_models/Chair/meshes/Chair_Normal.png
[31.417s] -- Symlinking: /home/alberto/tfg/Reconocimiento-y-sintesis-visual-Tiago/workspace/install/aws_robomaker_hospital_world/share/aws_robomaker_hospital_world/fuel_models/Chair/meshes/Chair_SpecGloss.png
[31.425s] -- Symlinking: /home/alberto/tfg/Reconocimiento-y-sintesis-visual-Tiago/workspace/install/aws_robomaker_hospital_world/share/aws_robomaker_hospital_world/fuel_models/Chair/model.config
[31.433s] -- Symlinking: /home/alberto/tfg/Reconocimiento-y-sintesis-visual-Tiago/workspace/install/aws_robomaker_hospital_world/share/aws_robomaker_hospital_world/fuel_models/Chair/model.sdf
[31.441s] -- Symlinking: /home/alberto/tfg/Reconocimiento-y-sintesis-visual-Tiago/workspace/install/aws_robomaker_hospital_world/share/aws_robomaker_hospital_world/fuel_models/Chair/thumbnails/1.png
[31.449s] -- Symlinking: /home/alberto/tfg/Reconocimiento-y-sintesis-visual-Tiago/workspace/install/aws_robomaker_hospital_world/share/aws_robomaker_hospital_world/fuel_models/Chair/thumbnails/2.png
[31.456s] -- Symlinking: /home/alberto/tfg/Reconocimiento-y-sintesis-visual-Tiago/workspace/install/aws_robomaker_hospital_world/share/aws_robomaker_hospital_world/fuel_models/Chair/thumbnails/3.png
[31.465s] -- Symlinking: /home/alberto/tfg/Reconocimiento-y-sintesis-visual-Tiago/workspace/install/aws_robomaker_hospital_world/share/aws_robomaker_hospital_world/fuel_models/Chair/thumbnails/4.png
[31.472s] -- Symlinking: /home/alberto/tfg/Reconocimiento-y-sintesis-visual-Tiago/workspace/install/aws_robomaker_hospital_world/share/aws_robomaker_hospital_world/fuel_models/Chair/thumbnails/5.png
[31.480s] -- Symlinking: /home/alberto/tfg/Reconocimiento-y-sintesis-visual-Tiago/workspace/install/aws_robomaker_hospital_world/share/aws_robomaker_hospital_world/fuel_models/Drawer/meshes/Drawer.mtl
[31.487s] -- Symlinking: /home/alberto/tfg/Reconocimiento-y-sintesis-visual-Tiago/workspace/install/aws_robomaker_hospital_world/share/aws_robomaker_hospital_world/fuel_models/Drawer/meshes/Drawer.obj
[31.495s] -- Symlinking: /home/alberto/tfg/Reconocimiento-y-sintesis-visual-Tiago/workspace/install/aws_robomaker_hospital_world/share/aws_robomaker_hospital_world/fuel_models/Drawer/meshes/Drawer.png
[31.502s] -- Symlinking: /home/alberto/tfg/Reconocimiento-y-sintesis-visual-Tiago/workspace/install/aws_robomaker_hospital_world/share/aws_robomaker_hospital_world/fuel_models/Drawer/meshes/Drawer_Col.obj
[31.511s] -- Symlinking: /home/alberto/tfg/Reconocimiento-y-sintesis-visual-Tiago/workspace/install/aws_robomaker_hospital_world/share/aws_robomaker_hospital_world/fuel_models/Drawer/model.config
[31.518s] -- Symlinking: /home/alberto/tfg/Reconocimiento-y-sintesis-visual-Tiago/workspace/install/aws_robomaker_hospital_world/share/aws_robomaker_hospital_world/fuel_models/Drawer/model.sdf
[31.526s] -- Symlinking: /home/alberto/tfg/Reconocimiento-y-sintesis-visual-Tiago/workspace/install/aws_robomaker_hospital_world/share/aws_robomaker_hospital_world/fuel_models/Drawer/thumbnails/1.png
[31.534s] -- Symlinking: /home/alberto/tfg/Reconocimiento-y-sintesis-visual-Tiago/workspace/install/aws_robomaker_hospital_world/share/aws_robomaker_hospital_world/fuel_models/Drawer/thumbnails/2.png
[31.542s] -- Symlinking: /home/alberto/tfg/Reconocimiento-y-sintesis-visual-Tiago/workspace/install/aws_robomaker_hospital_world/share/aws_robomaker_hospital_world/fuel_models/Drawer/thumbnails/3.png
[31.549s] -- Symlinking: /home/alberto/tfg/Reconocimiento-y-sintesis-visual-Tiago/workspace/install/aws_robomaker_hospital_world/share/aws_robomaker_hospital_world/fuel_models/Drawer/thumbnails/4.png
[31.556s] -- Symlinking: /home/alberto/tfg/Reconocimiento-y-sintesis-visual-Tiago/workspace/install/aws_robomaker_hospital_world/share/aws_robomaker_hospital_world/fuel_models/Drawer/thumbnails/5.png
[31.564s] -- Symlinking: /home/alberto/tfg/Reconocimiento-y-sintesis-visual-Tiago/workspace/install/aws_robomaker_hospital_world/share/aws_robomaker_hospital_world/fuel_models/ElderLadyPatient/meshes/CGMVanguard_Diffuse.png
[31.571s] -- Symlinking: /home/alberto/tfg/Reconocimiento-y-sintesis-visual-Tiago/workspace/install/aws_robomaker_hospital_world/share/aws_robomaker_hospital_world/fuel_models/ElderLadyPatient/meshes/Carts_Wheels_Diffuse.png
[31.579s] -- Symlinking: /home/alberto/tfg/Reconocimiento-y-sintesis-visual-Tiago/workspace/install/aws_robomaker_hospital_world/share/aws_robomaker_hospital_world/fuel_models/ElderLadyPatient/meshes/ElderFPatient_color.jpg
[31.587s] -- Symlinking: /home/alberto/tfg/Reconocimiento-y-sintesis-visual-Tiago/workspace/install/aws_robomaker_hospital_world/share/aws_robomaker_hospital_world/fuel_models/ElderLadyPatient/meshes/ElderFemale.mtl
[31.595s] -- Symlinking: /home/alberto/tfg/Reconocimiento-y-sintesis-visual-Tiago/workspace/install/aws_robomaker_hospital_world/share/aws_robomaker_hospital_world/fuel_models/ElderLadyPatient/meshes/ElderFemale.obj
[31.602s] -- Symlinking: /home/alberto/tfg/Reconocimiento-y-sintesis-visual-Tiago/workspace/install/aws_robomaker_hospital_world/share/aws_robomaker_hospital_world/fuel_models/ElderLadyPatient/model.config
[31.610s] -- Symlinking: /home/alberto/tfg/Reconocimiento-y-sintesis-visual-Tiago/workspace/install/aws_robomaker_hospital_world/share/aws_robomaker_hospital_world/fuel_models/ElderLadyPatient/model.sdf
[31.618s] -- Symlinking: /home/alberto/tfg/Reconocimiento-y-sintesis-visual-Tiago/workspace/install/aws_robomaker_hospital_world/share/aws_robomaker_hospital_world/fuel_models/ElderLadyPatient/thumbnails/1.png
[31.626s] -- Symlinking: /home/alberto/tfg/Reconocimiento-y-sintesis-visual-Tiago/workspace/install/aws_robomaker_hospital_world/share/aws_robomaker_hospital_world/fuel_models/ElderLadyPatient/thumbnails/2.png
[31.634s] -- Symlinking: /home/alberto/tfg/Reconocimiento-y-sintesis-visual-Tiago/workspace/install/aws_robomaker_hospital_world/share/aws_robomaker_hospital_world/fuel_models/ElderLadyPatient/thumbnails/3.png
[31.643s] -- Symlinking: /home/alberto/tfg/Reconocimiento-y-sintesis-visual-Tiago/workspace/install/aws_robomaker_hospital_world/share/aws_robomaker_hospital_world/fuel_models/ElderLadyPatient/thumbnails/4.png
[31.651s] -- Symlinking: /home/alberto/tfg/Reconocimiento-y-sintesis-visual-Tiago/workspace/install/aws_robomaker_hospital_world/share/aws_robomaker_hospital_world/fuel_models/ElderLadyPatient/thumbnails/5.png
[31.660s] -- Symlinking: /home/alberto/tfg/Reconocimiento-y-sintesis-visual-Tiago/workspace/install/aws_robomaker_hospital_world/share/aws_robomaker_hospital_world/fuel_models/ElderMalePatient/meshes/CGMVanguard_Diffuse.png
[31.668s] -- Symlinking: /home/alberto/tfg/Reconocimiento-y-sintesis-visual-Tiago/workspace/install/aws_robomaker_hospital_world/share/aws_robomaker_hospital_world/fuel_models/ElderMalePatient/meshes/Carts_Wheels_Diffuse.png
[31.677s] -- Symlinking: /home/alberto/tfg/Reconocimiento-y-sintesis-visual-Tiago/workspace/install/aws_robomaker_hospital_world/share/aws_robomaker_hospital_world/fuel_models/ElderMalePatient/meshes/ElderMalePatient.mtl
[31.685s] -- Symlinking: /home/alberto/tfg/Reconocimiento-y-sintesis-visual-Tiago/workspace/install/aws_robomaker_hospital_world/share/aws_robomaker_hospital_world/fuel_models/ElderMalePatient/meshes/ElderMalePatient.obj
[31.693s] -- Symlinking: /home/alberto/tfg/Reconocimiento-y-sintesis-visual-Tiago/workspace/install/aws_robomaker_hospital_world/share/aws_robomaker_hospital_world/fuel_models/ElderMalePatient/meshes/ElderMale_color1.jpg
[31.701s] -- Symlinking: /home/alberto/tfg/Reconocimiento-y-sintesis-visual-Tiago/workspace/install/aws_robomaker_hospital_world/share/aws_robomaker_hospital_world/fuel_models/ElderMalePatient/meshes/towel1.jpg
[31.709s] -- Symlinking: /home/alberto/tfg/Reconocimiento-y-sintesis-visual-Tiago/workspace/install/aws_robomaker_hospital_world/share/aws_robomaker_hospital_world/fuel_models/ElderMalePatient/model.config
[31.717s] -- Symlinking: /home/alberto/tfg/Reconocimiento-y-sintesis-visual-Tiago/workspace/install/aws_robomaker_hospital_world/share/aws_robomaker_hospital_world/fuel_models/ElderMalePatient/model.sdf
[31.725s] -- Symlinking: /home/alberto/tfg/Reconocimiento-y-sintesis-visual-Tiago/workspace/install/aws_robomaker_hospital_world/share/aws_robomaker_hospital_world/fuel_models/ElderMalePatient/thumbnails/1.png
[31.732s] -- Symlinking: /home/alberto/tfg/Reconocimiento-y-sintesis-visual-Tiago/workspace/install/aws_robomaker_hospital_world/share/aws_robomaker_hospital_world/fuel_models/ElderMalePatient/thumbnails/2.png
[31.740s] -- Symlinking: /home/alberto/tfg/Reconocimiento-y-sintesis-visual-Tiago/workspace/install/aws_robomaker_hospital_world/share/aws_robomaker_hospital_world/fuel_models/ElderMalePatient/thumbnails/3.png
[31.748s] -- Symlinking: /home/alberto/tfg/Reconocimiento-y-sintesis-visual-Tiago/workspace/install/aws_robomaker_hospital_world/share/aws_robomaker_hospital_world/fuel_models/ElderMalePatient/thumbnails/4.png
[31.756s] -- Symlinking: /home/alberto/tfg/Reconocimiento-y-sintesis-visual-Tiago/workspace/install/aws_robomaker_hospital_world/share/aws_robomaker_hospital_world/fuel_models/ElderMalePatient/thumbnails/5.png
[31.763s] -- Symlinking: /home/alberto/tfg/Reconocimiento-y-sintesis-visual-Tiago/workspace/install/aws_robomaker_hospital_world/share/aws_robomaker_hospital_world/fuel_models/FemaleVisitor/meshes/FemaleVisitor.mtl
[31.771s] -- Symlinking: /home/alberto/tfg/Reconocimiento-y-sintesis-visual-Tiago/workspace/install/aws_robomaker_hospital_world/share/aws_robomaker_hospital_world/fuel_models/FemaleVisitor/meshes/FemaleVisitor.obj
[31.779s] -- Symlinking: /home/alberto/tfg/Reconocimiento-y-sintesis-visual-Tiago/workspace/install/aws_robomaker_hospital_world/share/aws_robomaker_hospital_world/fuel_models/FemaleVisitor/meshes/FemaleVisitor.png
[31.787s] -- Symlinking: /home/alberto/tfg/Reconocimiento-y-sintesis-visual-Tiago/workspace/install/aws_robomaker_hospital_world/share/aws_robomaker_hospital_world/fuel_models/FemaleVisitor/meshes/FemaleVisitor_Col.mtl
[31.795s] -- Symlinking: /home/alberto/tfg/Reconocimiento-y-sintesis-visual-Tiago/workspace/install/aws_robomaker_hospital_world/share/aws_robomaker_hospital_world/fuel_models/FemaleVisitor/meshes/FemaleVisitor_Col.obj
[31.804s] -- Symlinking: /home/alberto/tfg/Reconocimiento-y-sintesis-visual-Tiago/workspace/install/aws_robomaker_hospital_world/share/aws_robomaker_hospital_world/fuel_models/FemaleVisitor/meshes/Handbag.png
[31.811s] -- Symlinking: /home/alberto/tfg/Reconocimiento-y-sintesis-visual-Tiago/workspace/install/aws_robomaker_hospital_world/share/aws_robomaker_hospital_world/fuel_models/FemaleVisitor/model.config
[31.820s] -- Symlinking: /home/alberto/tfg/Reconocimiento-y-sintesis-visual-Tiago/workspace/install/aws_robomaker_hospital_world/share/aws_robomaker_hospital_world/fuel_models/FemaleVisitor/model.sdf
[31.828s] -- Symlinking: /home/alberto/tfg/Reconocimiento-y-sintesis-visual-Tiago/workspace/install/aws_robomaker_hospital_world/share/aws_robomaker_hospital_world/fuel_models/FemaleVisitor/thumbnails/1.png
[31.836s] -- Symlinking: /home/alberto/tfg/Reconocimiento-y-sintesis-visual-Tiago/workspace/install/aws_robomaker_hospital_world/share/aws_robomaker_hospital_world/fuel_models/FemaleVisitor/thumbnails/2.png
[31.844s] -- Symlinking: /home/alberto/tfg/Reconocimiento-y-sintesis-visual-Tiago/workspace/install/aws_robomaker_hospital_world/share/aws_robomaker_hospital_world/fuel_models/FemaleVisitor/thumbnails/3.png
[31.852s] -- Symlinking: /home/alberto/tfg/Reconocimiento-y-sintesis-visual-Tiago/workspace/install/aws_robomaker_hospital_world/share/aws_robomaker_hospital_world/fuel_models/FemaleVisitor/thumbnails/4.png
[31.860s] -- Symlinking: /home/alberto/tfg/Reconocimiento-y-sintesis-visual-Tiago/workspace/install/aws_robomaker_hospital_world/share/aws_robomaker_hospital_world/fuel_models/FemaleVisitor/thumbnails/5.png
[31.867s] -- Symlinking: /home/alberto/tfg/Reconocimiento-y-sintesis-visual-Tiago/workspace/install/aws_robomaker_hospital_world/share/aws_robomaker_hospital_world/fuel_models/FemaleVisitorSit/meshes/FemaleVisitorSit.mtl
[31.875s] -- Symlinking: /home/alberto/tfg/Reconocimiento-y-sintesis-visual-Tiago/workspace/install/aws_robomaker_hospital_world/share/aws_robomaker_hospital_world/fuel_models/FemaleVisitorSit/meshes/FemaleVisitorSit.obj
[31.883s] -- Symlinking: /home/alberto/tfg/Reconocimiento-y-sintesis-visual-Tiago/workspace/install/aws_robomaker_hospital_world/share/aws_robomaker_hospital_world/fuel_models/FemaleVisitorSit/meshes/FemaleVisitorSit.png
[31.891s] -- Symlinking: /home/alberto/tfg/Reconocimiento-y-sintesis-visual-Tiago/workspace/install/aws_robomaker_hospital_world/share/aws_robomaker_hospital_world/fuel_models/FemaleVisitorSit/meshes/FemaleVisitorSit_Col.mtl
[31.899s] -- Symlinking: /home/alberto/tfg/Reconocimiento-y-sintesis-visual-Tiago/workspace/install/aws_robomaker_hospital_world/share/aws_robomaker_hospital_world/fuel_models/FemaleVisitorSit/meshes/FemaleVisitorSit_Col.obj
[31.908s] -- Symlinking: /home/alberto/tfg/Reconocimiento-y-sintesis-visual-Tiago/workspace/install/aws_robomaker_hospital_world/share/aws_robomaker_hospital_world/fuel_models/FemaleVisitorSit/meshes/HandbagBlack.png
[31.917s] -- Symlinking: /home/alberto/tfg/Reconocimiento-y-sintesis-visual-Tiago/workspace/install/aws_robomaker_hospital_world/share/aws_robomaker_hospital_world/fuel_models/FemaleVisitorSit/model.config
[31.925s] -- Symlinking: /home/alberto/tfg/Reconocimiento-y-sintesis-visual-Tiago/workspace/install/aws_robomaker_hospital_world/share/aws_robomaker_hospital_world/fuel_models/FemaleVisitorSit/model.sdf
[31.933s] -- Symlinking: /home/alberto/tfg/Reconocimiento-y-sintesis-visual-Tiago/workspace/install/aws_robomaker_hospital_world/share/aws_robomaker_hospital_world/fuel_models/FemaleVisitorSit/thumbnails/1.png
[31.941s] -- Symlinking: /home/alberto/tfg/Reconocimiento-y-sintesis-visual-Tiago/workspace/install/aws_robomaker_hospital_world/share/aws_robomaker_hospital_world/fuel_models/FemaleVisitorSit/thumbnails/2.png
[31.949s] -- Symlinking: /home/alberto/tfg/Reconocimiento-y-sintesis-visual-Tiago/workspace/install/aws_robomaker_hospital_world/share/aws_robomaker_hospital_world/fuel_models/FemaleVisitorSit/thumbnails/3.png
[31.957s] -- Symlinking: /home/alberto/tfg/Reconocimiento-y-sintesis-visual-Tiago/workspace/install/aws_robomaker_hospital_world/share/aws_robomaker_hospital_world/fuel_models/FemaleVisitorSit/thumbnails/4.png
[31.964s] -- Symlinking: /home/alberto/tfg/Reconocimiento-y-sintesis-visual-Tiago/workspace/install/aws_robomaker_hospital_world/share/aws_robomaker_hospital_world/fuel_models/FemaleVisitorSit/thumbnails/5.png
[31.972s] -- Symlinking: /home/alberto/tfg/Reconocimiento-y-sintesis-visual-Tiago/workspace/install/aws_robomaker_hospital_world/share/aws_robomaker_hospital_world/fuel_models/IVStand/meshes/Carts_Wheels_Diffuse.png
[31.980s] -- Symlinking: /home/alberto/tfg/Reconocimiento-y-sintesis-visual-Tiago/workspace/install/aws_robomaker_hospital_world/share/aws_robomaker_hospital_world/fuel_models/IVStand/meshes/IVStand.mtl
[31.988s] -- Symlinking: /home/alberto/tfg/Reconocimiento-y-sintesis-visual-Tiago/workspace/install/aws_robomaker_hospital_world/share/aws_robomaker_hospital_world/fuel_models/IVStand/meshes/IVStand.obj
[31.996s] -- Symlinking: /home/alberto/tfg/Reconocimiento-y-sintesis-visual-Tiago/workspace/install/aws_robomaker_hospital_world/share/aws_robomaker_hospital_world/fuel_models/IVStand/meshes/IVStand_Diffuse.png
[32.004s] -- Symlinking: /home/alberto/tfg/Reconocimiento-y-sintesis-visual-Tiago/workspace/install/aws_robomaker_hospital_world/share/aws_robomaker_hospital_world/fuel_models/IVStand/model.config
[32.012s] -- Symlinking: /home/alberto/tfg/Reconocimiento-y-sintesis-visual-Tiago/workspace/install/aws_robomaker_hospital_world/share/aws_robomaker_hospital_world/fuel_models/IVStand/model.sdf
[32.021s] -- Symlinking: /home/alberto/tfg/Reconocimiento-y-sintesis-visual-Tiago/workspace/install/aws_robomaker_hospital_world/share/aws_robomaker_hospital_world/fuel_models/IVStand/thumbnails/1.png
[32.028s] -- Symlinking: /home/alberto/tfg/Reconocimiento-y-sintesis-visual-Tiago/workspace/install/aws_robomaker_hospital_world/share/aws_robomaker_hospital_world/fuel_models/IVStand/thumbnails/2.png
[32.036s] -- Symlinking: /home/alberto/tfg/Reconocimiento-y-sintesis-visual-Tiago/workspace/install/aws_robomaker_hospital_world/share/aws_robomaker_hospital_world/fuel_models/IVStand/thumbnails/3.png
[32.044s] -- Symlinking: /home/alberto/tfg/Reconocimiento-y-sintesis-visual-Tiago/workspace/install/aws_robomaker_hospital_world/share/aws_robomaker_hospital_world/fuel_models/IVStand/thumbnails/4.png
[32.051s] -- Symlinking: /home/alberto/tfg/Reconocimiento-y-sintesis-visual-Tiago/workspace/install/aws_robomaker_hospital_world/share/aws_robomaker_hospital_world/fuel_models/IVStand/thumbnails/5.png
[32.059s] -- Symlinking: /home/alberto/tfg/Reconocimiento-y-sintesis-visual-Tiago/workspace/install/aws_robomaker_hospital_world/share/aws_robomaker_hospital_world/fuel_models/InstrumentCart1/meshes/InstrumentCart1.mtl
[32.067s] -- Symlinking: /home/alberto/tfg/Reconocimiento-y-sintesis-visual-Tiago/workspace/install/aws_robomaker_hospital_world/share/aws_robomaker_hospital_world/fuel_models/InstrumentCart1/meshes/InstrumentCart1.obj
[32.075s] -- Symlinking: /home/alberto/tfg/Reconocimiento-y-sintesis-visual-Tiago/workspace/install/aws_robomaker_hospital_world/share/aws_robomaker_hospital_world/fuel_models/InstrumentCart1/meshes/texture.png
[32.084s] -- Symlinking: /home/alberto/tfg/Reconocimiento-y-sintesis-visual-Tiago/workspace/install/aws_robomaker_hospital_world/share/aws_robomaker_hospital_world/fuel_models/InstrumentCart1/model.config
[32.093s] -- Symlinking: /home/alberto/tfg/Reconocimiento-y-sintesis-visual-Tiago/workspace/install/aws_robomaker_hospital_world/share/aws_robomaker_hospital_world/fuel_models/InstrumentCart1/model.sdf
[32.101s] -- Symlinking: /home/alberto/tfg/Reconocimiento-y-sintesis-visual-Tiago/workspace/install/aws_robomaker_hospital_world/share/aws_robomaker_hospital_world/fuel_models/InstrumentCart1/thumbnails/1.png
[32.110s] -- Symlinking: /home/alberto/tfg/Reconocimiento-y-sintesis-visual-Tiago/workspace/install/aws_robomaker_hospital_world/share/aws_robomaker_hospital_world/fuel_models/InstrumentCart1/thumbnails/2.png
[32.119s] -- Symlinking: /home/alberto/tfg/Reconocimiento-y-sintesis-visual-Tiago/workspace/install/aws_robomaker_hospital_world/share/aws_robomaker_hospital_world/fuel_models/InstrumentCart1/thumbnails/3.png
[32.128s] -- Symlinking: /home/alberto/tfg/Reconocimiento-y-sintesis-visual-Tiago/workspace/install/aws_robomaker_hospital_world/share/aws_robomaker_hospital_world/fuel_models/InstrumentCart1/thumbnails/4.png
[32.136s] -- Symlinking: /home/alberto/tfg/Reconocimiento-y-sintesis-visual-Tiago/workspace/install/aws_robomaker_hospital_world/share/aws_robomaker_hospital_world/fuel_models/InstrumentCart1/thumbnails/5.png
[32.145s] -- Symlinking: /home/alberto/tfg/Reconocimiento-y-sintesis-visual-Tiago/workspace/install/aws_robomaker_hospital_world/share/aws_robomaker_hospital_world/fuel_models/InstrumentCart2/meshes/InstrumentCart2.mtl
[32.154s] -- Symlinking: /home/alberto/tfg/Reconocimiento-y-sintesis-visual-Tiago/workspace/install/aws_robomaker_hospital_world/share/aws_robomaker_hospital_world/fuel_models/InstrumentCart2/meshes/InstrumentCart2.obj
[32.163s] -- Symlinking: /home/alberto/tfg/Reconocimiento-y-sintesis-visual-Tiago/workspace/install/aws_robomaker_hospital_world/share/aws_robomaker_hospital_world/fuel_models/InstrumentCart2/meshes/texture.png
[32.171s] -- Symlinking: /home/alberto/tfg/Reconocimiento-y-sintesis-visual-Tiago/workspace/install/aws_robomaker_hospital_world/share/aws_robomaker_hospital_world/fuel_models/InstrumentCart2/model.config
[32.180s] -- Symlinking: /home/alberto/tfg/Reconocimiento-y-sintesis-visual-Tiago/workspace/install/aws_robomaker_hospital_world/share/aws_robomaker_hospital_world/fuel_models/InstrumentCart2/model.sdf
[32.189s] -- Symlinking: /home/alberto/tfg/Reconocimiento-y-sintesis-visual-Tiago/workspace/install/aws_robomaker_hospital_world/share/aws_robomaker_hospital_world/fuel_models/InstrumentCart2/thumbnails/1.png
[32.199s] -- Symlinking: /home/alberto/tfg/Reconocimiento-y-sintesis-visual-Tiago/workspace/install/aws_robomaker_hospital_world/share/aws_robomaker_hospital_world/fuel_models/InstrumentCart2/thumbnails/2.png
[32.208s] -- Symlinking: /home/alberto/tfg/Reconocimiento-y-sintesis-visual-Tiago/workspace/install/aws_robomaker_hospital_world/share/aws_robomaker_hospital_world/fuel_models/InstrumentCart2/thumbnails/3.png
[32.217s] -- Symlinking: /home/alberto/tfg/Reconocimiento-y-sintesis-visual-Tiago/workspace/install/aws_robomaker_hospital_world/share/aws_robomaker_hospital_world/fuel_models/InstrumentCart2/thumbnails/4.png
[32.227s] -- Symlinking: /home/alberto/tfg/Reconocimiento-y-sintesis-visual-Tiago/workspace/install/aws_robomaker_hospital_world/share/aws_robomaker_hospital_world/fuel_models/InstrumentCart2/thumbnails/5.png
[32.236s] -- Symlinking: /home/alberto/tfg/Reconocimiento-y-sintesis-visual-Tiago/workspace/install/aws_robomaker_hospital_world/share/aws_robomaker_hospital_world/fuel_models/KitchenSink/meshes/kitchenSink.mtl
[32.246s] -- Symlinking: /home/alberto/tfg/Reconocimiento-y-sintesis-visual-Tiago/workspace/install/aws_robomaker_hospital_world/share/aws_robomaker_hospital_world/fuel_models/KitchenSink/meshes/kitchenSink.obj
[32.255s] -- Symlinking: /home/alberto/tfg/Reconocimiento-y-sintesis-visual-Tiago/workspace/install/aws_robomaker_hospital_world/share/aws_robomaker_hospital_world/fuel_models/KitchenSink/model.config
[32.265s] -- Symlinking: /home/alberto/tfg/Reconocimiento-y-sintesis-visual-Tiago/workspace/install/aws_robomaker_hospital_world/share/aws_robomaker_hospital_world/fuel_models/KitchenSink/model.sdf
[32.274s] -- Symlinking: /home/alberto/tfg/Reconocimiento-y-sintesis-visual-Tiago/workspace/install/aws_robomaker_hospital_world/share/aws_robomaker_hospital_world/fuel_models/KitchenSink/thumbnails/1.png
[32.283s] -- Symlinking: /home/alberto/tfg/Reconocimiento-y-sintesis-visual-Tiago/workspace/install/aws_robomaker_hospital_world/share/aws_robomaker_hospital_world/fuel_models/KitchenSink/thumbnails/2.png
[32.293s] -- Symlinking: /home/alberto/tfg/Reconocimiento-y-sintesis-visual-Tiago/workspace/install/aws_robomaker_hospital_world/share/aws_robomaker_hospital_world/fuel_models/KitchenSink/thumbnails/3.png
[32.302s] -- Symlinking: /home/alberto/tfg/Reconocimiento-y-sintesis-visual-Tiago/workspace/install/aws_robomaker_hospital_world/share/aws_robomaker_hospital_world/fuel_models/KitchenSink/thumbnails/4.png
[32.312s] -- Symlinking: /home/alberto/tfg/Reconocimiento-y-sintesis-visual-Tiago/workspace/install/aws_robomaker_hospital_world/share/aws_robomaker_hospital_world/fuel_models/KitchenSink/thumbnails/5.png
[32.321s] -- Symlinking: /home/alberto/tfg/Reconocimiento-y-sintesis-visual-Tiago/workspace/install/aws_robomaker_hospital_world/share/aws_robomaker_hospital_world/fuel_models/MalePatientBed/meshes/CGMVanguard_Diffuse.png
[32.331s] -- Symlinking: /home/alberto/tfg/Reconocimiento-y-sintesis-visual-Tiago/workspace/install/aws_robomaker_hospital_world/share/aws_robomaker_hospital_world/fuel_models/MalePatientBed/meshes/Carts_Wheels_Diffuse.png
[32.340s] -- Symlinking: /home/alberto/tfg/Reconocimiento-y-sintesis-visual-Tiago/workspace/install/aws_robomaker_hospital_world/share/aws_robomaker_hospital_world/fuel_models/MalePatientBed/meshes/MalePatientBed.mtl
[32.350s] -- Symlinking: /home/alberto/tfg/Reconocimiento-y-sintesis-visual-Tiago/workspace/install/aws_robomaker_hospital_world/share/aws_robomaker_hospital_world/fuel_models/MalePatientBed/meshes/MalePatientBed.obj
[32.359s] -- Symlinking: /home/alberto/tfg/Reconocimiento-y-sintesis-visual-Tiago/workspace/install/aws_robomaker_hospital_world/share/aws_robomaker_hospital_world/fuel_models/MalePatientBed/meshes/PatientM.png
[32.369s] -- Symlinking: /home/alberto/tfg/Reconocimiento-y-sintesis-visual-Tiago/workspace/install/aws_robomaker_hospital_world/share/aws_robomaker_hospital_world/fuel_models/MalePatientBed/meshes/texture.png
[32.378s] -- Symlinking: /home/alberto/tfg/Reconocimiento-y-sintesis-visual-Tiago/workspace/install/aws_robomaker_hospital_world/share/aws_robomaker_hospital_world/fuel_models/MalePatientBed/meshes/towel1.jpg
[32.388s] -- Symlinking: /home/alberto/tfg/Reconocimiento-y-sintesis-visual-Tiago/workspace/install/aws_robomaker_hospital_world/share/aws_robomaker_hospital_world/fuel_models/MalePatientBed/model.config
[32.398s] -- Symlinking: /home/alberto/tfg/Reconocimiento-y-sintesis-visual-Tiago/workspace/install/aws_robomaker_hospital_world/share/aws_robomaker_hospital_world/fuel_models/MalePatientBed/model.sdf
[32.407s] -- Symlinking: /home/alberto/tfg/Reconocimiento-y-sintesis-visual-Tiago/workspace/install/aws_robomaker_hospital_world/share/aws_robomaker_hospital_world/fuel_models/MalePatientBed/thumbnails/1.png
[32.417s] -- Symlinking: /home/alberto/tfg/Reconocimiento-y-sintesis-visual-Tiago/workspace/install/aws_robomaker_hospital_world/share/aws_robomaker_hospital_world/fuel_models/MalePatientBed/thumbnails/2.png
[32.426s] -- Symlinking: /home/alberto/tfg/Reconocimiento-y-sintesis-visual-Tiago/workspace/install/aws_robomaker_hospital_world/share/aws_robomaker_hospital_world/fuel_models/MalePatientBed/thumbnails/3.png
[32.436s] -- Symlinking: /home/alberto/tfg/Reconocimiento-y-sintesis-visual-Tiago/workspace/install/aws_robomaker_hospital_world/share/aws_robomaker_hospital_world/fuel_models/MalePatientBed/thumbnails/4.png
[32.446s] -- Symlinking: /home/alberto/tfg/Reconocimiento-y-sintesis-visual-Tiago/workspace/install/aws_robomaker_hospital_world/share/aws_robomaker_hospital_world/fuel_models/MalePatientBed/thumbnails/5.png
[32.455s] -- Symlinking: /home/alberto/tfg/Reconocimiento-y-sintesis-visual-Tiago/workspace/install/aws_robomaker_hospital_world/share/aws_robomaker_hospital_world/fuel_models/MaleVisitorOnPhone/meshes/MaleVisitor.png
[32.465s] -- Symlinking: /home/alberto/tfg/Reconocimiento-y-sintesis-visual-Tiago/workspace/install/aws_robomaker_hospital_world/share/aws_robomaker_hospital_world/fuel_models/MaleVisitorOnPhone/meshes/MaleVisitorStatic.mtl
[32.474s] -- Symlinking: /home/alberto/tfg/Reconocimiento-y-sintesis-visual-Tiago/workspace/install/aws_robomaker_hospital_world/share/aws_robomaker_hospital_world/fuel_models/MaleVisitorOnPhone/meshes/MaleVisitorStatic.obj
[32.484s] -- Symlinking: /home/alberto/tfg/Reconocimiento-y-sintesis-visual-Tiago/workspace/install/aws_robomaker_hospital_world/share/aws_robomaker_hospital_world/fuel_models/MaleVisitorOnPhone/meshes/MaleVisitorStatic_Col.mtl
[32.494s] -- Symlinking: /home/alberto/tfg/Reconocimiento-y-sintesis-visual-Tiago/workspace/install/aws_robomaker_hospital_world/share/aws_robomaker_hospital_world/fuel_models/MaleVisitorOnPhone/meshes/MaleVisitorStatic_Col.obj
[32.503s] -- Symlinking: /home/alberto/tfg/Reconocimiento-y-sintesis-visual-Tiago/workspace/install/aws_robomaker_hospital_world/share/aws_robomaker_hospital_world/fuel_models/MaleVisitorOnPhone/meshes/Phone.png
[32.513s] -- Symlinking: /home/alberto/tfg/Reconocimiento-y-sintesis-visual-Tiago/workspace/install/aws_robomaker_hospital_world/share/aws_robomaker_hospital_world/fuel_models/MaleVisitorOnPhone/model.config
[32.523s] -- Symlinking: /home/alberto/tfg/Reconocimiento-y-sintesis-visual-Tiago/workspace/install/aws_robomaker_hospital_world/share/aws_robomaker_hospital_world/fuel_models/MaleVisitorOnPhone/model.sdf
[32.532s] -- Symlinking: /home/alberto/tfg/Reconocimiento-y-sintesis-visual-Tiago/workspace/install/aws_robomaker_hospital_world/share/aws_robomaker_hospital_world/fuel_models/MaleVisitorOnPhone/thumbnails/1.png
[32.542s] -- Symlinking: /home/alberto/tfg/Reconocimiento-y-sintesis-visual-Tiago/workspace/install/aws_robomaker_hospital_world/share/aws_robomaker_hospital_world/fuel_models/MaleVisitorOnPhone/thumbnails/2.png
[32.551s] -- Symlinking: /home/alberto/tfg/Reconocimiento-y-sintesis-visual-Tiago/workspace/install/aws_robomaker_hospital_world/share/aws_robomaker_hospital_world/fuel_models/MaleVisitorOnPhone/thumbnails/3.png
[32.560s] -- Symlinking: /home/alberto/tfg/Reconocimiento-y-sintesis-visual-Tiago/workspace/install/aws_robomaker_hospital_world/share/aws_robomaker_hospital_world/fuel_models/MaleVisitorOnPhone/thumbnails/4.png
[32.570s] -- Symlinking: /home/alberto/tfg/Reconocimiento-y-sintesis-visual-Tiago/workspace/install/aws_robomaker_hospital_world/share/aws_robomaker_hospital_world/fuel_models/MaleVisitorOnPhone/thumbnails/5.png
[32.580s] -- Symlinking: /home/alberto/tfg/Reconocimiento-y-sintesis-visual-Tiago/workspace/install/aws_robomaker_hospital_world/share/aws_robomaker_hospital_world/fuel_models/MaleVisitorSit/meshes/MaleVisitorSit.mtl
[32.590s] -- Symlinking: /home/alberto/tfg/Reconocimiento-y-sintesis-visual-Tiago/workspace/install/aws_robomaker_hospital_world/share/aws_robomaker_hospital_world/fuel_models/MaleVisitorSit/meshes/MaleVisitorSit.obj
[32.599s] -- Symlinking: /home/alberto/tfg/Reconocimiento-y-sintesis-visual-Tiago/workspace/install/aws_robomaker_hospital_world/share/aws_robomaker_hospital_world/fuel_models/MaleVisitorSit/meshes/MaleVisitorSit.png
[32.608s] -- Symlinking: /home/alberto/tfg/Reconocimiento-y-sintesis-visual-Tiago/workspace/install/aws_robomaker_hospital_world/share/aws_robomaker_hospital_world/fuel_models/MaleVisitorSit/meshes/MaleVisitorSit_Col.mtl
[32.617s] -- Symlinking: /home/alberto/tfg/Reconocimiento-y-sintesis-visual-Tiago/workspace/install/aws_robomaker_hospital_world/share/aws_robomaker_hospital_world/fuel_models/MaleVisitorSit/meshes/MaleVisitorSit_Col.obj
[32.627s] -- Symlinking: /home/alberto/tfg/Reconocimiento-y-sintesis-visual-Tiago/workspace/install/aws_robomaker_hospital_world/share/aws_robomaker_hospital_world/fuel_models/MaleVisitorSit/meshes/Phone.png
[32.637s] -- Symlinking: /home/alberto/tfg/Reconocimiento-y-sintesis-visual-Tiago/workspace/install/aws_robomaker_hospital_world/share/aws_robomaker_hospital_world/fuel_models/MaleVisitorSit/model.config
[32.646s] -- Symlinking: /home/alberto/tfg/Reconocimiento-y-sintesis-visual-Tiago/workspace/install/aws_robomaker_hospital_world/share/aws_robomaker_hospital_world/fuel_models/MaleVisitorSit/model.sdf
[32.656s] -- Symlinking: /home/alberto/tfg/Reconocimiento-y-sintesis-visual-Tiago/workspace/install/aws_robomaker_hospital_world/share/aws_robomaker_hospital_world/fuel_models/MaleVisitorSit/thumbnails/1.png
[32.666s] -- Symlinking: /home/alberto/tfg/Reconocimiento-y-sintesis-visual-Tiago/workspace/install/aws_robomaker_hospital_world/share/aws_robomaker_hospital_world/fuel_models/MaleVisitorSit/thumbnails/2.png
[32.675s] -- Symlinking: /home/alberto/tfg/Reconocimiento-y-sintesis-visual-Tiago/workspace/install/aws_robomaker_hospital_world/share/aws_robomaker_hospital_world/fuel_models/MaleVisitorSit/thumbnails/3.png
[32.685s] -- Symlinking: /home/alberto/tfg/Reconocimiento-y-sintesis-visual-Tiago/workspace/install/aws_robomaker_hospital_world/share/aws_robomaker_hospital_world/fuel_models/MaleVisitorSit/thumbnails/4.png
[32.695s] -- Symlinking: /home/alberto/tfg/Reconocimiento-y-sintesis-visual-Tiago/workspace/install/aws_robomaker_hospital_world/share/aws_robomaker_hospital_world/fuel_models/MaleVisitorSit/thumbnails/5.png
[32.705s] -- Symlinking: /home/alberto/tfg/Reconocimiento-y-sintesis-visual-Tiago/workspace/install/aws_robomaker_hospital_world/share/aws_robomaker_hospital_world/fuel_models/MetalCabinet/meshes/MetalCabinet.mtl
[32.715s] -- Symlinking: /home/alberto/tfg/Reconocimiento-y-sintesis-visual-Tiago/workspace/install/aws_robomaker_hospital_world/share/aws_robomaker_hospital_world/fuel_models/MetalCabinet/meshes/MetalCabinet.obj
[32.724s] -- Symlinking: /home/alberto/tfg/Reconocimiento-y-sintesis-visual-Tiago/workspace/install/aws_robomaker_hospital_world/share/aws_robomaker_hospital_world/fuel_models/MetalCabinet/meshes/MetalCabinet.png
[32.733s] -- Symlinking: /home/alberto/tfg/Reconocimiento-y-sintesis-visual-Tiago/workspace/install/aws_robomaker_hospital_world/share/aws_robomaker_hospital_world/fuel_models/MetalCabinet/model.config
[32.743s] -- Symlinking: /home/alberto/tfg/Reconocimiento-y-sintesis-visual-Tiago/workspace/install/aws_robomaker_hospital_world/share/aws_robomaker_hospital_world/fuel_models/MetalCabinet/model.sdf
[32.753s] -- Symlinking: /home/alberto/tfg/Reconocimiento-y-sintesis-visual-Tiago/workspace/install/aws_robomaker_hospital_world/share/aws_robomaker_hospital_world/fuel_models/MetalCabinet/thumbnails/1.png
[32.762s] -- Symlinking: /home/alberto/tfg/Reconocimiento-y-sintesis-visual-Tiago/workspace/install/aws_robomaker_hospital_world/share/aws_robomaker_hospital_world/fuel_models/MetalCabinet/thumbnails/2.png
[32.772s] -- Symlinking: /home/alberto/tfg/Reconocimiento-y-sintesis-visual-Tiago/workspace/install/aws_robomaker_hospital_world/share/aws_robomaker_hospital_world/fuel_models/MetalCabinet/thumbnails/3.png
[32.781s] -- Symlinking: /home/alberto/tfg/Reconocimiento-y-sintesis-visual-Tiago/workspace/install/aws_robomaker_hospital_world/share/aws_robomaker_hospital_world/fuel_models/MetalCabinet/thumbnails/4.png
[32.791s] -- Symlinking: /home/alberto/tfg/Reconocimiento-y-sintesis-visual-Tiago/workspace/install/aws_robomaker_hospital_world/share/aws_robomaker_hospital_world/fuel_models/MetalCabinet/thumbnails/5.png
[32.800s] -- Symlinking: /home/alberto/tfg/Reconocimiento-y-sintesis-visual-Tiago/workspace/install/aws_robomaker_hospital_world/share/aws_robomaker_hospital_world/fuel_models/MopCart3/meshes/Blue.png
[32.809s] -- Symlinking: /home/alberto/tfg/Reconocimiento-y-sintesis-visual-Tiago/workspace/install/aws_robomaker_hospital_world/share/aws_robomaker_hospital_world/fuel_models/MopCart3/meshes/Cart.png
[32.817s] -- Symlinking: /home/alberto/tfg/Reconocimiento-y-sintesis-visual-Tiago/workspace/install/aws_robomaker_hospital_world/share/aws_robomaker_hospital_world/fuel_models/MopCart3/meshes/Cloth.png
[32.825s] -- Symlinking: /home/alberto/tfg/Reconocimiento-y-sintesis-visual-Tiago/workspace/install/aws_robomaker_hospital_world/share/aws_robomaker_hospital_world/fuel_models/MopCart3/meshes/Duster.png
[32.833s] -- Symlinking: /home/alberto/tfg/Reconocimiento-y-sintesis-visual-Tiago/workspace/install/aws_robomaker_hospital_world/share/aws_robomaker_hospital_world/fuel_models/MopCart3/meshes/Glove.png
[32.842s] -- Symlinking: /home/alberto/tfg/Reconocimiento-y-sintesis-visual-Tiago/workspace/install/aws_robomaker_hospital_world/share/aws_robomaker_hospital_world/fuel_models/MopCart3/meshes/Mop.png
[32.850s] -- Symlinking: /home/alberto/tfg/Reconocimiento-y-sintesis-visual-Tiago/workspace/install/aws_robomaker_hospital_world/share/aws_robomaker_hospital_world/fuel_models/MopCart3/meshes/MopCart3.mtl
[32.859s] -- Symlinking: /home/alberto/tfg/Reconocimiento-y-sintesis-visual-Tiago/workspace/install/aws_robomaker_hospital_world/share/aws_robomaker_hospital_world/fuel_models/MopCart3/meshes/MopCart3.obj
[32.868s] -- Symlinking: /home/alberto/tfg/Reconocimiento-y-sintesis-visual-Tiago/workspace/install/aws_robomaker_hospital_world/share/aws_robomaker_hospital_world/fuel_models/MopCart3/meshes/Parcel.png
[32.877s] -- Symlinking: /home/alberto/tfg/Reconocimiento-y-sintesis-visual-Tiago/workspace/install/aws_robomaker_hospital_world/share/aws_robomaker_hospital_world/fuel_models/MopCart3/meshes/Plastic.png
[32.884s] -- Symlinking: /home/alberto/tfg/Reconocimiento-y-sintesis-visual-Tiago/workspace/install/aws_robomaker_hospital_world/share/aws_robomaker_hospital_world/fuel_models/MopCart3/meshes/Red.png
[32.892s] -- Symlinking: /home/alberto/tfg/Reconocimiento-y-sintesis-visual-Tiago/workspace/install/aws_robomaker_hospital_world/share/aws_robomaker_hospital_world/fuel_models/MopCart3/meshes/Sign.png
[32.900s] -- Symlinking: /home/alberto/tfg/Reconocimiento-y-sintesis-visual-Tiago/workspace/install/aws_robomaker_hospital_world/share/aws_robomaker_hospital_world/fuel_models/MopCart3/meshes/Spray.png
[32.908s] -- Symlinking: /home/alberto/tfg/Reconocimiento-y-sintesis-visual-Tiago/workspace/install/aws_robomaker_hospital_world/share/aws_robomaker_hospital_world/fuel_models/MopCart3/model.config
[32.917s] -- Symlinking: /home/alberto/tfg/Reconocimiento-y-sintesis-visual-Tiago/workspace/install/aws_robomaker_hospital_world/share/aws_robomaker_hospital_world/fuel_models/MopCart3/model.sdf
[32.927s] -- Symlinking: /home/alberto/tfg/Reconocimiento-y-sintesis-visual-Tiago/workspace/install/aws_robomaker_hospital_world/share/aws_robomaker_hospital_world/fuel_models/MopCart3/thumbnails/1.png
[32.935s] -- Symlinking: /home/alberto/tfg/Reconocimiento-y-sintesis-visual-Tiago/workspace/install/aws_robomaker_hospital_world/share/aws_robomaker_hospital_world/fuel_models/MopCart3/thumbnails/2.png
[32.944s] -- Symlinking: /home/alberto/tfg/Reconocimiento-y-sintesis-visual-Tiago/workspace/install/aws_robomaker_hospital_world/share/aws_robomaker_hospital_world/fuel_models/MopCart3/thumbnails/3.png
[32.952s] -- Symlinking: /home/alberto/tfg/Reconocimiento-y-sintesis-visual-Tiago/workspace/install/aws_robomaker_hospital_world/share/aws_robomaker_hospital_world/fuel_models/MopCart3/thumbnails/4.png
[32.960s] -- Symlinking: /home/alberto/tfg/Reconocimiento-y-sintesis-visual-Tiago/workspace/install/aws_robomaker_hospital_world/share/aws_robomaker_hospital_world/fuel_models/MopCart3/thumbnails/5.png
[32.969s] -- Symlinking: /home/alberto/tfg/Reconocimiento-y-sintesis-visual-Tiago/workspace/install/aws_robomaker_hospital_world/share/aws_robomaker_hospital_world/fuel_models/OfficeChairBlack/meshes/OfficeChairBlack.mtl
[32.978s] -- Symlinking: /home/alberto/tfg/Reconocimiento-y-sintesis-visual-Tiago/workspace/install/aws_robomaker_hospital_world/share/aws_robomaker_hospital_world/fuel_models/OfficeChairBlack/meshes/OfficeChairBlack.obj
[32.986s] -- Symlinking: /home/alberto/tfg/Reconocimiento-y-sintesis-visual-Tiago/workspace/install/aws_robomaker_hospital_world/share/aws_robomaker_hospital_world/fuel_models/OfficeChairBlack/meshes/OfficeChairBlack.png
[32.995s] -- Symlinking: /home/alberto/tfg/Reconocimiento-y-sintesis-visual-Tiago/workspace/install/aws_robomaker_hospital_world/share/aws_robomaker_hospital_world/fuel_models/OfficeChairBlack/meshes/OfficeChairBlack_Col.mtl
[33.004s] -- Symlinking: /home/alberto/tfg/Reconocimiento-y-sintesis-visual-Tiago/workspace/install/aws_robomaker_hospital_world/share/aws_robomaker_hospital_world/fuel_models/OfficeChairBlack/meshes/OfficeChairBlack_Col.obj
[33.012s] -- Symlinking: /home/alberto/tfg/Reconocimiento-y-sintesis-visual-Tiago/workspace/install/aws_robomaker_hospital_world/share/aws_robomaker_hospital_world/fuel_models/OfficeChairBlack/model.config
[33.022s] -- Symlinking: /home/alberto/tfg/Reconocimiento-y-sintesis-visual-Tiago/workspace/install/aws_robomaker_hospital_world/share/aws_robomaker_hospital_world/fuel_models/OfficeChairBlack/model.sdf
[33.031s] -- Symlinking: /home/alberto/tfg/Reconocimiento-y-sintesis-visual-Tiago/workspace/install/aws_robomaker_hospital_world/share/aws_robomaker_hospital_world/fuel_models/OfficeChairBlack/thumbnails/1.png
[33.040s] -- Symlinking: /home/alberto/tfg/Reconocimiento-y-sintesis-visual-Tiago/workspace/install/aws_robomaker_hospital_world/share/aws_robomaker_hospital_world/fuel_models/OfficeChairBlack/thumbnails/2.png
[33.048s] -- Symlinking: /home/alberto/tfg/Reconocimiento-y-sintesis-visual-Tiago/workspace/install/aws_robomaker_hospital_world/share/aws_robomaker_hospital_world/fuel_models/OfficeChairBlack/thumbnails/3.png
[33.056s] -- Symlinking: /home/alberto/tfg/Reconocimiento-y-sintesis-visual-Tiago/workspace/install/aws_robomaker_hospital_world/share/aws_robomaker_hospital_world/fuel_models/OfficeChairBlack/thumbnails/4.png
[33.063s] -- Symlinking: /home/alberto/tfg/Reconocimiento-y-sintesis-visual-Tiago/workspace/install/aws_robomaker_hospital_world/share/aws_robomaker_hospital_world/fuel_models/OfficeChairBlack/thumbnails/5.png
[33.073s] -- Symlinking: /home/alberto/tfg/Reconocimiento-y-sintesis-visual-Tiago/workspace/install/aws_robomaker_hospital_world/share/aws_robomaker_hospital_world/fuel_models/OfficeChairBlack/thumbnails/meta/1.png
[33.082s] -- Symlinking: /home/alberto/tfg/Reconocimiento-y-sintesis-visual-Tiago/workspace/install/aws_robomaker_hospital_world/share/aws_robomaker_hospital_world/fuel_models/OfficeChairBlack/thumbnails/meta/2.png
[33.090s] -- Symlinking: /home/alberto/tfg/Reconocimiento-y-sintesis-visual-Tiago/workspace/install/aws_robomaker_hospital_world/share/aws_robomaker_hospital_world/fuel_models/OfficeChairBlack/thumbnails/meta/3.png
[33.098s] -- Symlinking: /home/alberto/tfg/Reconocimiento-y-sintesis-visual-Tiago/workspace/install/aws_robomaker_hospital_world/share/aws_robomaker_hospital_world/fuel_models/OfficeChairBlack/thumbnails/meta/4.png
[33.106s] -- Symlinking: /home/alberto/tfg/Reconocimiento-y-sintesis-visual-Tiago/workspace/install/aws_robomaker_hospital_world/share/aws_robomaker_hospital_world/fuel_models/OfficeChairBlack/thumbnails/meta/5.png
[33.114s] -- Symlinking: /home/alberto/tfg/Reconocimiento-y-sintesis-visual-Tiago/workspace/install/aws_robomaker_hospital_world/share/aws_robomaker_hospital_world/fuel_models/ParkingTrolleyMax/meshes/ParkingTrolleyMax.mtl
[33.123s] -- Symlinking: /home/alberto/tfg/Reconocimiento-y-sintesis-visual-Tiago/workspace/install/aws_robomaker_hospital_world/share/aws_robomaker_hospital_world/fuel_models/ParkingTrolleyMax/meshes/ParkingTrolleyMax.obj
[33.130s] -- Symlinking: /home/alberto/tfg/Reconocimiento-y-sintesis-visual-Tiago/workspace/install/aws_robomaker_hospital_world/share/aws_robomaker_hospital_world/fuel_models/ParkingTrolleyMax/meshes/ParkingTrolleyMax_Diffuse.png
[33.139s] -- Symlinking: /home/alberto/tfg/Reconocimiento-y-sintesis-visual-Tiago/workspace/install/aws_robomaker_hospital_world/share/aws_robomaker_hospital_world/fuel_models/ParkingTrolleyMax/model.config
[33.148s] -- Symlinking: /home/alberto/tfg/Reconocimiento-y-sintesis-visual-Tiago/workspace/install/aws_robomaker_hospital_world/share/aws_robomaker_hospital_world/fuel_models/ParkingTrolleyMax/model.sdf
[33.155s] -- Symlinking: /home/alberto/tfg/Reconocimiento-y-sintesis-visual-Tiago/workspace/install/aws_robomaker_hospital_world/share/aws_robomaker_hospital_world/fuel_models/ParkingTrolleyMax/thumbnails/1.png
[33.164s] -- Symlinking: /home/alberto/tfg/Reconocimiento-y-sintesis-visual-Tiago/workspace/install/aws_robomaker_hospital_world/share/aws_robomaker_hospital_world/fuel_models/ParkingTrolleyMax/thumbnails/2.png
[33.173s] -- Symlinking: /home/alberto/tfg/Reconocimiento-y-sintesis-visual-Tiago/workspace/install/aws_robomaker_hospital_world/share/aws_robomaker_hospital_world/fuel_models/ParkingTrolleyMax/thumbnails/3.png
[33.181s] -- Symlinking: /home/alberto/tfg/Reconocimiento-y-sintesis-visual-Tiago/workspace/install/aws_robomaker_hospital_world/share/aws_robomaker_hospital_world/fuel_models/ParkingTrolleyMax/thumbnails/4.png
[33.190s] -- Symlinking: /home/alberto/tfg/Reconocimiento-y-sintesis-visual-Tiago/workspace/install/aws_robomaker_hospital_world/share/aws_robomaker_hospital_world/fuel_models/ParkingTrolleyMax/thumbnails/5.png
[33.199s] -- Symlinking: /home/alberto/tfg/Reconocimiento-y-sintesis-visual-Tiago/workspace/install/aws_robomaker_hospital_world/share/aws_robomaker_hospital_world/fuel_models/ParkingTrolleyMin/meshes/bag.png
[33.208s] -- Symlinking: /home/alberto/tfg/Reconocimiento-y-sintesis-visual-Tiago/workspace/install/aws_robomaker_hospital_world/share/aws_robomaker_hospital_world/fuel_models/ParkingTrolleyMin/meshes/potato.png
[33.217s] -- Symlinking: /home/alberto/tfg/Reconocimiento-y-sintesis-visual-Tiago/workspace/install/aws_robomaker_hospital_world/share/aws_robomaker_hospital_world/fuel_models/ParkingTrolleyMin/meshes/texture.png
[33.226s] -- Symlinking: /home/alberto/tfg/Reconocimiento-y-sintesis-visual-Tiago/workspace/install/aws_robomaker_hospital_world/share/aws_robomaker_hospital_world/fuel_models/ParkingTrolleyMin/meshes/trolleymin.mtl
[33.235s] -- Symlinking: /home/alberto/tfg/Reconocimiento-y-sintesis-visual-Tiago/workspace/install/aws_robomaker_hospital_world/share/aws_robomaker_hospital_world/fuel_models/ParkingTrolleyMin/meshes/trolleymin.obj
[33.244s] -- Symlinking: /home/alberto/tfg/Reconocimiento-y-sintesis-visual-Tiago/workspace/install/aws_robomaker_hospital_world/share/aws_robomaker_hospital_world/fuel_models/ParkingTrolleyMin/model.config
[33.253s] -- Symlinking: /home/alberto/tfg/Reconocimiento-y-sintesis-visual-Tiago/workspace/install/aws_robomaker_hospital_world/share/aws_robomaker_hospital_world/fuel_models/ParkingTrolleyMin/model.sdf
[33.262s] -- Symlinking: /home/alberto/tfg/Reconocimiento-y-sintesis-visual-Tiago/workspace/install/aws_robomaker_hospital_world/share/aws_robomaker_hospital_world/fuel_models/ParkingTrolleyMin/thumbnails/1.png
[33.271s] -- Symlinking: /home/alberto/tfg/Reconocimiento-y-sintesis-visual-Tiago/workspace/install/aws_robomaker_hospital_world/share/aws_robomaker_hospital_world/fuel_models/ParkingTrolleyMin/thumbnails/2.png
[33.280s] -- Symlinking: /home/alberto/tfg/Reconocimiento-y-sintesis-visual-Tiago/workspace/install/aws_robomaker_hospital_world/share/aws_robomaker_hospital_world/fuel_models/ParkingTrolleyMin/thumbnails/3.png
[33.288s] -- Symlinking: /home/alberto/tfg/Reconocimiento-y-sintesis-visual-Tiago/workspace/install/aws_robomaker_hospital_world/share/aws_robomaker_hospital_world/fuel_models/ParkingTrolleyMin/thumbnails/4.png
[33.297s] -- Symlinking: /home/alberto/tfg/Reconocimiento-y-sintesis-visual-Tiago/workspace/install/aws_robomaker_hospital_world/share/aws_robomaker_hospital_world/fuel_models/ParkingTrolleyMin/thumbnails/5.png
[33.306s] -- Symlinking: /home/alberto/tfg/Reconocimiento-y-sintesis-visual-Tiago/workspace/install/aws_robomaker_hospital_world/share/aws_robomaker_hospital_world/fuel_models/PatientFSit/meshes/PatientFPurple.png
[33.314s] -- Symlinking: /home/alberto/tfg/Reconocimiento-y-sintesis-visual-Tiago/workspace/install/aws_robomaker_hospital_world/share/aws_robomaker_hospital_world/fuel_models/PatientFSit/meshes/PatientFSit.mtl
[33.322s] -- Symlinking: /home/alberto/tfg/Reconocimiento-y-sintesis-visual-Tiago/workspace/install/aws_robomaker_hospital_world/share/aws_robomaker_hospital_world/fuel_models/PatientFSit/meshes/PatientFSit.obj
[33.330s] -- Symlinking: /home/alberto/tfg/Reconocimiento-y-sintesis-visual-Tiago/workspace/install/aws_robomaker_hospital_world/share/aws_robomaker_hospital_world/fuel_models/PatientFSit/meshes/PatientFSit_Col.mtl
[33.338s] -- Symlinking: /home/alberto/tfg/Reconocimiento-y-sintesis-visual-Tiago/workspace/install/aws_robomaker_hospital_world/share/aws_robomaker_hospital_world/fuel_models/PatientFSit/meshes/PatientFSit_Col.obj
[33.346s] -- Symlinking: /home/alberto/tfg/Reconocimiento-y-sintesis-visual-Tiago/workspace/install/aws_robomaker_hospital_world/share/aws_robomaker_hospital_world/fuel_models/PatientFSit/model.config
[33.354s] -- Symlinking: /home/alberto/tfg/Reconocimiento-y-sintesis-visual-Tiago/workspace/install/aws_robomaker_hospital_world/share/aws_robomaker_hospital_world/fuel_models/PatientFSit/model.sdf
[33.362s] -- Symlinking: /home/alberto/tfg/Reconocimiento-y-sintesis-visual-Tiago/workspace/install/aws_robomaker_hospital_world/share/aws_robomaker_hospital_world/fuel_models/PatientFSit/thumbnails/1.png
[33.370s] -- Symlinking: /home/alberto/tfg/Reconocimiento-y-sintesis-visual-Tiago/workspace/install/aws_robomaker_hospital_world/share/aws_robomaker_hospital_world/fuel_models/PatientFSit/thumbnails/2.png
[33.379s] -- Symlinking: /home/alberto/tfg/Reconocimiento-y-sintesis-visual-Tiago/workspace/install/aws_robomaker_hospital_world/share/aws_robomaker_hospital_world/fuel_models/PatientFSit/thumbnails/3.png
[33.387s] -- Symlinking: /home/alberto/tfg/Reconocimiento-y-sintesis-visual-Tiago/workspace/install/aws_robomaker_hospital_world/share/aws_robomaker_hospital_world/fuel_models/PatientFSit/thumbnails/4.png
[33.395s] -- Symlinking: /home/alberto/tfg/Reconocimiento-y-sintesis-visual-Tiago/workspace/install/aws_robomaker_hospital_world/share/aws_robomaker_hospital_world/fuel_models/PatientFSit/thumbnails/5.png
[33.404s] -- Symlinking: /home/alberto/tfg/Reconocimiento-y-sintesis-visual-Tiago/workspace/install/aws_robomaker_hospital_world/share/aws_robomaker_hospital_world/fuel_models/PatientWheelChair/meshes/PatientWheelChair.mtl
[33.412s] -- Symlinking: /home/alberto/tfg/Reconocimiento-y-sintesis-visual-Tiago/workspace/install/aws_robomaker_hospital_world/share/aws_robomaker_hospital_world/fuel_models/PatientWheelChair/meshes/PatientWheelChair.obj
[33.421s] -- Symlinking: /home/alberto/tfg/Reconocimiento-y-sintesis-visual-Tiago/workspace/install/aws_robomaker_hospital_world/share/aws_robomaker_hospital_world/fuel_models/PatientWheelChair/meshes/PatientWheelChair_Col.mtl
[33.429s] -- Symlinking: /home/alberto/tfg/Reconocimiento-y-sintesis-visual-Tiago/workspace/install/aws_robomaker_hospital_world/share/aws_robomaker_hospital_world/fuel_models/PatientWheelChair/meshes/PatientWheelChair_Col.obj
[33.437s] -- Symlinking: /home/alberto/tfg/Reconocimiento-y-sintesis-visual-Tiago/workspace/install/aws_robomaker_hospital_world/share/aws_robomaker_hospital_world/fuel_models/PatientWheelChair/meshes/PatientWheelChair_Diffuse.png
[33.445s] -- Symlinking: /home/alberto/tfg/Reconocimiento-y-sintesis-visual-Tiago/workspace/install/aws_robomaker_hospital_world/share/aws_robomaker_hospital_world/fuel_models/PatientWheelChair/model.config
[33.453s] -- Symlinking: /home/alberto/tfg/Reconocimiento-y-sintesis-visual-Tiago/workspace/install/aws_robomaker_hospital_world/share/aws_robomaker_hospital_world/fuel_models/PatientWheelChair/model.sdf
[33.462s] -- Symlinking: /home/alberto/tfg/Reconocimiento-y-sintesis-visual-Tiago/workspace/install/aws_robomaker_hospital_world/share/aws_robomaker_hospital_world/fuel_models/PatientWheelChair/thumbnails/1.png
[33.468s] -- Symlinking: /home/alberto/tfg/Reconocimiento-y-sintesis-visual-Tiago/workspace/install/aws_robomaker_hospital_world/share/aws_robomaker_hospital_world/fuel_models/PatientWheelChair/thumbnails/2.png
[33.476s] -- Symlinking: /home/alberto/tfg/Reconocimiento-y-sintesis-visual-Tiago/workspace/install/aws_robomaker_hospital_world/share/aws_robomaker_hospital_world/fuel_models/PatientWheelChair/thumbnails/3.png
[33.483s] -- Symlinking: /home/alberto/tfg/Reconocimiento-y-sintesis-visual-Tiago/workspace/install/aws_robomaker_hospital_world/share/aws_robomaker_hospital_world/fuel_models/PatientWheelChair/thumbnails/4.png
[33.491s] -- Symlinking: /home/alberto/tfg/Reconocimiento-y-sintesis-visual-Tiago/workspace/install/aws_robomaker_hospital_world/share/aws_robomaker_hospital_world/fuel_models/PatientWheelChair/thumbnails/5.png
[33.498s] -- Symlinking: /home/alberto/tfg/Reconocimiento-y-sintesis-visual-Tiago/workspace/install/aws_robomaker_hospital_world/share/aws_robomaker_hospital_world/fuel_models/PotatoChipChair/meshes/PotatoChipChair.mtl
[33.506s] -- Symlinking: /home/alberto/tfg/Reconocimiento-y-sintesis-visual-Tiago/workspace/install/aws_robomaker_hospital_world/share/aws_robomaker_hospital_world/fuel_models/PotatoChipChair/meshes/PotatoChipChair.obj
[33.514s] -- Symlinking: /home/alberto/tfg/Reconocimiento-y-sintesis-visual-Tiago/workspace/install/aws_robomaker_hospital_world/share/aws_robomaker_hospital_world/fuel_models/PotatoChipChair/meshes/PotatoChipChairDiffuse.png
[33.521s] -- Symlinking: /home/alberto/tfg/Reconocimiento-y-sintesis-visual-Tiago/workspace/install/aws_robomaker_hospital_world/share/aws_robomaker_hospital_world/fuel_models/PotatoChipChair/meshes/PotatoChipChair_Col.mtl
[33.529s] -- Symlinking: /home/alberto/tfg/Reconocimiento-y-sintesis-visual-Tiago/workspace/install/aws_robomaker_hospital_world/share/aws_robomaker_hospital_world/fuel_models/PotatoChipChair/meshes/PotatoChipChair_Col.obj
[33.536s] -- Symlinking: /home/alberto/tfg/Reconocimiento-y-sintesis-visual-Tiago/workspace/install/aws_robomaker_hospital_world/share/aws_robomaker_hospital_world/fuel_models/PotatoChipChair/model.config
[33.544s] -- Symlinking: /home/alberto/tfg/Reconocimiento-y-sintesis-visual-Tiago/workspace/install/aws_robomaker_hospital_world/share/aws_robomaker_hospital_world/fuel_models/PotatoChipChair/model.sdf
[33.552s] -- Symlinking: /home/alberto/tfg/Reconocimiento-y-sintesis-visual-Tiago/workspace/install/aws_robomaker_hospital_world/share/aws_robomaker_hospital_world/fuel_models/PotatoChipChair/thumbnails/1.png
[33.560s] -- Symlinking: /home/alberto/tfg/Reconocimiento-y-sintesis-visual-Tiago/workspace/install/aws_robomaker_hospital_world/share/aws_robomaker_hospital_world/fuel_models/PotatoChipChair/thumbnails/2.png
[33.568s] -- Symlinking: /home/alberto/tfg/Reconocimiento-y-sintesis-visual-Tiago/workspace/install/aws_robomaker_hospital_world/share/aws_robomaker_hospital_world/fuel_models/PotatoChipChair/thumbnails/3.png
[33.575s] -- Symlinking: /home/alberto/tfg/Reconocimiento-y-sintesis-visual-Tiago/workspace/install/aws_robomaker_hospital_world/share/aws_robomaker_hospital_world/fuel_models/PotatoChipChair/thumbnails/4.png
[33.583s] -- Symlinking: /home/alberto/tfg/Reconocimiento-y-sintesis-visual-Tiago/workspace/install/aws_robomaker_hospital_world/share/aws_robomaker_hospital_world/fuel_models/PotatoChipChair/thumbnails/5.png
[33.591s] -- Symlinking: /home/alberto/tfg/Reconocimiento-y-sintesis-visual-Tiago/workspace/install/aws_robomaker_hospital_world/share/aws_robomaker_hospital_world/fuel_models/Scrubs/meshes/ScrubsFemaleDiffuse.png
[33.598s] -- Symlinking: /home/alberto/tfg/Reconocimiento-y-sintesis-visual-Tiago/workspace/install/aws_robomaker_hospital_world/share/aws_robomaker_hospital_world/fuel_models/Scrubs/meshes/Scrubs_Col.mtl
[33.606s] -- Symlinking: /home/alberto/tfg/Reconocimiento-y-sintesis-visual-Tiago/workspace/install/aws_robomaker_hospital_world/share/aws_robomaker_hospital_world/fuel_models/Scrubs/meshes/Scrubs_Col.obj
[33.614s] -- Symlinking: /home/alberto/tfg/Reconocimiento-y-sintesis-visual-Tiago/workspace/install/aws_robomaker_hospital_world/share/aws_robomaker_hospital_world/fuel_models/Scrubs/meshes/scrubs.mtl
[33.622s] -- Symlinking: /home/alberto/tfg/Reconocimiento-y-sintesis-visual-Tiago/workspace/install/aws_robomaker_hospital_world/share/aws_robomaker_hospital_world/fuel_models/Scrubs/meshes/scrubs.obj
[33.629s] -- Symlinking: /home/alberto/tfg/Reconocimiento-y-sintesis-visual-Tiago/workspace/install/aws_robomaker_hospital_world/share/aws_robomaker_hospital_world/fuel_models/Scrubs/model.config
[33.637s] -- Symlinking: /home/alberto/tfg/Reconocimiento-y-sintesis-visual-Tiago/workspace/install/aws_robomaker_hospital_world/share/aws_robomaker_hospital_world/fuel_models/Scrubs/model.sdf
[33.645s] -- Symlinking: /home/alberto/tfg/Reconocimiento-y-sintesis-visual-Tiago/workspace/install/aws_robomaker_hospital_world/share/aws_robomaker_hospital_world/fuel_models/Scrubs/thumbnails/1.png
[33.653s] -- Symlinking: /home/alberto/tfg/Reconocimiento-y-sintesis-visual-Tiago/workspace/install/aws_robomaker_hospital_world/share/aws_robomaker_hospital_world/fuel_models/Scrubs/thumbnails/2.png
[33.660s] -- Symlinking: /home/alberto/tfg/Reconocimiento-y-sintesis-visual-Tiago/workspace/install/aws_robomaker_hospital_world/share/aws_robomaker_hospital_world/fuel_models/Scrubs/thumbnails/3.png
[33.668s] -- Symlinking: /home/alberto/tfg/Reconocimiento-y-sintesis-visual-Tiago/workspace/install/aws_robomaker_hospital_world/share/aws_robomaker_hospital_world/fuel_models/Scrubs/thumbnails/4.png
[33.675s] -- Symlinking: /home/alberto/tfg/Reconocimiento-y-sintesis-visual-Tiago/workspace/install/aws_robomaker_hospital_world/share/aws_robomaker_hospital_world/fuel_models/Scrubs/thumbnails/5.png
[33.683s] -- Symlinking: /home/alberto/tfg/Reconocimiento-y-sintesis-visual-Tiago/workspace/install/aws_robomaker_hospital_world/share/aws_robomaker_hospital_world/fuel_models/Shower/meshes/Shower.mtl
[33.691s] -- Symlinking: /home/alberto/tfg/Reconocimiento-y-sintesis-visual-Tiago/workspace/install/aws_robomaker_hospital_world/share/aws_robomaker_hospital_world/fuel_models/Shower/meshes/Shower.obj
[33.699s] -- Symlinking: /home/alberto/tfg/Reconocimiento-y-sintesis-visual-Tiago/workspace/install/aws_robomaker_hospital_world/share/aws_robomaker_hospital_world/fuel_models/Shower/meshes/ShowerDiffuse.png
[33.707s] -- Symlinking: /home/alberto/tfg/Reconocimiento-y-sintesis-visual-Tiago/workspace/install/aws_robomaker_hospital_world/share/aws_robomaker_hospital_world/fuel_models/Shower/model.config
[33.714s] -- Symlinking: /home/alberto/tfg/Reconocimiento-y-sintesis-visual-Tiago/workspace/install/aws_robomaker_hospital_world/share/aws_robomaker_hospital_world/fuel_models/Shower/model.sdf
[33.722s] -- Symlinking: /home/alberto/tfg/Reconocimiento-y-sintesis-visual-Tiago/workspace/install/aws_robomaker_hospital_world/share/aws_robomaker_hospital_world/fuel_models/Shower/thumbnails/1.png
[33.730s] -- Symlinking: /home/alberto/tfg/Reconocimiento-y-sintesis-visual-Tiago/workspace/install/aws_robomaker_hospital_world/share/aws_robomaker_hospital_world/fuel_models/Shower/thumbnails/2.png
[33.737s] -- Symlinking: /home/alberto/tfg/Reconocimiento-y-sintesis-visual-Tiago/workspace/install/aws_robomaker_hospital_world/share/aws_robomaker_hospital_world/fuel_models/Shower/thumbnails/3.png
[33.744s] -- Symlinking: /home/alberto/tfg/Reconocimiento-y-sintesis-visual-Tiago/workspace/install/aws_robomaker_hospital_world/share/aws_robomaker_hospital_world/fuel_models/Shower/thumbnails/4.png
[33.752s] -- Symlinking: /home/alberto/tfg/Reconocimiento-y-sintesis-visual-Tiago/workspace/install/aws_robomaker_hospital_world/share/aws_robomaker_hospital_world/fuel_models/Shower/thumbnails/5.png
[33.760s] -- Symlinking: /home/alberto/tfg/Reconocimiento-y-sintesis-visual-Tiago/workspace/install/aws_robomaker_hospital_world/share/aws_robomaker_hospital_world/fuel_models/StorageRack/meshes/StorageRack.mtl
[33.767s] -- Symlinking: /home/alberto/tfg/Reconocimiento-y-sintesis-visual-Tiago/workspace/install/aws_robomaker_hospital_world/share/aws_robomaker_hospital_world/fuel_models/StorageRack/meshes/StorageRack.obj
[33.775s] -- Symlinking: /home/alberto/tfg/Reconocimiento-y-sintesis-visual-Tiago/workspace/install/aws_robomaker_hospital_world/share/aws_robomaker_hospital_world/fuel_models/StorageRack/meshes/StorageRack.png
[33.783s] -- Symlinking: /home/alberto/tfg/Reconocimiento-y-sintesis-visual-Tiago/workspace/install/aws_robomaker_hospital_world/share/aws_robomaker_hospital_world/fuel_models/StorageRack/model.config
[33.790s] -- Symlinking: /home/alberto/tfg/Reconocimiento-y-sintesis-visual-Tiago/workspace/install/aws_robomaker_hospital_world/share/aws_robomaker_hospital_world/fuel_models/StorageRack/model.sdf
[33.798s] -- Symlinking: /home/alberto/tfg/Reconocimiento-y-sintesis-visual-Tiago/workspace/install/aws_robomaker_hospital_world/share/aws_robomaker_hospital_world/fuel_models/StorageRack/thumbnails/1.png
[33.805s] -- Symlinking: /home/alberto/tfg/Reconocimiento-y-sintesis-visual-Tiago/workspace/install/aws_robomaker_hospital_world/share/aws_robomaker_hospital_world/fuel_models/StorageRack/thumbnails/2.png
[33.814s] -- Symlinking: /home/alberto/tfg/Reconocimiento-y-sintesis-visual-Tiago/workspace/install/aws_robomaker_hospital_world/share/aws_robomaker_hospital_world/fuel_models/StorageRack/thumbnails/3.png
[33.822s] -- Symlinking: /home/alberto/tfg/Reconocimiento-y-sintesis-visual-Tiago/workspace/install/aws_robomaker_hospital_world/share/aws_robomaker_hospital_world/fuel_models/StorageRack/thumbnails/4.png
[33.830s] -- Symlinking: /home/alberto/tfg/Reconocimiento-y-sintesis-visual-Tiago/workspace/install/aws_robomaker_hospital_world/share/aws_robomaker_hospital_world/fuel_models/StorageRack/thumbnails/5.png
[33.839s] -- Symlinking: /home/alberto/tfg/Reconocimiento-y-sintesis-visual-Tiago/workspace/install/aws_robomaker_hospital_world/share/aws_robomaker_hospital_world/fuel_models/StorageRackCoverOpen/meshes/StorageRackCoverOpen.mtl
[33.848s] -- Symlinking: /home/alberto/tfg/Reconocimiento-y-sintesis-visual-Tiago/workspace/install/aws_robomaker_hospital_world/share/aws_robomaker_hospital_world/fuel_models/StorageRackCoverOpen/meshes/StorageRackCoverOpen.obj
[33.856s] -- Symlinking: /home/alberto/tfg/Reconocimiento-y-sintesis-visual-Tiago/workspace/install/aws_robomaker_hospital_world/share/aws_robomaker_hospital_world/fuel_models/StorageRackCoverOpen/meshes/StorageRackCoverOpen.png
[33.864s] -- Symlinking: /home/alberto/tfg/Reconocimiento-y-sintesis-visual-Tiago/workspace/install/aws_robomaker_hospital_world/share/aws_robomaker_hospital_world/fuel_models/StorageRackCoverOpen/model.config
[33.872s] -- Symlinking: /home/alberto/tfg/Reconocimiento-y-sintesis-visual-Tiago/workspace/install/aws_robomaker_hospital_world/share/aws_robomaker_hospital_world/fuel_models/StorageRackCoverOpen/model.sdf
[33.880s] -- Symlinking: /home/alberto/tfg/Reconocimiento-y-sintesis-visual-Tiago/workspace/install/aws_robomaker_hospital_world/share/aws_robomaker_hospital_world/fuel_models/StorageRackCoverOpen/thumbnails/1.png
[33.888s] -- Symlinking: /home/alberto/tfg/Reconocimiento-y-sintesis-visual-Tiago/workspace/install/aws_robomaker_hospital_world/share/aws_robomaker_hospital_world/fuel_models/StorageRackCoverOpen/thumbnails/2.png
[33.896s] -- Symlinking: /home/alberto/tfg/Reconocimiento-y-sintesis-visual-Tiago/workspace/install/aws_robomaker_hospital_world/share/aws_robomaker_hospital_world/fuel_models/StorageRackCoverOpen/thumbnails/3.png
[33.904s] -- Symlinking: /home/alberto/tfg/Reconocimiento-y-sintesis-visual-Tiago/workspace/install/aws_robomaker_hospital_world/share/aws_robomaker_hospital_world/fuel_models/StorageRackCoverOpen/thumbnails/4.png
[33.913s] -- Symlinking: /home/alberto/tfg/Reconocimiento-y-sintesis-visual-Tiago/workspace/install/aws_robomaker_hospital_world/share/aws_robomaker_hospital_world/fuel_models/StorageRackCoverOpen/thumbnails/5.png
[33.922s] -- Symlinking: /home/alberto/tfg/Reconocimiento-y-sintesis-visual-Tiago/workspace/install/aws_robomaker_hospital_world/share/aws_robomaker_hospital_world/fuel_models/StorageRackCovered/meshes/StorageRackCovered.mtl
[33.930s] -- Symlinking: /home/alberto/tfg/Reconocimiento-y-sintesis-visual-Tiago/workspace/install/aws_robomaker_hospital_world/share/aws_robomaker_hospital_world/fuel_models/StorageRackCovered/meshes/StorageRackCovered.obj
[33.938s] -- Symlinking: /home/alberto/tfg/Reconocimiento-y-sintesis-visual-Tiago/workspace/install/aws_robomaker_hospital_world/share/aws_robomaker_hospital_world/fuel_models/StorageRackCovered/meshes/StorageRackCovered.png
[33.946s] -- Symlinking: /home/alberto/tfg/Reconocimiento-y-sintesis-visual-Tiago/workspace/install/aws_robomaker_hospital_world/share/aws_robomaker_hospital_world/fuel_models/StorageRackCovered/model.config
[33.954s] -- Symlinking: /home/alberto/tfg/Reconocimiento-y-sintesis-visual-Tiago/workspace/install/aws_robomaker_hospital_world/share/aws_robomaker_hospital_world/fuel_models/StorageRackCovered/model.sdf
[33.962s] -- Symlinking: /home/alberto/tfg/Reconocimiento-y-sintesis-visual-Tiago/workspace/install/aws_robomaker_hospital_world/share/aws_robomaker_hospital_world/fuel_models/StorageRackCovered/thumbnails/1.png
[33.970s] -- Symlinking: /home/alberto/tfg/Reconocimiento-y-sintesis-visual-Tiago/workspace/install/aws_robomaker_hospital_world/share/aws_robomaker_hospital_world/fuel_models/StorageRackCovered/thumbnails/2.png
[33.978s] -- Symlinking: /home/alberto/tfg/Reconocimiento-y-sintesis-visual-Tiago/workspace/install/aws_robomaker_hospital_world/share/aws_robomaker_hospital_world/fuel_models/StorageRackCovered/thumbnails/3.png
[33.986s] -- Symlinking: /home/alberto/tfg/Reconocimiento-y-sintesis-visual-Tiago/workspace/install/aws_robomaker_hospital_world/share/aws_robomaker_hospital_world/fuel_models/StorageRackCovered/thumbnails/4.png
[33.993s] -- Symlinking: /home/alberto/tfg/Reconocimiento-y-sintesis-visual-Tiago/workspace/install/aws_robomaker_hospital_world/share/aws_robomaker_hospital_world/fuel_models/StorageRackCovered/thumbnails/5.png
[34.001s] -- Symlinking: /home/alberto/tfg/Reconocimiento-y-sintesis-visual-Tiago/workspace/install/aws_robomaker_hospital_world/share/aws_robomaker_hospital_world/fuel_models/SurgicalTrolley/meshes/texture.png
[34.009s] -- Symlinking: /home/alberto/tfg/Reconocimiento-y-sintesis-visual-Tiago/workspace/install/aws_robomaker_hospital_world/share/aws_robomaker_hospital_world/fuel_models/SurgicalTrolley/meshes/trolley.mtl
[34.017s] -- Symlinking: /home/alberto/tfg/Reconocimiento-y-sintesis-visual-Tiago/workspace/install/aws_robomaker_hospital_world/share/aws_robomaker_hospital_world/fuel_models/SurgicalTrolley/meshes/trolley.obj
[34.025s] -- Symlinking: /home/alberto/tfg/Reconocimiento-y-sintesis-visual-Tiago/workspace/install/aws_robomaker_hospital_world/share/aws_robomaker_hospital_world/fuel_models/SurgicalTrolley/model.config
[34.033s] -- Symlinking: /home/alberto/tfg/Reconocimiento-y-sintesis-visual-Tiago/workspace/install/aws_robomaker_hospital_world/share/aws_robomaker_hospital_world/fuel_models/SurgicalTrolley/model.sdf
[34.041s] -- Symlinking: /home/alberto/tfg/Reconocimiento-y-sintesis-visual-Tiago/workspace/install/aws_robomaker_hospital_world/share/aws_robomaker_hospital_world/fuel_models/SurgicalTrolley/thumbnails/1.png
[34.049s] -- Symlinking: /home/alberto/tfg/Reconocimiento-y-sintesis-visual-Tiago/workspace/install/aws_robomaker_hospital_world/share/aws_robomaker_hospital_world/fuel_models/SurgicalTrolley/thumbnails/2.png
[34.057s] -- Symlinking: /home/alberto/tfg/Reconocimiento-y-sintesis-visual-Tiago/workspace/install/aws_robomaker_hospital_world/share/aws_robomaker_hospital_world/fuel_models/SurgicalTrolley/thumbnails/3.png
[34.064s] -- Symlinking: /home/alberto/tfg/Reconocimiento-y-sintesis-visual-Tiago/workspace/install/aws_robomaker_hospital_world/share/aws_robomaker_hospital_world/fuel_models/SurgicalTrolley/thumbnails/4.png
[34.072s] -- Symlinking: /home/alberto/tfg/Reconocimiento-y-sintesis-visual-Tiago/workspace/install/aws_robomaker_hospital_world/share/aws_robomaker_hospital_world/fuel_models/SurgicalTrolley/thumbnails/5.png
[34.080s] -- Symlinking: /home/alberto/tfg/Reconocimiento-y-sintesis-visual-Tiago/workspace/install/aws_robomaker_hospital_world/share/aws_robomaker_hospital_world/fuel_models/SurgicalTrolleyMed/meshes/SurgicalTrolleyMed.mtl
[34.088s] -- Symlinking: /home/alberto/tfg/Reconocimiento-y-sintesis-visual-Tiago/workspace/install/aws_robomaker_hospital_world/share/aws_robomaker_hospital_world/fuel_models/SurgicalTrolleyMed/meshes/SurgicalTrolleyMed.obj
[34.096s] -- Symlinking: /home/alberto/tfg/Reconocimiento-y-sintesis-visual-Tiago/workspace/install/aws_robomaker_hospital_world/share/aws_robomaker_hospital_world/fuel_models/SurgicalTrolleyMed/meshes/SurgicalTrolleyMed_Col.mtl
[34.105s] -- Symlinking: /home/alberto/tfg/Reconocimiento-y-sintesis-visual-Tiago/workspace/install/aws_robomaker_hospital_world/share/aws_robomaker_hospital_world/fuel_models/SurgicalTrolleyMed/meshes/SurgicalTrolleyMed_Col.obj
[34.113s] -- Symlinking: /home/alberto/tfg/Reconocimiento-y-sintesis-visual-Tiago/workspace/install/aws_robomaker_hospital_world/share/aws_robomaker_hospital_world/fuel_models/SurgicalTrolleyMed/meshes/SurgicalTrolleyMed_Diffuse.png
[34.121s] -- Symlinking: /home/alberto/tfg/Reconocimiento-y-sintesis-visual-Tiago/workspace/install/aws_robomaker_hospital_world/share/aws_robomaker_hospital_world/fuel_models/SurgicalTrolleyMed/model.config
[34.129s] -- Symlinking: /home/alberto/tfg/Reconocimiento-y-sintesis-visual-Tiago/workspace/install/aws_robomaker_hospital_world/share/aws_robomaker_hospital_world/fuel_models/SurgicalTrolleyMed/model.sdf
[34.136s] -- Symlinking: /home/alberto/tfg/Reconocimiento-y-sintesis-visual-Tiago/workspace/install/aws_robomaker_hospital_world/share/aws_robomaker_hospital_world/fuel_models/SurgicalTrolleyMed/thumbnails/1.png
[34.144s] -- Symlinking: /home/alberto/tfg/Reconocimiento-y-sintesis-visual-Tiago/workspace/install/aws_robomaker_hospital_world/share/aws_robomaker_hospital_world/fuel_models/SurgicalTrolleyMed/thumbnails/2.png
[34.152s] -- Symlinking: /home/alberto/tfg/Reconocimiento-y-sintesis-visual-Tiago/workspace/install/aws_robomaker_hospital_world/share/aws_robomaker_hospital_world/fuel_models/SurgicalTrolleyMed/thumbnails/3.png
[34.159s] -- Symlinking: /home/alberto/tfg/Reconocimiento-y-sintesis-visual-Tiago/workspace/install/aws_robomaker_hospital_world/share/aws_robomaker_hospital_world/fuel_models/SurgicalTrolleyMed/thumbnails/4.png
[34.167s] -- Symlinking: /home/alberto/tfg/Reconocimiento-y-sintesis-visual-Tiago/workspace/install/aws_robomaker_hospital_world/share/aws_robomaker_hospital_world/fuel_models/SurgicalTrolleyMed/thumbnails/5.png
[34.176s] -- Symlinking: /home/alberto/tfg/Reconocimiento-y-sintesis-visual-Tiago/workspace/install/aws_robomaker_hospital_world/share/aws_robomaker_hospital_world/fuel_models/Toilet/meshes/toilet.mtl
[34.184s] -- Symlinking: /home/alberto/tfg/Reconocimiento-y-sintesis-visual-Tiago/workspace/install/aws_robomaker_hospital_world/share/aws_robomaker_hospital_world/fuel_models/Toilet/meshes/toilet.obj
[34.192s] -- Symlinking: /home/alberto/tfg/Reconocimiento-y-sintesis-visual-Tiago/workspace/install/aws_robomaker_hospital_world/share/aws_robomaker_hospital_world/fuel_models/Toilet/model.config
[34.200s] -- Symlinking: /home/alberto/tfg/Reconocimiento-y-sintesis-visual-Tiago/workspace/install/aws_robomaker_hospital_world/share/aws_robomaker_hospital_world/fuel_models/Toilet/model.sdf
[34.209s] -- Symlinking: /home/alberto/tfg/Reconocimiento-y-sintesis-visual-Tiago/workspace/install/aws_robomaker_hospital_world/share/aws_robomaker_hospital_world/fuel_models/Toilet/thumbnails/1.png
[34.217s] -- Symlinking: /home/alberto/tfg/Reconocimiento-y-sintesis-visual-Tiago/workspace/install/aws_robomaker_hospital_world/share/aws_robomaker_hospital_world/fuel_models/Toilet/thumbnails/2.png
[34.224s] -- Symlinking: /home/alberto/tfg/Reconocimiento-y-sintesis-visual-Tiago/workspace/install/aws_robomaker_hospital_world/share/aws_robomaker_hospital_world/fuel_models/Toilet/thumbnails/3.png
[34.232s] -- Symlinking: /home/alberto/tfg/Reconocimiento-y-sintesis-visual-Tiago/workspace/install/aws_robomaker_hospital_world/share/aws_robomaker_hospital_world/fuel_models/Toilet/thumbnails/4.png
[34.240s] -- Symlinking: /home/alberto/tfg/Reconocimiento-y-sintesis-visual-Tiago/workspace/install/aws_robomaker_hospital_world/share/aws_robomaker_hospital_world/fuel_models/Toilet/thumbnails/5.png
[34.248s] -- Symlinking: /home/alberto/tfg/Reconocimiento-y-sintesis-visual-Tiago/workspace/install/aws_robomaker_hospital_world/share/aws_robomaker_hospital_world/fuel_models/TrolleyBed/meshes/TrolleyBed.mtl
[34.257s] -- Symlinking: /home/alberto/tfg/Reconocimiento-y-sintesis-visual-Tiago/workspace/install/aws_robomaker_hospital_world/share/aws_robomaker_hospital_world/fuel_models/TrolleyBed/meshes/TrolleyBed.obj
[34.265s] -- Symlinking: /home/alberto/tfg/Reconocimiento-y-sintesis-visual-Tiago/workspace/install/aws_robomaker_hospital_world/share/aws_robomaker_hospital_world/fuel_models/TrolleyBed/meshes/TrolleyBed_Diffuse.png
[34.272s] -- Symlinking: /home/alberto/tfg/Reconocimiento-y-sintesis-visual-Tiago/workspace/install/aws_robomaker_hospital_world/share/aws_robomaker_hospital_world/fuel_models/TrolleyBed/model.config
[34.280s] -- Symlinking: /home/alberto/tfg/Reconocimiento-y-sintesis-visual-Tiago/workspace/install/aws_robomaker_hospital_world/share/aws_robomaker_hospital_world/fuel_models/TrolleyBed/model.sdf
[34.288s] -- Symlinking: /home/alberto/tfg/Reconocimiento-y-sintesis-visual-Tiago/workspace/install/aws_robomaker_hospital_world/share/aws_robomaker_hospital_world/fuel_models/TrolleyBed/thumbnails/1.png
[34.296s] -- Symlinking: /home/alberto/tfg/Reconocimiento-y-sintesis-visual-Tiago/workspace/install/aws_robomaker_hospital_world/share/aws_robomaker_hospital_world/fuel_models/TrolleyBed/thumbnails/2.png
[34.304s] -- Symlinking: /home/alberto/tfg/Reconocimiento-y-sintesis-visual-Tiago/workspace/install/aws_robomaker_hospital_world/share/aws_robomaker_hospital_world/fuel_models/TrolleyBed/thumbnails/3.png
[34.312s] -- Symlinking: /home/alberto/tfg/Reconocimiento-y-sintesis-visual-Tiago/workspace/install/aws_robomaker_hospital_world/share/aws_robomaker_hospital_world/fuel_models/TrolleyBed/thumbnails/4.png
[34.320s] -- Symlinking: /home/alberto/tfg/Reconocimiento-y-sintesis-visual-Tiago/workspace/install/aws_robomaker_hospital_world/share/aws_robomaker_hospital_world/fuel_models/TrolleyBed/thumbnails/5.png
[34.328s] -- Symlinking: /home/alberto/tfg/Reconocimiento-y-sintesis-visual-Tiago/workspace/install/aws_robomaker_hospital_world/share/aws_robomaker_hospital_world/fuel_models/TrolleyBedPatient/meshes/PatientF.png
[34.336s] -- Symlinking: /home/alberto/tfg/Reconocimiento-y-sintesis-visual-Tiago/workspace/install/aws_robomaker_hospital_world/share/aws_robomaker_hospital_world/fuel_models/TrolleyBedPatient/meshes/TrolleyBedPatient.mtl
[34.344s] -- Symlinking: /home/alberto/tfg/Reconocimiento-y-sintesis-visual-Tiago/workspace/install/aws_robomaker_hospital_world/share/aws_robomaker_hospital_world/fuel_models/TrolleyBedPatient/meshes/TrolleyBedPatient.obj
[34.353s] -- Symlinking: /home/alberto/tfg/Reconocimiento-y-sintesis-visual-Tiago/workspace/install/aws_robomaker_hospital_world/share/aws_robomaker_hospital_world/fuel_models/TrolleyBedPatient/meshes/TrolleyBed_Diffuse.png
[34.360s] -- Symlinking: /home/alberto/tfg/Reconocimiento-y-sintesis-visual-Tiago/workspace/install/aws_robomaker_hospital_world/share/aws_robomaker_hospital_world/fuel_models/TrolleyBedPatient/model.config
[34.368s] -- Symlinking: /home/alberto/tfg/Reconocimiento-y-sintesis-visual-Tiago/workspace/install/aws_robomaker_hospital_world/share/aws_robomaker_hospital_world/fuel_models/TrolleyBedPatient/model.sdf
[34.376s] -- Symlinking: /home/alberto/tfg/Reconocimiento-y-sintesis-visual-Tiago/workspace/install/aws_robomaker_hospital_world/share/aws_robomaker_hospital_world/fuel_models/TrolleyBedPatient/thumbnails/1.png
[34.383s] -- Symlinking: /home/alberto/tfg/Reconocimiento-y-sintesis-visual-Tiago/workspace/install/aws_robomaker_hospital_world/share/aws_robomaker_hospital_world/fuel_models/TrolleyBedPatient/thumbnails/2.png
[34.390s] -- Symlinking: /home/alberto/tfg/Reconocimiento-y-sintesis-visual-Tiago/workspace/install/aws_robomaker_hospital_world/share/aws_robomaker_hospital_world/fuel_models/TrolleyBedPatient/thumbnails/3.png
[34.398s] -- Symlinking: /home/alberto/tfg/Reconocimiento-y-sintesis-visual-Tiago/workspace/install/aws_robomaker_hospital_world/share/aws_robomaker_hospital_world/fuel_models/TrolleyBedPatient/thumbnails/4.png
[34.406s] -- Symlinking: /home/alberto/tfg/Reconocimiento-y-sintesis-visual-Tiago/workspace/install/aws_robomaker_hospital_world/share/aws_robomaker_hospital_world/fuel_models/TrolleyBedPatient/thumbnails/5.png
[34.415s] -- Symlinking: /home/alberto/tfg/Reconocimiento-y-sintesis-visual-Tiago/workspace/install/aws_robomaker_hospital_world/share/aws_robomaker_hospital_world/fuel_models/VendingMachine/meshes/VendingMachine.mtl
[34.423s] -- Symlinking: /home/alberto/tfg/Reconocimiento-y-sintesis-visual-Tiago/workspace/install/aws_robomaker_hospital_world/share/aws_robomaker_hospital_world/fuel_models/VendingMachine/meshes/VendingMachine.obj
[34.431s] -- Symlinking: /home/alberto/tfg/Reconocimiento-y-sintesis-visual-Tiago/workspace/install/aws_robomaker_hospital_world/share/aws_robomaker_hospital_world/fuel_models/VendingMachine/meshes/VendingMachine_Diffuse.png
[34.439s] -- Symlinking: /home/alberto/tfg/Reconocimiento-y-sintesis-visual-Tiago/workspace/install/aws_robomaker_hospital_world/share/aws_robomaker_hospital_world/fuel_models/VendingMachine/model.config
[34.447s] -- Symlinking: /home/alberto/tfg/Reconocimiento-y-sintesis-visual-Tiago/workspace/install/aws_robomaker_hospital_world/share/aws_robomaker_hospital_world/fuel_models/VendingMachine/model.sdf
[34.456s] -- Symlinking: /home/alberto/tfg/Reconocimiento-y-sintesis-visual-Tiago/workspace/install/aws_robomaker_hospital_world/share/aws_robomaker_hospital_world/fuel_models/VendingMachine/thumbnails/1.png
[34.464s] -- Symlinking: /home/alberto/tfg/Reconocimiento-y-sintesis-visual-Tiago/workspace/install/aws_robomaker_hospital_world/share/aws_robomaker_hospital_world/fuel_models/VendingMachine/thumbnails/2.png
[34.472s] -- Symlinking: /home/alberto/tfg/Reconocimiento-y-sintesis-visual-Tiago/workspace/install/aws_robomaker_hospital_world/share/aws_robomaker_hospital_world/fuel_models/VendingMachine/thumbnails/3.png
[34.479s] -- Symlinking: /home/alberto/tfg/Reconocimiento-y-sintesis-visual-Tiago/workspace/install/aws_robomaker_hospital_world/share/aws_robomaker_hospital_world/fuel_models/VendingMachine/thumbnails/4.png
[34.487s] -- Symlinking: /home/alberto/tfg/Reconocimiento-y-sintesis-visual-Tiago/workspace/install/aws_robomaker_hospital_world/share/aws_robomaker_hospital_world/fuel_models/VendingMachine/thumbnails/5.png
[34.495s] -- Symlinking: /home/alberto/tfg/Reconocimiento-y-sintesis-visual-Tiago/workspace/install/aws_robomaker_hospital_world/share/aws_robomaker_hospital_world/fuel_models/VisitorKidSit/meshes/Book.png
[34.503s] -- Symlinking: /home/alberto/tfg/Reconocimiento-y-sintesis-visual-Tiago/workspace/install/aws_robomaker_hospital_world/share/aws_robomaker_hospital_world/fuel_models/VisitorKidSit/meshes/VisitorKidGreen.png
[34.511s] -- Symlinking: /home/alberto/tfg/Reconocimiento-y-sintesis-visual-Tiago/workspace/install/aws_robomaker_hospital_world/share/aws_robomaker_hospital_world/fuel_models/VisitorKidSit/meshes/VisitorKidSit.mtl
[34.519s] -- Symlinking: /home/alberto/tfg/Reconocimiento-y-sintesis-visual-Tiago/workspace/install/aws_robomaker_hospital_world/share/aws_robomaker_hospital_world/fuel_models/VisitorKidSit/meshes/VisitorKidSit.obj
[34.527s] -- Symlinking: /home/alberto/tfg/Reconocimiento-y-sintesis-visual-Tiago/workspace/install/aws_robomaker_hospital_world/share/aws_robomaker_hospital_world/fuel_models/VisitorKidSit/meshes/VisitorKidSit_Col.mtl
[34.535s] -- Symlinking: /home/alberto/tfg/Reconocimiento-y-sintesis-visual-Tiago/workspace/install/aws_robomaker_hospital_world/share/aws_robomaker_hospital_world/fuel_models/VisitorKidSit/meshes/VisitorKidSit_Col.obj
[34.543s] -- Symlinking: /home/alberto/tfg/Reconocimiento-y-sintesis-visual-Tiago/workspace/install/aws_robomaker_hospital_world/share/aws_robomaker_hospital_world/fuel_models/VisitorKidSit/model.config
[34.550s] -- Symlinking: /home/alberto/tfg/Reconocimiento-y-sintesis-visual-Tiago/workspace/install/aws_robomaker_hospital_world/share/aws_robomaker_hospital_world/fuel_models/VisitorKidSit/model.sdf
[34.558s] -- Symlinking: /home/alberto/tfg/Reconocimiento-y-sintesis-visual-Tiago/workspace/install/aws_robomaker_hospital_world/share/aws_robomaker_hospital_world/fuel_models/VisitorKidSit/thumbnails/1.png
[34.565s] -- Symlinking: /home/alberto/tfg/Reconocimiento-y-sintesis-visual-Tiago/workspace/install/aws_robomaker_hospital_world/share/aws_robomaker_hospital_world/fuel_models/VisitorKidSit/thumbnails/2.png
[34.573s] -- Symlinking: /home/alberto/tfg/Reconocimiento-y-sintesis-visual-Tiago/workspace/install/aws_robomaker_hospital_world/share/aws_robomaker_hospital_world/fuel_models/VisitorKidSit/thumbnails/3.png
[34.581s] -- Symlinking: /home/alberto/tfg/Reconocimiento-y-sintesis-visual-Tiago/workspace/install/aws_robomaker_hospital_world/share/aws_robomaker_hospital_world/fuel_models/VisitorKidSit/thumbnails/4.png
[34.589s] -- Symlinking: /home/alberto/tfg/Reconocimiento-y-sintesis-visual-Tiago/workspace/install/aws_robomaker_hospital_world/share/aws_robomaker_hospital_world/fuel_models/VisitorKidSit/thumbnails/5.png
[34.597s] -- Symlinking: /home/alberto/tfg/Reconocimiento-y-sintesis-visual-Tiago/workspace/install/aws_robomaker_hospital_world/share/aws_robomaker_hospital_world/fuel_models/WhiteChipChair/meshes/WhiteChipChair.mtl
[34.604s] -- Symlinking: /home/alberto/tfg/Reconocimiento-y-sintesis-visual-Tiago/workspace/install/aws_robomaker_hospital_world/share/aws_robomaker_hospital_world/fuel_models/WhiteChipChair/meshes/WhiteChipChair.obj
[34.612s] -- Symlinking: /home/alberto/tfg/Reconocimiento-y-sintesis-visual-Tiago/workspace/install/aws_robomaker_hospital_world/share/aws_robomaker_hospital_world/fuel_models/WhiteChipChair/meshes/WhiteChipChairDiffuse.png
[34.620s] -- Symlinking: /home/alberto/tfg/Reconocimiento-y-sintesis-visual-Tiago/workspace/install/aws_robomaker_hospital_world/share/aws_robomaker_hospital_world/fuel_models/WhiteChipChair/meshes/WhiteChipChair_Col.mtl
[34.627s] -- Symlinking: /home/alberto/tfg/Reconocimiento-y-sintesis-visual-Tiago/workspace/install/aws_robomaker_hospital_world/share/aws_robomaker_hospital_world/fuel_models/WhiteChipChair/meshes/WhiteChipChair_Col.obj
[34.635s] -- Symlinking: /home/alberto/tfg/Reconocimiento-y-sintesis-visual-Tiago/workspace/install/aws_robomaker_hospital_world/share/aws_robomaker_hospital_world/fuel_models/WhiteChipChair/model.config
[34.643s] -- Symlinking: /home/alberto/tfg/Reconocimiento-y-sintesis-visual-Tiago/workspace/install/aws_robomaker_hospital_world/share/aws_robomaker_hospital_world/fuel_models/WhiteChipChair/model.sdf
[34.651s] -- Symlinking: /home/alberto/tfg/Reconocimiento-y-sintesis-visual-Tiago/workspace/install/aws_robomaker_hospital_world/share/aws_robomaker_hospital_world/fuel_models/WhiteChipChair/thumbnails/1.png
[34.659s] -- Symlinking: /home/alberto/tfg/Reconocimiento-y-sintesis-visual-Tiago/workspace/install/aws_robomaker_hospital_world/share/aws_robomaker_hospital_world/fuel_models/WhiteChipChair/thumbnails/2.png
[34.666s] -- Symlinking: /home/alberto/tfg/Reconocimiento-y-sintesis-visual-Tiago/workspace/install/aws_robomaker_hospital_world/share/aws_robomaker_hospital_world/fuel_models/WhiteChipChair/thumbnails/3.png
[34.674s] -- Symlinking: /home/alberto/tfg/Reconocimiento-y-sintesis-visual-Tiago/workspace/install/aws_robomaker_hospital_world/share/aws_robomaker_hospital_world/fuel_models/WhiteChipChair/thumbnails/4.png
[34.682s] -- Symlinking: /home/alberto/tfg/Reconocimiento-y-sintesis-visual-Tiago/workspace/install/aws_robomaker_hospital_world/share/aws_robomaker_hospital_world/fuel_models/WhiteChipChair/thumbnails/5.png
[34.689s] -- Symlinking: /home/alberto/tfg/Reconocimiento-y-sintesis-visual-Tiago/workspace/install/aws_robomaker_hospital_world/share/aws_robomaker_hospital_world/fuel_models/XRayMachine/meshes/XRayMachine.mtl
[34.697s] -- Symlinking: /home/alberto/tfg/Reconocimiento-y-sintesis-visual-Tiago/workspace/install/aws_robomaker_hospital_world/share/aws_robomaker_hospital_world/fuel_models/XRayMachine/meshes/XRayMachine.obj
[34.705s] -- Symlinking: /home/alberto/tfg/Reconocimiento-y-sintesis-visual-Tiago/workspace/install/aws_robomaker_hospital_world/share/aws_robomaker_hospital_world/fuel_models/XRayMachine/meshes/XRayMachine.png
[34.713s] -- Symlinking: /home/alberto/tfg/Reconocimiento-y-sintesis-visual-Tiago/workspace/install/aws_robomaker_hospital_world/share/aws_robomaker_hospital_world/fuel_models/XRayMachine/meshes/XRayMachine_Col.mtl
[34.720s] -- Symlinking: /home/alberto/tfg/Reconocimiento-y-sintesis-visual-Tiago/workspace/install/aws_robomaker_hospital_world/share/aws_robomaker_hospital_world/fuel_models/XRayMachine/meshes/XRayMachine_Col.obj
[34.727s] -- Symlinking: /home/alberto/tfg/Reconocimiento-y-sintesis-visual-Tiago/workspace/install/aws_robomaker_hospital_world/share/aws_robomaker_hospital_world/fuel_models/XRayMachine/model.config
[34.735s] -- Symlinking: /home/alberto/tfg/Reconocimiento-y-sintesis-visual-Tiago/workspace/install/aws_robomaker_hospital_world/share/aws_robomaker_hospital_world/fuel_models/XRayMachine/model.sdf
[34.742s] -- Symlinking: /home/alberto/tfg/Reconocimiento-y-sintesis-visual-Tiago/workspace/install/aws_robomaker_hospital_world/share/aws_robomaker_hospital_world/fuel_models/XRayMachine/thumbnails/1.png
[34.750s] -- Symlinking: /home/alberto/tfg/Reconocimiento-y-sintesis-visual-Tiago/workspace/install/aws_robomaker_hospital_world/share/aws_robomaker_hospital_world/fuel_models/XRayMachine/thumbnails/2.png
[34.758s] -- Symlinking: /home/alberto/tfg/Reconocimiento-y-sintesis-visual-Tiago/workspace/install/aws_robomaker_hospital_world/share/aws_robomaker_hospital_world/fuel_models/XRayMachine/thumbnails/3.png
[34.765s] -- Symlinking: /home/alberto/tfg/Reconocimiento-y-sintesis-visual-Tiago/workspace/install/aws_robomaker_hospital_world/share/aws_robomaker_hospital_world/fuel_models/XRayMachine/thumbnails/4.png
[34.773s] -- Symlinking: /home/alberto/tfg/Reconocimiento-y-sintesis-visual-Tiago/workspace/install/aws_robomaker_hospital_world/share/aws_robomaker_hospital_world/fuel_models/XRayMachine/thumbnails/5.png
[34.781s] -- Symlinking: /home/alberto/tfg/Reconocimiento-y-sintesis-visual-Tiago/workspace/install/aws_robomaker_hospital_world/share/aws_robomaker_hospital_world/fuel_models/database.config
[34.789s] -- Symlinking: /home/alberto/tfg/Reconocimiento-y-sintesis-visual-Tiago/workspace/install/aws_robomaker_hospital_world/share/aws_robomaker_hospital_world/worlds/hospital.world
[34.797s] -- Symlinking: /home/alberto/tfg/Reconocimiento-y-sintesis-visual-Tiago/workspace/install/aws_robomaker_hospital_world/share/aws_robomaker_hospital_world/worlds/hospital_three_floors.world
[34.805s] -- Symlinking: /home/alberto/tfg/Reconocimiento-y-sintesis-visual-Tiago/workspace/install/aws_robomaker_hospital_world/share/aws_robomaker_hospital_world/worlds/hospital_two_floors.world
[34.813s] -- Symlinking: /home/alberto/tfg/Reconocimiento-y-sintesis-visual-Tiago/workspace/install/aws_robomaker_hospital_world/share/ament_index/resource_index/package_run_dependencies/aws_robomaker_hospital_world
[34.821s] -- Symlinking: /home/alberto/tfg/Reconocimiento-y-sintesis-visual-Tiago/workspace/install/aws_robomaker_hospital_world/share/ament_index/resource_index/parent_prefix_path/aws_robomaker_hospital_world
[34.828s] -- Symlinking: /home/alberto/tfg/Reconocimiento-y-sintesis-visual-Tiago/workspace/install/aws_robomaker_hospital_world/share/aws_robomaker_hospital_world/environment/ament_prefix_path.sh
[34.836s] -- Symlinking: /home/alberto/tfg/Reconocimiento-y-sintesis-visual-Tiago/workspace/install/aws_robomaker_hospital_world/share/aws_robomaker_hospital_world/environment/ament_prefix_path.dsv
[34.844s] -- Symlinking: /home/alberto/tfg/Reconocimiento-y-sintesis-visual-Tiago/workspace/install/aws_robomaker_hospital_world/share/aws_robomaker_hospital_world/environment/path.sh
[34.852s] -- Symlinking: /home/alberto/tfg/Reconocimiento-y-sintesis-visual-Tiago/workspace/install/aws_robomaker_hospital_world/share/aws_robomaker_hospital_world/environment/path.dsv
[34.860s] -- Symlinking: /home/alberto/tfg/Reconocimiento-y-sintesis-visual-Tiago/workspace/install/aws_robomaker_hospital_world/share/aws_robomaker_hospital_world/local_setup.bash
[34.868s] -- Symlinking: /home/alberto/tfg/Reconocimiento-y-sintesis-visual-Tiago/workspace/install/aws_robomaker_hospital_world/share/aws_robomaker_hospital_world/local_setup.sh
[34.875s] -- Symlinking: /home/alberto/tfg/Reconocimiento-y-sintesis-visual-Tiago/workspace/install/aws_robomaker_hospital_world/share/aws_robomaker_hospital_world/local_setup.zsh
[34.883s] -- Symlinking: /home/alberto/tfg/Reconocimiento-y-sintesis-visual-Tiago/workspace/install/aws_robomaker_hospital_world/share/aws_robomaker_hospital_world/local_setup.dsv
[34.891s] -- Symlinking: /home/alberto/tfg/Reconocimiento-y-sintesis-visual-Tiago/workspace/install/aws_robomaker_hospital_world/share/aws_robomaker_hospital_world/package.dsv
[34.899s] -- Symlinking: /home/alberto/tfg/Reconocimiento-y-sintesis-visual-Tiago/workspace/install/aws_robomaker_hospital_world/share/ament_index/resource_index/packages/aws_robomaker_hospital_world
[34.906s] -- Symlinking: /home/alberto/tfg/Reconocimiento-y-sintesis-visual-Tiago/workspace/install/aws_robomaker_hospital_world/share/aws_robomaker_hospital_world/cmake/ament_cmake_export_dependencies-extras.cmake
[34.914s] -- Symlinking: /home/alberto/tfg/Reconocimiento-y-sintesis-visual-Tiago/workspace/install/aws_robomaker_hospital_world/share/aws_robomaker_hospital_world/cmake/aws_robomaker_hospital_worldConfig.cmake
[34.922s] -- Symlinking: /home/alberto/tfg/Reconocimiento-y-sintesis-visual-Tiago/workspace/install/aws_robomaker_hospital_world/share/aws_robomaker_hospital_world/cmake/aws_robomaker_hospital_worldConfig-version.cmake
[34.929s] -- Symlinking: /home/alberto/tfg/Reconocimiento-y-sintesis-visual-Tiago/workspace/install/aws_robomaker_hospital_world/share/aws_robomaker_hospital_world/package.xml
[34.939s] Invoked command in '/home/alberto/tfg/Reconocimiento-y-sintesis-visual-Tiago/workspace/build/aws_robomaker_hospital_world' returned '0': CMAKE_PREFIX_PATH=${CMAKE_PREFIX_PATH}:/home/alberto/tfg/Reconocimiento-y-sintesis-visual-Tiago/workspace/install/tests:/home/alberto/tfg/Reconocimiento-y-sintesis-visual-Tiago/workspace/install/launch_pal:/opt/ros/humble /usr/bin/cmake --install /home/alberto/tfg/Reconocimiento-y-sintesis-visual-Tiago/workspace/build/aws_robomaker_hospital_world
