[0.211s] DEBUG:colcon:Command line arguments: ['/usr/bin/colcon', 'build', '--symlink-install']
[0.211s] DEBUG:colcon:Parsed command line arguments: Namespace(log_base=None, log_level=None, verb_name='build', build_base='build', install_base='install', merge_install=False, symlink_install=True, test_result_base=None, continue_on_error=False, executor='parallel', parallel_workers=12, event_handlers=None, ignore_user_meta=False, metas=['./colcon.meta'], base_paths=['.'], packages_ignore=None, packages_ignore_regex=None, paths=None, packages_up_to=None, packages_up_to_regex=None, packages_above=None, packages_above_and_dependencies=None, packages_above_depth=None, packages_select_by_dep=None, packages_skip_by_dep=None, packages_skip_up_to=None, packages_select_build_failed=False, packages_skip_build_finished=False, packages_select_test_failures=False, packages_skip_test_passed=False, packages_select=None, packages_skip=None, packages_select_regex=None, packages_skip_regex=None, packages_start=None, packages_end=None, allow_overriding=[], cmake_args=None, cmake_target=None, cmake_target_skip_unavailable=False, cmake_clean_cache=False, cmake_clean_first=False, cmake_force_configure=False, ament_cmake_args=None, catkin_cmake_args=None, catkin_skip_building_tests=False, mixin_files=None, mixin=None, verb_parser=<colcon_mixin.mixin.mixin_argument.MixinArgumentDecorator object at 0x76021a5567d0>, verb_extension=<colcon_core.verb.build.BuildVerb object at 0x76021a64f730>, main=<bound method BuildVerb.main of <colcon_core.verb.build.BuildVerb object at 0x76021a64f730>>, mixin_verb=('build',))
[0.568s] Level 1:colcon.colcon_core.package_discovery:discover_packages(colcon_meta) check parameters
[0.568s] Level 1:colcon.colcon_core.package_discovery:discover_packages(recursive) check parameters
[0.568s] Level 1:colcon.colcon_core.package_discovery:discover_packages(ignore) check parameters
[0.568s] Level 1:colcon.colcon_core.package_discovery:discover_packages(path) check parameters
[0.568s] Level 1:colcon.colcon_core.package_discovery:discover_packages(colcon_meta) discover
[0.568s] Level 1:colcon.colcon_core.package_discovery:discover_packages(recursive) discover
[0.568s] INFO:colcon.colcon_core.package_discovery:Crawling recursively for packages in '/home/alberto/tiago_public_ws'
[0.568s] Level 1:colcon.colcon_core.package_identification:_identify(.) by extensions ['ignore', 'ignore_ament_install']
[0.568s] Level 1:colcon.colcon_core.package_identification:_identify(.) by extension 'ignore'
[0.568s] Level 1:colcon.colcon_core.package_identification:_identify(.) by extension 'ignore_ament_install'
[0.569s] Level 1:colcon.colcon_core.package_identification:_identify(.) by extensions ['colcon_pkg']
[0.569s] Level 1:colcon.colcon_core.package_identification:_identify(.) by extension 'colcon_pkg'
[0.569s] Level 1:colcon.colcon_core.package_identification:_identify(.) by extensions ['colcon_meta']
[0.569s] Level 1:colcon.colcon_core.package_identification:_identify(.) by extension 'colcon_meta'
[0.569s] Level 1:colcon.colcon_core.package_identification:_identify(.) by extensions ['ros']
[0.569s] Level 1:colcon.colcon_core.package_identification:_identify(.) by extension 'ros'
[0.577s] Level 1:colcon.colcon_core.package_identification:_identify(.) by extensions ['cmake', 'python']
[0.577s] Level 1:colcon.colcon_core.package_identification:_identify(.) by extension 'cmake'
[0.577s] Level 1:colcon.colcon_core.package_identification:_identify(.) by extension 'python'
[0.577s] Level 1:colcon.colcon_core.package_identification:_identify(.) by extensions ['python_setup_py']
[0.577s] Level 1:colcon.colcon_core.package_identification:_identify(.) by extension 'python_setup_py'
[0.578s] Level 1:colcon.colcon_core.package_identification:_identify(build) by extensions ['ignore', 'ignore_ament_install']
[0.578s] Level 1:colcon.colcon_core.package_identification:_identify(build) by extension 'ignore'
[0.578s] Level 1:colcon.colcon_core.package_identification:_identify(build) ignored
[0.578s] Level 1:colcon.colcon_core.package_identification:_identify(install) by extensions ['ignore', 'ignore_ament_install']
[0.578s] Level 1:colcon.colcon_core.package_identification:_identify(install) by extension 'ignore'
[0.578s] Level 1:colcon.colcon_core.package_identification:_identify(install) ignored
[0.578s] Level 1:colcon.colcon_core.package_identification:_identify(log) by extensions ['ignore', 'ignore_ament_install']
[0.578s] Level 1:colcon.colcon_core.package_identification:_identify(log) by extension 'ignore'
[0.578s] Level 1:colcon.colcon_core.package_identification:_identify(log) ignored
[0.578s] Level 1:colcon.colcon_core.package_identification:_identify(src) by extensions ['ignore', 'ignore_ament_install']
[0.578s] Level 1:colcon.colcon_core.package_identification:_identify(src) by extension 'ignore'
[0.578s] Level 1:colcon.colcon_core.package_identification:_identify(src) by extension 'ignore_ament_install'
[0.578s] Level 1:colcon.colcon_core.package_identification:_identify(src) by extensions ['colcon_pkg']
[0.578s] Level 1:colcon.colcon_core.package_identification:_identify(src) by extension 'colcon_pkg'
[0.578s] Level 1:colcon.colcon_core.package_identification:_identify(src) by extensions ['colcon_meta']
[0.578s] Level 1:colcon.colcon_core.package_identification:_identify(src) by extension 'colcon_meta'
[0.578s] Level 1:colcon.colcon_core.package_identification:_identify(src) by extensions ['ros']
[0.578s] Level 1:colcon.colcon_core.package_identification:_identify(src) by extension 'ros'
[0.579s] Level 1:colcon.colcon_core.package_identification:_identify(src) by extensions ['cmake', 'python']
[0.579s] Level 1:colcon.colcon_core.package_identification:_identify(src) by extension 'cmake'
[0.579s] Level 1:colcon.colcon_core.package_identification:_identify(src) by extension 'python'
[0.579s] Level 1:colcon.colcon_core.package_identification:_identify(src) by extensions ['python_setup_py']
[0.579s] Level 1:colcon.colcon_core.package_identification:_identify(src) by extension 'python_setup_py'
[0.580s] Level 1:colcon.colcon_core.package_identification:_identify(src/launch_pal) by extensions ['ignore', 'ignore_ament_install']
[0.580s] Level 1:colcon.colcon_core.package_identification:_identify(src/launch_pal) by extension 'ignore'
[0.580s] Level 1:colcon.colcon_core.package_identification:_identify(src/launch_pal) by extension 'ignore_ament_install'
[0.580s] Level 1:colcon.colcon_core.package_identification:_identify(src/launch_pal) by extensions ['colcon_pkg']
[0.580s] Level 1:colcon.colcon_core.package_identification:_identify(src/launch_pal) by extension 'colcon_pkg'
[0.580s] Level 1:colcon.colcon_core.package_identification:_identify(src/launch_pal) by extensions ['colcon_meta']
[0.580s] Level 1:colcon.colcon_core.package_identification:_identify(src/launch_pal) by extension 'colcon_meta'
[0.580s] Level 1:colcon.colcon_core.package_identification:_identify(src/launch_pal) by extensions ['ros']
[0.580s] Level 1:colcon.colcon_core.package_identification:_identify(src/launch_pal) by extension 'ros'
[0.583s] DEBUG:colcon.colcon_core.package_identification:Package 'src/launch_pal' with type 'ros.ament_python' and name 'launch_pal'
[0.584s] Level 1:colcon.colcon_core.package_identification:_identify(src/pal_gazebo_worlds) by extensions ['ignore', 'ignore_ament_install']
[0.584s] Level 1:colcon.colcon_core.package_identification:_identify(src/pal_gazebo_worlds) by extension 'ignore'
[0.584s] Level 1:colcon.colcon_core.package_identification:_identify(src/pal_gazebo_worlds) by extension 'ignore_ament_install'
[0.584s] Level 1:colcon.colcon_core.package_identification:_identify(src/pal_gazebo_worlds) by extensions ['colcon_pkg']
[0.584s] Level 1:colcon.colcon_core.package_identification:_identify(src/pal_gazebo_worlds) by extension 'colcon_pkg'
[0.584s] Level 1:colcon.colcon_core.package_identification:_identify(src/pal_gazebo_worlds) by extensions ['colcon_meta']
[0.584s] Level 1:colcon.colcon_core.package_identification:_identify(src/pal_gazebo_worlds) by extension 'colcon_meta'
[0.584s] Level 1:colcon.colcon_core.package_identification:_identify(src/pal_gazebo_worlds) by extensions ['ros']
[0.584s] Level 1:colcon.colcon_core.package_identification:_identify(src/pal_gazebo_worlds) by extension 'ros'
[0.586s] DEBUG:colcon.colcon_core.package_identification:Package 'src/pal_gazebo_worlds' with type 'ros.ament_cmake' and name 'pal_gazebo_worlds'
[0.587s] Level 1:colcon.colcon_core.package_identification:_identify(src/pal_gripper) by extensions ['ignore', 'ignore_ament_install']
[0.587s] Level 1:colcon.colcon_core.package_identification:_identify(src/pal_gripper) by extension 'ignore'
[0.587s] Level 1:colcon.colcon_core.package_identification:_identify(src/pal_gripper) by extension 'ignore_ament_install'
[0.587s] Level 1:colcon.colcon_core.package_identification:_identify(src/pal_gripper) by extensions ['colcon_pkg']
[0.587s] Level 1:colcon.colcon_core.package_identification:_identify(src/pal_gripper) by extension 'colcon_pkg'
[0.587s] Level 1:colcon.colcon_core.package_identification:_identify(src/pal_gripper) by extensions ['colcon_meta']
[0.587s] Level 1:colcon.colcon_core.package_identification:_identify(src/pal_gripper) by extension 'colcon_meta'
[0.587s] Level 1:colcon.colcon_core.package_identification:_identify(src/pal_gripper) by extensions ['ros']
[0.587s] Level 1:colcon.colcon_core.package_identification:_identify(src/pal_gripper) by extension 'ros'
[0.587s] Level 1:colcon.colcon_core.package_identification:_identify(src/pal_gripper) by extensions ['cmake', 'python']
[0.587s] Level 1:colcon.colcon_core.package_identification:_identify(src/pal_gripper) by extension 'cmake'
[0.587s] Level 1:colcon.colcon_core.package_identification:_identify(src/pal_gripper) by extension 'python'
[0.587s] Level 1:colcon.colcon_core.package_identification:_identify(src/pal_gripper) by extensions ['python_setup_py']
[0.587s] Level 1:colcon.colcon_core.package_identification:_identify(src/pal_gripper) by extension 'python_setup_py'
[0.588s] Level 1:colcon.colcon_core.package_identification:_identify(src/pal_gripper/pal_gripper) by extensions ['ignore', 'ignore_ament_install']
[0.588s] Level 1:colcon.colcon_core.package_identification:_identify(src/pal_gripper/pal_gripper) by extension 'ignore'
[0.588s] Level 1:colcon.colcon_core.package_identification:_identify(src/pal_gripper/pal_gripper) by extension 'ignore_ament_install'
[0.588s] Level 1:colcon.colcon_core.package_identification:_identify(src/pal_gripper/pal_gripper) by extensions ['colcon_pkg']
[0.588s] Level 1:colcon.colcon_core.package_identification:_identify(src/pal_gripper/pal_gripper) by extension 'colcon_pkg'
[0.588s] Level 1:colcon.colcon_core.package_identification:_identify(src/pal_gripper/pal_gripper) by extensions ['colcon_meta']
[0.588s] Level 1:colcon.colcon_core.package_identification:_identify(src/pal_gripper/pal_gripper) by extension 'colcon_meta'
[0.588s] Level 1:colcon.colcon_core.package_identification:_identify(src/pal_gripper/pal_gripper) by extensions ['ros']
[0.588s] Level 1:colcon.colcon_core.package_identification:_identify(src/pal_gripper/pal_gripper) by extension 'ros'
[0.589s] DEBUG:colcon.colcon_core.package_identification:Package 'src/pal_gripper/pal_gripper' with type 'ros.ament_cmake' and name 'pal_gripper'
[0.590s] Level 1:colcon.colcon_core.package_identification:_identify(src/pal_gripper/pal_gripper_controller_configuration) by extensions ['ignore', 'ignore_ament_install']
[0.590s] Level 1:colcon.colcon_core.package_identification:_identify(src/pal_gripper/pal_gripper_controller_configuration) by extension 'ignore'
[0.590s] Level 1:colcon.colcon_core.package_identification:_identify(src/pal_gripper/pal_gripper_controller_configuration) by extension 'ignore_ament_install'
[0.590s] Level 1:colcon.colcon_core.package_identification:_identify(src/pal_gripper/pal_gripper_controller_configuration) by extensions ['colcon_pkg']
[0.590s] Level 1:colcon.colcon_core.package_identification:_identify(src/pal_gripper/pal_gripper_controller_configuration) by extension 'colcon_pkg'
[0.590s] Level 1:colcon.colcon_core.package_identification:_identify(src/pal_gripper/pal_gripper_controller_configuration) by extensions ['colcon_meta']
[0.590s] Level 1:colcon.colcon_core.package_identification:_identify(src/pal_gripper/pal_gripper_controller_configuration) by extension 'colcon_meta'
[0.590s] Level 1:colcon.colcon_core.package_identification:_identify(src/pal_gripper/pal_gripper_controller_configuration) by extensions ['ros']
[0.590s] Level 1:colcon.colcon_core.package_identification:_identify(src/pal_gripper/pal_gripper_controller_configuration) by extension 'ros'
[0.591s] DEBUG:colcon.colcon_core.package_identification:Package 'src/pal_gripper/pal_gripper_controller_configuration' with type 'ros.ament_cmake' and name 'pal_gripper_controller_configuration'
[0.592s] Level 1:colcon.colcon_core.package_identification:_identify(src/pal_gripper/pal_gripper_description) by extensions ['ignore', 'ignore_ament_install']
[0.592s] Level 1:colcon.colcon_core.package_identification:_identify(src/pal_gripper/pal_gripper_description) by extension 'ignore'
[0.592s] Level 1:colcon.colcon_core.package_identification:_identify(src/pal_gripper/pal_gripper_description) by extension 'ignore_ament_install'
[0.592s] Level 1:colcon.colcon_core.package_identification:_identify(src/pal_gripper/pal_gripper_description) by extensions ['colcon_pkg']
[0.592s] Level 1:colcon.colcon_core.package_identification:_identify(src/pal_gripper/pal_gripper_description) by extension 'colcon_pkg'
[0.592s] Level 1:colcon.colcon_core.package_identification:_identify(src/pal_gripper/pal_gripper_description) by extensions ['colcon_meta']
[0.592s] Level 1:colcon.colcon_core.package_identification:_identify(src/pal_gripper/pal_gripper_description) by extension 'colcon_meta'
[0.592s] Level 1:colcon.colcon_core.package_identification:_identify(src/pal_gripper/pal_gripper_description) by extensions ['ros']
[0.592s] Level 1:colcon.colcon_core.package_identification:_identify(src/pal_gripper/pal_gripper_description) by extension 'ros'
[0.594s] DEBUG:colcon.colcon_core.package_identification:Package 'src/pal_gripper/pal_gripper_description' with type 'ros.ament_cmake' and name 'pal_gripper_description'
[0.594s] Level 1:colcon.colcon_core.package_identification:_identify(src/pal_gripper/pal_gripper_gazebo) by extensions ['ignore', 'ignore_ament_install']
[0.594s] Level 1:colcon.colcon_core.package_identification:_identify(src/pal_gripper/pal_gripper_gazebo) by extension 'ignore'
[0.594s] Level 1:colcon.colcon_core.package_identification:_identify(src/pal_gripper/pal_gripper_gazebo) ignored
[0.595s] Level 1:colcon.colcon_core.package_identification:_identify(src/pal_gripper/pal_gripper_simulation) by extensions ['ignore', 'ignore_ament_install']
[0.595s] Level 1:colcon.colcon_core.package_identification:_identify(src/pal_gripper/pal_gripper_simulation) by extension 'ignore'
[0.595s] Level 1:colcon.colcon_core.package_identification:_identify(src/pal_gripper/pal_gripper_simulation) by extension 'ignore_ament_install'
[0.595s] Level 1:colcon.colcon_core.package_identification:_identify(src/pal_gripper/pal_gripper_simulation) by extensions ['colcon_pkg']
[0.595s] Level 1:colcon.colcon_core.package_identification:_identify(src/pal_gripper/pal_gripper_simulation) by extension 'colcon_pkg'
[0.595s] Level 1:colcon.colcon_core.package_identification:_identify(src/pal_gripper/pal_gripper_simulation) by extensions ['colcon_meta']
[0.595s] Level 1:colcon.colcon_core.package_identification:_identify(src/pal_gripper/pal_gripper_simulation) by extension 'colcon_meta'
[0.595s] Level 1:colcon.colcon_core.package_identification:_identify(src/pal_gripper/pal_gripper_simulation) by extensions ['ros']
[0.595s] Level 1:colcon.colcon_core.package_identification:_identify(src/pal_gripper/pal_gripper_simulation) by extension 'ros'
[0.596s] DEBUG:colcon.colcon_core.package_identification:Package 'src/pal_gripper/pal_gripper_simulation' with type 'ros.ament_cmake' and name 'pal_gripper_simulation'
[0.596s] Level 1:colcon.colcon_core.package_identification:_identify(src/pal_gripper/pal_parallel_gripper_wrapper) by extensions ['ignore', 'ignore_ament_install']
[0.596s] Level 1:colcon.colcon_core.package_identification:_identify(src/pal_gripper/pal_parallel_gripper_wrapper) by extension 'ignore'
[0.597s] Level 1:colcon.colcon_core.package_identification:_identify(src/pal_gripper/pal_parallel_gripper_wrapper) ignored
[0.597s] Level 1:colcon.colcon_core.package_identification:_identify(src/pal_hey5) by extensions ['ignore', 'ignore_ament_install']
[0.597s] Level 1:colcon.colcon_core.package_identification:_identify(src/pal_hey5) by extension 'ignore'
[0.597s] Level 1:colcon.colcon_core.package_identification:_identify(src/pal_hey5) by extension 'ignore_ament_install'
[0.597s] Level 1:colcon.colcon_core.package_identification:_identify(src/pal_hey5) by extensions ['colcon_pkg']
[0.597s] Level 1:colcon.colcon_core.package_identification:_identify(src/pal_hey5) by extension 'colcon_pkg'
[0.597s] Level 1:colcon.colcon_core.package_identification:_identify(src/pal_hey5) by extensions ['colcon_meta']
[0.597s] Level 1:colcon.colcon_core.package_identification:_identify(src/pal_hey5) by extension 'colcon_meta'
[0.597s] Level 1:colcon.colcon_core.package_identification:_identify(src/pal_hey5) by extensions ['ros']
[0.597s] Level 1:colcon.colcon_core.package_identification:_identify(src/pal_hey5) by extension 'ros'
[0.597s] Level 1:colcon.colcon_core.package_identification:_identify(src/pal_hey5) by extensions ['cmake', 'python']
[0.597s] Level 1:colcon.colcon_core.package_identification:_identify(src/pal_hey5) by extension 'cmake'
[0.597s] Level 1:colcon.colcon_core.package_identification:_identify(src/pal_hey5) by extension 'python'
[0.597s] Level 1:colcon.colcon_core.package_identification:_identify(src/pal_hey5) by extensions ['python_setup_py']
[0.597s] Level 1:colcon.colcon_core.package_identification:_identify(src/pal_hey5) by extension 'python_setup_py'
[0.598s] Level 1:colcon.colcon_core.package_identification:_identify(src/pal_hey5/pal_hey5) by extensions ['ignore', 'ignore_ament_install']
[0.598s] Level 1:colcon.colcon_core.package_identification:_identify(src/pal_hey5/pal_hey5) by extension 'ignore'
[0.598s] Level 1:colcon.colcon_core.package_identification:_identify(src/pal_hey5/pal_hey5) by extension 'ignore_ament_install'
[0.598s] Level 1:colcon.colcon_core.package_identification:_identify(src/pal_hey5/pal_hey5) by extensions ['colcon_pkg']
[0.598s] Level 1:colcon.colcon_core.package_identification:_identify(src/pal_hey5/pal_hey5) by extension 'colcon_pkg'
[0.598s] Level 1:colcon.colcon_core.package_identification:_identify(src/pal_hey5/pal_hey5) by extensions ['colcon_meta']
[0.598s] Level 1:colcon.colcon_core.package_identification:_identify(src/pal_hey5/pal_hey5) by extension 'colcon_meta'
[0.598s] Level 1:colcon.colcon_core.package_identification:_identify(src/pal_hey5/pal_hey5) by extensions ['ros']
[0.598s] Level 1:colcon.colcon_core.package_identification:_identify(src/pal_hey5/pal_hey5) by extension 'ros'
[0.599s] DEBUG:colcon.colcon_core.package_identification:Package 'src/pal_hey5/pal_hey5' with type 'ros.ament_cmake' and name 'pal_hey5'
[0.600s] Level 1:colcon.colcon_core.package_identification:_identify(src/pal_hey5/pal_hey5_controller_configuration) by extensions ['ignore', 'ignore_ament_install']
[0.600s] Level 1:colcon.colcon_core.package_identification:_identify(src/pal_hey5/pal_hey5_controller_configuration) by extension 'ignore'
[0.600s] Level 1:colcon.colcon_core.package_identification:_identify(src/pal_hey5/pal_hey5_controller_configuration) by extension 'ignore_ament_install'
[0.600s] Level 1:colcon.colcon_core.package_identification:_identify(src/pal_hey5/pal_hey5_controller_configuration) by extensions ['colcon_pkg']
[0.600s] Level 1:colcon.colcon_core.package_identification:_identify(src/pal_hey5/pal_hey5_controller_configuration) by extension 'colcon_pkg'
[0.600s] Level 1:colcon.colcon_core.package_identification:_identify(src/pal_hey5/pal_hey5_controller_configuration) by extensions ['colcon_meta']
[0.600s] Level 1:colcon.colcon_core.package_identification:_identify(src/pal_hey5/pal_hey5_controller_configuration) by extension 'colcon_meta'
[0.600s] Level 1:colcon.colcon_core.package_identification:_identify(src/pal_hey5/pal_hey5_controller_configuration) by extensions ['ros']
[0.600s] Level 1:colcon.colcon_core.package_identification:_identify(src/pal_hey5/pal_hey5_controller_configuration) by extension 'ros'
[0.601s] DEBUG:colcon.colcon_core.package_identification:Package 'src/pal_hey5/pal_hey5_controller_configuration' with type 'ros.ament_cmake' and name 'pal_hey5_controller_configuration'
[0.602s] Level 1:colcon.colcon_core.package_identification:_identify(src/pal_hey5/pal_hey5_description) by extensions ['ignore', 'ignore_ament_install']
[0.602s] Level 1:colcon.colcon_core.package_identification:_identify(src/pal_hey5/pal_hey5_description) by extension 'ignore'
[0.602s] Level 1:colcon.colcon_core.package_identification:_identify(src/pal_hey5/pal_hey5_description) by extension 'ignore_ament_install'
[0.602s] Level 1:colcon.colcon_core.package_identification:_identify(src/pal_hey5/pal_hey5_description) by extensions ['colcon_pkg']
[0.602s] Level 1:colcon.colcon_core.package_identification:_identify(src/pal_hey5/pal_hey5_description) by extension 'colcon_pkg'
[0.602s] Level 1:colcon.colcon_core.package_identification:_identify(src/pal_hey5/pal_hey5_description) by extensions ['colcon_meta']
[0.602s] Level 1:colcon.colcon_core.package_identification:_identify(src/pal_hey5/pal_hey5_description) by extension 'colcon_meta'
[0.602s] Level 1:colcon.colcon_core.package_identification:_identify(src/pal_hey5/pal_hey5_description) by extensions ['ros']
[0.602s] Level 1:colcon.colcon_core.package_identification:_identify(src/pal_hey5/pal_hey5_description) by extension 'ros'
[0.603s] DEBUG:colcon.colcon_core.package_identification:Package 'src/pal_hey5/pal_hey5_description' with type 'ros.ament_cmake' and name 'pal_hey5_description'
[0.603s] Level 1:colcon.colcon_core.package_identification:_identify(src/pal_navigation_cfg_public) by extensions ['ignore', 'ignore_ament_install']
[0.603s] Level 1:colcon.colcon_core.package_identification:_identify(src/pal_navigation_cfg_public) by extension 'ignore'
[0.603s] Level 1:colcon.colcon_core.package_identification:_identify(src/pal_navigation_cfg_public) by extension 'ignore_ament_install'
[0.603s] Level 1:colcon.colcon_core.package_identification:_identify(src/pal_navigation_cfg_public) by extensions ['colcon_pkg']
[0.603s] Level 1:colcon.colcon_core.package_identification:_identify(src/pal_navigation_cfg_public) by extension 'colcon_pkg'
[0.603s] Level 1:colcon.colcon_core.package_identification:_identify(src/pal_navigation_cfg_public) by extensions ['colcon_meta']
[0.603s] Level 1:colcon.colcon_core.package_identification:_identify(src/pal_navigation_cfg_public) by extension 'colcon_meta'
[0.604s] Level 1:colcon.colcon_core.package_identification:_identify(src/pal_navigation_cfg_public) by extensions ['ros']
[0.604s] Level 1:colcon.colcon_core.package_identification:_identify(src/pal_navigation_cfg_public) by extension 'ros'
[0.604s] Level 1:colcon.colcon_core.package_identification:_identify(src/pal_navigation_cfg_public) by extensions ['cmake', 'python']
[0.604s] Level 1:colcon.colcon_core.package_identification:_identify(src/pal_navigation_cfg_public) by extension 'cmake'
[0.604s] Level 1:colcon.colcon_core.package_identification:_identify(src/pal_navigation_cfg_public) by extension 'python'
[0.604s] Level 1:colcon.colcon_core.package_identification:_identify(src/pal_navigation_cfg_public) by extensions ['python_setup_py']
[0.604s] Level 1:colcon.colcon_core.package_identification:_identify(src/pal_navigation_cfg_public) by extension 'python_setup_py'
[0.604s] Level 1:colcon.colcon_core.package_identification:_identify(src/pal_navigation_cfg_public/pal_navigation_cfg_bringup) by extensions ['ignore', 'ignore_ament_install']
[0.604s] Level 1:colcon.colcon_core.package_identification:_identify(src/pal_navigation_cfg_public/pal_navigation_cfg_bringup) by extension 'ignore'
[0.604s] Level 1:colcon.colcon_core.package_identification:_identify(src/pal_navigation_cfg_public/pal_navigation_cfg_bringup) by extension 'ignore_ament_install'
[0.604s] Level 1:colcon.colcon_core.package_identification:_identify(src/pal_navigation_cfg_public/pal_navigation_cfg_bringup) by extensions ['colcon_pkg']
[0.604s] Level 1:colcon.colcon_core.package_identification:_identify(src/pal_navigation_cfg_public/pal_navigation_cfg_bringup) by extension 'colcon_pkg'
[0.604s] Level 1:colcon.colcon_core.package_identification:_identify(src/pal_navigation_cfg_public/pal_navigation_cfg_bringup) by extensions ['colcon_meta']
[0.604s] Level 1:colcon.colcon_core.package_identification:_identify(src/pal_navigation_cfg_public/pal_navigation_cfg_bringup) by extension 'colcon_meta'
[0.605s] Level 1:colcon.colcon_core.package_identification:_identify(src/pal_navigation_cfg_public/pal_navigation_cfg_bringup) by extensions ['ros']
[0.605s] Level 1:colcon.colcon_core.package_identification:_identify(src/pal_navigation_cfg_public/pal_navigation_cfg_bringup) by extension 'ros'
[0.605s] DEBUG:colcon.colcon_core.package_identification:Package 'src/pal_navigation_cfg_public/pal_navigation_cfg_bringup' with type 'ros.ament_cmake' and name 'pal_navigation_cfg_bringup'
[0.606s] Level 1:colcon.colcon_core.package_identification:_identify(src/pal_navigation_cfg_public/pal_navigation_cfg_params) by extensions ['ignore', 'ignore_ament_install']
[0.606s] Level 1:colcon.colcon_core.package_identification:_identify(src/pal_navigation_cfg_public/pal_navigation_cfg_params) by extension 'ignore'
[0.606s] Level 1:colcon.colcon_core.package_identification:_identify(src/pal_navigation_cfg_public/pal_navigation_cfg_params) by extension 'ignore_ament_install'
[0.606s] Level 1:colcon.colcon_core.package_identification:_identify(src/pal_navigation_cfg_public/pal_navigation_cfg_params) by extensions ['colcon_pkg']
[0.606s] Level 1:colcon.colcon_core.package_identification:_identify(src/pal_navigation_cfg_public/pal_navigation_cfg_params) by extension 'colcon_pkg'
[0.606s] Level 1:colcon.colcon_core.package_identification:_identify(src/pal_navigation_cfg_public/pal_navigation_cfg_params) by extensions ['colcon_meta']
[0.606s] Level 1:colcon.colcon_core.package_identification:_identify(src/pal_navigation_cfg_public/pal_navigation_cfg_params) by extension 'colcon_meta'
[0.606s] Level 1:colcon.colcon_core.package_identification:_identify(src/pal_navigation_cfg_public/pal_navigation_cfg_params) by extensions ['ros']
[0.606s] Level 1:colcon.colcon_core.package_identification:_identify(src/pal_navigation_cfg_public/pal_navigation_cfg_params) by extension 'ros'
[0.607s] DEBUG:colcon.colcon_core.package_identification:Package 'src/pal_navigation_cfg_public/pal_navigation_cfg_params' with type 'ros.ament_cmake' and name 'pal_navigation_cfg_params'
[0.607s] Level 1:colcon.colcon_core.package_identification:_identify(src/pal_navigation_cfg_public/pal_navigation_cfg_public) by extensions ['ignore', 'ignore_ament_install']
[0.615s] Level 1:colcon.colcon_core.package_identification:_identify(src/pal_navigation_cfg_public/pal_navigation_cfg_public) by extension 'ignore'
[0.615s] Level 1:colcon.colcon_core.package_identification:_identify(src/pal_navigation_cfg_public/pal_navigation_cfg_public) by extension 'ignore_ament_install'
[0.615s] Level 1:colcon.colcon_core.package_identification:_identify(src/pal_navigation_cfg_public/pal_navigation_cfg_public) by extensions ['colcon_pkg']
[0.615s] Level 1:colcon.colcon_core.package_identification:_identify(src/pal_navigation_cfg_public/pal_navigation_cfg_public) by extension 'colcon_pkg'
[0.615s] Level 1:colcon.colcon_core.package_identification:_identify(src/pal_navigation_cfg_public/pal_navigation_cfg_public) by extensions ['colcon_meta']
[0.615s] Level 1:colcon.colcon_core.package_identification:_identify(src/pal_navigation_cfg_public/pal_navigation_cfg_public) by extension 'colcon_meta'
[0.615s] Level 1:colcon.colcon_core.package_identification:_identify(src/pal_navigation_cfg_public/pal_navigation_cfg_public) by extensions ['ros']
[0.615s] Level 1:colcon.colcon_core.package_identification:_identify(src/pal_navigation_cfg_public/pal_navigation_cfg_public) by extension 'ros'
[0.616s] DEBUG:colcon.colcon_core.package_identification:Package 'src/pal_navigation_cfg_public/pal_navigation_cfg_public' with type 'ros.ament_cmake' and name 'pal_navigation_cfg'
[0.617s] Level 1:colcon.colcon_core.package_identification:_identify(src/pal_robotiq_gripper) by extensions ['ignore', 'ignore_ament_install']
[0.617s] Level 1:colcon.colcon_core.package_identification:_identify(src/pal_robotiq_gripper) by extension 'ignore'
[0.617s] Level 1:colcon.colcon_core.package_identification:_identify(src/pal_robotiq_gripper) by extension 'ignore_ament_install'
[0.617s] Level 1:colcon.colcon_core.package_identification:_identify(src/pal_robotiq_gripper) by extensions ['colcon_pkg']
[0.617s] Level 1:colcon.colcon_core.package_identification:_identify(src/pal_robotiq_gripper) by extension 'colcon_pkg'
[0.617s] Level 1:colcon.colcon_core.package_identification:_identify(src/pal_robotiq_gripper) by extensions ['colcon_meta']
[0.617s] Level 1:colcon.colcon_core.package_identification:_identify(src/pal_robotiq_gripper) by extension 'colcon_meta'
[0.617s] Level 1:colcon.colcon_core.package_identification:_identify(src/pal_robotiq_gripper) by extensions ['ros']
[0.617s] Level 1:colcon.colcon_core.package_identification:_identify(src/pal_robotiq_gripper) by extension 'ros'
[0.617s] Level 1:colcon.colcon_core.package_identification:_identify(src/pal_robotiq_gripper) by extensions ['cmake', 'python']
[0.617s] Level 1:colcon.colcon_core.package_identification:_identify(src/pal_robotiq_gripper) by extension 'cmake'
[0.617s] Level 1:colcon.colcon_core.package_identification:_identify(src/pal_robotiq_gripper) by extension 'python'
[0.617s] Level 1:colcon.colcon_core.package_identification:_identify(src/pal_robotiq_gripper) by extensions ['python_setup_py']
[0.617s] Level 1:colcon.colcon_core.package_identification:_identify(src/pal_robotiq_gripper) by extension 'python_setup_py'
[0.618s] Level 1:colcon.colcon_core.package_identification:_identify(src/pal_robotiq_gripper/pal_robotiq_controller_configuration) by extensions ['ignore', 'ignore_ament_install']
[0.619s] Level 1:colcon.colcon_core.package_identification:_identify(src/pal_robotiq_gripper/pal_robotiq_controller_configuration) by extension 'ignore'
[0.619s] Level 1:colcon.colcon_core.package_identification:_identify(src/pal_robotiq_gripper/pal_robotiq_controller_configuration) by extension 'ignore_ament_install'
[0.619s] Level 1:colcon.colcon_core.package_identification:_identify(src/pal_robotiq_gripper/pal_robotiq_controller_configuration) by extensions ['colcon_pkg']
[0.619s] Level 1:colcon.colcon_core.package_identification:_identify(src/pal_robotiq_gripper/pal_robotiq_controller_configuration) by extension 'colcon_pkg'
[0.619s] Level 1:colcon.colcon_core.package_identification:_identify(src/pal_robotiq_gripper/pal_robotiq_controller_configuration) by extensions ['colcon_meta']
[0.619s] Level 1:colcon.colcon_core.package_identification:_identify(src/pal_robotiq_gripper/pal_robotiq_controller_configuration) by extension 'colcon_meta'
[0.619s] Level 1:colcon.colcon_core.package_identification:_identify(src/pal_robotiq_gripper/pal_robotiq_controller_configuration) by extensions ['ros']
[0.619s] Level 1:colcon.colcon_core.package_identification:_identify(src/pal_robotiq_gripper/pal_robotiq_controller_configuration) by extension 'ros'
[0.620s] DEBUG:colcon.colcon_core.package_identification:Package 'src/pal_robotiq_gripper/pal_robotiq_controller_configuration' with type 'ros.ament_cmake' and name 'pal_robotiq_controller_configuration'
[0.621s] Level 1:colcon.colcon_core.package_identification:_identify(src/pal_robotiq_gripper/pal_robotiq_description) by extensions ['ignore', 'ignore_ament_install']
[0.621s] Level 1:colcon.colcon_core.package_identification:_identify(src/pal_robotiq_gripper/pal_robotiq_description) by extension 'ignore'
[0.621s] Level 1:colcon.colcon_core.package_identification:_identify(src/pal_robotiq_gripper/pal_robotiq_description) by extension 'ignore_ament_install'
[0.621s] Level 1:colcon.colcon_core.package_identification:_identify(src/pal_robotiq_gripper/pal_robotiq_description) by extensions ['colcon_pkg']
[0.621s] Level 1:colcon.colcon_core.package_identification:_identify(src/pal_robotiq_gripper/pal_robotiq_description) by extension 'colcon_pkg'
[0.621s] Level 1:colcon.colcon_core.package_identification:_identify(src/pal_robotiq_gripper/pal_robotiq_description) by extensions ['colcon_meta']
[0.621s] Level 1:colcon.colcon_core.package_identification:_identify(src/pal_robotiq_gripper/pal_robotiq_description) by extension 'colcon_meta'
[0.621s] Level 1:colcon.colcon_core.package_identification:_identify(src/pal_robotiq_gripper/pal_robotiq_description) by extensions ['ros']
[0.621s] Level 1:colcon.colcon_core.package_identification:_identify(src/pal_robotiq_gripper/pal_robotiq_description) by extension 'ros'
[0.622s] DEBUG:colcon.colcon_core.package_identification:Package 'src/pal_robotiq_gripper/pal_robotiq_description' with type 'ros.ament_cmake' and name 'pal_robotiq_description'
[0.622s] Level 1:colcon.colcon_core.package_identification:_identify(src/pal_robotiq_gripper/pal_robotiq_epick_gripper) by extensions ['ignore', 'ignore_ament_install']
[0.622s] Level 1:colcon.colcon_core.package_identification:_identify(src/pal_robotiq_gripper/pal_robotiq_epick_gripper) by extension 'ignore'
[0.622s] Level 1:colcon.colcon_core.package_identification:_identify(src/pal_robotiq_gripper/pal_robotiq_epick_gripper) by extension 'ignore_ament_install'
[0.622s] Level 1:colcon.colcon_core.package_identification:_identify(src/pal_robotiq_gripper/pal_robotiq_epick_gripper) by extensions ['colcon_pkg']
[0.622s] Level 1:colcon.colcon_core.package_identification:_identify(src/pal_robotiq_gripper/pal_robotiq_epick_gripper) by extension 'colcon_pkg'
[0.622s] Level 1:colcon.colcon_core.package_identification:_identify(src/pal_robotiq_gripper/pal_robotiq_epick_gripper) by extensions ['colcon_meta']
[0.622s] Level 1:colcon.colcon_core.package_identification:_identify(src/pal_robotiq_gripper/pal_robotiq_epick_gripper) by extension 'colcon_meta'
[0.622s] Level 1:colcon.colcon_core.package_identification:_identify(src/pal_robotiq_gripper/pal_robotiq_epick_gripper) by extensions ['ros']
[0.623s] Level 1:colcon.colcon_core.package_identification:_identify(src/pal_robotiq_gripper/pal_robotiq_epick_gripper) by extension 'ros'
[0.623s] Level 1:colcon.colcon_core.package_identification:_identify(src/pal_robotiq_gripper/pal_robotiq_epick_gripper) by extensions ['cmake', 'python']
[0.623s] Level 1:colcon.colcon_core.package_identification:_identify(src/pal_robotiq_gripper/pal_robotiq_epick_gripper) by extension 'cmake'
[0.623s] Level 1:colcon.colcon_core.package_identification:_identify(src/pal_robotiq_gripper/pal_robotiq_epick_gripper) by extension 'python'
[0.623s] Level 1:colcon.colcon_core.package_identification:_identify(src/pal_robotiq_gripper/pal_robotiq_epick_gripper) by extensions ['python_setup_py']
[0.623s] Level 1:colcon.colcon_core.package_identification:_identify(src/pal_robotiq_gripper/pal_robotiq_epick_gripper) by extension 'python_setup_py'
[0.623s] Level 1:colcon.colcon_core.package_identification:_identify(src/pal_robotiq_gripper/pal_robotiq_epick_gripper/pal_robotiq_epick_description) by extensions ['ignore', 'ignore_ament_install']
[0.623s] Level 1:colcon.colcon_core.package_identification:_identify(src/pal_robotiq_gripper/pal_robotiq_epick_gripper/pal_robotiq_epick_description) by extension 'ignore'
[0.623s] Level 1:colcon.colcon_core.package_identification:_identify(src/pal_robotiq_gripper/pal_robotiq_epick_gripper/pal_robotiq_epick_description) ignored
[0.624s] Level 1:colcon.colcon_core.package_identification:_identify(src/pal_robotiq_gripper/pal_robotiq_epick_gripper/pal_robotiq_epick_gripper) by extensions ['ignore', 'ignore_ament_install']
[0.624s] Level 1:colcon.colcon_core.package_identification:_identify(src/pal_robotiq_gripper/pal_robotiq_epick_gripper/pal_robotiq_epick_gripper) by extension 'ignore'
[0.624s] Level 1:colcon.colcon_core.package_identification:_identify(src/pal_robotiq_gripper/pal_robotiq_epick_gripper/pal_robotiq_epick_gripper) ignored
[0.624s] Level 1:colcon.colcon_core.package_identification:_identify(src/pal_robotiq_gripper/pal_robotiq_gripper) by extensions ['ignore', 'ignore_ament_install']
[0.624s] Level 1:colcon.colcon_core.package_identification:_identify(src/pal_robotiq_gripper/pal_robotiq_gripper) by extension 'ignore'
[0.624s] Level 1:colcon.colcon_core.package_identification:_identify(src/pal_robotiq_gripper/pal_robotiq_gripper) by extension 'ignore_ament_install'
[0.624s] Level 1:colcon.colcon_core.package_identification:_identify(src/pal_robotiq_gripper/pal_robotiq_gripper) by extensions ['colcon_pkg']
[0.625s] Level 1:colcon.colcon_core.package_identification:_identify(src/pal_robotiq_gripper/pal_robotiq_gripper) by extension 'colcon_pkg'
[0.625s] Level 1:colcon.colcon_core.package_identification:_identify(src/pal_robotiq_gripper/pal_robotiq_gripper) by extensions ['colcon_meta']
[0.625s] Level 1:colcon.colcon_core.package_identification:_identify(src/pal_robotiq_gripper/pal_robotiq_gripper) by extension 'colcon_meta'
[0.625s] Level 1:colcon.colcon_core.package_identification:_identify(src/pal_robotiq_gripper/pal_robotiq_gripper) by extensions ['ros']
[0.625s] Level 1:colcon.colcon_core.package_identification:_identify(src/pal_robotiq_gripper/pal_robotiq_gripper) by extension 'ros'
[0.625s] DEBUG:colcon.colcon_core.package_identification:Package 'src/pal_robotiq_gripper/pal_robotiq_gripper' with type 'ros.ament_cmake' and name 'pal_robotiq_gripper'
[0.626s] Level 1:colcon.colcon_core.package_identification:_identify(src/pal_robotiq_gripper/pal_robotiq_gripper_wrapper) by extensions ['ignore', 'ignore_ament_install']
[0.626s] Level 1:colcon.colcon_core.package_identification:_identify(src/pal_robotiq_gripper/pal_robotiq_gripper_wrapper) by extension 'ignore'
[0.626s] Level 1:colcon.colcon_core.package_identification:_identify(src/pal_robotiq_gripper/pal_robotiq_gripper_wrapper) ignored
[0.626s] Level 1:colcon.colcon_core.package_identification:_identify(src/pal_urdf_utils) by extensions ['ignore', 'ignore_ament_install']
[0.627s] Level 1:colcon.colcon_core.package_identification:_identify(src/pal_urdf_utils) by extension 'ignore'
[0.627s] Level 1:colcon.colcon_core.package_identification:_identify(src/pal_urdf_utils) by extension 'ignore_ament_install'
[0.627s] Level 1:colcon.colcon_core.package_identification:_identify(src/pal_urdf_utils) by extensions ['colcon_pkg']
[0.627s] Level 1:colcon.colcon_core.package_identification:_identify(src/pal_urdf_utils) by extension 'colcon_pkg'
[0.627s] Level 1:colcon.colcon_core.package_identification:_identify(src/pal_urdf_utils) by extensions ['colcon_meta']
[0.627s] Level 1:colcon.colcon_core.package_identification:_identify(src/pal_urdf_utils) by extension 'colcon_meta'
[0.627s] Level 1:colcon.colcon_core.package_identification:_identify(src/pal_urdf_utils) by extensions ['ros']
[0.627s] Level 1:colcon.colcon_core.package_identification:_identify(src/pal_urdf_utils) by extension 'ros'
[0.628s] DEBUG:colcon.colcon_core.package_identification:Package 'src/pal_urdf_utils' with type 'ros.ament_cmake' and name 'pal_urdf_utils'
[0.628s] Level 1:colcon.colcon_core.package_identification:_identify(src/play_motion2) by extensions ['ignore', 'ignore_ament_install']
[0.628s] Level 1:colcon.colcon_core.package_identification:_identify(src/play_motion2) by extension 'ignore'
[0.628s] Level 1:colcon.colcon_core.package_identification:_identify(src/play_motion2) by extension 'ignore_ament_install'
[0.628s] Level 1:colcon.colcon_core.package_identification:_identify(src/play_motion2) by extensions ['colcon_pkg']
[0.628s] Level 1:colcon.colcon_core.package_identification:_identify(src/play_motion2) by extension 'colcon_pkg'
[0.628s] Level 1:colcon.colcon_core.package_identification:_identify(src/play_motion2) by extensions ['colcon_meta']
[0.628s] Level 1:colcon.colcon_core.package_identification:_identify(src/play_motion2) by extension 'colcon_meta'
[0.628s] Level 1:colcon.colcon_core.package_identification:_identify(src/play_motion2) by extensions ['ros']
[0.628s] Level 1:colcon.colcon_core.package_identification:_identify(src/play_motion2) by extension 'ros'
[0.628s] Level 1:colcon.colcon_core.package_identification:_identify(src/play_motion2) by extensions ['cmake', 'python']
[0.628s] Level 1:colcon.colcon_core.package_identification:_identify(src/play_motion2) by extension 'cmake'
[0.628s] Level 1:colcon.colcon_core.package_identification:_identify(src/play_motion2) by extension 'python'
[0.628s] Level 1:colcon.colcon_core.package_identification:_identify(src/play_motion2) by extensions ['python_setup_py']
[0.628s] Level 1:colcon.colcon_core.package_identification:_identify(src/play_motion2) by extension 'python_setup_py'
[0.629s] Level 1:colcon.colcon_core.package_identification:_identify(src/play_motion2/play_motion2) by extensions ['ignore', 'ignore_ament_install']
[0.629s] Level 1:colcon.colcon_core.package_identification:_identify(src/play_motion2/play_motion2) by extension 'ignore'
[0.629s] Level 1:colcon.colcon_core.package_identification:_identify(src/play_motion2/play_motion2) by extension 'ignore_ament_install'
[0.629s] Level 1:colcon.colcon_core.package_identification:_identify(src/play_motion2/play_motion2) by extensions ['colcon_pkg']
[0.629s] Level 1:colcon.colcon_core.package_identification:_identify(src/play_motion2/play_motion2) by extension 'colcon_pkg'
[0.629s] Level 1:colcon.colcon_core.package_identification:_identify(src/play_motion2/play_motion2) by extensions ['colcon_meta']
[0.629s] Level 1:colcon.colcon_core.package_identification:_identify(src/play_motion2/play_motion2) by extension 'colcon_meta'
[0.629s] Level 1:colcon.colcon_core.package_identification:_identify(src/play_motion2/play_motion2) by extensions ['ros']
[0.629s] Level 1:colcon.colcon_core.package_identification:_identify(src/play_motion2/play_motion2) by extension 'ros'
[0.631s] DEBUG:colcon.colcon_core.package_identification:Package 'src/play_motion2/play_motion2' with type 'ros.ament_cmake' and name 'play_motion2'
[0.631s] Level 1:colcon.colcon_core.package_identification:_identify(src/play_motion2/play_motion2_msgs) by extensions ['ignore', 'ignore_ament_install']
[0.631s] Level 1:colcon.colcon_core.package_identification:_identify(src/play_motion2/play_motion2_msgs) by extension 'ignore'
[0.631s] Level 1:colcon.colcon_core.package_identification:_identify(src/play_motion2/play_motion2_msgs) by extension 'ignore_ament_install'
[0.631s] Level 1:colcon.colcon_core.package_identification:_identify(src/play_motion2/play_motion2_msgs) by extensions ['colcon_pkg']
[0.631s] Level 1:colcon.colcon_core.package_identification:_identify(src/play_motion2/play_motion2_msgs) by extension 'colcon_pkg'
[0.631s] Level 1:colcon.colcon_core.package_identification:_identify(src/play_motion2/play_motion2_msgs) by extensions ['colcon_meta']
[0.631s] Level 1:colcon.colcon_core.package_identification:_identify(src/play_motion2/play_motion2_msgs) by extension 'colcon_meta'
[0.631s] Level 1:colcon.colcon_core.package_identification:_identify(src/play_motion2/play_motion2_msgs) by extensions ['ros']
[0.631s] Level 1:colcon.colcon_core.package_identification:_identify(src/play_motion2/play_motion2_msgs) by extension 'ros'
[0.632s] DEBUG:colcon.colcon_core.package_identification:Package 'src/play_motion2/play_motion2_msgs' with type 'ros.ament_cmake' and name 'play_motion2_msgs'
[0.633s] Level 1:colcon.colcon_core.package_identification:_identify(src/pmb2_navigation) by extensions ['ignore', 'ignore_ament_install']
[0.633s] Level 1:colcon.colcon_core.package_identification:_identify(src/pmb2_navigation) by extension 'ignore'
[0.633s] Level 1:colcon.colcon_core.package_identification:_identify(src/pmb2_navigation) by extension 'ignore_ament_install'
[0.633s] Level 1:colcon.colcon_core.package_identification:_identify(src/pmb2_navigation) by extensions ['colcon_pkg']
[0.633s] Level 1:colcon.colcon_core.package_identification:_identify(src/pmb2_navigation) by extension 'colcon_pkg'
[0.633s] Level 1:colcon.colcon_core.package_identification:_identify(src/pmb2_navigation) by extensions ['colcon_meta']
[0.633s] Level 1:colcon.colcon_core.package_identification:_identify(src/pmb2_navigation) by extension 'colcon_meta'
[0.633s] Level 1:colcon.colcon_core.package_identification:_identify(src/pmb2_navigation) by extensions ['ros']
[0.633s] Level 1:colcon.colcon_core.package_identification:_identify(src/pmb2_navigation) by extension 'ros'
[0.633s] Level 1:colcon.colcon_core.package_identification:_identify(src/pmb2_navigation) by extensions ['cmake', 'python']
[0.633s] Level 1:colcon.colcon_core.package_identification:_identify(src/pmb2_navigation) by extension 'cmake'
[0.633s] Level 1:colcon.colcon_core.package_identification:_identify(src/pmb2_navigation) by extension 'python'
[0.633s] Level 1:colcon.colcon_core.package_identification:_identify(src/pmb2_navigation) by extensions ['python_setup_py']
[0.633s] Level 1:colcon.colcon_core.package_identification:_identify(src/pmb2_navigation) by extension 'python_setup_py'
[0.634s] Level 1:colcon.colcon_core.package_identification:_identify(src/pmb2_navigation/pmb2_2dnav) by extensions ['ignore', 'ignore_ament_install']
[0.634s] Level 1:colcon.colcon_core.package_identification:_identify(src/pmb2_navigation/pmb2_2dnav) by extension 'ignore'
[0.634s] Level 1:colcon.colcon_core.package_identification:_identify(src/pmb2_navigation/pmb2_2dnav) by extension 'ignore_ament_install'
[0.634s] Level 1:colcon.colcon_core.package_identification:_identify(src/pmb2_navigation/pmb2_2dnav) by extensions ['colcon_pkg']
[0.634s] Level 1:colcon.colcon_core.package_identification:_identify(src/pmb2_navigation/pmb2_2dnav) by extension 'colcon_pkg'
[0.634s] Level 1:colcon.colcon_core.package_identification:_identify(src/pmb2_navigation/pmb2_2dnav) by extensions ['colcon_meta']
[0.634s] Level 1:colcon.colcon_core.package_identification:_identify(src/pmb2_navigation/pmb2_2dnav) by extension 'colcon_meta'
[0.634s] Level 1:colcon.colcon_core.package_identification:_identify(src/pmb2_navigation/pmb2_2dnav) by extensions ['ros']
[0.634s] Level 1:colcon.colcon_core.package_identification:_identify(src/pmb2_navigation/pmb2_2dnav) by extension 'ros'
[0.639s] DEBUG:colcon.colcon_core.package_identification:Package 'src/pmb2_navigation/pmb2_2dnav' with type 'ros.ament_cmake' and name 'pmb2_2dnav'
[0.640s] Level 1:colcon.colcon_core.package_identification:_identify(src/pmb2_navigation/pmb2_laser_sensors) by extensions ['ignore', 'ignore_ament_install']
[0.640s] Level 1:colcon.colcon_core.package_identification:_identify(src/pmb2_navigation/pmb2_laser_sensors) by extension 'ignore'
[0.640s] Level 1:colcon.colcon_core.package_identification:_identify(src/pmb2_navigation/pmb2_laser_sensors) by extension 'ignore_ament_install'
[0.640s] Level 1:colcon.colcon_core.package_identification:_identify(src/pmb2_navigation/pmb2_laser_sensors) by extensions ['colcon_pkg']
[0.640s] Level 1:colcon.colcon_core.package_identification:_identify(src/pmb2_navigation/pmb2_laser_sensors) by extension 'colcon_pkg'
[0.640s] Level 1:colcon.colcon_core.package_identification:_identify(src/pmb2_navigation/pmb2_laser_sensors) by extensions ['colcon_meta']
[0.640s] Level 1:colcon.colcon_core.package_identification:_identify(src/pmb2_navigation/pmb2_laser_sensors) by extension 'colcon_meta'
[0.640s] Level 1:colcon.colcon_core.package_identification:_identify(src/pmb2_navigation/pmb2_laser_sensors) by extensions ['ros']
[0.640s] Level 1:colcon.colcon_core.package_identification:_identify(src/pmb2_navigation/pmb2_laser_sensors) by extension 'ros'
[0.643s] DEBUG:colcon.colcon_core.package_identification:Package 'src/pmb2_navigation/pmb2_laser_sensors' with type 'ros.ament_cmake' and name 'pmb2_laser_sensors'
[0.643s] Level 1:colcon.colcon_core.package_identification:_identify(src/pmb2_navigation/pmb2_navigation) by extensions ['ignore', 'ignore_ament_install']
[0.643s] Level 1:colcon.colcon_core.package_identification:_identify(src/pmb2_navigation/pmb2_navigation) by extension 'ignore'
[0.644s] Level 1:colcon.colcon_core.package_identification:_identify(src/pmb2_navigation/pmb2_navigation) by extension 'ignore_ament_install'
[0.644s] Level 1:colcon.colcon_core.package_identification:_identify(src/pmb2_navigation/pmb2_navigation) by extensions ['colcon_pkg']
[0.644s] Level 1:colcon.colcon_core.package_identification:_identify(src/pmb2_navigation/pmb2_navigation) by extension 'colcon_pkg'
[0.644s] Level 1:colcon.colcon_core.package_identification:_identify(src/pmb2_navigation/pmb2_navigation) by extensions ['colcon_meta']
[0.644s] Level 1:colcon.colcon_core.package_identification:_identify(src/pmb2_navigation/pmb2_navigation) by extension 'colcon_meta'
[0.644s] Level 1:colcon.colcon_core.package_identification:_identify(src/pmb2_navigation/pmb2_navigation) by extensions ['ros']
[0.644s] Level 1:colcon.colcon_core.package_identification:_identify(src/pmb2_navigation/pmb2_navigation) by extension 'ros'
[0.645s] DEBUG:colcon.colcon_core.package_identification:Package 'src/pmb2_navigation/pmb2_navigation' with type 'ros.ament_cmake' and name 'pmb2_navigation'
[0.645s] Level 1:colcon.colcon_core.package_identification:_identify(src/pmb2_navigation/pmb2_rgbd_sensors) by extensions ['ignore', 'ignore_ament_install']
[0.645s] Level 1:colcon.colcon_core.package_identification:_identify(src/pmb2_navigation/pmb2_rgbd_sensors) by extension 'ignore'
[0.645s] Level 1:colcon.colcon_core.package_identification:_identify(src/pmb2_navigation/pmb2_rgbd_sensors) by extension 'ignore_ament_install'
[0.645s] Level 1:colcon.colcon_core.package_identification:_identify(src/pmb2_navigation/pmb2_rgbd_sensors) by extensions ['colcon_pkg']
[0.646s] Level 1:colcon.colcon_core.package_identification:_identify(src/pmb2_navigation/pmb2_rgbd_sensors) by extension 'colcon_pkg'
[0.646s] Level 1:colcon.colcon_core.package_identification:_identify(src/pmb2_navigation/pmb2_rgbd_sensors) by extensions ['colcon_meta']
[0.646s] Level 1:colcon.colcon_core.package_identification:_identify(src/pmb2_navigation/pmb2_rgbd_sensors) by extension 'colcon_meta'
[0.646s] Level 1:colcon.colcon_core.package_identification:_identify(src/pmb2_navigation/pmb2_rgbd_sensors) by extensions ['ros']
[0.646s] Level 1:colcon.colcon_core.package_identification:_identify(src/pmb2_navigation/pmb2_rgbd_sensors) by extension 'ros'
[0.648s] DEBUG:colcon.colcon_core.package_identification:Package 'src/pmb2_navigation/pmb2_rgbd_sensors' with type 'ros.ament_cmake' and name 'pmb2_rgbd_sensors'
[0.648s] Level 1:colcon.colcon_core.package_identification:_identify(src/pmb2_robot) by extensions ['ignore', 'ignore_ament_install']
[0.648s] Level 1:colcon.colcon_core.package_identification:_identify(src/pmb2_robot) by extension 'ignore'
[0.648s] Level 1:colcon.colcon_core.package_identification:_identify(src/pmb2_robot) by extension 'ignore_ament_install'
[0.648s] Level 1:colcon.colcon_core.package_identification:_identify(src/pmb2_robot) by extensions ['colcon_pkg']
[0.648s] Level 1:colcon.colcon_core.package_identification:_identify(src/pmb2_robot) by extension 'colcon_pkg'
[0.649s] Level 1:colcon.colcon_core.package_identification:_identify(src/pmb2_robot) by extensions ['colcon_meta']
[0.649s] Level 1:colcon.colcon_core.package_identification:_identify(src/pmb2_robot) by extension 'colcon_meta'
[0.649s] Level 1:colcon.colcon_core.package_identification:_identify(src/pmb2_robot) by extensions ['ros']
[0.649s] Level 1:colcon.colcon_core.package_identification:_identify(src/pmb2_robot) by extension 'ros'
[0.649s] Level 1:colcon.colcon_core.package_identification:_identify(src/pmb2_robot) by extensions ['cmake', 'python']
[0.649s] Level 1:colcon.colcon_core.package_identification:_identify(src/pmb2_robot) by extension 'cmake'
[0.649s] Level 1:colcon.colcon_core.package_identification:_identify(src/pmb2_robot) by extension 'python'
[0.649s] Level 1:colcon.colcon_core.package_identification:_identify(src/pmb2_robot) by extensions ['python_setup_py']
[0.649s] Level 1:colcon.colcon_core.package_identification:_identify(src/pmb2_robot) by extension 'python_setup_py'
[0.650s] Level 1:colcon.colcon_core.package_identification:_identify(src/pmb2_robot/pmb2_bringup) by extensions ['ignore', 'ignore_ament_install']
[0.650s] Level 1:colcon.colcon_core.package_identification:_identify(src/pmb2_robot/pmb2_bringup) by extension 'ignore'
[0.650s] Level 1:colcon.colcon_core.package_identification:_identify(src/pmb2_robot/pmb2_bringup) by extension 'ignore_ament_install'
[0.650s] Level 1:colcon.colcon_core.package_identification:_identify(src/pmb2_robot/pmb2_bringup) by extensions ['colcon_pkg']
[0.650s] Level 1:colcon.colcon_core.package_identification:_identify(src/pmb2_robot/pmb2_bringup) by extension 'colcon_pkg'
[0.650s] Level 1:colcon.colcon_core.package_identification:_identify(src/pmb2_robot/pmb2_bringup) by extensions ['colcon_meta']
[0.650s] Level 1:colcon.colcon_core.package_identification:_identify(src/pmb2_robot/pmb2_bringup) by extension 'colcon_meta'
[0.650s] Level 1:colcon.colcon_core.package_identification:_identify(src/pmb2_robot/pmb2_bringup) by extensions ['ros']
[0.650s] Level 1:colcon.colcon_core.package_identification:_identify(src/pmb2_robot/pmb2_bringup) by extension 'ros'
[0.651s] DEBUG:colcon.colcon_core.package_identification:Package 'src/pmb2_robot/pmb2_bringup' with type 'ros.ament_cmake' and name 'pmb2_bringup'
[0.652s] Level 1:colcon.colcon_core.package_identification:_identify(src/pmb2_robot/pmb2_controller_configuration) by extensions ['ignore', 'ignore_ament_install']
[0.652s] Level 1:colcon.colcon_core.package_identification:_identify(src/pmb2_robot/pmb2_controller_configuration) by extension 'ignore'
[0.652s] Level 1:colcon.colcon_core.package_identification:_identify(src/pmb2_robot/pmb2_controller_configuration) by extension 'ignore_ament_install'
[0.652s] Level 1:colcon.colcon_core.package_identification:_identify(src/pmb2_robot/pmb2_controller_configuration) by extensions ['colcon_pkg']
[0.652s] Level 1:colcon.colcon_core.package_identification:_identify(src/pmb2_robot/pmb2_controller_configuration) by extension 'colcon_pkg'
[0.652s] Level 1:colcon.colcon_core.package_identification:_identify(src/pmb2_robot/pmb2_controller_configuration) by extensions ['colcon_meta']
[0.652s] Level 1:colcon.colcon_core.package_identification:_identify(src/pmb2_robot/pmb2_controller_configuration) by extension 'colcon_meta'
[0.652s] Level 1:colcon.colcon_core.package_identification:_identify(src/pmb2_robot/pmb2_controller_configuration) by extensions ['ros']
[0.652s] Level 1:colcon.colcon_core.package_identification:_identify(src/pmb2_robot/pmb2_controller_configuration) by extension 'ros'
[0.653s] DEBUG:colcon.colcon_core.package_identification:Package 'src/pmb2_robot/pmb2_controller_configuration' with type 'ros.ament_cmake' and name 'pmb2_controller_configuration'
[0.654s] Level 1:colcon.colcon_core.package_identification:_identify(src/pmb2_robot/pmb2_description) by extensions ['ignore', 'ignore_ament_install']
[0.654s] Level 1:colcon.colcon_core.package_identification:_identify(src/pmb2_robot/pmb2_description) by extension 'ignore'
[0.654s] Level 1:colcon.colcon_core.package_identification:_identify(src/pmb2_robot/pmb2_description) by extension 'ignore_ament_install'
[0.654s] Level 1:colcon.colcon_core.package_identification:_identify(src/pmb2_robot/pmb2_description) by extensions ['colcon_pkg']
[0.654s] Level 1:colcon.colcon_core.package_identification:_identify(src/pmb2_robot/pmb2_description) by extension 'colcon_pkg'
[0.654s] Level 1:colcon.colcon_core.package_identification:_identify(src/pmb2_robot/pmb2_description) by extensions ['colcon_meta']
[0.654s] Level 1:colcon.colcon_core.package_identification:_identify(src/pmb2_robot/pmb2_description) by extension 'colcon_meta'
[0.654s] Level 1:colcon.colcon_core.package_identification:_identify(src/pmb2_robot/pmb2_description) by extensions ['ros']
[0.654s] Level 1:colcon.colcon_core.package_identification:_identify(src/pmb2_robot/pmb2_description) by extension 'ros'
[0.655s] DEBUG:colcon.colcon_core.package_identification:Package 'src/pmb2_robot/pmb2_description' with type 'ros.ament_cmake' and name 'pmb2_description'
[0.656s] Level 1:colcon.colcon_core.package_identification:_identify(src/pmb2_robot/pmb2_robot) by extensions ['ignore', 'ignore_ament_install']
[0.656s] Level 1:colcon.colcon_core.package_identification:_identify(src/pmb2_robot/pmb2_robot) by extension 'ignore'
[0.656s] Level 1:colcon.colcon_core.package_identification:_identify(src/pmb2_robot/pmb2_robot) by extension 'ignore_ament_install'
[0.656s] Level 1:colcon.colcon_core.package_identification:_identify(src/pmb2_robot/pmb2_robot) by extensions ['colcon_pkg']
[0.656s] Level 1:colcon.colcon_core.package_identification:_identify(src/pmb2_robot/pmb2_robot) by extension 'colcon_pkg'
[0.656s] Level 1:colcon.colcon_core.package_identification:_identify(src/pmb2_robot/pmb2_robot) by extensions ['colcon_meta']
[0.656s] Level 1:colcon.colcon_core.package_identification:_identify(src/pmb2_robot/pmb2_robot) by extension 'colcon_meta'
[0.656s] Level 1:colcon.colcon_core.package_identification:_identify(src/pmb2_robot/pmb2_robot) by extensions ['ros']
[0.656s] Level 1:colcon.colcon_core.package_identification:_identify(src/pmb2_robot/pmb2_robot) by extension 'ros'
[0.657s] DEBUG:colcon.colcon_core.package_identification:Package 'src/pmb2_robot/pmb2_robot' with type 'ros.ament_cmake' and name 'pmb2_robot'
[0.657s] Level 1:colcon.colcon_core.package_identification:_identify(src/tiago_moveit_config) by extensions ['ignore', 'ignore_ament_install']
[0.658s] Level 1:colcon.colcon_core.package_identification:_identify(src/tiago_moveit_config) by extension 'ignore'
[0.658s] Level 1:colcon.colcon_core.package_identification:_identify(src/tiago_moveit_config) by extension 'ignore_ament_install'
[0.658s] Level 1:colcon.colcon_core.package_identification:_identify(src/tiago_moveit_config) by extensions ['colcon_pkg']
[0.658s] Level 1:colcon.colcon_core.package_identification:_identify(src/tiago_moveit_config) by extension 'colcon_pkg'
[0.658s] Level 1:colcon.colcon_core.package_identification:_identify(src/tiago_moveit_config) by extensions ['colcon_meta']
[0.658s] Level 1:colcon.colcon_core.package_identification:_identify(src/tiago_moveit_config) by extension 'colcon_meta'
[0.658s] Level 1:colcon.colcon_core.package_identification:_identify(src/tiago_moveit_config) by extensions ['ros']
[0.658s] Level 1:colcon.colcon_core.package_identification:_identify(src/tiago_moveit_config) by extension 'ros'
[0.659s] DEBUG:colcon.colcon_core.package_identification:Package 'src/tiago_moveit_config' with type 'ros.ament_cmake' and name 'tiago_moveit_config'
[0.659s] Level 1:colcon.colcon_core.package_identification:_identify(src/tiago_navigation) by extensions ['ignore', 'ignore_ament_install']
[0.659s] Level 1:colcon.colcon_core.package_identification:_identify(src/tiago_navigation) by extension 'ignore'
[0.659s] Level 1:colcon.colcon_core.package_identification:_identify(src/tiago_navigation) by extension 'ignore_ament_install'
[0.659s] Level 1:colcon.colcon_core.package_identification:_identify(src/tiago_navigation) by extensions ['colcon_pkg']
[0.659s] Level 1:colcon.colcon_core.package_identification:_identify(src/tiago_navigation) by extension 'colcon_pkg'
[0.659s] Level 1:colcon.colcon_core.package_identification:_identify(src/tiago_navigation) by extensions ['colcon_meta']
[0.659s] Level 1:colcon.colcon_core.package_identification:_identify(src/tiago_navigation) by extension 'colcon_meta'
[0.659s] Level 1:colcon.colcon_core.package_identification:_identify(src/tiago_navigation) by extensions ['ros']
[0.659s] Level 1:colcon.colcon_core.package_identification:_identify(src/tiago_navigation) by extension 'ros'
[0.659s] Level 1:colcon.colcon_core.package_identification:_identify(src/tiago_navigation) by extensions ['cmake', 'python']
[0.659s] Level 1:colcon.colcon_core.package_identification:_identify(src/tiago_navigation) by extension 'cmake'
[0.659s] Level 1:colcon.colcon_core.package_identification:_identify(src/tiago_navigation) by extension 'python'
[0.659s] Level 1:colcon.colcon_core.package_identification:_identify(src/tiago_navigation) by extensions ['python_setup_py']
[0.660s] Level 1:colcon.colcon_core.package_identification:_identify(src/tiago_navigation) by extension 'python_setup_py'
[0.660s] Level 1:colcon.colcon_core.package_identification:_identify(src/tiago_navigation/tiago_2dnav) by extensions ['ignore', 'ignore_ament_install']
[0.660s] Level 1:colcon.colcon_core.package_identification:_identify(src/tiago_navigation/tiago_2dnav) by extension 'ignore'
[0.660s] Level 1:colcon.colcon_core.package_identification:_identify(src/tiago_navigation/tiago_2dnav) by extension 'ignore_ament_install'
[0.660s] Level 1:colcon.colcon_core.package_identification:_identify(src/tiago_navigation/tiago_2dnav) by extensions ['colcon_pkg']
[0.660s] Level 1:colcon.colcon_core.package_identification:_identify(src/tiago_navigation/tiago_2dnav) by extension 'colcon_pkg'
[0.660s] Level 1:colcon.colcon_core.package_identification:_identify(src/tiago_navigation/tiago_2dnav) by extensions ['colcon_meta']
[0.660s] Level 1:colcon.colcon_core.package_identification:_identify(src/tiago_navigation/tiago_2dnav) by extension 'colcon_meta'
[0.660s] Level 1:colcon.colcon_core.package_identification:_identify(src/tiago_navigation/tiago_2dnav) by extensions ['ros']
[0.660s] Level 1:colcon.colcon_core.package_identification:_identify(src/tiago_navigation/tiago_2dnav) by extension 'ros'
[0.661s] DEBUG:colcon.colcon_core.package_identification:Package 'src/tiago_navigation/tiago_2dnav' with type 'ros.ament_cmake' and name 'tiago_2dnav'
[0.661s] Level 1:colcon.colcon_core.package_identification:_identify(src/tiago_navigation/tiago_laser_sensors) by extensions ['ignore', 'ignore_ament_install']
[0.662s] Level 1:colcon.colcon_core.package_identification:_identify(src/tiago_navigation/tiago_laser_sensors) by extension 'ignore'
[0.662s] Level 1:colcon.colcon_core.package_identification:_identify(src/tiago_navigation/tiago_laser_sensors) by extension 'ignore_ament_install'
[0.662s] Level 1:colcon.colcon_core.package_identification:_identify(src/tiago_navigation/tiago_laser_sensors) by extensions ['colcon_pkg']
[0.662s] Level 1:colcon.colcon_core.package_identification:_identify(src/tiago_navigation/tiago_laser_sensors) by extension 'colcon_pkg'
[0.662s] Level 1:colcon.colcon_core.package_identification:_identify(src/tiago_navigation/tiago_laser_sensors) by extensions ['colcon_meta']
[0.662s] Level 1:colcon.colcon_core.package_identification:_identify(src/tiago_navigation/tiago_laser_sensors) by extension 'colcon_meta'
[0.662s] Level 1:colcon.colcon_core.package_identification:_identify(src/tiago_navigation/tiago_laser_sensors) by extensions ['ros']
[0.662s] Level 1:colcon.colcon_core.package_identification:_identify(src/tiago_navigation/tiago_laser_sensors) by extension 'ros'
[0.663s] DEBUG:colcon.colcon_core.package_identification:Package 'src/tiago_navigation/tiago_laser_sensors' with type 'ros.ament_cmake' and name 'tiago_laser_sensors'
[0.663s] Level 1:colcon.colcon_core.package_identification:_identify(src/tiago_navigation/tiago_navigation) by extensions ['ignore', 'ignore_ament_install']
[0.663s] Level 1:colcon.colcon_core.package_identification:_identify(src/tiago_navigation/tiago_navigation) by extension 'ignore'
[0.664s] Level 1:colcon.colcon_core.package_identification:_identify(src/tiago_navigation/tiago_navigation) by extension 'ignore_ament_install'
[0.664s] Level 1:colcon.colcon_core.package_identification:_identify(src/tiago_navigation/tiago_navigation) by extensions ['colcon_pkg']
[0.664s] Level 1:colcon.colcon_core.package_identification:_identify(src/tiago_navigation/tiago_navigation) by extension 'colcon_pkg'
[0.664s] Level 1:colcon.colcon_core.package_identification:_identify(src/tiago_navigation/tiago_navigation) by extensions ['colcon_meta']
[0.664s] Level 1:colcon.colcon_core.package_identification:_identify(src/tiago_navigation/tiago_navigation) by extension 'colcon_meta'
[0.664s] Level 1:colcon.colcon_core.package_identification:_identify(src/tiago_navigation/tiago_navigation) by extensions ['ros']
[0.664s] Level 1:colcon.colcon_core.package_identification:_identify(src/tiago_navigation/tiago_navigation) by extension 'ros'
[0.665s] DEBUG:colcon.colcon_core.package_identification:Package 'src/tiago_navigation/tiago_navigation' with type 'ros.ament_cmake' and name 'tiago_navigation'
[0.665s] Level 1:colcon.colcon_core.package_identification:_identify(src/tiago_navigation/tiago_rgbd_sensors) by extensions ['ignore', 'ignore_ament_install']
[0.665s] Level 1:colcon.colcon_core.package_identification:_identify(src/tiago_navigation/tiago_rgbd_sensors) by extension 'ignore'
[0.665s] Level 1:colcon.colcon_core.package_identification:_identify(src/tiago_navigation/tiago_rgbd_sensors) by extension 'ignore_ament_install'
[0.665s] Level 1:colcon.colcon_core.package_identification:_identify(src/tiago_navigation/tiago_rgbd_sensors) by extensions ['colcon_pkg']
[0.665s] Level 1:colcon.colcon_core.package_identification:_identify(src/tiago_navigation/tiago_rgbd_sensors) by extension 'colcon_pkg'
[0.665s] Level 1:colcon.colcon_core.package_identification:_identify(src/tiago_navigation/tiago_rgbd_sensors) by extensions ['colcon_meta']
[0.665s] Level 1:colcon.colcon_core.package_identification:_identify(src/tiago_navigation/tiago_rgbd_sensors) by extension 'colcon_meta'
[0.665s] Level 1:colcon.colcon_core.package_identification:_identify(src/tiago_navigation/tiago_rgbd_sensors) by extensions ['ros']
[0.665s] Level 1:colcon.colcon_core.package_identification:_identify(src/tiago_navigation/tiago_rgbd_sensors) by extension 'ros'
[0.667s] DEBUG:colcon.colcon_core.package_identification:Package 'src/tiago_navigation/tiago_rgbd_sensors' with type 'ros.ament_cmake' and name 'tiago_rgbd_sensors'
[0.667s] Level 1:colcon.colcon_core.package_identification:_identify(src/tiago_robot) by extensions ['ignore', 'ignore_ament_install']
[0.667s] Level 1:colcon.colcon_core.package_identification:_identify(src/tiago_robot) by extension 'ignore'
[0.667s] Level 1:colcon.colcon_core.package_identification:_identify(src/tiago_robot) by extension 'ignore_ament_install'
[0.667s] Level 1:colcon.colcon_core.package_identification:_identify(src/tiago_robot) by extensions ['colcon_pkg']
[0.667s] Level 1:colcon.colcon_core.package_identification:_identify(src/tiago_robot) by extension 'colcon_pkg'
[0.667s] Level 1:colcon.colcon_core.package_identification:_identify(src/tiago_robot) by extensions ['colcon_meta']
[0.667s] Level 1:colcon.colcon_core.package_identification:_identify(src/tiago_robot) by extension 'colcon_meta'
[0.667s] Level 1:colcon.colcon_core.package_identification:_identify(src/tiago_robot) by extensions ['ros']
[0.668s] Level 1:colcon.colcon_core.package_identification:_identify(src/tiago_robot) by extension 'ros'
[0.668s] Level 1:colcon.colcon_core.package_identification:_identify(src/tiago_robot) by extensions ['cmake', 'python']
[0.668s] Level 1:colcon.colcon_core.package_identification:_identify(src/tiago_robot) by extension 'cmake'
[0.668s] Level 1:colcon.colcon_core.package_identification:_identify(src/tiago_robot) by extension 'python'
[0.668s] Level 1:colcon.colcon_core.package_identification:_identify(src/tiago_robot) by extensions ['python_setup_py']
[0.668s] Level 1:colcon.colcon_core.package_identification:_identify(src/tiago_robot) by extension 'python_setup_py'
[0.668s] Level 1:colcon.colcon_core.package_identification:_identify(src/tiago_robot/tiago_bringup) by extensions ['ignore', 'ignore_ament_install']
[0.668s] Level 1:colcon.colcon_core.package_identification:_identify(src/tiago_robot/tiago_bringup) by extension 'ignore'
[0.668s] Level 1:colcon.colcon_core.package_identification:_identify(src/tiago_robot/tiago_bringup) by extension 'ignore_ament_install'
[0.668s] Level 1:colcon.colcon_core.package_identification:_identify(src/tiago_robot/tiago_bringup) by extensions ['colcon_pkg']
[0.668s] Level 1:colcon.colcon_core.package_identification:_identify(src/tiago_robot/tiago_bringup) by extension 'colcon_pkg'
[0.668s] Level 1:colcon.colcon_core.package_identification:_identify(src/tiago_robot/tiago_bringup) by extensions ['colcon_meta']
[0.668s] Level 1:colcon.colcon_core.package_identification:_identify(src/tiago_robot/tiago_bringup) by extension 'colcon_meta'
[0.668s] Level 1:colcon.colcon_core.package_identification:_identify(src/tiago_robot/tiago_bringup) by extensions ['ros']
[0.668s] Level 1:colcon.colcon_core.package_identification:_identify(src/tiago_robot/tiago_bringup) by extension 'ros'
[0.670s] DEBUG:colcon.colcon_core.package_identification:Package 'src/tiago_robot/tiago_bringup' with type 'ros.ament_cmake' and name 'tiago_bringup'
[0.670s] Level 1:colcon.colcon_core.package_identification:_identify(src/tiago_robot/tiago_controller_configuration) by extensions ['ignore', 'ignore_ament_install']
[0.670s] Level 1:colcon.colcon_core.package_identification:_identify(src/tiago_robot/tiago_controller_configuration) by extension 'ignore'
[0.670s] Level 1:colcon.colcon_core.package_identification:_identify(src/tiago_robot/tiago_controller_configuration) by extension 'ignore_ament_install'
[0.670s] Level 1:colcon.colcon_core.package_identification:_identify(src/tiago_robot/tiago_controller_configuration) by extensions ['colcon_pkg']
[0.670s] Level 1:colcon.colcon_core.package_identification:_identify(src/tiago_robot/tiago_controller_configuration) by extension 'colcon_pkg'
[0.670s] Level 1:colcon.colcon_core.package_identification:_identify(src/tiago_robot/tiago_controller_configuration) by extensions ['colcon_meta']
[0.670s] Level 1:colcon.colcon_core.package_identification:_identify(src/tiago_robot/tiago_controller_configuration) by extension 'colcon_meta'
[0.670s] Level 1:colcon.colcon_core.package_identification:_identify(src/tiago_robot/tiago_controller_configuration) by extensions ['ros']
[0.670s] Level 1:colcon.colcon_core.package_identification:_identify(src/tiago_robot/tiago_controller_configuration) by extension 'ros'
[0.672s] DEBUG:colcon.colcon_core.package_identification:Package 'src/tiago_robot/tiago_controller_configuration' with type 'ros.ament_cmake' and name 'tiago_controller_configuration'
[0.672s] Level 1:colcon.colcon_core.package_identification:_identify(src/tiago_robot/tiago_description) by extensions ['ignore', 'ignore_ament_install']
[0.672s] Level 1:colcon.colcon_core.package_identification:_identify(src/tiago_robot/tiago_description) by extension 'ignore'
[0.673s] Level 1:colcon.colcon_core.package_identification:_identify(src/tiago_robot/tiago_description) by extension 'ignore_ament_install'
[0.673s] Level 1:colcon.colcon_core.package_identification:_identify(src/tiago_robot/tiago_description) by extensions ['colcon_pkg']
[0.673s] Level 1:colcon.colcon_core.package_identification:_identify(src/tiago_robot/tiago_description) by extension 'colcon_pkg'
[0.673s] Level 1:colcon.colcon_core.package_identification:_identify(src/tiago_robot/tiago_description) by extensions ['colcon_meta']
[0.673s] Level 1:colcon.colcon_core.package_identification:_identify(src/tiago_robot/tiago_description) by extension 'colcon_meta'
[0.673s] Level 1:colcon.colcon_core.package_identification:_identify(src/tiago_robot/tiago_description) by extensions ['ros']
[0.673s] Level 1:colcon.colcon_core.package_identification:_identify(src/tiago_robot/tiago_description) by extension 'ros'
[0.674s] DEBUG:colcon.colcon_core.package_identification:Package 'src/tiago_robot/tiago_description' with type 'ros.ament_cmake' and name 'tiago_description'
[0.674s] Level 1:colcon.colcon_core.package_identification:_identify(src/tiago_robot/tiago_robot) by extensions ['ignore', 'ignore_ament_install']
[0.674s] Level 1:colcon.colcon_core.package_identification:_identify(src/tiago_robot/tiago_robot) by extension 'ignore'
[0.674s] Level 1:colcon.colcon_core.package_identification:_identify(src/tiago_robot/tiago_robot) by extension 'ignore_ament_install'
[0.675s] Level 1:colcon.colcon_core.package_identification:_identify(src/tiago_robot/tiago_robot) by extensions ['colcon_pkg']
[0.675s] Level 1:colcon.colcon_core.package_identification:_identify(src/tiago_robot/tiago_robot) by extension 'colcon_pkg'
[0.675s] Level 1:colcon.colcon_core.package_identification:_identify(src/tiago_robot/tiago_robot) by extensions ['colcon_meta']
[0.675s] Level 1:colcon.colcon_core.package_identification:_identify(src/tiago_robot/tiago_robot) by extension 'colcon_meta'
[0.675s] Level 1:colcon.colcon_core.package_identification:_identify(src/tiago_robot/tiago_robot) by extensions ['ros']
[0.675s] Level 1:colcon.colcon_core.package_identification:_identify(src/tiago_robot/tiago_robot) by extension 'ros'
[0.675s] DEBUG:colcon.colcon_core.package_identification:Package 'src/tiago_robot/tiago_robot' with type 'ros.ament_cmake' and name 'tiago_robot'
[0.676s] Level 1:colcon.colcon_core.package_identification:_identify(src/tiago_simulation) by extensions ['ignore', 'ignore_ament_install']
[0.676s] Level 1:colcon.colcon_core.package_identification:_identify(src/tiago_simulation) by extension 'ignore'
[0.676s] Level 1:colcon.colcon_core.package_identification:_identify(src/tiago_simulation) by extension 'ignore_ament_install'
[0.676s] Level 1:colcon.colcon_core.package_identification:_identify(src/tiago_simulation) by extensions ['colcon_pkg']
[0.676s] Level 1:colcon.colcon_core.package_identification:_identify(src/tiago_simulation) by extension 'colcon_pkg'
[0.676s] Level 1:colcon.colcon_core.package_identification:_identify(src/tiago_simulation) by extensions ['colcon_meta']
[0.676s] Level 1:colcon.colcon_core.package_identification:_identify(src/tiago_simulation) by extension 'colcon_meta'
[0.676s] Level 1:colcon.colcon_core.package_identification:_identify(src/tiago_simulation) by extensions ['ros']
[0.676s] Level 1:colcon.colcon_core.package_identification:_identify(src/tiago_simulation) by extension 'ros'
[0.676s] Level 1:colcon.colcon_core.package_identification:_identify(src/tiago_simulation) by extensions ['cmake', 'python']
[0.676s] Level 1:colcon.colcon_core.package_identification:_identify(src/tiago_simulation) by extension 'cmake'
[0.676s] Level 1:colcon.colcon_core.package_identification:_identify(src/tiago_simulation) by extension 'python'
[0.676s] Level 1:colcon.colcon_core.package_identification:_identify(src/tiago_simulation) by extensions ['python_setup_py']
[0.676s] Level 1:colcon.colcon_core.package_identification:_identify(src/tiago_simulation) by extension 'python_setup_py'
[0.677s] Level 1:colcon.colcon_core.package_identification:_identify(src/tiago_simulation/doc) by extensions ['ignore', 'ignore_ament_install']
[0.677s] Level 1:colcon.colcon_core.package_identification:_identify(src/tiago_simulation/doc) by extension 'ignore'
[0.677s] Level 1:colcon.colcon_core.package_identification:_identify(src/tiago_simulation/doc) by extension 'ignore_ament_install'
[0.677s] Level 1:colcon.colcon_core.package_identification:_identify(src/tiago_simulation/doc) by extensions ['colcon_pkg']
[0.677s] Level 1:colcon.colcon_core.package_identification:_identify(src/tiago_simulation/doc) by extension 'colcon_pkg'
[0.677s] Level 1:colcon.colcon_core.package_identification:_identify(src/tiago_simulation/doc) by extensions ['colcon_meta']
[0.677s] Level 1:colcon.colcon_core.package_identification:_identify(src/tiago_simulation/doc) by extension 'colcon_meta'
[0.677s] Level 1:colcon.colcon_core.package_identification:_identify(src/tiago_simulation/doc) by extensions ['ros']
[0.677s] Level 1:colcon.colcon_core.package_identification:_identify(src/tiago_simulation/doc) by extension 'ros'
[0.677s] Level 1:colcon.colcon_core.package_identification:_identify(src/tiago_simulation/doc) by extensions ['cmake', 'python']
[0.677s] Level 1:colcon.colcon_core.package_identification:_identify(src/tiago_simulation/doc) by extension 'cmake'
[0.677s] Level 1:colcon.colcon_core.package_identification:_identify(src/tiago_simulation/doc) by extension 'python'
[0.677s] Level 1:colcon.colcon_core.package_identification:_identify(src/tiago_simulation/doc) by extensions ['python_setup_py']
[0.677s] Level 1:colcon.colcon_core.package_identification:_identify(src/tiago_simulation/doc) by extension 'python_setup_py'
[0.678s] Level 1:colcon.colcon_core.package_identification:_identify(src/tiago_simulation/doc/media) by extensions ['ignore', 'ignore_ament_install']
[0.678s] Level 1:colcon.colcon_core.package_identification:_identify(src/tiago_simulation/doc/media) by extension 'ignore'
[0.678s] Level 1:colcon.colcon_core.package_identification:_identify(src/tiago_simulation/doc/media) by extension 'ignore_ament_install'
[0.678s] Level 1:colcon.colcon_core.package_identification:_identify(src/tiago_simulation/doc/media) by extensions ['colcon_pkg']
[0.678s] Level 1:colcon.colcon_core.package_identification:_identify(src/tiago_simulation/doc/media) by extension 'colcon_pkg'
[0.678s] Level 1:colcon.colcon_core.package_identification:_identify(src/tiago_simulation/doc/media) by extensions ['colcon_meta']
[0.678s] Level 1:colcon.colcon_core.package_identification:_identify(src/tiago_simulation/doc/media) by extension 'colcon_meta'
[0.678s] Level 1:colcon.colcon_core.package_identification:_identify(src/tiago_simulation/doc/media) by extensions ['ros']
[0.678s] Level 1:colcon.colcon_core.package_identification:_identify(src/tiago_simulation/doc/media) by extension 'ros'
[0.678s] Level 1:colcon.colcon_core.package_identification:_identify(src/tiago_simulation/doc/media) by extensions ['cmake', 'python']
[0.678s] Level 1:colcon.colcon_core.package_identification:_identify(src/tiago_simulation/doc/media) by extension 'cmake'
[0.678s] Level 1:colcon.colcon_core.package_identification:_identify(src/tiago_simulation/doc/media) by extension 'python'
[0.678s] Level 1:colcon.colcon_core.package_identification:_identify(src/tiago_simulation/doc/media) by extensions ['python_setup_py']
[0.678s] Level 1:colcon.colcon_core.package_identification:_identify(src/tiago_simulation/doc/media) by extension 'python_setup_py'
[0.679s] Level 1:colcon.colcon_core.package_identification:_identify(src/tiago_simulation/tiago_gazebo) by extensions ['ignore', 'ignore_ament_install']
[0.679s] Level 1:colcon.colcon_core.package_identification:_identify(src/tiago_simulation/tiago_gazebo) by extension 'ignore'
[0.679s] Level 1:colcon.colcon_core.package_identification:_identify(src/tiago_simulation/tiago_gazebo) by extension 'ignore_ament_install'
[0.679s] Level 1:colcon.colcon_core.package_identification:_identify(src/tiago_simulation/tiago_gazebo) by extensions ['colcon_pkg']
[0.679s] Level 1:colcon.colcon_core.package_identification:_identify(src/tiago_simulation/tiago_gazebo) by extension 'colcon_pkg'
[0.679s] Level 1:colcon.colcon_core.package_identification:_identify(src/tiago_simulation/tiago_gazebo) by extensions ['colcon_meta']
[0.679s] Level 1:colcon.colcon_core.package_identification:_identify(src/tiago_simulation/tiago_gazebo) by extension 'colcon_meta'
[0.679s] Level 1:colcon.colcon_core.package_identification:_identify(src/tiago_simulation/tiago_gazebo) by extensions ['ros']
[0.679s] Level 1:colcon.colcon_core.package_identification:_identify(src/tiago_simulation/tiago_gazebo) by extension 'ros'
[0.680s] DEBUG:colcon.colcon_core.package_identification:Package 'src/tiago_simulation/tiago_gazebo' with type 'ros.ament_cmake' and name 'tiago_gazebo'
[0.681s] Level 1:colcon.colcon_core.package_identification:_identify(src/tiago_simulation/tiago_multi) by extensions ['ignore', 'ignore_ament_install']
[0.681s] Level 1:colcon.colcon_core.package_identification:_identify(src/tiago_simulation/tiago_multi) by extension 'ignore'
[0.681s] Level 1:colcon.colcon_core.package_identification:_identify(src/tiago_simulation/tiago_multi) ignored
[0.681s] Level 1:colcon.colcon_core.package_identification:_identify(src/tiago_simulation/tiago_simulation) by extensions ['ignore', 'ignore_ament_install']
[0.681s] Level 1:colcon.colcon_core.package_identification:_identify(src/tiago_simulation/tiago_simulation) by extension 'ignore'
[0.681s] Level 1:colcon.colcon_core.package_identification:_identify(src/tiago_simulation/tiago_simulation) by extension 'ignore_ament_install'
[0.681s] Level 1:colcon.colcon_core.package_identification:_identify(src/tiago_simulation/tiago_simulation) by extensions ['colcon_pkg']
[0.681s] Level 1:colcon.colcon_core.package_identification:_identify(src/tiago_simulation/tiago_simulation) by extension 'colcon_pkg'
[0.681s] Level 1:colcon.colcon_core.package_identification:_identify(src/tiago_simulation/tiago_simulation) by extensions ['colcon_meta']
[0.681s] Level 1:colcon.colcon_core.package_identification:_identify(src/tiago_simulation/tiago_simulation) by extension 'colcon_meta'
[0.682s] Level 1:colcon.colcon_core.package_identification:_identify(src/tiago_simulation/tiago_simulation) by extensions ['ros']
[0.682s] Level 1:colcon.colcon_core.package_identification:_identify(src/tiago_simulation/tiago_simulation) by extension 'ros'
[0.682s] DEBUG:colcon.colcon_core.package_identification:Package 'src/tiago_simulation/tiago_simulation' with type 'ros.ament_cmake' and name 'tiago_simulation'
[0.683s] Level 1:colcon.colcon_core.package_identification:_identify(src/urdf_test) by extensions ['ignore', 'ignore_ament_install']
[0.683s] Level 1:colcon.colcon_core.package_identification:_identify(src/urdf_test) by extension 'ignore'
[0.683s] Level 1:colcon.colcon_core.package_identification:_identify(src/urdf_test) by extension 'ignore_ament_install'
[0.683s] Level 1:colcon.colcon_core.package_identification:_identify(src/urdf_test) by extensions ['colcon_pkg']
[0.683s] Level 1:colcon.colcon_core.package_identification:_identify(src/urdf_test) by extension 'colcon_pkg'
[0.683s] Level 1:colcon.colcon_core.package_identification:_identify(src/urdf_test) by extensions ['colcon_meta']
[0.683s] Level 1:colcon.colcon_core.package_identification:_identify(src/urdf_test) by extension 'colcon_meta'
[0.683s] Level 1:colcon.colcon_core.package_identification:_identify(src/urdf_test) by extensions ['ros']
[0.683s] Level 1:colcon.colcon_core.package_identification:_identify(src/urdf_test) by extension 'ros'
[0.684s] DEBUG:colcon.colcon_core.package_identification:Package 'src/urdf_test' with type 'ros.ament_cmake' and name 'urdf_test'
[0.684s] Level 1:colcon.colcon_core.package_discovery:discover_packages(recursive) using defaults
[0.684s] Level 1:colcon.colcon_core.package_discovery:discover_packages(ignore) discover
[0.684s] Level 1:colcon.colcon_core.package_discovery:discover_packages(ignore) using defaults
[0.684s] Level 1:colcon.colcon_core.package_discovery:discover_packages(path) discover
[0.684s] Level 1:colcon.colcon_core.package_discovery:discover_packages(path) using defaults
[0.728s] Level 1:colcon.colcon_core.package_discovery:discover_packages(prefix_path) check parameters
[0.728s] Level 1:colcon.colcon_core.package_discovery:discover_packages(prefix_path) discover
[0.733s] DEBUG:colcon.colcon_installed_package_information.package_discovery:Found 407 installed packages in /opt/ros/humble
[0.734s] Level 1:colcon.colcon_core.package_discovery:discover_packages(prefix_path) using defaults
[0.777s] WARNING:colcon.colcon_core.package_selection:Some selected packages are already built in one or more underlay workspaces:
	'launch_pal' is in: /opt/ros/humble
	'pal_urdf_utils' is in: /opt/ros/humble
If a package in a merged underlay workspace is overridden and it installs headers, then all packages in the overlay must sort their include directories by workspace order. Failure to do so may result in build failures or undefined behavior at run time.
If the overridden package is used by another package in any underlay, then the overriding package in the overlay must be API and ABI compatible or undefined behavior at run time may occur.

If you understand the risks and want to override a package anyways, add the following to the command line:
	--allow-overriding launch_pal pal_urdf_utils

This may be promoted to an error in a future release of colcon-override-check.
[0.778s] Level 5:colcon.colcon_core.verb:set package 'launch_pal' build argument 'cmake_args' from command line to 'None'
[0.778s] Level 5:colcon.colcon_core.verb:set package 'launch_pal' build argument 'cmake_target' from command line to 'None'
[0.778s] Level 5:colcon.colcon_core.verb:set package 'launch_pal' build argument 'cmake_target_skip_unavailable' from command line to 'False'
[0.778s] Level 5:colcon.colcon_core.verb:set package 'launch_pal' build argument 'cmake_clean_cache' from command line to 'False'
[0.778s] Level 5:colcon.colcon_core.verb:set package 'launch_pal' build argument 'cmake_clean_first' from command line to 'False'
[0.778s] Level 5:colcon.colcon_core.verb:set package 'launch_pal' build argument 'cmake_force_configure' from command line to 'False'
[0.778s] Level 5:colcon.colcon_core.verb:set package 'launch_pal' build argument 'ament_cmake_args' from command line to 'None'
[0.778s] Level 5:colcon.colcon_core.verb:set package 'launch_pal' build argument 'catkin_cmake_args' from command line to 'None'
[0.778s] Level 5:colcon.colcon_core.verb:set package 'launch_pal' build argument 'catkin_skip_building_tests' from command line to 'False'
[0.778s] DEBUG:colcon.colcon_core.verb:Building package 'launch_pal' with the following arguments: {'ament_cmake_args': None, 'build_base': '/home/alberto/tiago_public_ws/build/launch_pal', 'catkin_cmake_args': None, 'catkin_skip_building_tests': False, 'cmake_args': None, 'cmake_clean_cache': False, 'cmake_clean_first': False, 'cmake_force_configure': False, 'cmake_target': None, 'cmake_target_skip_unavailable': False, 'install_base': '/home/alberto/tiago_public_ws/install/launch_pal', 'merge_install': False, 'path': '/home/alberto/tiago_public_ws/src/launch_pal', 'symlink_install': True, 'test_result_base': None}
[0.779s] Level 5:colcon.colcon_core.verb:set package 'pal_gazebo_worlds' build argument 'cmake_args' from command line to 'None'
[0.779s] Level 5:colcon.colcon_core.verb:set package 'pal_gazebo_worlds' build argument 'cmake_target' from command line to 'None'
[0.779s] Level 5:colcon.colcon_core.verb:set package 'pal_gazebo_worlds' build argument 'cmake_target_skip_unavailable' from command line to 'False'
[0.779s] Level 5:colcon.colcon_core.verb:set package 'pal_gazebo_worlds' build argument 'cmake_clean_cache' from command line to 'False'
[0.779s] Level 5:colcon.colcon_core.verb:set package 'pal_gazebo_worlds' build argument 'cmake_clean_first' from command line to 'False'
[0.779s] Level 5:colcon.colcon_core.verb:set package 'pal_gazebo_worlds' build argument 'cmake_force_configure' from command line to 'False'
[0.779s] Level 5:colcon.colcon_core.verb:set package 'pal_gazebo_worlds' build argument 'ament_cmake_args' from command line to 'None'
[0.779s] Level 5:colcon.colcon_core.verb:set package 'pal_gazebo_worlds' build argument 'catkin_cmake_args' from command line to 'None'
[0.779s] Level 5:colcon.colcon_core.verb:set package 'pal_gazebo_worlds' build argument 'catkin_skip_building_tests' from command line to 'False'
[0.779s] DEBUG:colcon.colcon_core.verb:Building package 'pal_gazebo_worlds' with the following arguments: {'ament_cmake_args': None, 'build_base': '/home/alberto/tiago_public_ws/build/pal_gazebo_worlds', 'catkin_cmake_args': None, 'catkin_skip_building_tests': False, 'cmake_args': None, 'cmake_clean_cache': False, 'cmake_clean_first': False, 'cmake_force_configure': False, 'cmake_target': None, 'cmake_target_skip_unavailable': False, 'install_base': '/home/alberto/tiago_public_ws/install/pal_gazebo_worlds', 'merge_install': False, 'path': '/home/alberto/tiago_public_ws/src/pal_gazebo_worlds', 'symlink_install': True, 'test_result_base': None}
[0.779s] Level 5:colcon.colcon_core.verb:set package 'pal_gripper_controller_configuration' build argument 'cmake_args' from command line to 'None'
[0.779s] Level 5:colcon.colcon_core.verb:set package 'pal_gripper_controller_configuration' build argument 'cmake_target' from command line to 'None'
[0.779s] Level 5:colcon.colcon_core.verb:set package 'pal_gripper_controller_configuration' build argument 'cmake_target_skip_unavailable' from command line to 'False'
[0.779s] Level 5:colcon.colcon_core.verb:set package 'pal_gripper_controller_configuration' build argument 'cmake_clean_cache' from command line to 'False'
[0.779s] Level 5:colcon.colcon_core.verb:set package 'pal_gripper_controller_configuration' build argument 'cmake_clean_first' from command line to 'False'
[0.779s] Level 5:colcon.colcon_core.verb:set package 'pal_gripper_controller_configuration' build argument 'cmake_force_configure' from command line to 'False'
[0.779s] Level 5:colcon.colcon_core.verb:set package 'pal_gripper_controller_configuration' build argument 'ament_cmake_args' from command line to 'None'
[0.779s] Level 5:colcon.colcon_core.verb:set package 'pal_gripper_controller_configuration' build argument 'catkin_cmake_args' from command line to 'None'
[0.779s] Level 5:colcon.colcon_core.verb:set package 'pal_gripper_controller_configuration' build argument 'catkin_skip_building_tests' from command line to 'False'
[0.779s] DEBUG:colcon.colcon_core.verb:Building package 'pal_gripper_controller_configuration' with the following arguments: {'ament_cmake_args': None, 'build_base': '/home/alberto/tiago_public_ws/build/pal_gripper_controller_configuration', 'catkin_cmake_args': None, 'catkin_skip_building_tests': False, 'cmake_args': None, 'cmake_clean_cache': False, 'cmake_clean_first': False, 'cmake_force_configure': False, 'cmake_target': None, 'cmake_target_skip_unavailable': False, 'install_base': '/home/alberto/tiago_public_ws/install/pal_gripper_controller_configuration', 'merge_install': False, 'path': '/home/alberto/tiago_public_ws/src/pal_gripper/pal_gripper_controller_configuration', 'symlink_install': True, 'test_result_base': None}
[0.780s] Level 5:colcon.colcon_core.verb:set package 'pal_hey5_controller_configuration' build argument 'cmake_args' from command line to 'None'
[0.780s] Level 5:colcon.colcon_core.verb:set package 'pal_hey5_controller_configuration' build argument 'cmake_target' from command line to 'None'
[0.780s] Level 5:colcon.colcon_core.verb:set package 'pal_hey5_controller_configuration' build argument 'cmake_target_skip_unavailable' from command line to 'False'
[0.780s] Level 5:colcon.colcon_core.verb:set package 'pal_hey5_controller_configuration' build argument 'cmake_clean_cache' from command line to 'False'
[0.780s] Level 5:colcon.colcon_core.verb:set package 'pal_hey5_controller_configuration' build argument 'cmake_clean_first' from command line to 'False'
[0.780s] Level 5:colcon.colcon_core.verb:set package 'pal_hey5_controller_configuration' build argument 'cmake_force_configure' from command line to 'False'
[0.780s] Level 5:colcon.colcon_core.verb:set package 'pal_hey5_controller_configuration' build argument 'ament_cmake_args' from command line to 'None'
[0.780s] Level 5:colcon.colcon_core.verb:set package 'pal_hey5_controller_configuration' build argument 'catkin_cmake_args' from command line to 'None'
[0.780s] Level 5:colcon.colcon_core.verb:set package 'pal_hey5_controller_configuration' build argument 'catkin_skip_building_tests' from command line to 'False'
[0.780s] DEBUG:colcon.colcon_core.verb:Building package 'pal_hey5_controller_configuration' with the following arguments: {'ament_cmake_args': None, 'build_base': '/home/alberto/tiago_public_ws/build/pal_hey5_controller_configuration', 'catkin_cmake_args': None, 'catkin_skip_building_tests': False, 'cmake_args': None, 'cmake_clean_cache': False, 'cmake_clean_first': False, 'cmake_force_configure': False, 'cmake_target': None, 'cmake_target_skip_unavailable': False, 'install_base': '/home/alberto/tiago_public_ws/install/pal_hey5_controller_configuration', 'merge_install': False, 'path': '/home/alberto/tiago_public_ws/src/pal_hey5/pal_hey5_controller_configuration', 'symlink_install': True, 'test_result_base': None}
[0.780s] Level 5:colcon.colcon_core.verb:set package 'pal_navigation_cfg_params' build argument 'cmake_args' from command line to 'None'
[0.780s] Level 5:colcon.colcon_core.verb:set package 'pal_navigation_cfg_params' build argument 'cmake_target' from command line to 'None'
[0.780s] Level 5:colcon.colcon_core.verb:set package 'pal_navigation_cfg_params' build argument 'cmake_target_skip_unavailable' from command line to 'False'
[0.780s] Level 5:colcon.colcon_core.verb:set package 'pal_navigation_cfg_params' build argument 'cmake_clean_cache' from command line to 'False'
[0.780s] Level 5:colcon.colcon_core.verb:set package 'pal_navigation_cfg_params' build argument 'cmake_clean_first' from command line to 'False'
[0.780s] Level 5:colcon.colcon_core.verb:set package 'pal_navigation_cfg_params' build argument 'cmake_force_configure' from command line to 'False'
[0.780s] Level 5:colcon.colcon_core.verb:set package 'pal_navigation_cfg_params' build argument 'ament_cmake_args' from command line to 'None'
[0.780s] Level 5:colcon.colcon_core.verb:set package 'pal_navigation_cfg_params' build argument 'catkin_cmake_args' from command line to 'None'
[0.780s] Level 5:colcon.colcon_core.verb:set package 'pal_navigation_cfg_params' build argument 'catkin_skip_building_tests' from command line to 'False'
[0.780s] DEBUG:colcon.colcon_core.verb:Building package 'pal_navigation_cfg_params' with the following arguments: {'ament_cmake_args': None, 'build_base': '/home/alberto/tiago_public_ws/build/pal_navigation_cfg_params', 'catkin_cmake_args': None, 'catkin_skip_building_tests': False, 'cmake_args': None, 'cmake_clean_cache': False, 'cmake_clean_first': False, 'cmake_force_configure': False, 'cmake_target': None, 'cmake_target_skip_unavailable': False, 'install_base': '/home/alberto/tiago_public_ws/install/pal_navigation_cfg_params', 'merge_install': False, 'path': '/home/alberto/tiago_public_ws/src/pal_navigation_cfg_public/pal_navigation_cfg_params', 'symlink_install': True, 'test_result_base': None}
[0.780s] Level 5:colcon.colcon_core.verb:set package 'pal_robotiq_controller_configuration' build argument 'cmake_args' from command line to 'None'
[0.780s] Level 5:colcon.colcon_core.verb:set package 'pal_robotiq_controller_configuration' build argument 'cmake_target' from command line to 'None'
[0.780s] Level 5:colcon.colcon_core.verb:set package 'pal_robotiq_controller_configuration' build argument 'cmake_target_skip_unavailable' from command line to 'False'
[0.780s] Level 5:colcon.colcon_core.verb:set package 'pal_robotiq_controller_configuration' build argument 'cmake_clean_cache' from command line to 'False'
[0.780s] Level 5:colcon.colcon_core.verb:set package 'pal_robotiq_controller_configuration' build argument 'cmake_clean_first' from command line to 'False'
[0.781s] Level 5:colcon.colcon_core.verb:set package 'pal_robotiq_controller_configuration' build argument 'cmake_force_configure' from command line to 'False'
[0.781s] Level 5:colcon.colcon_core.verb:set package 'pal_robotiq_controller_configuration' build argument 'ament_cmake_args' from command line to 'None'
[0.781s] Level 5:colcon.colcon_core.verb:set package 'pal_robotiq_controller_configuration' build argument 'catkin_cmake_args' from command line to 'None'
[0.781s] Level 5:colcon.colcon_core.verb:set package 'pal_robotiq_controller_configuration' build argument 'catkin_skip_building_tests' from command line to 'False'
[0.781s] DEBUG:colcon.colcon_core.verb:Building package 'pal_robotiq_controller_configuration' with the following arguments: {'ament_cmake_args': None, 'build_base': '/home/alberto/tiago_public_ws/build/pal_robotiq_controller_configuration', 'catkin_cmake_args': None, 'catkin_skip_building_tests': False, 'cmake_args': None, 'cmake_clean_cache': False, 'cmake_clean_first': False, 'cmake_force_configure': False, 'cmake_target': None, 'cmake_target_skip_unavailable': False, 'install_base': '/home/alberto/tiago_public_ws/install/pal_robotiq_controller_configuration', 'merge_install': False, 'path': '/home/alberto/tiago_public_ws/src/pal_robotiq_gripper/pal_robotiq_controller_configuration', 'symlink_install': True, 'test_result_base': None}
[0.781s] Level 5:colcon.colcon_core.verb:set package 'pal_robotiq_description' build argument 'cmake_args' from command line to 'None'
[0.781s] Level 5:colcon.colcon_core.verb:set package 'pal_robotiq_description' build argument 'cmake_target' from command line to 'None'
[0.781s] Level 5:colcon.colcon_core.verb:set package 'pal_robotiq_description' build argument 'cmake_target_skip_unavailable' from command line to 'False'
[0.781s] Level 5:colcon.colcon_core.verb:set package 'pal_robotiq_description' build argument 'cmake_clean_cache' from command line to 'False'
[0.781s] Level 5:colcon.colcon_core.verb:set package 'pal_robotiq_description' build argument 'cmake_clean_first' from command line to 'False'
[0.781s] Level 5:colcon.colcon_core.verb:set package 'pal_robotiq_description' build argument 'cmake_force_configure' from command line to 'False'
[0.781s] Level 5:colcon.colcon_core.verb:set package 'pal_robotiq_description' build argument 'ament_cmake_args' from command line to 'None'
[0.781s] Level 5:colcon.colcon_core.verb:set package 'pal_robotiq_description' build argument 'catkin_cmake_args' from command line to 'None'
[0.781s] Level 5:colcon.colcon_core.verb:set package 'pal_robotiq_description' build argument 'catkin_skip_building_tests' from command line to 'False'
[0.781s] DEBUG:colcon.colcon_core.verb:Building package 'pal_robotiq_description' with the following arguments: {'ament_cmake_args': None, 'build_base': '/home/alberto/tiago_public_ws/build/pal_robotiq_description', 'catkin_cmake_args': None, 'catkin_skip_building_tests': False, 'cmake_args': None, 'cmake_clean_cache': False, 'cmake_clean_first': False, 'cmake_force_configure': False, 'cmake_target': None, 'cmake_target_skip_unavailable': False, 'install_base': '/home/alberto/tiago_public_ws/install/pal_robotiq_description', 'merge_install': False, 'path': '/home/alberto/tiago_public_ws/src/pal_robotiq_gripper/pal_robotiq_description', 'symlink_install': True, 'test_result_base': None}
[0.781s] Level 5:colcon.colcon_core.verb:set package 'pal_urdf_utils' build argument 'cmake_args' from command line to 'None'
[0.781s] Level 5:colcon.colcon_core.verb:set package 'pal_urdf_utils' build argument 'cmake_target' from command line to 'None'
[0.781s] Level 5:colcon.colcon_core.verb:set package 'pal_urdf_utils' build argument 'cmake_target_skip_unavailable' from command line to 'False'
[0.781s] Level 5:colcon.colcon_core.verb:set package 'pal_urdf_utils' build argument 'cmake_clean_cache' from command line to 'False'
[0.781s] Level 5:colcon.colcon_core.verb:set package 'pal_urdf_utils' build argument 'cmake_clean_first' from command line to 'False'
[0.781s] Level 5:colcon.colcon_core.verb:set package 'pal_urdf_utils' build argument 'cmake_force_configure' from command line to 'False'
[0.781s] Level 5:colcon.colcon_core.verb:set package 'pal_urdf_utils' build argument 'ament_cmake_args' from command line to 'None'
[0.781s] Level 5:colcon.colcon_core.verb:set package 'pal_urdf_utils' build argument 'catkin_cmake_args' from command line to 'None'
[0.781s] Level 5:colcon.colcon_core.verb:set package 'pal_urdf_utils' build argument 'catkin_skip_building_tests' from command line to 'False'
[0.781s] DEBUG:colcon.colcon_core.verb:Building package 'pal_urdf_utils' with the following arguments: {'ament_cmake_args': None, 'build_base': '/home/alberto/tiago_public_ws/build/pal_urdf_utils', 'catkin_cmake_args': None, 'catkin_skip_building_tests': False, 'cmake_args': None, 'cmake_clean_cache': False, 'cmake_clean_first': False, 'cmake_force_configure': False, 'cmake_target': None, 'cmake_target_skip_unavailable': False, 'install_base': '/home/alberto/tiago_public_ws/install/pal_urdf_utils', 'merge_install': False, 'path': '/home/alberto/tiago_public_ws/src/pal_urdf_utils', 'symlink_install': True, 'test_result_base': None}
[0.782s] Level 5:colcon.colcon_core.verb:set package 'play_motion2_msgs' build argument 'cmake_args' from command line to 'None'
[0.782s] Level 5:colcon.colcon_core.verb:set package 'play_motion2_msgs' build argument 'cmake_target' from command line to 'None'
[0.782s] Level 5:colcon.colcon_core.verb:set package 'play_motion2_msgs' build argument 'cmake_target_skip_unavailable' from command line to 'False'
[0.782s] Level 5:colcon.colcon_core.verb:set package 'play_motion2_msgs' build argument 'cmake_clean_cache' from command line to 'False'
[0.782s] Level 5:colcon.colcon_core.verb:set package 'play_motion2_msgs' build argument 'cmake_clean_first' from command line to 'False'
[0.782s] Level 5:colcon.colcon_core.verb:set package 'play_motion2_msgs' build argument 'cmake_force_configure' from command line to 'False'
[0.782s] Level 5:colcon.colcon_core.verb:set package 'play_motion2_msgs' build argument 'ament_cmake_args' from command line to 'None'
[0.782s] Level 5:colcon.colcon_core.verb:set package 'play_motion2_msgs' build argument 'catkin_cmake_args' from command line to 'None'
[0.782s] Level 5:colcon.colcon_core.verb:set package 'play_motion2_msgs' build argument 'catkin_skip_building_tests' from command line to 'False'
[0.782s] DEBUG:colcon.colcon_core.verb:Building package 'play_motion2_msgs' with the following arguments: {'ament_cmake_args': None, 'build_base': '/home/alberto/tiago_public_ws/build/play_motion2_msgs', 'catkin_cmake_args': None, 'catkin_skip_building_tests': False, 'cmake_args': None, 'cmake_clean_cache': False, 'cmake_clean_first': False, 'cmake_force_configure': False, 'cmake_target': None, 'cmake_target_skip_unavailable': False, 'install_base': '/home/alberto/tiago_public_ws/install/play_motion2_msgs', 'merge_install': False, 'path': '/home/alberto/tiago_public_ws/src/play_motion2/play_motion2_msgs', 'symlink_install': True, 'test_result_base': None}
[0.782s] Level 5:colcon.colcon_core.verb:set package 'pmb2_laser_sensors' build argument 'cmake_args' from command line to 'None'
[0.782s] Level 5:colcon.colcon_core.verb:set package 'pmb2_laser_sensors' build argument 'cmake_target' from command line to 'None'
[0.782s] Level 5:colcon.colcon_core.verb:set package 'pmb2_laser_sensors' build argument 'cmake_target_skip_unavailable' from command line to 'False'
[0.782s] Level 5:colcon.colcon_core.verb:set package 'pmb2_laser_sensors' build argument 'cmake_clean_cache' from command line to 'False'
[0.782s] Level 5:colcon.colcon_core.verb:set package 'pmb2_laser_sensors' build argument 'cmake_clean_first' from command line to 'False'
[0.782s] Level 5:colcon.colcon_core.verb:set package 'pmb2_laser_sensors' build argument 'cmake_force_configure' from command line to 'False'
[0.782s] Level 5:colcon.colcon_core.verb:set package 'pmb2_laser_sensors' build argument 'ament_cmake_args' from command line to 'None'
[0.782s] Level 5:colcon.colcon_core.verb:set package 'pmb2_laser_sensors' build argument 'catkin_cmake_args' from command line to 'None'
[0.782s] Level 5:colcon.colcon_core.verb:set package 'pmb2_laser_sensors' build argument 'catkin_skip_building_tests' from command line to 'False'
[0.782s] DEBUG:colcon.colcon_core.verb:Building package 'pmb2_laser_sensors' with the following arguments: {'ament_cmake_args': None, 'build_base': '/home/alberto/tiago_public_ws/build/pmb2_laser_sensors', 'catkin_cmake_args': None, 'catkin_skip_building_tests': False, 'cmake_args': None, 'cmake_clean_cache': False, 'cmake_clean_first': False, 'cmake_force_configure': False, 'cmake_target': None, 'cmake_target_skip_unavailable': False, 'install_base': '/home/alberto/tiago_public_ws/install/pmb2_laser_sensors', 'merge_install': False, 'path': '/home/alberto/tiago_public_ws/src/pmb2_navigation/pmb2_laser_sensors', 'symlink_install': True, 'test_result_base': None}
[0.782s] Level 5:colcon.colcon_core.verb:set package 'tiago_rgbd_sensors' build argument 'cmake_args' from command line to 'None'
[0.782s] Level 5:colcon.colcon_core.verb:set package 'tiago_rgbd_sensors' build argument 'cmake_target' from command line to 'None'
[0.783s] Level 5:colcon.colcon_core.verb:set package 'tiago_rgbd_sensors' build argument 'cmake_target_skip_unavailable' from command line to 'False'
[0.783s] Level 5:colcon.colcon_core.verb:set package 'tiago_rgbd_sensors' build argument 'cmake_clean_cache' from command line to 'False'
[0.783s] Level 5:colcon.colcon_core.verb:set package 'tiago_rgbd_sensors' build argument 'cmake_clean_first' from command line to 'False'
[0.783s] Level 5:colcon.colcon_core.verb:set package 'tiago_rgbd_sensors' build argument 'cmake_force_configure' from command line to 'False'
[0.783s] Level 5:colcon.colcon_core.verb:set package 'tiago_rgbd_sensors' build argument 'ament_cmake_args' from command line to 'None'
[0.783s] Level 5:colcon.colcon_core.verb:set package 'tiago_rgbd_sensors' build argument 'catkin_cmake_args' from command line to 'None'
[0.783s] Level 5:colcon.colcon_core.verb:set package 'tiago_rgbd_sensors' build argument 'catkin_skip_building_tests' from command line to 'False'
[0.783s] DEBUG:colcon.colcon_core.verb:Building package 'tiago_rgbd_sensors' with the following arguments: {'ament_cmake_args': None, 'build_base': '/home/alberto/tiago_public_ws/build/tiago_rgbd_sensors', 'catkin_cmake_args': None, 'catkin_skip_building_tests': False, 'cmake_args': None, 'cmake_clean_cache': False, 'cmake_clean_first': False, 'cmake_force_configure': False, 'cmake_target': None, 'cmake_target_skip_unavailable': False, 'install_base': '/home/alberto/tiago_public_ws/install/tiago_rgbd_sensors', 'merge_install': False, 'path': '/home/alberto/tiago_public_ws/src/tiago_navigation/tiago_rgbd_sensors', 'symlink_install': True, 'test_result_base': None}
[0.783s] Level 5:colcon.colcon_core.verb:set package 'urdf_test' build argument 'cmake_args' from command line to 'None'
[0.783s] Level 5:colcon.colcon_core.verb:set package 'urdf_test' build argument 'cmake_target' from command line to 'None'
[0.783s] Level 5:colcon.colcon_core.verb:set package 'urdf_test' build argument 'cmake_target_skip_unavailable' from command line to 'False'
[0.783s] Level 5:colcon.colcon_core.verb:set package 'urdf_test' build argument 'cmake_clean_cache' from command line to 'False'
[0.783s] Level 5:colcon.colcon_core.verb:set package 'urdf_test' build argument 'cmake_clean_first' from command line to 'False'
[0.783s] Level 5:colcon.colcon_core.verb:set package 'urdf_test' build argument 'cmake_force_configure' from command line to 'False'
[0.783s] Level 5:colcon.colcon_core.verb:set package 'urdf_test' build argument 'ament_cmake_args' from command line to 'None'
[0.783s] Level 5:colcon.colcon_core.verb:set package 'urdf_test' build argument 'catkin_cmake_args' from command line to 'None'
[0.783s] Level 5:colcon.colcon_core.verb:set package 'urdf_test' build argument 'catkin_skip_building_tests' from command line to 'False'
[0.783s] DEBUG:colcon.colcon_core.verb:Building package 'urdf_test' with the following arguments: {'ament_cmake_args': None, 'build_base': '/home/alberto/tiago_public_ws/build/urdf_test', 'catkin_cmake_args': None, 'catkin_skip_building_tests': False, 'cmake_args': None, 'cmake_clean_cache': False, 'cmake_clean_first': False, 'cmake_force_configure': False, 'cmake_target': None, 'cmake_target_skip_unavailable': False, 'install_base': '/home/alberto/tiago_public_ws/install/urdf_test', 'merge_install': False, 'path': '/home/alberto/tiago_public_ws/src/urdf_test', 'symlink_install': True, 'test_result_base': None}
[0.783s] Level 5:colcon.colcon_core.verb:set package 'pal_gripper_description' build argument 'cmake_args' from command line to 'None'
[0.783s] Level 5:colcon.colcon_core.verb:set package 'pal_gripper_description' build argument 'cmake_target' from command line to 'None'
[0.783s] Level 5:colcon.colcon_core.verb:set package 'pal_gripper_description' build argument 'cmake_target_skip_unavailable' from command line to 'False'
[0.783s] Level 5:colcon.colcon_core.verb:set package 'pal_gripper_description' build argument 'cmake_clean_cache' from command line to 'False'
[0.783s] Level 5:colcon.colcon_core.verb:set package 'pal_gripper_description' build argument 'cmake_clean_first' from command line to 'False'
[0.783s] Level 5:colcon.colcon_core.verb:set package 'pal_gripper_description' build argument 'cmake_force_configure' from command line to 'False'
[0.783s] Level 5:colcon.colcon_core.verb:set package 'pal_gripper_description' build argument 'ament_cmake_args' from command line to 'None'
[0.783s] Level 5:colcon.colcon_core.verb:set package 'pal_gripper_description' build argument 'catkin_cmake_args' from command line to 'None'
[0.784s] Level 5:colcon.colcon_core.verb:set package 'pal_gripper_description' build argument 'catkin_skip_building_tests' from command line to 'False'
[0.784s] DEBUG:colcon.colcon_core.verb:Building package 'pal_gripper_description' with the following arguments: {'ament_cmake_args': None, 'build_base': '/home/alberto/tiago_public_ws/build/pal_gripper_description', 'catkin_cmake_args': None, 'catkin_skip_building_tests': False, 'cmake_args': None, 'cmake_clean_cache': False, 'cmake_clean_first': False, 'cmake_force_configure': False, 'cmake_target': None, 'cmake_target_skip_unavailable': False, 'install_base': '/home/alberto/tiago_public_ws/install/pal_gripper_description', 'merge_install': False, 'path': '/home/alberto/tiago_public_ws/src/pal_gripper/pal_gripper_description', 'symlink_install': True, 'test_result_base': None}
[0.784s] Level 5:colcon.colcon_core.verb:set package 'pal_hey5_description' build argument 'cmake_args' from command line to 'None'
[0.784s] Level 5:colcon.colcon_core.verb:set package 'pal_hey5_description' build argument 'cmake_target' from command line to 'None'
[0.784s] Level 5:colcon.colcon_core.verb:set package 'pal_hey5_description' build argument 'cmake_target_skip_unavailable' from command line to 'False'
[0.784s] Level 5:colcon.colcon_core.verb:set package 'pal_hey5_description' build argument 'cmake_clean_cache' from command line to 'False'
[0.784s] Level 5:colcon.colcon_core.verb:set package 'pal_hey5_description' build argument 'cmake_clean_first' from command line to 'False'
[0.784s] Level 5:colcon.colcon_core.verb:set package 'pal_hey5_description' build argument 'cmake_force_configure' from command line to 'False'
[0.784s] Level 5:colcon.colcon_core.verb:set package 'pal_hey5_description' build argument 'ament_cmake_args' from command line to 'None'
[0.784s] Level 5:colcon.colcon_core.verb:set package 'pal_hey5_description' build argument 'catkin_cmake_args' from command line to 'None'
[0.784s] Level 5:colcon.colcon_core.verb:set package 'pal_hey5_description' build argument 'catkin_skip_building_tests' from command line to 'False'
[0.784s] DEBUG:colcon.colcon_core.verb:Building package 'pal_hey5_description' with the following arguments: {'ament_cmake_args': None, 'build_base': '/home/alberto/tiago_public_ws/build/pal_hey5_description', 'catkin_cmake_args': None, 'catkin_skip_building_tests': False, 'cmake_args': None, 'cmake_clean_cache': False, 'cmake_clean_first': False, 'cmake_force_configure': False, 'cmake_target': None, 'cmake_target_skip_unavailable': False, 'install_base': '/home/alberto/tiago_public_ws/install/pal_hey5_description', 'merge_install': False, 'path': '/home/alberto/tiago_public_ws/src/pal_hey5/pal_hey5_description', 'symlink_install': True, 'test_result_base': None}
[0.784s] Level 5:colcon.colcon_core.verb:set package 'pal_navigation_cfg_bringup' build argument 'cmake_args' from command line to 'None'
[0.784s] Level 5:colcon.colcon_core.verb:set package 'pal_navigation_cfg_bringup' build argument 'cmake_target' from command line to 'None'
[0.784s] Level 5:colcon.colcon_core.verb:set package 'pal_navigation_cfg_bringup' build argument 'cmake_target_skip_unavailable' from command line to 'False'
[0.784s] Level 5:colcon.colcon_core.verb:set package 'pal_navigation_cfg_bringup' build argument 'cmake_clean_cache' from command line to 'False'
[0.784s] Level 5:colcon.colcon_core.verb:set package 'pal_navigation_cfg_bringup' build argument 'cmake_clean_first' from command line to 'False'
[0.784s] Level 5:colcon.colcon_core.verb:set package 'pal_navigation_cfg_bringup' build argument 'cmake_force_configure' from command line to 'False'
[0.784s] Level 5:colcon.colcon_core.verb:set package 'pal_navigation_cfg_bringup' build argument 'ament_cmake_args' from command line to 'None'
[0.784s] Level 5:colcon.colcon_core.verb:set package 'pal_navigation_cfg_bringup' build argument 'catkin_cmake_args' from command line to 'None'
[0.784s] Level 5:colcon.colcon_core.verb:set package 'pal_navigation_cfg_bringup' build argument 'catkin_skip_building_tests' from command line to 'False'
[0.784s] DEBUG:colcon.colcon_core.verb:Building package 'pal_navigation_cfg_bringup' with the following arguments: {'ament_cmake_args': None, 'build_base': '/home/alberto/tiago_public_ws/build/pal_navigation_cfg_bringup', 'catkin_cmake_args': None, 'catkin_skip_building_tests': False, 'cmake_args': None, 'cmake_clean_cache': False, 'cmake_clean_first': False, 'cmake_force_configure': False, 'cmake_target': None, 'cmake_target_skip_unavailable': False, 'install_base': '/home/alberto/tiago_public_ws/install/pal_navigation_cfg_bringup', 'merge_install': False, 'path': '/home/alberto/tiago_public_ws/src/pal_navigation_cfg_public/pal_navigation_cfg_bringup', 'symlink_install': True, 'test_result_base': None}
[0.785s] Level 5:colcon.colcon_core.verb:set package 'pal_robotiq_gripper' build argument 'cmake_args' from command line to 'None'
[0.785s] Level 5:colcon.colcon_core.verb:set package 'pal_robotiq_gripper' build argument 'cmake_target' from command line to 'None'
[0.785s] Level 5:colcon.colcon_core.verb:set package 'pal_robotiq_gripper' build argument 'cmake_target_skip_unavailable' from command line to 'False'
[0.785s] Level 5:colcon.colcon_core.verb:set package 'pal_robotiq_gripper' build argument 'cmake_clean_cache' from command line to 'False'
[0.785s] Level 5:colcon.colcon_core.verb:set package 'pal_robotiq_gripper' build argument 'cmake_clean_first' from command line to 'False'
[0.785s] Level 5:colcon.colcon_core.verb:set package 'pal_robotiq_gripper' build argument 'cmake_force_configure' from command line to 'False'
[0.785s] Level 5:colcon.colcon_core.verb:set package 'pal_robotiq_gripper' build argument 'ament_cmake_args' from command line to 'None'
[0.785s] Level 5:colcon.colcon_core.verb:set package 'pal_robotiq_gripper' build argument 'catkin_cmake_args' from command line to 'None'
[0.785s] Level 5:colcon.colcon_core.verb:set package 'pal_robotiq_gripper' build argument 'catkin_skip_building_tests' from command line to 'False'
[0.785s] DEBUG:colcon.colcon_core.verb:Building package 'pal_robotiq_gripper' with the following arguments: {'ament_cmake_args': None, 'build_base': '/home/alberto/tiago_public_ws/build/pal_robotiq_gripper', 'catkin_cmake_args': None, 'catkin_skip_building_tests': False, 'cmake_args': None, 'cmake_clean_cache': False, 'cmake_clean_first': False, 'cmake_force_configure': False, 'cmake_target': None, 'cmake_target_skip_unavailable': False, 'install_base': '/home/alberto/tiago_public_ws/install/pal_robotiq_gripper', 'merge_install': False, 'path': '/home/alberto/tiago_public_ws/src/pal_robotiq_gripper/pal_robotiq_gripper', 'symlink_install': True, 'test_result_base': None}
[0.785s] Level 5:colcon.colcon_core.verb:set package 'play_motion2' build argument 'cmake_args' from command line to 'None'
[0.785s] Level 5:colcon.colcon_core.verb:set package 'play_motion2' build argument 'cmake_target' from command line to 'None'
[0.785s] Level 5:colcon.colcon_core.verb:set package 'play_motion2' build argument 'cmake_target_skip_unavailable' from command line to 'False'
[0.785s] Level 5:colcon.colcon_core.verb:set package 'play_motion2' build argument 'cmake_clean_cache' from command line to 'False'
[0.785s] Level 5:colcon.colcon_core.verb:set package 'play_motion2' build argument 'cmake_clean_first' from command line to 'False'
[0.785s] Level 5:colcon.colcon_core.verb:set package 'play_motion2' build argument 'cmake_force_configure' from command line to 'False'
[0.785s] Level 5:colcon.colcon_core.verb:set package 'play_motion2' build argument 'ament_cmake_args' from command line to 'None'
[0.785s] Level 5:colcon.colcon_core.verb:set package 'play_motion2' build argument 'catkin_cmake_args' from command line to 'None'
[0.785s] Level 5:colcon.colcon_core.verb:set package 'play_motion2' build argument 'catkin_skip_building_tests' from command line to 'False'
[0.785s] DEBUG:colcon.colcon_core.verb:Building package 'play_motion2' with the following arguments: {'ament_cmake_args': None, 'build_base': '/home/alberto/tiago_public_ws/build/play_motion2', 'catkin_cmake_args': None, 'catkin_skip_building_tests': False, 'cmake_args': None, 'cmake_clean_cache': False, 'cmake_clean_first': False, 'cmake_force_configure': False, 'cmake_target': None, 'cmake_target_skip_unavailable': False, 'install_base': '/home/alberto/tiago_public_ws/install/play_motion2', 'merge_install': False, 'path': '/home/alberto/tiago_public_ws/src/play_motion2/play_motion2', 'symlink_install': True, 'test_result_base': None}
[0.785s] Level 5:colcon.colcon_core.verb:set package 'pmb2_2dnav' build argument 'cmake_args' from command line to 'None'
[0.785s] Level 5:colcon.colcon_core.verb:set package 'pmb2_2dnav' build argument 'cmake_target' from command line to 'None'
[0.785s] Level 5:colcon.colcon_core.verb:set package 'pmb2_2dnav' build argument 'cmake_target_skip_unavailable' from command line to 'False'
[0.785s] Level 5:colcon.colcon_core.verb:set package 'pmb2_2dnav' build argument 'cmake_clean_cache' from command line to 'False'
[0.786s] Level 5:colcon.colcon_core.verb:set package 'pmb2_2dnav' build argument 'cmake_clean_first' from command line to 'False'
[0.786s] Level 5:colcon.colcon_core.verb:set package 'pmb2_2dnav' build argument 'cmake_force_configure' from command line to 'False'
[0.786s] Level 5:colcon.colcon_core.verb:set package 'pmb2_2dnav' build argument 'ament_cmake_args' from command line to 'None'
[0.786s] Level 5:colcon.colcon_core.verb:set package 'pmb2_2dnav' build argument 'catkin_cmake_args' from command line to 'None'
[0.786s] Level 5:colcon.colcon_core.verb:set package 'pmb2_2dnav' build argument 'catkin_skip_building_tests' from command line to 'False'
[0.786s] DEBUG:colcon.colcon_core.verb:Building package 'pmb2_2dnav' with the following arguments: {'ament_cmake_args': None, 'build_base': '/home/alberto/tiago_public_ws/build/pmb2_2dnav', 'catkin_cmake_args': None, 'catkin_skip_building_tests': False, 'cmake_args': None, 'cmake_clean_cache': False, 'cmake_clean_first': False, 'cmake_force_configure': False, 'cmake_target': None, 'cmake_target_skip_unavailable': False, 'install_base': '/home/alberto/tiago_public_ws/install/pmb2_2dnav', 'merge_install': False, 'path': '/home/alberto/tiago_public_ws/src/pmb2_navigation/pmb2_2dnav', 'symlink_install': True, 'test_result_base': None}
[0.786s] Level 5:colcon.colcon_core.verb:set package 'pmb2_controller_configuration' build argument 'cmake_args' from command line to 'None'
[0.786s] Level 5:colcon.colcon_core.verb:set package 'pmb2_controller_configuration' build argument 'cmake_target' from command line to 'None'
[0.786s] Level 5:colcon.colcon_core.verb:set package 'pmb2_controller_configuration' build argument 'cmake_target_skip_unavailable' from command line to 'False'
[0.786s] Level 5:colcon.colcon_core.verb:set package 'pmb2_controller_configuration' build argument 'cmake_clean_cache' from command line to 'False'
[0.786s] Level 5:colcon.colcon_core.verb:set package 'pmb2_controller_configuration' build argument 'cmake_clean_first' from command line to 'False'
[0.786s] Level 5:colcon.colcon_core.verb:set package 'pmb2_controller_configuration' build argument 'cmake_force_configure' from command line to 'False'
[0.786s] Level 5:colcon.colcon_core.verb:set package 'pmb2_controller_configuration' build argument 'ament_cmake_args' from command line to 'None'
[0.786s] Level 5:colcon.colcon_core.verb:set package 'pmb2_controller_configuration' build argument 'catkin_cmake_args' from command line to 'None'
[0.786s] Level 5:colcon.colcon_core.verb:set package 'pmb2_controller_configuration' build argument 'catkin_skip_building_tests' from command line to 'False'
[0.786s] DEBUG:colcon.colcon_core.verb:Building package 'pmb2_controller_configuration' with the following arguments: {'ament_cmake_args': None, 'build_base': '/home/alberto/tiago_public_ws/build/pmb2_controller_configuration', 'catkin_cmake_args': None, 'catkin_skip_building_tests': False, 'cmake_args': None, 'cmake_clean_cache': False, 'cmake_clean_first': False, 'cmake_force_configure': False, 'cmake_target': None, 'cmake_target_skip_unavailable': False, 'install_base': '/home/alberto/tiago_public_ws/install/pmb2_controller_configuration', 'merge_install': False, 'path': '/home/alberto/tiago_public_ws/src/pmb2_robot/pmb2_controller_configuration', 'symlink_install': True, 'test_result_base': None}
[0.786s] Level 5:colcon.colcon_core.verb:set package 'pmb2_description' build argument 'cmake_args' from command line to 'None'
[0.786s] Level 5:colcon.colcon_core.verb:set package 'pmb2_description' build argument 'cmake_target' from command line to 'None'
[0.786s] Level 5:colcon.colcon_core.verb:set package 'pmb2_description' build argument 'cmake_target_skip_unavailable' from command line to 'False'
[0.786s] Level 5:colcon.colcon_core.verb:set package 'pmb2_description' build argument 'cmake_clean_cache' from command line to 'False'
[0.786s] Level 5:colcon.colcon_core.verb:set package 'pmb2_description' build argument 'cmake_clean_first' from command line to 'False'
[0.786s] Level 5:colcon.colcon_core.verb:set package 'pmb2_description' build argument 'cmake_force_configure' from command line to 'False'
[0.786s] Level 5:colcon.colcon_core.verb:set package 'pmb2_description' build argument 'ament_cmake_args' from command line to 'None'
[0.786s] Level 5:colcon.colcon_core.verb:set package 'pmb2_description' build argument 'catkin_cmake_args' from command line to 'None'
[0.786s] Level 5:colcon.colcon_core.verb:set package 'pmb2_description' build argument 'catkin_skip_building_tests' from command line to 'False'
[0.786s] DEBUG:colcon.colcon_core.verb:Building package 'pmb2_description' with the following arguments: {'ament_cmake_args': None, 'build_base': '/home/alberto/tiago_public_ws/build/pmb2_description', 'catkin_cmake_args': None, 'catkin_skip_building_tests': False, 'cmake_args': None, 'cmake_clean_cache': False, 'cmake_clean_first': False, 'cmake_force_configure': False, 'cmake_target': None, 'cmake_target_skip_unavailable': False, 'install_base': '/home/alberto/tiago_public_ws/install/pmb2_description', 'merge_install': False, 'path': '/home/alberto/tiago_public_ws/src/pmb2_robot/pmb2_description', 'symlink_install': True, 'test_result_base': None}
[0.787s] Level 5:colcon.colcon_core.verb:set package 'pmb2_rgbd_sensors' build argument 'cmake_args' from command line to 'None'
[0.787s] Level 5:colcon.colcon_core.verb:set package 'pmb2_rgbd_sensors' build argument 'cmake_target' from command line to 'None'
[0.787s] Level 5:colcon.colcon_core.verb:set package 'pmb2_rgbd_sensors' build argument 'cmake_target_skip_unavailable' from command line to 'False'
[0.787s] Level 5:colcon.colcon_core.verb:set package 'pmb2_rgbd_sensors' build argument 'cmake_clean_cache' from command line to 'False'
[0.787s] Level 5:colcon.colcon_core.verb:set package 'pmb2_rgbd_sensors' build argument 'cmake_clean_first' from command line to 'False'
[0.787s] Level 5:colcon.colcon_core.verb:set package 'pmb2_rgbd_sensors' build argument 'cmake_force_configure' from command line to 'False'
[0.787s] Level 5:colcon.colcon_core.verb:set package 'pmb2_rgbd_sensors' build argument 'ament_cmake_args' from command line to 'None'
[0.787s] Level 5:colcon.colcon_core.verb:set package 'pmb2_rgbd_sensors' build argument 'catkin_cmake_args' from command line to 'None'
[0.787s] Level 5:colcon.colcon_core.verb:set package 'pmb2_rgbd_sensors' build argument 'catkin_skip_building_tests' from command line to 'False'
[0.787s] DEBUG:colcon.colcon_core.verb:Building package 'pmb2_rgbd_sensors' with the following arguments: {'ament_cmake_args': None, 'build_base': '/home/alberto/tiago_public_ws/build/pmb2_rgbd_sensors', 'catkin_cmake_args': None, 'catkin_skip_building_tests': False, 'cmake_args': None, 'cmake_clean_cache': False, 'cmake_clean_first': False, 'cmake_force_configure': False, 'cmake_target': None, 'cmake_target_skip_unavailable': False, 'install_base': '/home/alberto/tiago_public_ws/install/pmb2_rgbd_sensors', 'merge_install': False, 'path': '/home/alberto/tiago_public_ws/src/pmb2_navigation/pmb2_rgbd_sensors', 'symlink_install': True, 'test_result_base': None}
[0.787s] Level 5:colcon.colcon_core.verb:set package 'tiago_laser_sensors' build argument 'cmake_args' from command line to 'None'
[0.787s] Level 5:colcon.colcon_core.verb:set package 'tiago_laser_sensors' build argument 'cmake_target' from command line to 'None'
[0.787s] Level 5:colcon.colcon_core.verb:set package 'tiago_laser_sensors' build argument 'cmake_target_skip_unavailable' from command line to 'False'
[0.787s] Level 5:colcon.colcon_core.verb:set package 'tiago_laser_sensors' build argument 'cmake_clean_cache' from command line to 'False'
[0.787s] Level 5:colcon.colcon_core.verb:set package 'tiago_laser_sensors' build argument 'cmake_clean_first' from command line to 'False'
[0.787s] Level 5:colcon.colcon_core.verb:set package 'tiago_laser_sensors' build argument 'cmake_force_configure' from command line to 'False'
[0.787s] Level 5:colcon.colcon_core.verb:set package 'tiago_laser_sensors' build argument 'ament_cmake_args' from command line to 'None'
[0.787s] Level 5:colcon.colcon_core.verb:set package 'tiago_laser_sensors' build argument 'catkin_cmake_args' from command line to 'None'
[0.787s] Level 5:colcon.colcon_core.verb:set package 'tiago_laser_sensors' build argument 'catkin_skip_building_tests' from command line to 'False'
[0.787s] DEBUG:colcon.colcon_core.verb:Building package 'tiago_laser_sensors' with the following arguments: {'ament_cmake_args': None, 'build_base': '/home/alberto/tiago_public_ws/build/tiago_laser_sensors', 'catkin_cmake_args': None, 'catkin_skip_building_tests': False, 'cmake_args': None, 'cmake_clean_cache': False, 'cmake_clean_first': False, 'cmake_force_configure': False, 'cmake_target': None, 'cmake_target_skip_unavailable': False, 'install_base': '/home/alberto/tiago_public_ws/install/tiago_laser_sensors', 'merge_install': False, 'path': '/home/alberto/tiago_public_ws/src/tiago_navigation/tiago_laser_sensors', 'symlink_install': True, 'test_result_base': None}
[0.788s] Level 5:colcon.colcon_core.verb:set package 'pal_gripper' build argument 'cmake_args' from command line to 'None'
[0.788s] Level 5:colcon.colcon_core.verb:set package 'pal_gripper' build argument 'cmake_target' from command line to 'None'
[0.788s] Level 5:colcon.colcon_core.verb:set package 'pal_gripper' build argument 'cmake_target_skip_unavailable' from command line to 'False'
[0.788s] Level 5:colcon.colcon_core.verb:set package 'pal_gripper' build argument 'cmake_clean_cache' from command line to 'False'
[0.788s] Level 5:colcon.colcon_core.verb:set package 'pal_gripper' build argument 'cmake_clean_first' from command line to 'False'
[0.788s] Level 5:colcon.colcon_core.verb:set package 'pal_gripper' build argument 'cmake_force_configure' from command line to 'False'
[0.788s] Level 5:colcon.colcon_core.verb:set package 'pal_gripper' build argument 'ament_cmake_args' from command line to 'None'
[0.788s] Level 5:colcon.colcon_core.verb:set package 'pal_gripper' build argument 'catkin_cmake_args' from command line to 'None'
[0.788s] Level 5:colcon.colcon_core.verb:set package 'pal_gripper' build argument 'catkin_skip_building_tests' from command line to 'False'
[0.788s] DEBUG:colcon.colcon_core.verb:Building package 'pal_gripper' with the following arguments: {'ament_cmake_args': None, 'build_base': '/home/alberto/tiago_public_ws/build/pal_gripper', 'catkin_cmake_args': None, 'catkin_skip_building_tests': False, 'cmake_args': None, 'cmake_clean_cache': False, 'cmake_clean_first': False, 'cmake_force_configure': False, 'cmake_target': None, 'cmake_target_skip_unavailable': False, 'install_base': '/home/alberto/tiago_public_ws/install/pal_gripper', 'merge_install': False, 'path': '/home/alberto/tiago_public_ws/src/pal_gripper/pal_gripper', 'symlink_install': True, 'test_result_base': None}
[0.788s] Level 5:colcon.colcon_core.verb:set package 'pal_gripper_simulation' build argument 'cmake_args' from command line to 'None'
[0.788s] Level 5:colcon.colcon_core.verb:set package 'pal_gripper_simulation' build argument 'cmake_target' from command line to 'None'
[0.788s] Level 5:colcon.colcon_core.verb:set package 'pal_gripper_simulation' build argument 'cmake_target_skip_unavailable' from command line to 'False'
[0.788s] Level 5:colcon.colcon_core.verb:set package 'pal_gripper_simulation' build argument 'cmake_clean_cache' from command line to 'False'
[0.788s] Level 5:colcon.colcon_core.verb:set package 'pal_gripper_simulation' build argument 'cmake_clean_first' from command line to 'False'
[0.788s] Level 5:colcon.colcon_core.verb:set package 'pal_gripper_simulation' build argument 'cmake_force_configure' from command line to 'False'
[0.788s] Level 5:colcon.colcon_core.verb:set package 'pal_gripper_simulation' build argument 'ament_cmake_args' from command line to 'None'
[0.788s] Level 5:colcon.colcon_core.verb:set package 'pal_gripper_simulation' build argument 'catkin_cmake_args' from command line to 'None'
[0.788s] Level 5:colcon.colcon_core.verb:set package 'pal_gripper_simulation' build argument 'catkin_skip_building_tests' from command line to 'False'
[0.788s] DEBUG:colcon.colcon_core.verb:Building package 'pal_gripper_simulation' with the following arguments: {'ament_cmake_args': None, 'build_base': '/home/alberto/tiago_public_ws/build/pal_gripper_simulation', 'catkin_cmake_args': None, 'catkin_skip_building_tests': False, 'cmake_args': None, 'cmake_clean_cache': False, 'cmake_clean_first': False, 'cmake_force_configure': False, 'cmake_target': None, 'cmake_target_skip_unavailable': False, 'install_base': '/home/alberto/tiago_public_ws/install/pal_gripper_simulation', 'merge_install': False, 'path': '/home/alberto/tiago_public_ws/src/pal_gripper/pal_gripper_simulation', 'symlink_install': True, 'test_result_base': None}
[0.788s] Level 5:colcon.colcon_core.verb:set package 'pal_hey5' build argument 'cmake_args' from command line to 'None'
[0.788s] Level 5:colcon.colcon_core.verb:set package 'pal_hey5' build argument 'cmake_target' from command line to 'None'
[0.788s] Level 5:colcon.colcon_core.verb:set package 'pal_hey5' build argument 'cmake_target_skip_unavailable' from command line to 'False'
[0.788s] Level 5:colcon.colcon_core.verb:set package 'pal_hey5' build argument 'cmake_clean_cache' from command line to 'False'
[0.788s] Level 5:colcon.colcon_core.verb:set package 'pal_hey5' build argument 'cmake_clean_first' from command line to 'False'
[0.788s] Level 5:colcon.colcon_core.verb:set package 'pal_hey5' build argument 'cmake_force_configure' from command line to 'False'
[0.788s] Level 5:colcon.colcon_core.verb:set package 'pal_hey5' build argument 'ament_cmake_args' from command line to 'None'
[0.789s] Level 5:colcon.colcon_core.verb:set package 'pal_hey5' build argument 'catkin_cmake_args' from command line to 'None'
[0.789s] Level 5:colcon.colcon_core.verb:set package 'pal_hey5' build argument 'catkin_skip_building_tests' from command line to 'False'
[0.789s] DEBUG:colcon.colcon_core.verb:Building package 'pal_hey5' with the following arguments: {'ament_cmake_args': None, 'build_base': '/home/alberto/tiago_public_ws/build/pal_hey5', 'catkin_cmake_args': None, 'catkin_skip_building_tests': False, 'cmake_args': None, 'cmake_clean_cache': False, 'cmake_clean_first': False, 'cmake_force_configure': False, 'cmake_target': None, 'cmake_target_skip_unavailable': False, 'install_base': '/home/alberto/tiago_public_ws/install/pal_hey5', 'merge_install': False, 'path': '/home/alberto/tiago_public_ws/src/pal_hey5/pal_hey5', 'symlink_install': True, 'test_result_base': None}
[0.789s] Level 5:colcon.colcon_core.verb:set package 'pal_navigation_cfg' build argument 'cmake_args' from command line to 'None'
[0.789s] Level 5:colcon.colcon_core.verb:set package 'pal_navigation_cfg' build argument 'cmake_target' from command line to 'None'
[0.789s] Level 5:colcon.colcon_core.verb:set package 'pal_navigation_cfg' build argument 'cmake_target_skip_unavailable' from command line to 'False'
[0.789s] Level 5:colcon.colcon_core.verb:set package 'pal_navigation_cfg' build argument 'cmake_clean_cache' from command line to 'False'
[0.789s] Level 5:colcon.colcon_core.verb:set package 'pal_navigation_cfg' build argument 'cmake_clean_first' from command line to 'False'
[0.789s] Level 5:colcon.colcon_core.verb:set package 'pal_navigation_cfg' build argument 'cmake_force_configure' from command line to 'False'
[0.789s] Level 5:colcon.colcon_core.verb:set package 'pal_navigation_cfg' build argument 'ament_cmake_args' from command line to 'None'
[0.789s] Level 5:colcon.colcon_core.verb:set package 'pal_navigation_cfg' build argument 'catkin_cmake_args' from command line to 'None'
[0.789s] Level 5:colcon.colcon_core.verb:set package 'pal_navigation_cfg' build argument 'catkin_skip_building_tests' from command line to 'False'
[0.789s] DEBUG:colcon.colcon_core.verb:Building package 'pal_navigation_cfg' with the following arguments: {'ament_cmake_args': None, 'build_base': '/home/alberto/tiago_public_ws/build/pal_navigation_cfg', 'catkin_cmake_args': None, 'catkin_skip_building_tests': False, 'cmake_args': None, 'cmake_clean_cache': False, 'cmake_clean_first': False, 'cmake_force_configure': False, 'cmake_target': None, 'cmake_target_skip_unavailable': False, 'install_base': '/home/alberto/tiago_public_ws/install/pal_navigation_cfg', 'merge_install': False, 'path': '/home/alberto/tiago_public_ws/src/pal_navigation_cfg_public/pal_navigation_cfg_public', 'symlink_install': True, 'test_result_base': None}
[0.789s] Level 5:colcon.colcon_core.verb:set package 'pmb2_bringup' build argument 'cmake_args' from command line to 'None'
[0.789s] Level 5:colcon.colcon_core.verb:set package 'pmb2_bringup' build argument 'cmake_target' from command line to 'None'
[0.789s] Level 5:colcon.colcon_core.verb:set package 'pmb2_bringup' build argument 'cmake_target_skip_unavailable' from command line to 'False'
[0.789s] Level 5:colcon.colcon_core.verb:set package 'pmb2_bringup' build argument 'cmake_clean_cache' from command line to 'False'
[0.789s] Level 5:colcon.colcon_core.verb:set package 'pmb2_bringup' build argument 'cmake_clean_first' from command line to 'False'
[0.789s] Level 5:colcon.colcon_core.verb:set package 'pmb2_bringup' build argument 'cmake_force_configure' from command line to 'False'
[0.789s] Level 5:colcon.colcon_core.verb:set package 'pmb2_bringup' build argument 'ament_cmake_args' from command line to 'None'
[0.789s] Level 5:colcon.colcon_core.verb:set package 'pmb2_bringup' build argument 'catkin_cmake_args' from command line to 'None'
[0.789s] Level 5:colcon.colcon_core.verb:set package 'pmb2_bringup' build argument 'catkin_skip_building_tests' from command line to 'False'
[0.789s] DEBUG:colcon.colcon_core.verb:Building package 'pmb2_bringup' with the following arguments: {'ament_cmake_args': None, 'build_base': '/home/alberto/tiago_public_ws/build/pmb2_bringup', 'catkin_cmake_args': None, 'catkin_skip_building_tests': False, 'cmake_args': None, 'cmake_clean_cache': False, 'cmake_clean_first': False, 'cmake_force_configure': False, 'cmake_target': None, 'cmake_target_skip_unavailable': False, 'install_base': '/home/alberto/tiago_public_ws/install/pmb2_bringup', 'merge_install': False, 'path': '/home/alberto/tiago_public_ws/src/pmb2_robot/pmb2_bringup', 'symlink_install': True, 'test_result_base': None}
[0.790s] Level 5:colcon.colcon_core.verb:set package 'pmb2_navigation' build argument 'cmake_args' from command line to 'None'
[0.790s] Level 5:colcon.colcon_core.verb:set package 'pmb2_navigation' build argument 'cmake_target' from command line to 'None'
[0.790s] Level 5:colcon.colcon_core.verb:set package 'pmb2_navigation' build argument 'cmake_target_skip_unavailable' from command line to 'False'
[0.790s] Level 5:colcon.colcon_core.verb:set package 'pmb2_navigation' build argument 'cmake_clean_cache' from command line to 'False'
[0.790s] Level 5:colcon.colcon_core.verb:set package 'pmb2_navigation' build argument 'cmake_clean_first' from command line to 'False'
[0.790s] Level 5:colcon.colcon_core.verb:set package 'pmb2_navigation' build argument 'cmake_force_configure' from command line to 'False'
[0.790s] Level 5:colcon.colcon_core.verb:set package 'pmb2_navigation' build argument 'ament_cmake_args' from command line to 'None'
[0.790s] Level 5:colcon.colcon_core.verb:set package 'pmb2_navigation' build argument 'catkin_cmake_args' from command line to 'None'
[0.790s] Level 5:colcon.colcon_core.verb:set package 'pmb2_navigation' build argument 'catkin_skip_building_tests' from command line to 'False'
[0.790s] DEBUG:colcon.colcon_core.verb:Building package 'pmb2_navigation' with the following arguments: {'ament_cmake_args': None, 'build_base': '/home/alberto/tiago_public_ws/build/pmb2_navigation', 'catkin_cmake_args': None, 'catkin_skip_building_tests': False, 'cmake_args': None, 'cmake_clean_cache': False, 'cmake_clean_first': False, 'cmake_force_configure': False, 'cmake_target': None, 'cmake_target_skip_unavailable': False, 'install_base': '/home/alberto/tiago_public_ws/install/pmb2_navigation', 'merge_install': False, 'path': '/home/alberto/tiago_public_ws/src/pmb2_navigation/pmb2_navigation', 'symlink_install': True, 'test_result_base': None}
[0.790s] Level 5:colcon.colcon_core.verb:set package 'tiago_2dnav' build argument 'cmake_args' from command line to 'None'
[0.790s] Level 5:colcon.colcon_core.verb:set package 'tiago_2dnav' build argument 'cmake_target' from command line to 'None'
[0.790s] Level 5:colcon.colcon_core.verb:set package 'tiago_2dnav' build argument 'cmake_target_skip_unavailable' from command line to 'False'
[0.790s] Level 5:colcon.colcon_core.verb:set package 'tiago_2dnav' build argument 'cmake_clean_cache' from command line to 'False'
[0.790s] Level 5:colcon.colcon_core.verb:set package 'tiago_2dnav' build argument 'cmake_clean_first' from command line to 'False'
[0.790s] Level 5:colcon.colcon_core.verb:set package 'tiago_2dnav' build argument 'cmake_force_configure' from command line to 'False'
[0.790s] Level 5:colcon.colcon_core.verb:set package 'tiago_2dnav' build argument 'ament_cmake_args' from command line to 'None'
[0.790s] Level 5:colcon.colcon_core.verb:set package 'tiago_2dnav' build argument 'catkin_cmake_args' from command line to 'None'
[0.790s] Level 5:colcon.colcon_core.verb:set package 'tiago_2dnav' build argument 'catkin_skip_building_tests' from command line to 'False'
[0.790s] DEBUG:colcon.colcon_core.verb:Building package 'tiago_2dnav' with the following arguments: {'ament_cmake_args': None, 'build_base': '/home/alberto/tiago_public_ws/build/tiago_2dnav', 'catkin_cmake_args': None, 'catkin_skip_building_tests': False, 'cmake_args': None, 'cmake_clean_cache': False, 'cmake_clean_first': False, 'cmake_force_configure': False, 'cmake_target': None, 'cmake_target_skip_unavailable': False, 'install_base': '/home/alberto/tiago_public_ws/install/tiago_2dnav', 'merge_install': False, 'path': '/home/alberto/tiago_public_ws/src/tiago_navigation/tiago_2dnav', 'symlink_install': True, 'test_result_base': None}
[0.791s] Level 5:colcon.colcon_core.verb:set package 'tiago_controller_configuration' build argument 'cmake_args' from command line to 'None'
[0.791s] Level 5:colcon.colcon_core.verb:set package 'tiago_controller_configuration' build argument 'cmake_target' from command line to 'None'
[0.791s] Level 5:colcon.colcon_core.verb:set package 'tiago_controller_configuration' build argument 'cmake_target_skip_unavailable' from command line to 'False'
[0.791s] Level 5:colcon.colcon_core.verb:set package 'tiago_controller_configuration' build argument 'cmake_clean_cache' from command line to 'False'
[0.791s] Level 5:colcon.colcon_core.verb:set package 'tiago_controller_configuration' build argument 'cmake_clean_first' from command line to 'False'
[0.791s] Level 5:colcon.colcon_core.verb:set package 'tiago_controller_configuration' build argument 'cmake_force_configure' from command line to 'False'
[0.791s] Level 5:colcon.colcon_core.verb:set package 'tiago_controller_configuration' build argument 'ament_cmake_args' from command line to 'None'
[0.791s] Level 5:colcon.colcon_core.verb:set package 'tiago_controller_configuration' build argument 'catkin_cmake_args' from command line to 'None'
[0.791s] Level 5:colcon.colcon_core.verb:set package 'tiago_controller_configuration' build argument 'catkin_skip_building_tests' from command line to 'False'
[0.791s] DEBUG:colcon.colcon_core.verb:Building package 'tiago_controller_configuration' with the following arguments: {'ament_cmake_args': None, 'build_base': '/home/alberto/tiago_public_ws/build/tiago_controller_configuration', 'catkin_cmake_args': None, 'catkin_skip_building_tests': False, 'cmake_args': None, 'cmake_clean_cache': False, 'cmake_clean_first': False, 'cmake_force_configure': False, 'cmake_target': None, 'cmake_target_skip_unavailable': False, 'install_base': '/home/alberto/tiago_public_ws/install/tiago_controller_configuration', 'merge_install': False, 'path': '/home/alberto/tiago_public_ws/src/tiago_robot/tiago_controller_configuration', 'symlink_install': True, 'test_result_base': None}
[0.791s] Level 5:colcon.colcon_core.verb:set package 'tiago_description' build argument 'cmake_args' from command line to 'None'
[0.791s] Level 5:colcon.colcon_core.verb:set package 'tiago_description' build argument 'cmake_target' from command line to 'None'
[0.791s] Level 5:colcon.colcon_core.verb:set package 'tiago_description' build argument 'cmake_target_skip_unavailable' from command line to 'False'
[0.791s] Level 5:colcon.colcon_core.verb:set package 'tiago_description' build argument 'cmake_clean_cache' from command line to 'False'
[0.791s] Level 5:colcon.colcon_core.verb:set package 'tiago_description' build argument 'cmake_clean_first' from command line to 'False'
[0.791s] Level 5:colcon.colcon_core.verb:set package 'tiago_description' build argument 'cmake_force_configure' from command line to 'False'
[0.791s] Level 5:colcon.colcon_core.verb:set package 'tiago_description' build argument 'ament_cmake_args' from command line to 'None'
[0.791s] Level 5:colcon.colcon_core.verb:set package 'tiago_description' build argument 'catkin_cmake_args' from command line to 'None'
[0.791s] Level 5:colcon.colcon_core.verb:set package 'tiago_description' build argument 'catkin_skip_building_tests' from command line to 'False'
[0.791s] DEBUG:colcon.colcon_core.verb:Building package 'tiago_description' with the following arguments: {'ament_cmake_args': None, 'build_base': '/home/alberto/tiago_public_ws/build/tiago_description', 'catkin_cmake_args': None, 'catkin_skip_building_tests': False, 'cmake_args': None, 'cmake_clean_cache': False, 'cmake_clean_first': False, 'cmake_force_configure': False, 'cmake_target': None, 'cmake_target_skip_unavailable': False, 'install_base': '/home/alberto/tiago_public_ws/install/tiago_description', 'merge_install': False, 'path': '/home/alberto/tiago_public_ws/src/tiago_robot/tiago_description', 'symlink_install': True, 'test_result_base': None}
[0.791s] Level 5:colcon.colcon_core.verb:set package 'pmb2_robot' build argument 'cmake_args' from command line to 'None'
[0.791s] Level 5:colcon.colcon_core.verb:set package 'pmb2_robot' build argument 'cmake_target' from command line to 'None'
[0.791s] Level 5:colcon.colcon_core.verb:set package 'pmb2_robot' build argument 'cmake_target_skip_unavailable' from command line to 'False'
[0.792s] Level 5:colcon.colcon_core.verb:set package 'pmb2_robot' build argument 'cmake_clean_cache' from command line to 'False'
[0.792s] Level 5:colcon.colcon_core.verb:set package 'pmb2_robot' build argument 'cmake_clean_first' from command line to 'False'
[0.792s] Level 5:colcon.colcon_core.verb:set package 'pmb2_robot' build argument 'cmake_force_configure' from command line to 'False'
[0.792s] Level 5:colcon.colcon_core.verb:set package 'pmb2_robot' build argument 'ament_cmake_args' from command line to 'None'
[0.792s] Level 5:colcon.colcon_core.verb:set package 'pmb2_robot' build argument 'catkin_cmake_args' from command line to 'None'
[0.792s] Level 5:colcon.colcon_core.verb:set package 'pmb2_robot' build argument 'catkin_skip_building_tests' from command line to 'False'
[0.792s] DEBUG:colcon.colcon_core.verb:Building package 'pmb2_robot' with the following arguments: {'ament_cmake_args': None, 'build_base': '/home/alberto/tiago_public_ws/build/pmb2_robot', 'catkin_cmake_args': None, 'catkin_skip_building_tests': False, 'cmake_args': None, 'cmake_clean_cache': False, 'cmake_clean_first': False, 'cmake_force_configure': False, 'cmake_target': None, 'cmake_target_skip_unavailable': False, 'install_base': '/home/alberto/tiago_public_ws/install/pmb2_robot', 'merge_install': False, 'path': '/home/alberto/tiago_public_ws/src/pmb2_robot/pmb2_robot', 'symlink_install': True, 'test_result_base': None}
[0.792s] Level 5:colcon.colcon_core.verb:set package 'tiago_bringup' build argument 'cmake_args' from command line to 'None'
[0.792s] Level 5:colcon.colcon_core.verb:set package 'tiago_bringup' build argument 'cmake_target' from command line to 'None'
[0.792s] Level 5:colcon.colcon_core.verb:set package 'tiago_bringup' build argument 'cmake_target_skip_unavailable' from command line to 'False'
[0.792s] Level 5:colcon.colcon_core.verb:set package 'tiago_bringup' build argument 'cmake_clean_cache' from command line to 'False'
[0.792s] Level 5:colcon.colcon_core.verb:set package 'tiago_bringup' build argument 'cmake_clean_first' from command line to 'False'
[0.792s] Level 5:colcon.colcon_core.verb:set package 'tiago_bringup' build argument 'cmake_force_configure' from command line to 'False'
[0.792s] Level 5:colcon.colcon_core.verb:set package 'tiago_bringup' build argument 'ament_cmake_args' from command line to 'None'
[0.792s] Level 5:colcon.colcon_core.verb:set package 'tiago_bringup' build argument 'catkin_cmake_args' from command line to 'None'
[0.792s] Level 5:colcon.colcon_core.verb:set package 'tiago_bringup' build argument 'catkin_skip_building_tests' from command line to 'False'
[0.792s] DEBUG:colcon.colcon_core.verb:Building package 'tiago_bringup' with the following arguments: {'ament_cmake_args': None, 'build_base': '/home/alberto/tiago_public_ws/build/tiago_bringup', 'catkin_cmake_args': None, 'catkin_skip_building_tests': False, 'cmake_args': None, 'cmake_clean_cache': False, 'cmake_clean_first': False, 'cmake_force_configure': False, 'cmake_target': None, 'cmake_target_skip_unavailable': False, 'install_base': '/home/alberto/tiago_public_ws/install/tiago_bringup', 'merge_install': False, 'path': '/home/alberto/tiago_public_ws/src/tiago_robot/tiago_bringup', 'symlink_install': True, 'test_result_base': None}
[0.792s] Level 5:colcon.colcon_core.verb:set package 'tiago_moveit_config' build argument 'cmake_args' from command line to 'None'
[0.792s] Level 5:colcon.colcon_core.verb:set package 'tiago_moveit_config' build argument 'cmake_target' from command line to 'None'
[0.792s] Level 5:colcon.colcon_core.verb:set package 'tiago_moveit_config' build argument 'cmake_target_skip_unavailable' from command line to 'False'
[0.792s] Level 5:colcon.colcon_core.verb:set package 'tiago_moveit_config' build argument 'cmake_clean_cache' from command line to 'False'
[0.792s] Level 5:colcon.colcon_core.verb:set package 'tiago_moveit_config' build argument 'cmake_clean_first' from command line to 'False'
[0.792s] Level 5:colcon.colcon_core.verb:set package 'tiago_moveit_config' build argument 'cmake_force_configure' from command line to 'False'
[0.792s] Level 5:colcon.colcon_core.verb:set package 'tiago_moveit_config' build argument 'ament_cmake_args' from command line to 'None'
[0.792s] Level 5:colcon.colcon_core.verb:set package 'tiago_moveit_config' build argument 'catkin_cmake_args' from command line to 'None'
[0.793s] Level 5:colcon.colcon_core.verb:set package 'tiago_moveit_config' build argument 'catkin_skip_building_tests' from command line to 'False'
[0.793s] DEBUG:colcon.colcon_core.verb:Building package 'tiago_moveit_config' with the following arguments: {'ament_cmake_args': None, 'build_base': '/home/alberto/tiago_public_ws/build/tiago_moveit_config', 'catkin_cmake_args': None, 'catkin_skip_building_tests': False, 'cmake_args': None, 'cmake_clean_cache': False, 'cmake_clean_first': False, 'cmake_force_configure': False, 'cmake_target': None, 'cmake_target_skip_unavailable': False, 'install_base': '/home/alberto/tiago_public_ws/install/tiago_moveit_config', 'merge_install': False, 'path': '/home/alberto/tiago_public_ws/src/tiago_moveit_config', 'symlink_install': True, 'test_result_base': None}
[0.793s] Level 5:colcon.colcon_core.verb:set package 'tiago_navigation' build argument 'cmake_args' from command line to 'None'
[0.793s] Level 5:colcon.colcon_core.verb:set package 'tiago_navigation' build argument 'cmake_target' from command line to 'None'
[0.793s] Level 5:colcon.colcon_core.verb:set package 'tiago_navigation' build argument 'cmake_target_skip_unavailable' from command line to 'False'
[0.793s] Level 5:colcon.colcon_core.verb:set package 'tiago_navigation' build argument 'cmake_clean_cache' from command line to 'False'
[0.793s] Level 5:colcon.colcon_core.verb:set package 'tiago_navigation' build argument 'cmake_clean_first' from command line to 'False'
[0.793s] Level 5:colcon.colcon_core.verb:set package 'tiago_navigation' build argument 'cmake_force_configure' from command line to 'False'
[0.793s] Level 5:colcon.colcon_core.verb:set package 'tiago_navigation' build argument 'ament_cmake_args' from command line to 'None'
[0.793s] Level 5:colcon.colcon_core.verb:set package 'tiago_navigation' build argument 'catkin_cmake_args' from command line to 'None'
[0.793s] Level 5:colcon.colcon_core.verb:set package 'tiago_navigation' build argument 'catkin_skip_building_tests' from command line to 'False'
[0.793s] DEBUG:colcon.colcon_core.verb:Building package 'tiago_navigation' with the following arguments: {'ament_cmake_args': None, 'build_base': '/home/alberto/tiago_public_ws/build/tiago_navigation', 'catkin_cmake_args': None, 'catkin_skip_building_tests': False, 'cmake_args': None, 'cmake_clean_cache': False, 'cmake_clean_first': False, 'cmake_force_configure': False, 'cmake_target': None, 'cmake_target_skip_unavailable': False, 'install_base': '/home/alberto/tiago_public_ws/install/tiago_navigation', 'merge_install': False, 'path': '/home/alberto/tiago_public_ws/src/tiago_navigation/tiago_navigation', 'symlink_install': True, 'test_result_base': None}
[0.793s] Level 5:colcon.colcon_core.verb:set package 'tiago_gazebo' build argument 'cmake_args' from command line to 'None'
[0.793s] Level 5:colcon.colcon_core.verb:set package 'tiago_gazebo' build argument 'cmake_target' from command line to 'None'
[0.793s] Level 5:colcon.colcon_core.verb:set package 'tiago_gazebo' build argument 'cmake_target_skip_unavailable' from command line to 'False'
[0.793s] Level 5:colcon.colcon_core.verb:set package 'tiago_gazebo' build argument 'cmake_clean_cache' from command line to 'False'
[0.793s] Level 5:colcon.colcon_core.verb:set package 'tiago_gazebo' build argument 'cmake_clean_first' from command line to 'False'
[0.793s] Level 5:colcon.colcon_core.verb:set package 'tiago_gazebo' build argument 'cmake_force_configure' from command line to 'False'
[0.793s] Level 5:colcon.colcon_core.verb:set package 'tiago_gazebo' build argument 'ament_cmake_args' from command line to 'None'
[0.793s] Level 5:colcon.colcon_core.verb:set package 'tiago_gazebo' build argument 'catkin_cmake_args' from command line to 'None'
[0.793s] Level 5:colcon.colcon_core.verb:set package 'tiago_gazebo' build argument 'catkin_skip_building_tests' from command line to 'False'
[0.793s] DEBUG:colcon.colcon_core.verb:Building package 'tiago_gazebo' with the following arguments: {'ament_cmake_args': None, 'build_base': '/home/alberto/tiago_public_ws/build/tiago_gazebo', 'catkin_cmake_args': None, 'catkin_skip_building_tests': False, 'cmake_args': None, 'cmake_clean_cache': False, 'cmake_clean_first': False, 'cmake_force_configure': False, 'cmake_target': None, 'cmake_target_skip_unavailable': False, 'install_base': '/home/alberto/tiago_public_ws/install/tiago_gazebo', 'merge_install': False, 'path': '/home/alberto/tiago_public_ws/src/tiago_simulation/tiago_gazebo', 'symlink_install': True, 'test_result_base': None}
[0.794s] Level 5:colcon.colcon_core.verb:set package 'tiago_robot' build argument 'cmake_args' from command line to 'None'
[0.794s] Level 5:colcon.colcon_core.verb:set package 'tiago_robot' build argument 'cmake_target' from command line to 'None'
[0.794s] Level 5:colcon.colcon_core.verb:set package 'tiago_robot' build argument 'cmake_target_skip_unavailable' from command line to 'False'
[0.794s] Level 5:colcon.colcon_core.verb:set package 'tiago_robot' build argument 'cmake_clean_cache' from command line to 'False'
[0.794s] Level 5:colcon.colcon_core.verb:set package 'tiago_robot' build argument 'cmake_clean_first' from command line to 'False'
[0.794s] Level 5:colcon.colcon_core.verb:set package 'tiago_robot' build argument 'cmake_force_configure' from command line to 'False'
[0.794s] Level 5:colcon.colcon_core.verb:set package 'tiago_robot' build argument 'ament_cmake_args' from command line to 'None'
[0.794s] Level 5:colcon.colcon_core.verb:set package 'tiago_robot' build argument 'catkin_cmake_args' from command line to 'None'
[0.794s] Level 5:colcon.colcon_core.verb:set package 'tiago_robot' build argument 'catkin_skip_building_tests' from command line to 'False'
[0.794s] DEBUG:colcon.colcon_core.verb:Building package 'tiago_robot' with the following arguments: {'ament_cmake_args': None, 'build_base': '/home/alberto/tiago_public_ws/build/tiago_robot', 'catkin_cmake_args': None, 'catkin_skip_building_tests': False, 'cmake_args': None, 'cmake_clean_cache': False, 'cmake_clean_first': False, 'cmake_force_configure': False, 'cmake_target': None, 'cmake_target_skip_unavailable': False, 'install_base': '/home/alberto/tiago_public_ws/install/tiago_robot', 'merge_install': False, 'path': '/home/alberto/tiago_public_ws/src/tiago_robot/tiago_robot', 'symlink_install': True, 'test_result_base': None}
[0.794s] Level 5:colcon.colcon_core.verb:set package 'tiago_simulation' build argument 'cmake_args' from command line to 'None'
[0.794s] Level 5:colcon.colcon_core.verb:set package 'tiago_simulation' build argument 'cmake_target' from command line to 'None'
[0.794s] Level 5:colcon.colcon_core.verb:set package 'tiago_simulation' build argument 'cmake_target_skip_unavailable' from command line to 'False'
[0.794s] Level 5:colcon.colcon_core.verb:set package 'tiago_simulation' build argument 'cmake_clean_cache' from command line to 'False'
[0.794s] Level 5:colcon.colcon_core.verb:set package 'tiago_simulation' build argument 'cmake_clean_first' from command line to 'False'
[0.794s] Level 5:colcon.colcon_core.verb:set package 'tiago_simulation' build argument 'cmake_force_configure' from command line to 'False'
[0.794s] Level 5:colcon.colcon_core.verb:set package 'tiago_simulation' build argument 'ament_cmake_args' from command line to 'None'
[0.794s] Level 5:colcon.colcon_core.verb:set package 'tiago_simulation' build argument 'catkin_cmake_args' from command line to 'None'
[0.794s] Level 5:colcon.colcon_core.verb:set package 'tiago_simulation' build argument 'catkin_skip_building_tests' from command line to 'False'
[0.794s] DEBUG:colcon.colcon_core.verb:Building package 'tiago_simulation' with the following arguments: {'ament_cmake_args': None, 'build_base': '/home/alberto/tiago_public_ws/build/tiago_simulation', 'catkin_cmake_args': None, 'catkin_skip_building_tests': False, 'cmake_args': None, 'cmake_clean_cache': False, 'cmake_clean_first': False, 'cmake_force_configure': False, 'cmake_target': None, 'cmake_target_skip_unavailable': False, 'install_base': '/home/alberto/tiago_public_ws/install/tiago_simulation', 'merge_install': False, 'path': '/home/alberto/tiago_public_ws/src/tiago_simulation/tiago_simulation', 'symlink_install': True, 'test_result_base': None}
[0.795s] INFO:colcon.colcon_core.executor:Executing jobs using 'parallel' executor
[0.796s] DEBUG:colcon.colcon_parallel_executor.executor.parallel:run_until_complete
[0.797s] INFO:colcon.colcon_ros.task.ament_python.build:Building ROS package in '/home/alberto/tiago_public_ws/src/launch_pal' with build type 'ament_python'
[0.797s] Level 1:colcon.colcon_core.shell:create_environment_hook('launch_pal', 'ament_prefix_path')
[0.806s] INFO:colcon.colcon_core.plugin_system:Skipping extension 'colcon_core.shell.bat': Not used on non-Windows systems
[0.806s] INFO:colcon.colcon_core.shell:Creating environment hook '/home/alberto/tiago_public_ws/install/launch_pal/share/launch_pal/hook/ament_prefix_path.ps1'
[0.807s] INFO:colcon.colcon_core.shell:Creating environment descriptor '/home/alberto/tiago_public_ws/install/launch_pal/share/launch_pal/hook/ament_prefix_path.dsv'
[0.808s] INFO:colcon.colcon_core.shell:Creating environment hook '/home/alberto/tiago_public_ws/install/launch_pal/share/launch_pal/hook/ament_prefix_path.sh'
[0.809s] INFO:colcon.colcon_core.shell:Skip shell extension 'powershell' for command environment: Not usable outside of PowerShell
[0.809s] DEBUG:colcon.colcon_core.shell:Skip shell extension 'dsv' for command environment
[0.813s] INFO:colcon.colcon_ros.task.ament_cmake.build:Building ROS package in '/home/alberto/tiago_public_ws/src/pal_urdf_utils' with build type 'ament_cmake'
[0.813s] INFO:colcon.colcon_cmake.task.cmake.build:Building CMake package in '/home/alberto/tiago_public_ws/src/pal_urdf_utils'
[0.813s] INFO:colcon.colcon_core.shell:Skip shell extension 'powershell' for command environment: Not usable outside of PowerShell
[0.813s] DEBUG:colcon.colcon_core.shell:Skip shell extension 'dsv' for command environment
[0.816s] INFO:colcon.colcon_ros.task.ament_cmake.build:Building ROS package in '/home/alberto/tiago_public_ws/src/urdf_test' with build type 'ament_cmake'
[0.816s] INFO:colcon.colcon_cmake.task.cmake.build:Building CMake package in '/home/alberto/tiago_public_ws/src/urdf_test'
[0.816s] INFO:colcon.colcon_core.shell:Skip shell extension 'powershell' for command environment: Not usable outside of PowerShell
[0.816s] DEBUG:colcon.colcon_core.shell:Skip shell extension 'dsv' for command environment
[0.822s] INFO:colcon.colcon_ros.task.ament_cmake.build:Building ROS package in '/home/alberto/tiago_public_ws/src/pal_gripper/pal_gripper_controller_configuration' with build type 'ament_cmake'
[0.822s] INFO:colcon.colcon_cmake.task.cmake.build:Building CMake package in '/home/alberto/tiago_public_ws/src/pal_gripper/pal_gripper_controller_configuration'
[0.822s] INFO:colcon.colcon_core.shell:Skip shell extension 'powershell' for command environment: Not usable outside of PowerShell
[0.822s] DEBUG:colcon.colcon_core.shell:Skip shell extension 'dsv' for command environment
[0.827s] INFO:colcon.colcon_ros.task.ament_cmake.build:Building ROS package in '/home/alberto/tiago_public_ws/src/pal_robotiq_gripper/pal_robotiq_description' with build type 'ament_cmake'
[0.827s] INFO:colcon.colcon_cmake.task.cmake.build:Building CMake package in '/home/alberto/tiago_public_ws/src/pal_robotiq_gripper/pal_robotiq_description'
[0.827s] INFO:colcon.colcon_core.shell:Skip shell extension 'powershell' for command environment: Not usable outside of PowerShell
[0.828s] DEBUG:colcon.colcon_core.shell:Skip shell extension 'dsv' for command environment
[0.831s] INFO:colcon.colcon_ros.task.ament_cmake.build:Building ROS package in '/home/alberto/tiago_public_ws/src/pal_hey5/pal_hey5_controller_configuration' with build type 'ament_cmake'
[0.831s] INFO:colcon.colcon_cmake.task.cmake.build:Building CMake package in '/home/alberto/tiago_public_ws/src/pal_hey5/pal_hey5_controller_configuration'
[0.831s] INFO:colcon.colcon_core.shell:Skip shell extension 'powershell' for command environment: Not usable outside of PowerShell
[0.831s] DEBUG:colcon.colcon_core.shell:Skip shell extension 'dsv' for command environment
[0.834s] INFO:colcon.colcon_ros.task.ament_cmake.build:Building ROS package in '/home/alberto/tiago_public_ws/src/pal_robotiq_gripper/pal_robotiq_controller_configuration' with build type 'ament_cmake'
[0.834s] INFO:colcon.colcon_cmake.task.cmake.build:Building CMake package in '/home/alberto/tiago_public_ws/src/pal_robotiq_gripper/pal_robotiq_controller_configuration'
[0.834s] INFO:colcon.colcon_core.shell:Skip shell extension 'powershell' for command environment: Not usable outside of PowerShell
[0.834s] DEBUG:colcon.colcon_core.shell:Skip shell extension 'dsv' for command environment
[0.839s] INFO:colcon.colcon_ros.task.ament_cmake.build:Building ROS package in '/home/alberto/tiago_public_ws/src/play_motion2/play_motion2_msgs' with build type 'ament_cmake'
[0.839s] INFO:colcon.colcon_cmake.task.cmake.build:Building CMake package in '/home/alberto/tiago_public_ws/src/play_motion2/play_motion2_msgs'
[0.840s] INFO:colcon.colcon_core.shell:Skip shell extension 'powershell' for command environment: Not usable outside of PowerShell
[0.840s] DEBUG:colcon.colcon_core.shell:Skip shell extension 'dsv' for command environment
[0.844s] INFO:colcon.colcon_ros.task.ament_cmake.build:Building ROS package in '/home/alberto/tiago_public_ws/src/pmb2_navigation/pmb2_laser_sensors' with build type 'ament_cmake'
[0.844s] INFO:colcon.colcon_cmake.task.cmake.build:Building CMake package in '/home/alberto/tiago_public_ws/src/pmb2_navigation/pmb2_laser_sensors'
[0.844s] INFO:colcon.colcon_core.shell:Skip shell extension 'powershell' for command environment: Not usable outside of PowerShell
[0.844s] DEBUG:colcon.colcon_core.shell:Skip shell extension 'dsv' for command environment
[0.847s] INFO:colcon.colcon_ros.task.ament_cmake.build:Building ROS package in '/home/alberto/tiago_public_ws/src/pal_gazebo_worlds' with build type 'ament_cmake'
[0.847s] INFO:colcon.colcon_cmake.task.cmake.build:Building CMake package in '/home/alberto/tiago_public_ws/src/pal_gazebo_worlds'
[0.847s] INFO:colcon.colcon_core.shell:Skip shell extension 'powershell' for command environment: Not usable outside of PowerShell
[0.848s] DEBUG:colcon.colcon_core.shell:Skip shell extension 'dsv' for command environment
[0.851s] INFO:colcon.colcon_ros.task.ament_cmake.build:Building ROS package in '/home/alberto/tiago_public_ws/src/pal_navigation_cfg_public/pal_navigation_cfg_params' with build type 'ament_cmake'
[0.851s] INFO:colcon.colcon_cmake.task.cmake.build:Building CMake package in '/home/alberto/tiago_public_ws/src/pal_navigation_cfg_public/pal_navigation_cfg_params'
[0.852s] INFO:colcon.colcon_core.shell:Skip shell extension 'powershell' for command environment: Not usable outside of PowerShell
[0.852s] DEBUG:colcon.colcon_core.shell:Skip shell extension 'dsv' for command environment
[0.855s] INFO:colcon.colcon_ros.task.ament_cmake.build:Building ROS package in '/home/alberto/tiago_public_ws/src/tiago_navigation/tiago_rgbd_sensors' with build type 'ament_cmake'
[0.855s] INFO:colcon.colcon_cmake.task.cmake.build:Building CMake package in '/home/alberto/tiago_public_ws/src/tiago_navigation/tiago_rgbd_sensors'
[0.856s] INFO:colcon.colcon_core.shell:Skip shell extension 'powershell' for command environment: Not usable outside of PowerShell
[0.856s] DEBUG:colcon.colcon_core.shell:Skip shell extension 'dsv' for command environment
[1.119s] INFO:colcon.colcon_core.task.python.build:Building Python package in '/home/alberto/tiago_public_ws/src/launch_pal'
[1.119s] INFO:colcon.colcon_core.shell:Skip shell extension 'powershell' for command environment: Not usable outside of PowerShell
[1.120s] DEBUG:colcon.colcon_core.shell:Skip shell extension 'dsv' for command environment
[1.132s] DEBUG:colcon.colcon_core.event_handler.log_command:Invoking command in '/home/alberto/tiago_public_ws/build/pal_urdf_utils': CMAKE_PREFIX_PATH=/opt/ros/humble /usr/bin/cmake --build /home/alberto/tiago_public_ws/build/pal_urdf_utils -- -j12 -l12
[1.137s] DEBUG:colcon.colcon_core.event_handler.log_command:Invoking command in '/home/alberto/tiago_public_ws/build/urdf_test': CMAKE_PREFIX_PATH=/opt/ros/humble /usr/bin/cmake --build /home/alberto/tiago_public_ws/build/urdf_test -- -j12 -l12
[1.140s] DEBUG:colcon.colcon_core.event_handler.log_command:Invoking command in '/home/alberto/tiago_public_ws/build/pal_gripper_controller_configuration': CMAKE_PREFIX_PATH=/opt/ros/humble /usr/bin/cmake --build /home/alberto/tiago_public_ws/build/pal_gripper_controller_configuration -- -j12 -l12
[1.142s] DEBUG:colcon.colcon_core.event_handler.log_command:Invoking command in '/home/alberto/tiago_public_ws/build/pal_robotiq_description': CMAKE_PREFIX_PATH=/opt/ros/humble /usr/bin/cmake --build /home/alberto/tiago_public_ws/build/pal_robotiq_description -- -j12 -l12
[1.146s] DEBUG:colcon.colcon_core.event_handler.log_command:Invoking command in '/home/alberto/tiago_public_ws/build/pal_hey5_controller_configuration': CMAKE_PREFIX_PATH=/opt/ros/humble /usr/bin/cmake --build /home/alberto/tiago_public_ws/build/pal_hey5_controller_configuration -- -j12 -l12
[1.150s] DEBUG:colcon.colcon_core.event_handler.log_command:Invoking command in '/home/alberto/tiago_public_ws/build/pal_robotiq_controller_configuration': CMAKE_PREFIX_PATH=/opt/ros/humble /usr/bin/cmake --build /home/alberto/tiago_public_ws/build/pal_robotiq_controller_configuration -- -j12 -l12
[1.157s] DEBUG:colcon.colcon_core.event_handler.log_command:Invoking command in '/home/alberto/tiago_public_ws/build/play_motion2_msgs': CMAKE_PREFIX_PATH=/opt/ros/humble /usr/bin/cmake --build /home/alberto/tiago_public_ws/build/play_motion2_msgs -- -j12 -l12
[1.162s] DEBUG:colcon.colcon_core.event_handler.log_command:Invoking command in '/home/alberto/tiago_public_ws/build/pmb2_laser_sensors': CMAKE_PREFIX_PATH=/opt/ros/humble /usr/bin/cmake --build /home/alberto/tiago_public_ws/build/pmb2_laser_sensors -- -j12 -l12
[1.166s] DEBUG:colcon.colcon_core.event_handler.log_command:Invoking command in '/home/alberto/tiago_public_ws/build/pal_gazebo_worlds': CMAKE_PREFIX_PATH=/opt/ros/humble /usr/bin/cmake --build /home/alberto/tiago_public_ws/build/pal_gazebo_worlds -- -j12 -l12
[1.173s] DEBUG:colcon.colcon_core.event_handler.log_command:Invoking command in '/home/alberto/tiago_public_ws/build/pal_navigation_cfg_params': CMAKE_PREFIX_PATH=/opt/ros/humble /usr/bin/cmake --build /home/alberto/tiago_public_ws/build/pal_navigation_cfg_params -- -j12 -l12
[1.190s] DEBUG:colcon.colcon_core.event_handler.log_command:Invoking command in '/home/alberto/tiago_public_ws/build/tiago_rgbd_sensors': CMAKE_PREFIX_PATH=/opt/ros/humble /usr/bin/cmake --build /home/alberto/tiago_public_ws/build/tiago_rgbd_sensors -- -j12 -l12
[1.282s] DEBUG:colcon.colcon_core.event_handler.log_command:Invoked command in '/home/alberto/tiago_public_ws/build/pal_robotiq_description' returned '0': CMAKE_PREFIX_PATH=/opt/ros/humble /usr/bin/cmake --build /home/alberto/tiago_public_ws/build/pal_robotiq_description -- -j12 -l12
[1.296s] DEBUG:colcon.colcon_core.event_handler.log_command:Invoking command in '/home/alberto/tiago_public_ws/build/pal_robotiq_description': CMAKE_PREFIX_PATH=/opt/ros/humble /usr/bin/cmake --install /home/alberto/tiago_public_ws/build/pal_robotiq_description
[1.296s] DEBUG:colcon.colcon_core.event_handler.log_command:Invoked command in '/home/alberto/tiago_public_ws/build/pmb2_laser_sensors' returned '0': CMAKE_PREFIX_PATH=/opt/ros/humble /usr/bin/cmake --build /home/alberto/tiago_public_ws/build/pmb2_laser_sensors -- -j12 -l12
[1.299s] DEBUG:colcon.colcon_core.event_handler.log_command:Invoking command in '/home/alberto/tiago_public_ws/build/pmb2_laser_sensors': CMAKE_PREFIX_PATH=/opt/ros/humble /usr/bin/cmake --install /home/alberto/tiago_public_ws/build/pmb2_laser_sensors
[1.301s] DEBUG:colcon.colcon_core.event_handler.log_command:Invoked command in '/home/alberto/tiago_public_ws/build/pal_navigation_cfg_params' returned '0': CMAKE_PREFIX_PATH=/opt/ros/humble /usr/bin/cmake --build /home/alberto/tiago_public_ws/build/pal_navigation_cfg_params -- -j12 -l12
[1.308s] DEBUG:colcon.colcon_core.event_handler.log_command:Invoking command in '/home/alberto/tiago_public_ws/build/pal_navigation_cfg_params': CMAKE_PREFIX_PATH=/opt/ros/humble /usr/bin/cmake --install /home/alberto/tiago_public_ws/build/pal_navigation_cfg_params
[1.308s] DEBUG:colcon.colcon_core.event_handler.log_command:Invoked command in '/home/alberto/tiago_public_ws/build/pal_urdf_utils' returned '0': CMAKE_PREFIX_PATH=/opt/ros/humble /usr/bin/cmake --build /home/alberto/tiago_public_ws/build/pal_urdf_utils -- -j12 -l12
[1.312s] DEBUG:colcon.colcon_core.event_handler.log_command:Invoking command in '/home/alberto/tiago_public_ws/build/pal_urdf_utils': CMAKE_PREFIX_PATH=/opt/ros/humble /usr/bin/cmake --install /home/alberto/tiago_public_ws/build/pal_urdf_utils
[1.313s] DEBUG:colcon.colcon_core.event_handler.log_command:Invoked command in '/home/alberto/tiago_public_ws/build/pal_robotiq_controller_configuration' returned '0': CMAKE_PREFIX_PATH=/opt/ros/humble /usr/bin/cmake --build /home/alberto/tiago_public_ws/build/pal_robotiq_controller_configuration -- -j12 -l12
[1.320s] DEBUG:colcon.colcon_core.event_handler.log_command:Invoking command in '/home/alberto/tiago_public_ws/build/pal_robotiq_controller_configuration': CMAKE_PREFIX_PATH=/opt/ros/humble /usr/bin/cmake --install /home/alberto/tiago_public_ws/build/pal_robotiq_controller_configuration
[1.322s] DEBUG:colcon.colcon_core.event_handler.log_command:Invoked command in '/home/alberto/tiago_public_ws/build/pal_gripper_controller_configuration' returned '0': CMAKE_PREFIX_PATH=/opt/ros/humble /usr/bin/cmake --build /home/alberto/tiago_public_ws/build/pal_gripper_controller_configuration -- -j12 -l12
[1.328s] DEBUG:colcon.colcon_core.event_handler.log_command:Invoking command in '/home/alberto/tiago_public_ws/build/pal_gripper_controller_configuration': CMAKE_PREFIX_PATH=/opt/ros/humble /usr/bin/cmake --install /home/alberto/tiago_public_ws/build/pal_gripper_controller_configuration
[1.331s] DEBUG:colcon.colcon_core.event_handler.log_command:Invoked command in '/home/alberto/tiago_public_ws/build/tiago_rgbd_sensors' returned '0': CMAKE_PREFIX_PATH=/opt/ros/humble /usr/bin/cmake --build /home/alberto/tiago_public_ws/build/tiago_rgbd_sensors -- -j12 -l12
[1.346s] DEBUG:colcon.colcon_core.event_handler.log_command:Invoking command in '/home/alberto/tiago_public_ws/build/tiago_rgbd_sensors': CMAKE_PREFIX_PATH=/opt/ros/humble /usr/bin/cmake --install /home/alberto/tiago_public_ws/build/tiago_rgbd_sensors
[1.346s] DEBUG:colcon.colcon_core.event_handler.log_command:Invoked command in '/home/alberto/tiago_public_ws/build/pal_hey5_controller_configuration' returned '0': CMAKE_PREFIX_PATH=/opt/ros/humble /usr/bin/cmake --build /home/alberto/tiago_public_ws/build/pal_hey5_controller_configuration -- -j12 -l12
[1.349s] DEBUG:colcon.colcon_core.event_handler.log_command:Invoking command in '/home/alberto/tiago_public_ws/build/pal_hey5_controller_configuration': CMAKE_PREFIX_PATH=/opt/ros/humble /usr/bin/cmake --install /home/alberto/tiago_public_ws/build/pal_hey5_controller_configuration
[1.355s] DEBUG:colcon.colcon_core.event_handler.log_command:Invoked command in '/home/alberto/tiago_public_ws/build/pal_gazebo_worlds' returned '0': CMAKE_PREFIX_PATH=/opt/ros/humble /usr/bin/cmake --build /home/alberto/tiago_public_ws/build/pal_gazebo_worlds -- -j12 -l12
[1.366s] DEBUG:colcon.colcon_core.event_handler.log_command:Invoking command in '/home/alberto/tiago_public_ws/build/pal_gazebo_worlds': CMAKE_PREFIX_PATH=/opt/ros/humble /usr/bin/cmake --install /home/alberto/tiago_public_ws/build/pal_gazebo_worlds
[1.384s] Level 1:colcon.colcon_core.environment:create_environment_scripts_only(pal_navigation_cfg_params)
[1.409s] DEBUG:colcon.colcon_core.event_handler.log_command:Invoked command in '/home/alberto/tiago_public_ws/build/pal_navigation_cfg_params' returned '0': CMAKE_PREFIX_PATH=/opt/ros/humble /usr/bin/cmake --install /home/alberto/tiago_public_ws/build/pal_navigation_cfg_params
[1.440s] Level 1:colcon.colcon_core.environment:checking '/home/alberto/tiago_public_ws/install/pal_navigation_cfg_params' for CMake module files
[1.441s] Level 1:colcon.colcon_core.environment:checking '/home/alberto/tiago_public_ws/install/pal_navigation_cfg_params' for CMake config files
[1.442s] Level 1:colcon.colcon_core.shell:create_environment_hook('pal_navigation_cfg_params', 'cmake_prefix_path')
[1.442s] INFO:colcon.colcon_core.shell:Creating environment hook '/home/alberto/tiago_public_ws/install/pal_navigation_cfg_params/share/pal_navigation_cfg_params/hook/cmake_prefix_path.ps1'
[1.443s] INFO:colcon.colcon_core.shell:Creating environment descriptor '/home/alberto/tiago_public_ws/install/pal_navigation_cfg_params/share/pal_navigation_cfg_params/hook/cmake_prefix_path.dsv'
[1.444s] INFO:colcon.colcon_core.shell:Creating environment hook '/home/alberto/tiago_public_ws/install/pal_navigation_cfg_params/share/pal_navigation_cfg_params/hook/cmake_prefix_path.sh'
[1.445s] Level 1:colcon.colcon_core.environment:checking '/home/alberto/tiago_public_ws/install/pal_navigation_cfg_params/bin'
[1.445s] Level 1:colcon.colcon_core.environment:checking '/home/alberto/tiago_public_ws/install/pal_navigation_cfg_params/lib/pkgconfig/pal_navigation_cfg_params.pc'
[1.445s] Level 1:colcon.colcon_core.environment:checking '/home/alberto/tiago_public_ws/install/pal_navigation_cfg_params/lib/python3.10/site-packages'
[1.445s] Level 1:colcon.colcon_core.environment:checking '/home/alberto/tiago_public_ws/install/pal_navigation_cfg_params/bin'
[1.446s] INFO:colcon.colcon_core.shell:Creating package script '/home/alberto/tiago_public_ws/install/pal_navigation_cfg_params/share/pal_navigation_cfg_params/package.ps1'
[1.448s] INFO:colcon.colcon_core.shell:Creating package descriptor '/home/alberto/tiago_public_ws/install/pal_navigation_cfg_params/share/pal_navigation_cfg_params/package.dsv'
[1.449s] INFO:colcon.colcon_core.shell:Creating package script '/home/alberto/tiago_public_ws/install/pal_navigation_cfg_params/share/pal_navigation_cfg_params/package.sh'
[1.451s] INFO:colcon.colcon_core.shell:Creating package script '/home/alberto/tiago_public_ws/install/pal_navigation_cfg_params/share/pal_navigation_cfg_params/package.bash'
[1.454s] INFO:colcon.colcon_core.shell:Creating package script '/home/alberto/tiago_public_ws/install/pal_navigation_cfg_params/share/pal_navigation_cfg_params/package.zsh'
[1.457s] Level 1:colcon.colcon_core.environment:create_file_with_runtime_dependencies(/home/alberto/tiago_public_ws/install/pal_navigation_cfg_params/share/colcon-core/packages/pal_navigation_cfg_params)
[1.458s] Level 1:colcon.colcon_core.environment:create_environment_scripts_only(pal_navigation_cfg_params)
[1.458s] Level 1:colcon.colcon_core.environment:checking '/home/alberto/tiago_public_ws/install/pal_navigation_cfg_params' for CMake module files
[1.459s] Level 1:colcon.colcon_core.environment:checking '/home/alberto/tiago_public_ws/install/pal_navigation_cfg_params' for CMake config files
[1.459s] Level 1:colcon.colcon_core.shell:create_environment_hook('pal_navigation_cfg_params', 'cmake_prefix_path')
[1.460s] INFO:colcon.colcon_core.shell:Creating environment hook '/home/alberto/tiago_public_ws/install/pal_navigation_cfg_params/share/pal_navigation_cfg_params/hook/cmake_prefix_path.ps1'
[1.461s] INFO:colcon.colcon_core.shell:Creating environment descriptor '/home/alberto/tiago_public_ws/install/pal_navigation_cfg_params/share/pal_navigation_cfg_params/hook/cmake_prefix_path.dsv'
[1.462s] INFO:colcon.colcon_core.shell:Creating environment hook '/home/alberto/tiago_public_ws/install/pal_navigation_cfg_params/share/pal_navigation_cfg_params/hook/cmake_prefix_path.sh'
[1.463s] Level 1:colcon.colcon_core.environment:checking '/home/alberto/tiago_public_ws/install/pal_navigation_cfg_params/bin'
[1.463s] Level 1:colcon.colcon_core.environment:checking '/home/alberto/tiago_public_ws/install/pal_navigation_cfg_params/lib/pkgconfig/pal_navigation_cfg_params.pc'
[1.464s] Level 1:colcon.colcon_core.environment:checking '/home/alberto/tiago_public_ws/install/pal_navigation_cfg_params/lib/python3.10/site-packages'
[1.464s] Level 1:colcon.colcon_core.environment:checking '/home/alberto/tiago_public_ws/install/pal_navigation_cfg_params/bin'
[1.464s] INFO:colcon.colcon_core.shell:Creating package script '/home/alberto/tiago_public_ws/install/pal_navigation_cfg_params/share/pal_navigation_cfg_params/package.ps1'
[1.466s] INFO:colcon.colcon_core.shell:Creating package descriptor '/home/alberto/tiago_public_ws/install/pal_navigation_cfg_params/share/pal_navigation_cfg_params/package.dsv'
[1.467s] INFO:colcon.colcon_core.shell:Creating package script '/home/alberto/tiago_public_ws/install/pal_navigation_cfg_params/share/pal_navigation_cfg_params/package.sh'
[1.468s] INFO:colcon.colcon_core.shell:Creating package script '/home/alberto/tiago_public_ws/install/pal_navigation_cfg_params/share/pal_navigation_cfg_params/package.bash'
[1.468s] INFO:colcon.colcon_core.shell:Creating package script '/home/alberto/tiago_public_ws/install/pal_navigation_cfg_params/share/pal_navigation_cfg_params/package.zsh'
[1.469s] Level 1:colcon.colcon_core.environment:create_file_with_runtime_dependencies(/home/alberto/tiago_public_ws/install/pal_navigation_cfg_params/share/colcon-core/packages/pal_navigation_cfg_params)
[1.469s] Level 1:colcon.colcon_core.environment:create_environment_scripts_only(pmb2_laser_sensors)
[1.470s] Level 1:colcon.colcon_core.environment:checking '/home/alberto/tiago_public_ws/install/pmb2_laser_sensors' for CMake module files
[1.471s] DEBUG:colcon.colcon_core.event_handler.log_command:Invoked command in '/home/alberto/tiago_public_ws/build/pmb2_laser_sensors' returned '0': CMAKE_PREFIX_PATH=/opt/ros/humble /usr/bin/cmake --install /home/alberto/tiago_public_ws/build/pmb2_laser_sensors
[1.472s] Level 1:colcon.colcon_core.environment:checking '/home/alberto/tiago_public_ws/install/pmb2_laser_sensors' for CMake config files
[1.472s] Level 1:colcon.colcon_core.shell:create_environment_hook('pmb2_laser_sensors', 'cmake_prefix_path')
[1.472s] INFO:colcon.colcon_core.shell:Creating environment hook '/home/alberto/tiago_public_ws/install/pmb2_laser_sensors/share/pmb2_laser_sensors/hook/cmake_prefix_path.ps1'
[1.473s] INFO:colcon.colcon_core.shell:Creating environment descriptor '/home/alberto/tiago_public_ws/install/pmb2_laser_sensors/share/pmb2_laser_sensors/hook/cmake_prefix_path.dsv'
[1.473s] INFO:colcon.colcon_core.shell:Creating environment hook '/home/alberto/tiago_public_ws/install/pmb2_laser_sensors/share/pmb2_laser_sensors/hook/cmake_prefix_path.sh'
[1.474s] Level 1:colcon.colcon_core.environment:checking '/home/alberto/tiago_public_ws/install/pmb2_laser_sensors/bin'
[1.474s] Level 1:colcon.colcon_core.environment:checking '/home/alberto/tiago_public_ws/install/pmb2_laser_sensors/lib/pkgconfig/pmb2_laser_sensors.pc'
[1.474s] Level 1:colcon.colcon_core.environment:checking '/home/alberto/tiago_public_ws/install/pmb2_laser_sensors/lib/python3.10/site-packages'
[1.474s] Level 1:colcon.colcon_core.environment:checking '/home/alberto/tiago_public_ws/install/pmb2_laser_sensors/bin'
[1.475s] INFO:colcon.colcon_core.shell:Creating package script '/home/alberto/tiago_public_ws/install/pmb2_laser_sensors/share/pmb2_laser_sensors/package.ps1'
[1.475s] INFO:colcon.colcon_core.shell:Creating package descriptor '/home/alberto/tiago_public_ws/install/pmb2_laser_sensors/share/pmb2_laser_sensors/package.dsv'
[1.476s] INFO:colcon.colcon_core.shell:Creating package script '/home/alberto/tiago_public_ws/install/pmb2_laser_sensors/share/pmb2_laser_sensors/package.sh'
[1.476s] INFO:colcon.colcon_core.shell:Creating package script '/home/alberto/tiago_public_ws/install/pmb2_laser_sensors/share/pmb2_laser_sensors/package.bash'
[1.477s] INFO:colcon.colcon_core.shell:Creating package script '/home/alberto/tiago_public_ws/install/pmb2_laser_sensors/share/pmb2_laser_sensors/package.zsh'
[1.477s] Level 1:colcon.colcon_core.environment:create_file_with_runtime_dependencies(/home/alberto/tiago_public_ws/install/pmb2_laser_sensors/share/colcon-core/packages/pmb2_laser_sensors)
[1.478s] Level 1:colcon.colcon_core.environment:create_environment_scripts_only(pmb2_laser_sensors)
[1.478s] Level 1:colcon.colcon_core.environment:checking '/home/alberto/tiago_public_ws/install/pmb2_laser_sensors' for CMake module files
[1.479s] Level 1:colcon.colcon_core.environment:checking '/home/alberto/tiago_public_ws/install/pmb2_laser_sensors' for CMake config files
[1.479s] Level 1:colcon.colcon_core.shell:create_environment_hook('pmb2_laser_sensors', 'cmake_prefix_path')
[1.479s] INFO:colcon.colcon_core.shell:Creating environment hook '/home/alberto/tiago_public_ws/install/pmb2_laser_sensors/share/pmb2_laser_sensors/hook/cmake_prefix_path.ps1'
[1.480s] INFO:colcon.colcon_core.shell:Creating environment descriptor '/home/alberto/tiago_public_ws/install/pmb2_laser_sensors/share/pmb2_laser_sensors/hook/cmake_prefix_path.dsv'
[1.480s] INFO:colcon.colcon_core.shell:Creating environment hook '/home/alberto/tiago_public_ws/install/pmb2_laser_sensors/share/pmb2_laser_sensors/hook/cmake_prefix_path.sh'
[1.481s] Level 1:colcon.colcon_core.environment:checking '/home/alberto/tiago_public_ws/install/pmb2_laser_sensors/bin'
[1.481s] Level 1:colcon.colcon_core.environment:checking '/home/alberto/tiago_public_ws/install/pmb2_laser_sensors/lib/pkgconfig/pmb2_laser_sensors.pc'
[1.481s] Level 1:colcon.colcon_core.environment:checking '/home/alberto/tiago_public_ws/install/pmb2_laser_sensors/lib/python3.10/site-packages'
[1.481s] Level 1:colcon.colcon_core.environment:checking '/home/alberto/tiago_public_ws/install/pmb2_laser_sensors/bin'
[1.482s] INFO:colcon.colcon_core.shell:Creating package script '/home/alberto/tiago_public_ws/install/pmb2_laser_sensors/share/pmb2_laser_sensors/package.ps1'
[1.483s] INFO:colcon.colcon_core.shell:Creating package descriptor '/home/alberto/tiago_public_ws/install/pmb2_laser_sensors/share/pmb2_laser_sensors/package.dsv'
[1.483s] INFO:colcon.colcon_core.shell:Creating package script '/home/alberto/tiago_public_ws/install/pmb2_laser_sensors/share/pmb2_laser_sensors/package.sh'
[1.484s] INFO:colcon.colcon_core.shell:Creating package script '/home/alberto/tiago_public_ws/install/pmb2_laser_sensors/share/pmb2_laser_sensors/package.bash'
[1.484s] INFO:colcon.colcon_core.shell:Creating package script '/home/alberto/tiago_public_ws/install/pmb2_laser_sensors/share/pmb2_laser_sensors/package.zsh'
[1.485s] Level 1:colcon.colcon_core.environment:create_file_with_runtime_dependencies(/home/alberto/tiago_public_ws/install/pmb2_laser_sensors/share/colcon-core/packages/pmb2_laser_sensors)
[1.486s] INFO:colcon.colcon_ros.task.ament_cmake.build:Building ROS package in '/home/alberto/tiago_public_ws/src/tiago_navigation/tiago_laser_sensors' with build type 'ament_cmake'
[1.487s] INFO:colcon.colcon_cmake.task.cmake.build:Building CMake package in '/home/alberto/tiago_public_ws/src/tiago_navigation/tiago_laser_sensors'
[1.487s] INFO:colcon.colcon_core.shell:Skip shell extension 'powershell' for command environment: Not usable outside of PowerShell
[1.487s] DEBUG:colcon.colcon_core.shell:Skip shell extension 'dsv' for command environment
[1.496s] Level 1:colcon.colcon_core.environment:create_environment_scripts_only(pal_robotiq_controller_configuration)
[1.496s] Level 1:colcon.colcon_core.environment:checking '/home/alberto/tiago_public_ws/install/pal_robotiq_controller_configuration' for CMake module files
[1.497s] DEBUG:colcon.colcon_core.event_handler.log_command:Invoked command in '/home/alberto/tiago_public_ws/build/pal_robotiq_controller_configuration' returned '0': CMAKE_PREFIX_PATH=/opt/ros/humble /usr/bin/cmake --install /home/alberto/tiago_public_ws/build/pal_robotiq_controller_configuration
[1.498s] Level 1:colcon.colcon_core.environment:checking '/home/alberto/tiago_public_ws/install/pal_robotiq_controller_configuration' for CMake config files
[1.498s] Level 1:colcon.colcon_core.shell:create_environment_hook('pal_robotiq_controller_configuration', 'cmake_prefix_path')
[1.499s] INFO:colcon.colcon_core.shell:Creating environment hook '/home/alberto/tiago_public_ws/install/pal_robotiq_controller_configuration/share/pal_robotiq_controller_configuration/hook/cmake_prefix_path.ps1'
[1.500s] INFO:colcon.colcon_core.shell:Creating environment descriptor '/home/alberto/tiago_public_ws/install/pal_robotiq_controller_configuration/share/pal_robotiq_controller_configuration/hook/cmake_prefix_path.dsv'
[1.500s] INFO:colcon.colcon_core.shell:Creating environment hook '/home/alberto/tiago_public_ws/install/pal_robotiq_controller_configuration/share/pal_robotiq_controller_configuration/hook/cmake_prefix_path.sh'
[1.501s] Level 1:colcon.colcon_core.environment:checking '/home/alberto/tiago_public_ws/install/pal_robotiq_controller_configuration/bin'
[1.501s] Level 1:colcon.colcon_core.environment:checking '/home/alberto/tiago_public_ws/install/pal_robotiq_controller_configuration/lib/pkgconfig/pal_robotiq_controller_configuration.pc'
[1.502s] Level 1:colcon.colcon_core.environment:checking '/home/alberto/tiago_public_ws/install/pal_robotiq_controller_configuration/lib/python3.10/site-packages'
[1.502s] Level 1:colcon.colcon_core.environment:checking '/home/alberto/tiago_public_ws/install/pal_robotiq_controller_configuration/bin'
[1.502s] INFO:colcon.colcon_core.shell:Creating package script '/home/alberto/tiago_public_ws/install/pal_robotiq_controller_configuration/share/pal_robotiq_controller_configuration/package.ps1'
[1.503s] INFO:colcon.colcon_core.shell:Creating package descriptor '/home/alberto/tiago_public_ws/install/pal_robotiq_controller_configuration/share/pal_robotiq_controller_configuration/package.dsv'
[1.504s] INFO:colcon.colcon_core.shell:Creating package script '/home/alberto/tiago_public_ws/install/pal_robotiq_controller_configuration/share/pal_robotiq_controller_configuration/package.sh'
[1.504s] INFO:colcon.colcon_core.shell:Creating package script '/home/alberto/tiago_public_ws/install/pal_robotiq_controller_configuration/share/pal_robotiq_controller_configuration/package.bash'
[1.505s] INFO:colcon.colcon_core.shell:Creating package script '/home/alberto/tiago_public_ws/install/pal_robotiq_controller_configuration/share/pal_robotiq_controller_configuration/package.zsh'
[1.505s] Level 1:colcon.colcon_core.environment:create_file_with_runtime_dependencies(/home/alberto/tiago_public_ws/install/pal_robotiq_controller_configuration/share/colcon-core/packages/pal_robotiq_controller_configuration)
[1.506s] Level 1:colcon.colcon_core.environment:create_environment_scripts_only(pal_robotiq_controller_configuration)
[1.506s] Level 1:colcon.colcon_core.environment:checking '/home/alberto/tiago_public_ws/install/pal_robotiq_controller_configuration' for CMake module files
[1.507s] Level 1:colcon.colcon_core.environment:checking '/home/alberto/tiago_public_ws/install/pal_robotiq_controller_configuration' for CMake config files
[1.507s] Level 1:colcon.colcon_core.shell:create_environment_hook('pal_robotiq_controller_configuration', 'cmake_prefix_path')
[1.507s] INFO:colcon.colcon_core.shell:Creating environment hook '/home/alberto/tiago_public_ws/install/pal_robotiq_controller_configuration/share/pal_robotiq_controller_configuration/hook/cmake_prefix_path.ps1'
[1.508s] INFO:colcon.colcon_core.shell:Creating environment descriptor '/home/alberto/tiago_public_ws/install/pal_robotiq_controller_configuration/share/pal_robotiq_controller_configuration/hook/cmake_prefix_path.dsv'
[1.509s] INFO:colcon.colcon_core.shell:Creating environment hook '/home/alberto/tiago_public_ws/install/pal_robotiq_controller_configuration/share/pal_robotiq_controller_configuration/hook/cmake_prefix_path.sh'
[1.509s] Level 1:colcon.colcon_core.environment:checking '/home/alberto/tiago_public_ws/install/pal_robotiq_controller_configuration/bin'
[1.509s] Level 1:colcon.colcon_core.environment:checking '/home/alberto/tiago_public_ws/install/pal_robotiq_controller_configuration/lib/pkgconfig/pal_robotiq_controller_configuration.pc'
[1.510s] Level 1:colcon.colcon_core.environment:checking '/home/alberto/tiago_public_ws/install/pal_robotiq_controller_configuration/lib/python3.10/site-packages'
[1.510s] Level 1:colcon.colcon_core.environment:checking '/home/alberto/tiago_public_ws/install/pal_robotiq_controller_configuration/bin'
[1.510s] INFO:colcon.colcon_core.shell:Creating package script '/home/alberto/tiago_public_ws/install/pal_robotiq_controller_configuration/share/pal_robotiq_controller_configuration/package.ps1'
[1.512s] INFO:colcon.colcon_core.shell:Creating package descriptor '/home/alberto/tiago_public_ws/install/pal_robotiq_controller_configuration/share/pal_robotiq_controller_configuration/package.dsv'
[1.514s] INFO:colcon.colcon_core.shell:Creating package script '/home/alberto/tiago_public_ws/install/pal_robotiq_controller_configuration/share/pal_robotiq_controller_configuration/package.sh'
[1.515s] INFO:colcon.colcon_core.shell:Creating package script '/home/alberto/tiago_public_ws/install/pal_robotiq_controller_configuration/share/pal_robotiq_controller_configuration/package.bash'
[1.515s] INFO:colcon.colcon_core.shell:Creating package script '/home/alberto/tiago_public_ws/install/pal_robotiq_controller_configuration/share/pal_robotiq_controller_configuration/package.zsh'
[1.516s] Level 1:colcon.colcon_core.environment:create_file_with_runtime_dependencies(/home/alberto/tiago_public_ws/install/pal_robotiq_controller_configuration/share/colcon-core/packages/pal_robotiq_controller_configuration)
[1.517s] Level 1:colcon.colcon_core.environment:create_environment_scripts_only(pal_robotiq_description)
[1.517s] Level 1:colcon.colcon_core.environment:checking '/home/alberto/tiago_public_ws/install/pal_robotiq_description' for CMake module files
[1.519s] DEBUG:colcon.colcon_core.event_handler.log_command:Invoked command in '/home/alberto/tiago_public_ws/build/pal_robotiq_description' returned '0': CMAKE_PREFIX_PATH=/opt/ros/humble /usr/bin/cmake --install /home/alberto/tiago_public_ws/build/pal_robotiq_description
[1.520s] Level 1:colcon.colcon_core.environment:checking '/home/alberto/tiago_public_ws/install/pal_robotiq_description' for CMake config files
[1.520s] Level 1:colcon.colcon_core.shell:create_environment_hook('pal_robotiq_description', 'cmake_prefix_path')
[1.521s] INFO:colcon.colcon_core.shell:Creating environment hook '/home/alberto/tiago_public_ws/install/pal_robotiq_description/share/pal_robotiq_description/hook/cmake_prefix_path.ps1'
[1.522s] INFO:colcon.colcon_core.shell:Creating environment descriptor '/home/alberto/tiago_public_ws/install/pal_robotiq_description/share/pal_robotiq_description/hook/cmake_prefix_path.dsv'
[1.523s] INFO:colcon.colcon_core.shell:Creating environment hook '/home/alberto/tiago_public_ws/install/pal_robotiq_description/share/pal_robotiq_description/hook/cmake_prefix_path.sh'
[1.523s] Level 1:colcon.colcon_core.environment:checking '/home/alberto/tiago_public_ws/install/pal_robotiq_description/bin'
[1.524s] Level 1:colcon.colcon_core.environment:checking '/home/alberto/tiago_public_ws/install/pal_robotiq_description/lib/pkgconfig/pal_robotiq_description.pc'
[1.524s] Level 1:colcon.colcon_core.environment:checking '/home/alberto/tiago_public_ws/install/pal_robotiq_description/lib/python3.10/site-packages'
[1.524s] Level 1:colcon.colcon_core.environment:checking '/home/alberto/tiago_public_ws/install/pal_robotiq_description/bin'
[1.524s] INFO:colcon.colcon_core.shell:Creating package script '/home/alberto/tiago_public_ws/install/pal_robotiq_description/share/pal_robotiq_description/package.ps1'
[1.527s] INFO:colcon.colcon_core.shell:Creating package descriptor '/home/alberto/tiago_public_ws/install/pal_robotiq_description/share/pal_robotiq_description/package.dsv'
[1.527s] INFO:colcon.colcon_core.shell:Creating package script '/home/alberto/tiago_public_ws/install/pal_robotiq_description/share/pal_robotiq_description/package.sh'
[1.528s] INFO:colcon.colcon_core.shell:Creating package script '/home/alberto/tiago_public_ws/install/pal_robotiq_description/share/pal_robotiq_description/package.bash'
[1.528s] INFO:colcon.colcon_core.shell:Creating package script '/home/alberto/tiago_public_ws/install/pal_robotiq_description/share/pal_robotiq_description/package.zsh'
[1.529s] Level 1:colcon.colcon_core.environment:create_file_with_runtime_dependencies(/home/alberto/tiago_public_ws/install/pal_robotiq_description/share/colcon-core/packages/pal_robotiq_description)
[1.530s] Level 1:colcon.colcon_core.environment:create_environment_scripts_only(pal_robotiq_description)
[1.530s] Level 1:colcon.colcon_core.environment:checking '/home/alberto/tiago_public_ws/install/pal_robotiq_description' for CMake module files
[1.532s] Level 1:colcon.colcon_core.environment:checking '/home/alberto/tiago_public_ws/install/pal_robotiq_description' for CMake config files
[1.532s] Level 1:colcon.colcon_core.shell:create_environment_hook('pal_robotiq_description', 'cmake_prefix_path')
[1.532s] INFO:colcon.colcon_core.shell:Creating environment hook '/home/alberto/tiago_public_ws/install/pal_robotiq_description/share/pal_robotiq_description/hook/cmake_prefix_path.ps1'
[1.533s] INFO:colcon.colcon_core.shell:Creating environment descriptor '/home/alberto/tiago_public_ws/install/pal_robotiq_description/share/pal_robotiq_description/hook/cmake_prefix_path.dsv'
[1.534s] INFO:colcon.colcon_core.shell:Creating environment hook '/home/alberto/tiago_public_ws/install/pal_robotiq_description/share/pal_robotiq_description/hook/cmake_prefix_path.sh'
[1.535s] Level 1:colcon.colcon_core.environment:checking '/home/alberto/tiago_public_ws/install/pal_robotiq_description/bin'
[1.535s] Level 1:colcon.colcon_core.environment:checking '/home/alberto/tiago_public_ws/install/pal_robotiq_description/lib/pkgconfig/pal_robotiq_description.pc'
[1.535s] Level 1:colcon.colcon_core.environment:checking '/home/alberto/tiago_public_ws/install/pal_robotiq_description/lib/python3.10/site-packages'
[1.536s] Level 1:colcon.colcon_core.environment:checking '/home/alberto/tiago_public_ws/install/pal_robotiq_description/bin'
[1.536s] INFO:colcon.colcon_core.shell:Creating package script '/home/alberto/tiago_public_ws/install/pal_robotiq_description/share/pal_robotiq_description/package.ps1'
[1.538s] INFO:colcon.colcon_core.shell:Creating package descriptor '/home/alberto/tiago_public_ws/install/pal_robotiq_description/share/pal_robotiq_description/package.dsv'
[1.539s] INFO:colcon.colcon_core.shell:Creating package script '/home/alberto/tiago_public_ws/install/pal_robotiq_description/share/pal_robotiq_description/package.sh'
[1.540s] INFO:colcon.colcon_core.shell:Creating package script '/home/alberto/tiago_public_ws/install/pal_robotiq_description/share/pal_robotiq_description/package.bash'
[1.540s] INFO:colcon.colcon_core.shell:Creating package script '/home/alberto/tiago_public_ws/install/pal_robotiq_description/share/pal_robotiq_description/package.zsh'
[1.541s] Level 1:colcon.colcon_core.environment:create_file_with_runtime_dependencies(/home/alberto/tiago_public_ws/install/pal_robotiq_description/share/colcon-core/packages/pal_robotiq_description)
[1.542s] Level 1:colcon.colcon_core.environment:create_environment_scripts_only(tiago_rgbd_sensors)
[1.543s] Level 1:colcon.colcon_core.environment:checking '/home/alberto/tiago_public_ws/install/tiago_rgbd_sensors' for CMake module files
[1.544s] DEBUG:colcon.colcon_core.event_handler.log_command:Invoked command in '/home/alberto/tiago_public_ws/build/tiago_rgbd_sensors' returned '0': CMAKE_PREFIX_PATH=/opt/ros/humble /usr/bin/cmake --install /home/alberto/tiago_public_ws/build/tiago_rgbd_sensors
[1.545s] Level 1:colcon.colcon_core.environment:checking '/home/alberto/tiago_public_ws/install/tiago_rgbd_sensors' for CMake config files
[1.546s] Level 1:colcon.colcon_core.shell:create_environment_hook('tiago_rgbd_sensors', 'cmake_prefix_path')
[1.546s] INFO:colcon.colcon_core.shell:Creating environment hook '/home/alberto/tiago_public_ws/install/tiago_rgbd_sensors/share/tiago_rgbd_sensors/hook/cmake_prefix_path.ps1'
[1.547s] INFO:colcon.colcon_core.shell:Creating environment descriptor '/home/alberto/tiago_public_ws/install/tiago_rgbd_sensors/share/tiago_rgbd_sensors/hook/cmake_prefix_path.dsv'
[1.548s] INFO:colcon.colcon_core.shell:Creating environment hook '/home/alberto/tiago_public_ws/install/tiago_rgbd_sensors/share/tiago_rgbd_sensors/hook/cmake_prefix_path.sh'
[1.549s] Level 1:colcon.colcon_core.environment:checking '/home/alberto/tiago_public_ws/install/tiago_rgbd_sensors/bin'
[1.549s] Level 1:colcon.colcon_core.environment:checking '/home/alberto/tiago_public_ws/install/tiago_rgbd_sensors/lib/pkgconfig/tiago_rgbd_sensors.pc'
[1.549s] Level 1:colcon.colcon_core.environment:checking '/home/alberto/tiago_public_ws/install/tiago_rgbd_sensors/lib/python3.10/site-packages'
[1.549s] Level 1:colcon.colcon_core.environment:checking '/home/alberto/tiago_public_ws/install/tiago_rgbd_sensors/bin'
[1.550s] INFO:colcon.colcon_core.shell:Creating package script '/home/alberto/tiago_public_ws/install/tiago_rgbd_sensors/share/tiago_rgbd_sensors/package.ps1'
[1.551s] INFO:colcon.colcon_core.shell:Creating package descriptor '/home/alberto/tiago_public_ws/install/tiago_rgbd_sensors/share/tiago_rgbd_sensors/package.dsv'
[1.552s] INFO:colcon.colcon_core.shell:Creating package script '/home/alberto/tiago_public_ws/install/tiago_rgbd_sensors/share/tiago_rgbd_sensors/package.sh'
[1.553s] INFO:colcon.colcon_core.shell:Creating package script '/home/alberto/tiago_public_ws/install/tiago_rgbd_sensors/share/tiago_rgbd_sensors/package.bash'
[1.553s] INFO:colcon.colcon_core.shell:Creating package script '/home/alberto/tiago_public_ws/install/tiago_rgbd_sensors/share/tiago_rgbd_sensors/package.zsh'
[1.554s] Level 1:colcon.colcon_core.environment:create_file_with_runtime_dependencies(/home/alberto/tiago_public_ws/install/tiago_rgbd_sensors/share/colcon-core/packages/tiago_rgbd_sensors)
[1.555s] Level 1:colcon.colcon_core.environment:create_environment_scripts_only(tiago_rgbd_sensors)
[1.555s] Level 1:colcon.colcon_core.environment:checking '/home/alberto/tiago_public_ws/install/tiago_rgbd_sensors' for CMake module files
[1.556s] Level 1:colcon.colcon_core.environment:checking '/home/alberto/tiago_public_ws/install/tiago_rgbd_sensors' for CMake config files
[1.557s] Level 1:colcon.colcon_core.shell:create_environment_hook('tiago_rgbd_sensors', 'cmake_prefix_path')
[1.558s] INFO:colcon.colcon_core.shell:Creating environment hook '/home/alberto/tiago_public_ws/install/tiago_rgbd_sensors/share/tiago_rgbd_sensors/hook/cmake_prefix_path.ps1'
[1.559s] INFO:colcon.colcon_core.shell:Creating environment descriptor '/home/alberto/tiago_public_ws/install/tiago_rgbd_sensors/share/tiago_rgbd_sensors/hook/cmake_prefix_path.dsv'
[1.559s] INFO:colcon.colcon_core.shell:Creating environment hook '/home/alberto/tiago_public_ws/install/tiago_rgbd_sensors/share/tiago_rgbd_sensors/hook/cmake_prefix_path.sh'
[1.560s] Level 1:colcon.colcon_core.environment:checking '/home/alberto/tiago_public_ws/install/tiago_rgbd_sensors/bin'
[1.560s] Level 1:colcon.colcon_core.environment:checking '/home/alberto/tiago_public_ws/install/tiago_rgbd_sensors/lib/pkgconfig/tiago_rgbd_sensors.pc'
[1.561s] Level 1:colcon.colcon_core.environment:checking '/home/alberto/tiago_public_ws/install/tiago_rgbd_sensors/lib/python3.10/site-packages'
[1.561s] Level 1:colcon.colcon_core.environment:checking '/home/alberto/tiago_public_ws/install/tiago_rgbd_sensors/bin'
[1.561s] INFO:colcon.colcon_core.shell:Creating package script '/home/alberto/tiago_public_ws/install/tiago_rgbd_sensors/share/tiago_rgbd_sensors/package.ps1'
[1.563s] INFO:colcon.colcon_core.shell:Creating package descriptor '/home/alberto/tiago_public_ws/install/tiago_rgbd_sensors/share/tiago_rgbd_sensors/package.dsv'
[1.564s] INFO:colcon.colcon_core.shell:Creating package script '/home/alberto/tiago_public_ws/install/tiago_rgbd_sensors/share/tiago_rgbd_sensors/package.sh'
[1.565s] INFO:colcon.colcon_core.shell:Creating package script '/home/alberto/tiago_public_ws/install/tiago_rgbd_sensors/share/tiago_rgbd_sensors/package.bash'
[1.565s] INFO:colcon.colcon_core.shell:Creating package script '/home/alberto/tiago_public_ws/install/tiago_rgbd_sensors/share/tiago_rgbd_sensors/package.zsh'
[1.566s] Level 1:colcon.colcon_core.environment:create_file_with_runtime_dependencies(/home/alberto/tiago_public_ws/install/tiago_rgbd_sensors/share/colcon-core/packages/tiago_rgbd_sensors)
[1.567s] Level 1:colcon.colcon_core.environment:create_environment_scripts_only(pal_urdf_utils)
[1.567s] Level 1:colcon.colcon_core.environment:checking '/home/alberto/tiago_public_ws/install/pal_urdf_utils' for CMake module files
[1.569s] Level 1:colcon.colcon_core.environment:checking '/home/alberto/tiago_public_ws/install/pal_urdf_utils' for CMake config files
[1.569s] DEBUG:colcon.colcon_core.event_handler.log_command:Invoked command in '/home/alberto/tiago_public_ws/build/pal_urdf_utils' returned '0': CMAKE_PREFIX_PATH=/opt/ros/humble /usr/bin/cmake --install /home/alberto/tiago_public_ws/build/pal_urdf_utils
[1.571s] Level 1:colcon.colcon_core.shell:create_environment_hook('pal_urdf_utils', 'cmake_prefix_path')
[1.572s] INFO:colcon.colcon_core.shell:Creating environment hook '/home/alberto/tiago_public_ws/install/pal_urdf_utils/share/pal_urdf_utils/hook/cmake_prefix_path.ps1'
[1.574s] INFO:colcon.colcon_core.shell:Creating environment descriptor '/home/alberto/tiago_public_ws/install/pal_urdf_utils/share/pal_urdf_utils/hook/cmake_prefix_path.dsv'
[1.575s] INFO:colcon.colcon_core.shell:Creating environment hook '/home/alberto/tiago_public_ws/install/pal_urdf_utils/share/pal_urdf_utils/hook/cmake_prefix_path.sh'
[1.577s] Level 1:colcon.colcon_core.environment:checking '/home/alberto/tiago_public_ws/install/pal_urdf_utils/bin'
[1.577s] Level 1:colcon.colcon_core.environment:checking '/home/alberto/tiago_public_ws/install/pal_urdf_utils/lib/pkgconfig/pal_urdf_utils.pc'
[1.577s] Level 1:colcon.colcon_core.environment:checking '/home/alberto/tiago_public_ws/install/pal_urdf_utils/lib/python3.10/site-packages'
[1.578s] Level 1:colcon.colcon_core.environment:checking '/home/alberto/tiago_public_ws/install/pal_urdf_utils/bin'
[1.578s] INFO:colcon.colcon_core.shell:Creating package script '/home/alberto/tiago_public_ws/install/pal_urdf_utils/share/pal_urdf_utils/package.ps1'
[1.580s] INFO:colcon.colcon_core.shell:Creating package descriptor '/home/alberto/tiago_public_ws/install/pal_urdf_utils/share/pal_urdf_utils/package.dsv'
[1.580s] INFO:colcon.colcon_core.shell:Creating package script '/home/alberto/tiago_public_ws/install/pal_urdf_utils/share/pal_urdf_utils/package.sh'
[1.581s] INFO:colcon.colcon_core.shell:Creating package script '/home/alberto/tiago_public_ws/install/pal_urdf_utils/share/pal_urdf_utils/package.bash'
[1.582s] INFO:colcon.colcon_core.shell:Creating package script '/home/alberto/tiago_public_ws/install/pal_urdf_utils/share/pal_urdf_utils/package.zsh'
[1.582s] Level 1:colcon.colcon_core.environment:create_file_with_runtime_dependencies(/home/alberto/tiago_public_ws/install/pal_urdf_utils/share/colcon-core/packages/pal_urdf_utils)
[1.583s] Level 1:colcon.colcon_core.environment:create_environment_scripts_only(pal_urdf_utils)
[1.584s] Level 1:colcon.colcon_core.environment:checking '/home/alberto/tiago_public_ws/install/pal_urdf_utils' for CMake module files
[1.585s] Level 1:colcon.colcon_core.environment:checking '/home/alberto/tiago_public_ws/install/pal_urdf_utils' for CMake config files
[1.586s] Level 1:colcon.colcon_core.shell:create_environment_hook('pal_urdf_utils', 'cmake_prefix_path')
[1.586s] INFO:colcon.colcon_core.shell:Creating environment hook '/home/alberto/tiago_public_ws/install/pal_urdf_utils/share/pal_urdf_utils/hook/cmake_prefix_path.ps1'
[1.586s] INFO:colcon.colcon_core.shell:Creating environment descriptor '/home/alberto/tiago_public_ws/install/pal_urdf_utils/share/pal_urdf_utils/hook/cmake_prefix_path.dsv'
[1.587s] INFO:colcon.colcon_core.shell:Creating environment hook '/home/alberto/tiago_public_ws/install/pal_urdf_utils/share/pal_urdf_utils/hook/cmake_prefix_path.sh'
[1.588s] Level 1:colcon.colcon_core.environment:checking '/home/alberto/tiago_public_ws/install/pal_urdf_utils/bin'
[1.588s] Level 1:colcon.colcon_core.environment:checking '/home/alberto/tiago_public_ws/install/pal_urdf_utils/lib/pkgconfig/pal_urdf_utils.pc'
[1.588s] Level 1:colcon.colcon_core.environment:checking '/home/alberto/tiago_public_ws/install/pal_urdf_utils/lib/python3.10/site-packages'
[1.588s] Level 1:colcon.colcon_core.environment:checking '/home/alberto/tiago_public_ws/install/pal_urdf_utils/bin'
[1.589s] INFO:colcon.colcon_core.shell:Creating package script '/home/alberto/tiago_public_ws/install/pal_urdf_utils/share/pal_urdf_utils/package.ps1'
[1.590s] INFO:colcon.colcon_core.shell:Creating package descriptor '/home/alberto/tiago_public_ws/install/pal_urdf_utils/share/pal_urdf_utils/package.dsv'
[1.590s] INFO:colcon.colcon_core.shell:Creating package script '/home/alberto/tiago_public_ws/install/pal_urdf_utils/share/pal_urdf_utils/package.sh'
[1.591s] INFO:colcon.colcon_core.shell:Creating package script '/home/alberto/tiago_public_ws/install/pal_urdf_utils/share/pal_urdf_utils/package.bash'
[1.592s] INFO:colcon.colcon_core.shell:Creating package script '/home/alberto/tiago_public_ws/install/pal_urdf_utils/share/pal_urdf_utils/package.zsh'
[1.592s] Level 1:colcon.colcon_core.environment:create_file_with_runtime_dependencies(/home/alberto/tiago_public_ws/install/pal_urdf_utils/share/colcon-core/packages/pal_urdf_utils)
[1.593s] Level 1:colcon.colcon_core.environment:create_environment_scripts_only(pal_hey5_controller_configuration)
[1.594s] Level 1:colcon.colcon_core.environment:checking '/home/alberto/tiago_public_ws/install/pal_hey5_controller_configuration' for CMake module files
[1.596s] Level 1:colcon.colcon_core.environment:checking '/home/alberto/tiago_public_ws/install/pal_hey5_controller_configuration' for CMake config files
[1.597s] DEBUG:colcon.colcon_core.event_handler.log_command:Invoked command in '/home/alberto/tiago_public_ws/build/pal_hey5_controller_configuration' returned '0': CMAKE_PREFIX_PATH=/opt/ros/humble /usr/bin/cmake --install /home/alberto/tiago_public_ws/build/pal_hey5_controller_configuration
[1.599s] Level 1:colcon.colcon_core.shell:create_environment_hook('pal_hey5_controller_configuration', 'cmake_prefix_path')
[1.600s] INFO:colcon.colcon_core.shell:Creating environment hook '/home/alberto/tiago_public_ws/install/pal_hey5_controller_configuration/share/pal_hey5_controller_configuration/hook/cmake_prefix_path.ps1'
[1.602s] INFO:colcon.colcon_core.shell:Creating environment descriptor '/home/alberto/tiago_public_ws/install/pal_hey5_controller_configuration/share/pal_hey5_controller_configuration/hook/cmake_prefix_path.dsv'
[1.603s] INFO:colcon.colcon_core.shell:Creating environment hook '/home/alberto/tiago_public_ws/install/pal_hey5_controller_configuration/share/pal_hey5_controller_configuration/hook/cmake_prefix_path.sh'
[1.604s] Level 1:colcon.colcon_core.environment:checking '/home/alberto/tiago_public_ws/install/pal_hey5_controller_configuration/bin'
[1.605s] Level 1:colcon.colcon_core.environment:checking '/home/alberto/tiago_public_ws/install/pal_hey5_controller_configuration/lib/pkgconfig/pal_hey5_controller_configuration.pc'
[1.605s] Level 1:colcon.colcon_core.environment:checking '/home/alberto/tiago_public_ws/install/pal_hey5_controller_configuration/lib/python3.10/site-packages'
[1.605s] Level 1:colcon.colcon_core.environment:checking '/home/alberto/tiago_public_ws/install/pal_hey5_controller_configuration/bin'
[1.606s] INFO:colcon.colcon_core.shell:Creating package script '/home/alberto/tiago_public_ws/install/pal_hey5_controller_configuration/share/pal_hey5_controller_configuration/package.ps1'
[1.607s] INFO:colcon.colcon_core.shell:Creating package descriptor '/home/alberto/tiago_public_ws/install/pal_hey5_controller_configuration/share/pal_hey5_controller_configuration/package.dsv'
[1.608s] INFO:colcon.colcon_core.shell:Creating package script '/home/alberto/tiago_public_ws/install/pal_hey5_controller_configuration/share/pal_hey5_controller_configuration/package.sh'
[1.609s] INFO:colcon.colcon_core.shell:Creating package script '/home/alberto/tiago_public_ws/install/pal_hey5_controller_configuration/share/pal_hey5_controller_configuration/package.bash'
[1.610s] INFO:colcon.colcon_core.shell:Creating package script '/home/alberto/tiago_public_ws/install/pal_hey5_controller_configuration/share/pal_hey5_controller_configuration/package.zsh'
[1.611s] Level 1:colcon.colcon_core.environment:create_file_with_runtime_dependencies(/home/alberto/tiago_public_ws/install/pal_hey5_controller_configuration/share/colcon-core/packages/pal_hey5_controller_configuration)
[1.611s] Level 1:colcon.colcon_core.environment:create_environment_scripts_only(pal_hey5_controller_configuration)
[1.612s] Level 1:colcon.colcon_core.environment:checking '/home/alberto/tiago_public_ws/install/pal_hey5_controller_configuration' for CMake module files
[1.613s] Level 1:colcon.colcon_core.environment:checking '/home/alberto/tiago_public_ws/install/pal_hey5_controller_configuration' for CMake config files
[1.614s] Level 1:colcon.colcon_core.shell:create_environment_hook('pal_hey5_controller_configuration', 'cmake_prefix_path')
[1.614s] INFO:colcon.colcon_core.shell:Creating environment hook '/home/alberto/tiago_public_ws/install/pal_hey5_controller_configuration/share/pal_hey5_controller_configuration/hook/cmake_prefix_path.ps1'
[1.615s] INFO:colcon.colcon_core.shell:Creating environment descriptor '/home/alberto/tiago_public_ws/install/pal_hey5_controller_configuration/share/pal_hey5_controller_configuration/hook/cmake_prefix_path.dsv'
[1.616s] INFO:colcon.colcon_core.shell:Creating environment hook '/home/alberto/tiago_public_ws/install/pal_hey5_controller_configuration/share/pal_hey5_controller_configuration/hook/cmake_prefix_path.sh'
[1.617s] Level 1:colcon.colcon_core.environment:checking '/home/alberto/tiago_public_ws/install/pal_hey5_controller_configuration/bin'
[1.617s] Level 1:colcon.colcon_core.environment:checking '/home/alberto/tiago_public_ws/install/pal_hey5_controller_configuration/lib/pkgconfig/pal_hey5_controller_configuration.pc'
[1.618s] Level 1:colcon.colcon_core.environment:checking '/home/alberto/tiago_public_ws/install/pal_hey5_controller_configuration/lib/python3.10/site-packages'
[1.618s] Level 1:colcon.colcon_core.environment:checking '/home/alberto/tiago_public_ws/install/pal_hey5_controller_configuration/bin'
[1.619s] INFO:colcon.colcon_core.shell:Creating package script '/home/alberto/tiago_public_ws/install/pal_hey5_controller_configuration/share/pal_hey5_controller_configuration/package.ps1'
[1.620s] INFO:colcon.colcon_core.shell:Creating package descriptor '/home/alberto/tiago_public_ws/install/pal_hey5_controller_configuration/share/pal_hey5_controller_configuration/package.dsv'
[1.622s] INFO:colcon.colcon_core.shell:Creating package script '/home/alberto/tiago_public_ws/install/pal_hey5_controller_configuration/share/pal_hey5_controller_configuration/package.sh'
[1.623s] INFO:colcon.colcon_core.shell:Creating package script '/home/alberto/tiago_public_ws/install/pal_hey5_controller_configuration/share/pal_hey5_controller_configuration/package.bash'
[1.625s] INFO:colcon.colcon_core.shell:Creating package script '/home/alberto/tiago_public_ws/install/pal_hey5_controller_configuration/share/pal_hey5_controller_configuration/package.zsh'
[1.626s] Level 1:colcon.colcon_core.environment:create_file_with_runtime_dependencies(/home/alberto/tiago_public_ws/install/pal_hey5_controller_configuration/share/colcon-core/packages/pal_hey5_controller_configuration)
[1.627s] Level 1:colcon.colcon_core.environment:create_environment_scripts_only(pal_gripper_controller_configuration)
[1.627s] Level 1:colcon.colcon_core.environment:checking '/home/alberto/tiago_public_ws/install/pal_gripper_controller_configuration' for CMake module files
[1.629s] DEBUG:colcon.colcon_core.event_handler.log_command:Invoked command in '/home/alberto/tiago_public_ws/build/pal_gripper_controller_configuration' returned '0': CMAKE_PREFIX_PATH=/opt/ros/humble /usr/bin/cmake --install /home/alberto/tiago_public_ws/build/pal_gripper_controller_configuration
[1.629s] Level 1:colcon.colcon_core.environment:checking '/home/alberto/tiago_public_ws/install/pal_gripper_controller_configuration' for CMake config files
[1.631s] Level 1:colcon.colcon_core.shell:create_environment_hook('pal_gripper_controller_configuration', 'cmake_prefix_path')
[1.632s] INFO:colcon.colcon_core.shell:Creating environment hook '/home/alberto/tiago_public_ws/install/pal_gripper_controller_configuration/share/pal_gripper_controller_configuration/hook/cmake_prefix_path.ps1'
[1.635s] INFO:colcon.colcon_core.shell:Creating environment descriptor '/home/alberto/tiago_public_ws/install/pal_gripper_controller_configuration/share/pal_gripper_controller_configuration/hook/cmake_prefix_path.dsv'
[1.637s] INFO:colcon.colcon_core.shell:Creating environment hook '/home/alberto/tiago_public_ws/install/pal_gripper_controller_configuration/share/pal_gripper_controller_configuration/hook/cmake_prefix_path.sh'
[1.638s] Level 1:colcon.colcon_core.environment:checking '/home/alberto/tiago_public_ws/install/pal_gripper_controller_configuration/bin'
[1.639s] Level 1:colcon.colcon_core.environment:checking '/home/alberto/tiago_public_ws/install/pal_gripper_controller_configuration/lib/pkgconfig/pal_gripper_controller_configuration.pc'
[1.639s] Level 1:colcon.colcon_core.environment:checking '/home/alberto/tiago_public_ws/install/pal_gripper_controller_configuration/lib/python3.10/site-packages'
[1.639s] Level 1:colcon.colcon_core.environment:checking '/home/alberto/tiago_public_ws/install/pal_gripper_controller_configuration/bin'
[1.640s] INFO:colcon.colcon_core.shell:Creating package script '/home/alberto/tiago_public_ws/install/pal_gripper_controller_configuration/share/pal_gripper_controller_configuration/package.ps1'
[1.643s] INFO:colcon.colcon_core.shell:Creating package descriptor '/home/alberto/tiago_public_ws/install/pal_gripper_controller_configuration/share/pal_gripper_controller_configuration/package.dsv'
[1.645s] INFO:colcon.colcon_core.shell:Creating package script '/home/alberto/tiago_public_ws/install/pal_gripper_controller_configuration/share/pal_gripper_controller_configuration/package.sh'
[1.645s] INFO:colcon.colcon_core.shell:Creating package script '/home/alberto/tiago_public_ws/install/pal_gripper_controller_configuration/share/pal_gripper_controller_configuration/package.bash'
[1.646s] INFO:colcon.colcon_core.shell:Creating package script '/home/alberto/tiago_public_ws/install/pal_gripper_controller_configuration/share/pal_gripper_controller_configuration/package.zsh'
[1.647s] Level 1:colcon.colcon_core.environment:create_file_with_runtime_dependencies(/home/alberto/tiago_public_ws/install/pal_gripper_controller_configuration/share/colcon-core/packages/pal_gripper_controller_configuration)
[1.648s] Level 1:colcon.colcon_core.environment:create_environment_scripts_only(pal_gripper_controller_configuration)
[1.648s] Level 1:colcon.colcon_core.environment:checking '/home/alberto/tiago_public_ws/install/pal_gripper_controller_configuration' for CMake module files
[1.649s] Level 1:colcon.colcon_core.environment:checking '/home/alberto/tiago_public_ws/install/pal_gripper_controller_configuration' for CMake config files
[1.650s] Level 1:colcon.colcon_core.shell:create_environment_hook('pal_gripper_controller_configuration', 'cmake_prefix_path')
[1.650s] INFO:colcon.colcon_core.shell:Creating environment hook '/home/alberto/tiago_public_ws/install/pal_gripper_controller_configuration/share/pal_gripper_controller_configuration/hook/cmake_prefix_path.ps1'
[1.651s] INFO:colcon.colcon_core.shell:Creating environment descriptor '/home/alberto/tiago_public_ws/install/pal_gripper_controller_configuration/share/pal_gripper_controller_configuration/hook/cmake_prefix_path.dsv'
[1.652s] INFO:colcon.colcon_core.shell:Creating environment hook '/home/alberto/tiago_public_ws/install/pal_gripper_controller_configuration/share/pal_gripper_controller_configuration/hook/cmake_prefix_path.sh'
[1.653s] Level 1:colcon.colcon_core.environment:checking '/home/alberto/tiago_public_ws/install/pal_gripper_controller_configuration/bin'
[1.653s] Level 1:colcon.colcon_core.environment:checking '/home/alberto/tiago_public_ws/install/pal_gripper_controller_configuration/lib/pkgconfig/pal_gripper_controller_configuration.pc'
[1.653s] Level 1:colcon.colcon_core.environment:checking '/home/alberto/tiago_public_ws/install/pal_gripper_controller_configuration/lib/python3.10/site-packages'
[1.654s] Level 1:colcon.colcon_core.environment:checking '/home/alberto/tiago_public_ws/install/pal_gripper_controller_configuration/bin'
[1.654s] INFO:colcon.colcon_core.shell:Creating package script '/home/alberto/tiago_public_ws/install/pal_gripper_controller_configuration/share/pal_gripper_controller_configuration/package.ps1'
[1.655s] INFO:colcon.colcon_core.shell:Creating package descriptor '/home/alberto/tiago_public_ws/install/pal_gripper_controller_configuration/share/pal_gripper_controller_configuration/package.dsv'
[1.657s] INFO:colcon.colcon_core.shell:Creating package script '/home/alberto/tiago_public_ws/install/pal_gripper_controller_configuration/share/pal_gripper_controller_configuration/package.sh'
[1.660s] INFO:colcon.colcon_core.shell:Creating package script '/home/alberto/tiago_public_ws/install/pal_gripper_controller_configuration/share/pal_gripper_controller_configuration/package.bash'
[1.662s] INFO:colcon.colcon_core.shell:Creating package script '/home/alberto/tiago_public_ws/install/pal_gripper_controller_configuration/share/pal_gripper_controller_configuration/package.zsh'
[1.663s] Level 1:colcon.colcon_core.environment:create_file_with_runtime_dependencies(/home/alberto/tiago_public_ws/install/pal_gripper_controller_configuration/share/colcon-core/packages/pal_gripper_controller_configuration)
[1.665s] INFO:colcon.colcon_ros.task.ament_cmake.build:Building ROS package in '/home/alberto/tiago_public_ws/src/pal_hey5/pal_hey5_description' with build type 'ament_cmake'
[1.666s] INFO:colcon.colcon_cmake.task.cmake.build:Building CMake package in '/home/alberto/tiago_public_ws/src/pal_hey5/pal_hey5_description'
[1.666s] INFO:colcon.colcon_core.shell:Skip shell extension 'powershell' for command environment: Not usable outside of PowerShell
[1.666s] DEBUG:colcon.colcon_core.shell:Skip shell extension 'dsv' for command environment
[1.676s] INFO:colcon.colcon_ros.task.ament_cmake.build:Building ROS package in '/home/alberto/tiago_public_ws/src/pal_robotiq_gripper/pal_robotiq_gripper' with build type 'ament_cmake'
[1.676s] INFO:colcon.colcon_cmake.task.cmake.build:Building CMake package in '/home/alberto/tiago_public_ws/src/pal_robotiq_gripper/pal_robotiq_gripper'
[1.677s] INFO:colcon.colcon_core.shell:Skip shell extension 'powershell' for command environment: Not usable outside of PowerShell
[1.677s] DEBUG:colcon.colcon_core.shell:Skip shell extension 'dsv' for command environment
[1.707s] DEBUG:colcon.colcon_core.event_handler.log_command:Invoking command in '/home/alberto/tiago_public_ws/build/tiago_laser_sensors': AMENT_PREFIX_PATH=/home/alberto/tiago_public_ws/install/pmb2_laser_sensors:${AMENT_PREFIX_PATH} CMAKE_PREFIX_PATH=/home/alberto/tiago_public_ws/install/pmb2_laser_sensors:/opt/ros/humble /usr/bin/cmake --build /home/alberto/tiago_public_ws/build/tiago_laser_sensors -- -j12 -l12
[1.717s] DEBUG:colcon.colcon_core.event_handler.log_command:Invoking command in '/home/alberto/tiago_public_ws/build/pal_hey5_description': AMENT_PREFIX_PATH=/home/alberto/tiago_public_ws/install/pal_urdf_utils:${AMENT_PREFIX_PATH} CMAKE_PREFIX_PATH=/home/alberto/tiago_public_ws/install/pal_urdf_utils:/opt/ros/humble /usr/bin/cmake --build /home/alberto/tiago_public_ws/build/pal_hey5_description -- -j12 -l12
[1.723s] DEBUG:colcon.colcon_core.event_handler.log_command:Invoking command in '/home/alberto/tiago_public_ws/build/pal_robotiq_gripper': AMENT_PREFIX_PATH=/home/alberto/tiago_public_ws/install/pal_robotiq_description:/home/alberto/tiago_public_ws/install/pal_robotiq_controller_configuration:${AMENT_PREFIX_PATH} CMAKE_PREFIX_PATH=/home/alberto/tiago_public_ws/install/pal_robotiq_description:/home/alberto/tiago_public_ws/install/pal_robotiq_controller_configuration:/opt/ros/humble /usr/bin/cmake --build /home/alberto/tiago_public_ws/build/pal_robotiq_gripper -- -j12 -l12
[1.727s] DEBUG:colcon.colcon_core.event_handler.log_command:Invoked command in '/home/alberto/tiago_public_ws/build/urdf_test' returned '0': CMAKE_PREFIX_PATH=/opt/ros/humble /usr/bin/cmake --build /home/alberto/tiago_public_ws/build/urdf_test -- -j12 -l12
[1.733s] DEBUG:colcon.colcon_core.event_handler.log_command:Invoking command in '/home/alberto/tiago_public_ws/build/urdf_test': CMAKE_PREFIX_PATH=/opt/ros/humble /usr/bin/cmake --install /home/alberto/tiago_public_ws/build/urdf_test
[1.772s] DEBUG:colcon.colcon_core.event_handler.log_command:Invoked command in '/home/alberto/tiago_public_ws/build/play_motion2_msgs' returned '0': CMAKE_PREFIX_PATH=/opt/ros/humble /usr/bin/cmake --build /home/alberto/tiago_public_ws/build/play_motion2_msgs -- -j12 -l12
[1.775s] DEBUG:colcon.colcon_core.event_handler.log_command:Invoking command in '/home/alberto/tiago_public_ws/build/play_motion2_msgs': CMAKE_PREFIX_PATH=/opt/ros/humble /usr/bin/cmake --install /home/alberto/tiago_public_ws/build/play_motion2_msgs
[1.779s] DEBUG:colcon.colcon_core.event_handler.log_command:Invoked command in '/home/alberto/tiago_public_ws/build/tiago_laser_sensors' returned '0': AMENT_PREFIX_PATH=/home/alberto/tiago_public_ws/install/pmb2_laser_sensors:${AMENT_PREFIX_PATH} CMAKE_PREFIX_PATH=/home/alberto/tiago_public_ws/install/pmb2_laser_sensors:/opt/ros/humble /usr/bin/cmake --build /home/alberto/tiago_public_ws/build/tiago_laser_sensors -- -j12 -l12
[1.782s] DEBUG:colcon.colcon_core.event_handler.log_command:Invoking command in '/home/alberto/tiago_public_ws/build/tiago_laser_sensors': AMENT_PREFIX_PATH=/home/alberto/tiago_public_ws/install/pmb2_laser_sensors:${AMENT_PREFIX_PATH} CMAKE_PREFIX_PATH=/home/alberto/tiago_public_ws/install/pmb2_laser_sensors:/opt/ros/humble /usr/bin/cmake --install /home/alberto/tiago_public_ws/build/tiago_laser_sensors
[1.784s] DEBUG:colcon.colcon_core.event_handler.log_command:Invoked command in '/home/alberto/tiago_public_ws/build/pal_hey5_description' returned '0': AMENT_PREFIX_PATH=/home/alberto/tiago_public_ws/install/pal_urdf_utils:${AMENT_PREFIX_PATH} CMAKE_PREFIX_PATH=/home/alberto/tiago_public_ws/install/pal_urdf_utils:/opt/ros/humble /usr/bin/cmake --build /home/alberto/tiago_public_ws/build/pal_hey5_description -- -j12 -l12
[1.789s] DEBUG:colcon.colcon_core.event_handler.log_command:Invoking command in '/home/alberto/tiago_public_ws/build/pal_hey5_description': AMENT_PREFIX_PATH=/home/alberto/tiago_public_ws/install/pal_urdf_utils:${AMENT_PREFIX_PATH} CMAKE_PREFIX_PATH=/home/alberto/tiago_public_ws/install/pal_urdf_utils:/opt/ros/humble /usr/bin/cmake --install /home/alberto/tiago_public_ws/build/pal_hey5_description
[1.807s] DEBUG:colcon.colcon_core.event_handler.log_command:Invoked command in '/home/alberto/tiago_public_ws/build/pal_robotiq_gripper' returned '0': AMENT_PREFIX_PATH=/home/alberto/tiago_public_ws/install/pal_robotiq_description:/home/alberto/tiago_public_ws/install/pal_robotiq_controller_configuration:${AMENT_PREFIX_PATH} CMAKE_PREFIX_PATH=/home/alberto/tiago_public_ws/install/pal_robotiq_description:/home/alberto/tiago_public_ws/install/pal_robotiq_controller_configuration:/opt/ros/humble /usr/bin/cmake --build /home/alberto/tiago_public_ws/build/pal_robotiq_gripper -- -j12 -l12
[1.814s] DEBUG:colcon.colcon_core.event_handler.log_command:Invoking command in '/home/alberto/tiago_public_ws/build/pal_robotiq_gripper': AMENT_PREFIX_PATH=/home/alberto/tiago_public_ws/install/pal_robotiq_description:/home/alberto/tiago_public_ws/install/pal_robotiq_controller_configuration:${AMENT_PREFIX_PATH} CMAKE_PREFIX_PATH=/home/alberto/tiago_public_ws/install/pal_robotiq_description:/home/alberto/tiago_public_ws/install/pal_robotiq_controller_configuration:/opt/ros/humble /usr/bin/cmake --install /home/alberto/tiago_public_ws/build/pal_robotiq_gripper
[1.820s] Level 1:colcon.colcon_core.environment:create_environment_scripts_only(tiago_laser_sensors)
[1.821s] Level 1:colcon.colcon_core.environment:checking '/home/alberto/tiago_public_ws/install/tiago_laser_sensors' for CMake module files
[1.826s] DEBUG:colcon.colcon_core.event_handler.log_command:Invoked command in '/home/alberto/tiago_public_ws/build/tiago_laser_sensors' returned '0': AMENT_PREFIX_PATH=/home/alberto/tiago_public_ws/install/pmb2_laser_sensors:${AMENT_PREFIX_PATH} CMAKE_PREFIX_PATH=/home/alberto/tiago_public_ws/install/pmb2_laser_sensors:/opt/ros/humble /usr/bin/cmake --install /home/alberto/tiago_public_ws/build/tiago_laser_sensors
[1.829s] Level 1:colcon.colcon_core.environment:checking '/home/alberto/tiago_public_ws/install/tiago_laser_sensors' for CMake config files
[1.830s] Level 1:colcon.colcon_core.shell:create_environment_hook('tiago_laser_sensors', 'cmake_prefix_path')
[1.832s] INFO:colcon.colcon_core.shell:Creating environment hook '/home/alberto/tiago_public_ws/install/tiago_laser_sensors/share/tiago_laser_sensors/hook/cmake_prefix_path.ps1'
[1.834s] INFO:colcon.colcon_core.shell:Creating environment descriptor '/home/alberto/tiago_public_ws/install/tiago_laser_sensors/share/tiago_laser_sensors/hook/cmake_prefix_path.dsv'
[1.836s] INFO:colcon.colcon_core.shell:Creating environment hook '/home/alberto/tiago_public_ws/install/tiago_laser_sensors/share/tiago_laser_sensors/hook/cmake_prefix_path.sh'
[1.839s] Level 1:colcon.colcon_core.environment:checking '/home/alberto/tiago_public_ws/install/tiago_laser_sensors/bin'
[1.839s] Level 1:colcon.colcon_core.environment:checking '/home/alberto/tiago_public_ws/install/tiago_laser_sensors/lib/pkgconfig/tiago_laser_sensors.pc'
[1.839s] Level 1:colcon.colcon_core.environment:checking '/home/alberto/tiago_public_ws/install/tiago_laser_sensors/lib/python3.10/site-packages'
[1.839s] Level 1:colcon.colcon_core.environment:checking '/home/alberto/tiago_public_ws/install/tiago_laser_sensors/bin'
[1.840s] INFO:colcon.colcon_core.shell:Creating package script '/home/alberto/tiago_public_ws/install/tiago_laser_sensors/share/tiago_laser_sensors/package.ps1'
[1.841s] INFO:colcon.colcon_core.shell:Creating package descriptor '/home/alberto/tiago_public_ws/install/tiago_laser_sensors/share/tiago_laser_sensors/package.dsv'
[1.843s] INFO:colcon.colcon_core.shell:Creating package script '/home/alberto/tiago_public_ws/install/tiago_laser_sensors/share/tiago_laser_sensors/package.sh'
[1.845s] INFO:colcon.colcon_core.shell:Creating package script '/home/alberto/tiago_public_ws/install/tiago_laser_sensors/share/tiago_laser_sensors/package.bash'
[1.848s] INFO:colcon.colcon_core.shell:Creating package script '/home/alberto/tiago_public_ws/install/tiago_laser_sensors/share/tiago_laser_sensors/package.zsh'
[1.849s] Level 1:colcon.colcon_core.environment:create_file_with_runtime_dependencies(/home/alberto/tiago_public_ws/install/tiago_laser_sensors/share/colcon-core/packages/tiago_laser_sensors)
[1.853s] Level 1:colcon.colcon_core.environment:create_environment_scripts_only(tiago_laser_sensors)
[1.854s] Level 1:colcon.colcon_core.environment:checking '/home/alberto/tiago_public_ws/install/tiago_laser_sensors' for CMake module files
[1.855s] Level 1:colcon.colcon_core.environment:checking '/home/alberto/tiago_public_ws/install/tiago_laser_sensors' for CMake config files
[1.855s] Level 1:colcon.colcon_core.shell:create_environment_hook('tiago_laser_sensors', 'cmake_prefix_path')
[1.855s] INFO:colcon.colcon_core.shell:Creating environment hook '/home/alberto/tiago_public_ws/install/tiago_laser_sensors/share/tiago_laser_sensors/hook/cmake_prefix_path.ps1'
[1.858s] INFO:colcon.colcon_core.shell:Creating environment descriptor '/home/alberto/tiago_public_ws/install/tiago_laser_sensors/share/tiago_laser_sensors/hook/cmake_prefix_path.dsv'
[1.859s] INFO:colcon.colcon_core.shell:Creating environment hook '/home/alberto/tiago_public_ws/install/tiago_laser_sensors/share/tiago_laser_sensors/hook/cmake_prefix_path.sh'
[1.859s] Level 1:colcon.colcon_core.environment:checking '/home/alberto/tiago_public_ws/install/tiago_laser_sensors/bin'
[1.859s] Level 1:colcon.colcon_core.environment:checking '/home/alberto/tiago_public_ws/install/tiago_laser_sensors/lib/pkgconfig/tiago_laser_sensors.pc'
[1.860s] Level 1:colcon.colcon_core.environment:checking '/home/alberto/tiago_public_ws/install/tiago_laser_sensors/lib/python3.10/site-packages'
[1.860s] Level 1:colcon.colcon_core.environment:checking '/home/alberto/tiago_public_ws/install/tiago_laser_sensors/bin'
[1.860s] INFO:colcon.colcon_core.shell:Creating package script '/home/alberto/tiago_public_ws/install/tiago_laser_sensors/share/tiago_laser_sensors/package.ps1'
[1.861s] INFO:colcon.colcon_core.shell:Creating package descriptor '/home/alberto/tiago_public_ws/install/tiago_laser_sensors/share/tiago_laser_sensors/package.dsv'
[1.862s] INFO:colcon.colcon_core.shell:Creating package script '/home/alberto/tiago_public_ws/install/tiago_laser_sensors/share/tiago_laser_sensors/package.sh'
[1.863s] INFO:colcon.colcon_core.shell:Creating package script '/home/alberto/tiago_public_ws/install/tiago_laser_sensors/share/tiago_laser_sensors/package.bash'
[1.864s] INFO:colcon.colcon_core.shell:Creating package script '/home/alberto/tiago_public_ws/install/tiago_laser_sensors/share/tiago_laser_sensors/package.zsh'
[1.865s] Level 1:colcon.colcon_core.environment:create_file_with_runtime_dependencies(/home/alberto/tiago_public_ws/install/tiago_laser_sensors/share/colcon-core/packages/tiago_laser_sensors)
[1.869s] Level 1:colcon.colcon_core.environment:create_environment_scripts_only(urdf_test)
[1.870s] Level 1:colcon.colcon_core.environment:checking '/home/alberto/tiago_public_ws/install/urdf_test' for CMake module files
[1.870s] DEBUG:colcon.colcon_core.event_handler.log_command:Invoked command in '/home/alberto/tiago_public_ws/build/urdf_test' returned '0': CMAKE_PREFIX_PATH=/opt/ros/humble /usr/bin/cmake --install /home/alberto/tiago_public_ws/build/urdf_test
[1.872s] Level 1:colcon.colcon_core.environment:checking '/home/alberto/tiago_public_ws/install/urdf_test' for CMake config files
[1.873s] Level 1:colcon.colcon_core.shell:create_environment_hook('urdf_test', 'cmake_prefix_path')
[1.874s] INFO:colcon.colcon_core.shell:Creating environment hook '/home/alberto/tiago_public_ws/install/urdf_test/share/urdf_test/hook/cmake_prefix_path.ps1'
[1.874s] INFO:colcon.colcon_core.shell:Creating environment descriptor '/home/alberto/tiago_public_ws/install/urdf_test/share/urdf_test/hook/cmake_prefix_path.dsv'
[1.876s] INFO:colcon.colcon_core.shell:Creating environment hook '/home/alberto/tiago_public_ws/install/urdf_test/share/urdf_test/hook/cmake_prefix_path.sh'
[1.877s] Level 1:colcon.colcon_core.environment:checking '/home/alberto/tiago_public_ws/install/urdf_test/lib'
[1.877s] Level 1:colcon.colcon_core.environment:checking '/home/alberto/tiago_public_ws/install/urdf_test/bin'
[1.877s] Level 1:colcon.colcon_core.environment:checking '/home/alberto/tiago_public_ws/install/urdf_test/lib/pkgconfig/urdf_test.pc'
[1.877s] Level 1:colcon.colcon_core.environment:checking '/home/alberto/tiago_public_ws/install/urdf_test/lib/python3.10/site-packages'
[1.877s] Level 1:colcon.colcon_core.environment:checking '/home/alberto/tiago_public_ws/install/urdf_test/bin'
[1.878s] INFO:colcon.colcon_core.shell:Creating package script '/home/alberto/tiago_public_ws/install/urdf_test/share/urdf_test/package.ps1'
[1.879s] INFO:colcon.colcon_core.shell:Creating package descriptor '/home/alberto/tiago_public_ws/install/urdf_test/share/urdf_test/package.dsv'
[1.880s] INFO:colcon.colcon_core.shell:Creating package script '/home/alberto/tiago_public_ws/install/urdf_test/share/urdf_test/package.sh'
[1.882s] INFO:colcon.colcon_core.shell:Creating package script '/home/alberto/tiago_public_ws/install/urdf_test/share/urdf_test/package.bash'
[1.884s] INFO:colcon.colcon_core.shell:Creating package script '/home/alberto/tiago_public_ws/install/urdf_test/share/urdf_test/package.zsh'
[1.885s] Level 1:colcon.colcon_core.environment:create_file_with_runtime_dependencies(/home/alberto/tiago_public_ws/install/urdf_test/share/colcon-core/packages/urdf_test)
[1.887s] Level 1:colcon.colcon_core.environment:create_environment_scripts_only(urdf_test)
[1.887s] Level 1:colcon.colcon_core.environment:checking '/home/alberto/tiago_public_ws/install/urdf_test' for CMake module files
[1.888s] Level 1:colcon.colcon_core.environment:checking '/home/alberto/tiago_public_ws/install/urdf_test' for CMake config files
[1.890s] Level 1:colcon.colcon_core.shell:create_environment_hook('urdf_test', 'cmake_prefix_path')
[1.890s] INFO:colcon.colcon_core.shell:Creating environment hook '/home/alberto/tiago_public_ws/install/urdf_test/share/urdf_test/hook/cmake_prefix_path.ps1'
[1.891s] INFO:colcon.colcon_core.shell:Creating environment descriptor '/home/alberto/tiago_public_ws/install/urdf_test/share/urdf_test/hook/cmake_prefix_path.dsv'
[1.892s] INFO:colcon.colcon_core.shell:Creating environment hook '/home/alberto/tiago_public_ws/install/urdf_test/share/urdf_test/hook/cmake_prefix_path.sh'
[1.892s] Level 1:colcon.colcon_core.environment:checking '/home/alberto/tiago_public_ws/install/urdf_test/lib'
[1.892s] Level 1:colcon.colcon_core.environment:checking '/home/alberto/tiago_public_ws/install/urdf_test/bin'
[1.893s] Level 1:colcon.colcon_core.environment:checking '/home/alberto/tiago_public_ws/install/urdf_test/lib/pkgconfig/urdf_test.pc'
[1.893s] Level 1:colcon.colcon_core.environment:checking '/home/alberto/tiago_public_ws/install/urdf_test/lib/python3.10/site-packages'
[1.894s] Level 1:colcon.colcon_core.environment:checking '/home/alberto/tiago_public_ws/install/urdf_test/bin'
[1.894s] INFO:colcon.colcon_core.shell:Creating package script '/home/alberto/tiago_public_ws/install/urdf_test/share/urdf_test/package.ps1'
[1.895s] INFO:colcon.colcon_core.shell:Creating package descriptor '/home/alberto/tiago_public_ws/install/urdf_test/share/urdf_test/package.dsv'
[1.896s] INFO:colcon.colcon_core.shell:Creating package script '/home/alberto/tiago_public_ws/install/urdf_test/share/urdf_test/package.sh'
[1.897s] INFO:colcon.colcon_core.shell:Creating package script '/home/alberto/tiago_public_ws/install/urdf_test/share/urdf_test/package.bash'
[1.897s] INFO:colcon.colcon_core.shell:Creating package script '/home/alberto/tiago_public_ws/install/urdf_test/share/urdf_test/package.zsh'
[1.898s] Level 1:colcon.colcon_core.environment:create_file_with_runtime_dependencies(/home/alberto/tiago_public_ws/install/urdf_test/share/colcon-core/packages/urdf_test)
[1.899s] Level 1:colcon.colcon_core.environment:create_environment_scripts_only(pal_robotiq_gripper)
[1.899s] Level 1:colcon.colcon_core.environment:checking '/home/alberto/tiago_public_ws/install/pal_robotiq_gripper' for CMake module files
[1.901s] Level 1:colcon.colcon_core.environment:checking '/home/alberto/tiago_public_ws/install/pal_robotiq_gripper' for CMake config files
[1.903s] DEBUG:colcon.colcon_core.event_handler.log_command:Invoked command in '/home/alberto/tiago_public_ws/build/pal_robotiq_gripper' returned '0': AMENT_PREFIX_PATH=/home/alberto/tiago_public_ws/install/pal_robotiq_description:/home/alberto/tiago_public_ws/install/pal_robotiq_controller_configuration:${AMENT_PREFIX_PATH} CMAKE_PREFIX_PATH=/home/alberto/tiago_public_ws/install/pal_robotiq_description:/home/alberto/tiago_public_ws/install/pal_robotiq_controller_configuration:/opt/ros/humble /usr/bin/cmake --install /home/alberto/tiago_public_ws/build/pal_robotiq_gripper
[1.904s] Level 1:colcon.colcon_core.shell:create_environment_hook('pal_robotiq_gripper', 'cmake_prefix_path')
[1.904s] INFO:colcon.colcon_core.shell:Creating environment hook '/home/alberto/tiago_public_ws/install/pal_robotiq_gripper/share/pal_robotiq_gripper/hook/cmake_prefix_path.ps1'
[1.906s] INFO:colcon.colcon_core.shell:Creating environment descriptor '/home/alberto/tiago_public_ws/install/pal_robotiq_gripper/share/pal_robotiq_gripper/hook/cmake_prefix_path.dsv'
[1.908s] INFO:colcon.colcon_core.shell:Creating environment hook '/home/alberto/tiago_public_ws/install/pal_robotiq_gripper/share/pal_robotiq_gripper/hook/cmake_prefix_path.sh'
[1.910s] Level 1:colcon.colcon_core.environment:checking '/home/alberto/tiago_public_ws/install/pal_robotiq_gripper/bin'
[1.910s] Level 1:colcon.colcon_core.environment:checking '/home/alberto/tiago_public_ws/install/pal_robotiq_gripper/lib/pkgconfig/pal_robotiq_gripper.pc'
[1.911s] Level 1:colcon.colcon_core.environment:checking '/home/alberto/tiago_public_ws/install/pal_robotiq_gripper/lib/python3.10/site-packages'
[1.911s] Level 1:colcon.colcon_core.environment:checking '/home/alberto/tiago_public_ws/install/pal_robotiq_gripper/bin'
[1.911s] INFO:colcon.colcon_core.shell:Creating package script '/home/alberto/tiago_public_ws/install/pal_robotiq_gripper/share/pal_robotiq_gripper/package.ps1'
[1.912s] INFO:colcon.colcon_core.shell:Creating package descriptor '/home/alberto/tiago_public_ws/install/pal_robotiq_gripper/share/pal_robotiq_gripper/package.dsv'
[1.913s] INFO:colcon.colcon_core.shell:Creating package script '/home/alberto/tiago_public_ws/install/pal_robotiq_gripper/share/pal_robotiq_gripper/package.sh'
[1.913s] INFO:colcon.colcon_core.shell:Creating package script '/home/alberto/tiago_public_ws/install/pal_robotiq_gripper/share/pal_robotiq_gripper/package.bash'
[1.914s] INFO:colcon.colcon_core.shell:Creating package script '/home/alberto/tiago_public_ws/install/pal_robotiq_gripper/share/pal_robotiq_gripper/package.zsh'
[1.915s] Level 1:colcon.colcon_core.environment:create_file_with_runtime_dependencies(/home/alberto/tiago_public_ws/install/pal_robotiq_gripper/share/colcon-core/packages/pal_robotiq_gripper)
[1.916s] Level 1:colcon.colcon_core.environment:create_environment_scripts_only(pal_robotiq_gripper)
[1.916s] Level 1:colcon.colcon_core.environment:checking '/home/alberto/tiago_public_ws/install/pal_robotiq_gripper' for CMake module files
[1.917s] Level 1:colcon.colcon_core.environment:checking '/home/alberto/tiago_public_ws/install/pal_robotiq_gripper' for CMake config files
[1.918s] Level 1:colcon.colcon_core.shell:create_environment_hook('pal_robotiq_gripper', 'cmake_prefix_path')
[1.918s] INFO:colcon.colcon_core.shell:Creating environment hook '/home/alberto/tiago_public_ws/install/pal_robotiq_gripper/share/pal_robotiq_gripper/hook/cmake_prefix_path.ps1'
[1.919s] INFO:colcon.colcon_core.shell:Creating environment descriptor '/home/alberto/tiago_public_ws/install/pal_robotiq_gripper/share/pal_robotiq_gripper/hook/cmake_prefix_path.dsv'
[1.920s] INFO:colcon.colcon_core.shell:Creating environment hook '/home/alberto/tiago_public_ws/install/pal_robotiq_gripper/share/pal_robotiq_gripper/hook/cmake_prefix_path.sh'
[1.921s] Level 1:colcon.colcon_core.environment:checking '/home/alberto/tiago_public_ws/install/pal_robotiq_gripper/bin'
[1.921s] Level 1:colcon.colcon_core.environment:checking '/home/alberto/tiago_public_ws/install/pal_robotiq_gripper/lib/pkgconfig/pal_robotiq_gripper.pc'
[1.921s] Level 1:colcon.colcon_core.environment:checking '/home/alberto/tiago_public_ws/install/pal_robotiq_gripper/lib/python3.10/site-packages'
[1.921s] Level 1:colcon.colcon_core.environment:checking '/home/alberto/tiago_public_ws/install/pal_robotiq_gripper/bin'
[1.922s] INFO:colcon.colcon_core.shell:Creating package script '/home/alberto/tiago_public_ws/install/pal_robotiq_gripper/share/pal_robotiq_gripper/package.ps1'
[1.923s] INFO:colcon.colcon_core.shell:Creating package descriptor '/home/alberto/tiago_public_ws/install/pal_robotiq_gripper/share/pal_robotiq_gripper/package.dsv'
[1.924s] INFO:colcon.colcon_core.shell:Creating package script '/home/alberto/tiago_public_ws/install/pal_robotiq_gripper/share/pal_robotiq_gripper/package.sh'
[1.924s] INFO:colcon.colcon_core.shell:Creating package script '/home/alberto/tiago_public_ws/install/pal_robotiq_gripper/share/pal_robotiq_gripper/package.bash'
[1.925s] INFO:colcon.colcon_core.shell:Creating package script '/home/alberto/tiago_public_ws/install/pal_robotiq_gripper/share/pal_robotiq_gripper/package.zsh'
[1.926s] Level 1:colcon.colcon_core.environment:create_file_with_runtime_dependencies(/home/alberto/tiago_public_ws/install/pal_robotiq_gripper/share/colcon-core/packages/pal_robotiq_gripper)
[1.928s] INFO:colcon.colcon_ros.task.ament_cmake.build:Building ROS package in '/home/alberto/tiago_public_ws/src/pal_gripper/pal_gripper_description' with build type 'ament_cmake'
[1.928s] INFO:colcon.colcon_cmake.task.cmake.build:Building CMake package in '/home/alberto/tiago_public_ws/src/pal_gripper/pal_gripper_description'
[1.928s] INFO:colcon.colcon_core.shell:Skip shell extension 'powershell' for command environment: Not usable outside of PowerShell
[1.929s] DEBUG:colcon.colcon_core.shell:Skip shell extension 'dsv' for command environment
[1.935s] Level 1:colcon.colcon_core.environment:create_environment_scripts_only(pal_hey5_description)
[1.935s] Level 1:colcon.colcon_core.environment:checking '/home/alberto/tiago_public_ws/install/pal_hey5_description' for CMake module files
[1.936s] DEBUG:colcon.colcon_core.event_handler.log_command:Invoked command in '/home/alberto/tiago_public_ws/build/pal_hey5_description' returned '0': AMENT_PREFIX_PATH=/home/alberto/tiago_public_ws/install/pal_urdf_utils:${AMENT_PREFIX_PATH} CMAKE_PREFIX_PATH=/home/alberto/tiago_public_ws/install/pal_urdf_utils:/opt/ros/humble /usr/bin/cmake --install /home/alberto/tiago_public_ws/build/pal_hey5_description
[1.938s] Level 1:colcon.colcon_core.environment:checking '/home/alberto/tiago_public_ws/install/pal_hey5_description' for CMake config files
[1.939s] Level 1:colcon.colcon_core.shell:create_environment_hook('pal_hey5_description', 'cmake_prefix_path')
[1.939s] INFO:colcon.colcon_core.shell:Creating environment hook '/home/alberto/tiago_public_ws/install/pal_hey5_description/share/pal_hey5_description/hook/cmake_prefix_path.ps1'
[1.941s] INFO:colcon.colcon_core.shell:Creating environment descriptor '/home/alberto/tiago_public_ws/install/pal_hey5_description/share/pal_hey5_description/hook/cmake_prefix_path.dsv'
[1.941s] INFO:colcon.colcon_core.shell:Creating environment hook '/home/alberto/tiago_public_ws/install/pal_hey5_description/share/pal_hey5_description/hook/cmake_prefix_path.sh'
[1.942s] Level 1:colcon.colcon_core.environment:checking '/home/alberto/tiago_public_ws/install/pal_hey5_description/bin'
[1.942s] Level 1:colcon.colcon_core.environment:checking '/home/alberto/tiago_public_ws/install/pal_hey5_description/lib/pkgconfig/pal_hey5_description.pc'
[1.943s] Level 1:colcon.colcon_core.environment:checking '/home/alberto/tiago_public_ws/install/pal_hey5_description/lib/python3.10/site-packages'
[1.943s] Level 1:colcon.colcon_core.environment:checking '/home/alberto/tiago_public_ws/install/pal_hey5_description/bin'
[1.943s] INFO:colcon.colcon_core.shell:Creating package script '/home/alberto/tiago_public_ws/install/pal_hey5_description/share/pal_hey5_description/package.ps1'
[1.944s] INFO:colcon.colcon_core.shell:Creating package descriptor '/home/alberto/tiago_public_ws/install/pal_hey5_description/share/pal_hey5_description/package.dsv'
[1.944s] INFO:colcon.colcon_core.shell:Creating package script '/home/alberto/tiago_public_ws/install/pal_hey5_description/share/pal_hey5_description/package.sh'
[1.944s] INFO:colcon.colcon_core.shell:Creating package script '/home/alberto/tiago_public_ws/install/pal_hey5_description/share/pal_hey5_description/package.bash'
[1.945s] INFO:colcon.colcon_core.shell:Creating package script '/home/alberto/tiago_public_ws/install/pal_hey5_description/share/pal_hey5_description/package.zsh'
[1.945s] Level 1:colcon.colcon_core.environment:create_file_with_runtime_dependencies(/home/alberto/tiago_public_ws/install/pal_hey5_description/share/colcon-core/packages/pal_hey5_description)
[1.946s] Level 1:colcon.colcon_core.environment:create_environment_scripts_only(pal_hey5_description)
[1.946s] Level 1:colcon.colcon_core.environment:checking '/home/alberto/tiago_public_ws/install/pal_hey5_description' for CMake module files
[1.947s] Level 1:colcon.colcon_core.environment:checking '/home/alberto/tiago_public_ws/install/pal_hey5_description' for CMake config files
[1.947s] Level 1:colcon.colcon_core.shell:create_environment_hook('pal_hey5_description', 'cmake_prefix_path')
[1.947s] INFO:colcon.colcon_core.shell:Creating environment hook '/home/alberto/tiago_public_ws/install/pal_hey5_description/share/pal_hey5_description/hook/cmake_prefix_path.ps1'
[1.948s] INFO:colcon.colcon_core.shell:Creating environment descriptor '/home/alberto/tiago_public_ws/install/pal_hey5_description/share/pal_hey5_description/hook/cmake_prefix_path.dsv'
[1.948s] INFO:colcon.colcon_core.shell:Creating environment hook '/home/alberto/tiago_public_ws/install/pal_hey5_description/share/pal_hey5_description/hook/cmake_prefix_path.sh'
[1.949s] Level 1:colcon.colcon_core.environment:checking '/home/alberto/tiago_public_ws/install/pal_hey5_description/bin'
[1.949s] Level 1:colcon.colcon_core.environment:checking '/home/alberto/tiago_public_ws/install/pal_hey5_description/lib/pkgconfig/pal_hey5_description.pc'
[1.949s] Level 1:colcon.colcon_core.environment:checking '/home/alberto/tiago_public_ws/install/pal_hey5_description/lib/python3.10/site-packages'
[1.949s] Level 1:colcon.colcon_core.environment:checking '/home/alberto/tiago_public_ws/install/pal_hey5_description/bin'
[1.950s] INFO:colcon.colcon_core.shell:Creating package script '/home/alberto/tiago_public_ws/install/pal_hey5_description/share/pal_hey5_description/package.ps1'
[1.951s] INFO:colcon.colcon_core.shell:Creating package descriptor '/home/alberto/tiago_public_ws/install/pal_hey5_description/share/pal_hey5_description/package.dsv'
[1.951s] INFO:colcon.colcon_core.shell:Creating package script '/home/alberto/tiago_public_ws/install/pal_hey5_description/share/pal_hey5_description/package.sh'
[1.952s] INFO:colcon.colcon_core.shell:Creating package script '/home/alberto/tiago_public_ws/install/pal_hey5_description/share/pal_hey5_description/package.bash'
[1.952s] INFO:colcon.colcon_core.shell:Creating package script '/home/alberto/tiago_public_ws/install/pal_hey5_description/share/pal_hey5_description/package.zsh'
[1.953s] Level 1:colcon.colcon_core.environment:create_file_with_runtime_dependencies(/home/alberto/tiago_public_ws/install/pal_hey5_description/share/colcon-core/packages/pal_hey5_description)
[1.953s] INFO:colcon.colcon_ros.task.ament_cmake.build:Building ROS package in '/home/alberto/tiago_public_ws/src/pal_hey5/pal_hey5' with build type 'ament_cmake'
[1.953s] INFO:colcon.colcon_cmake.task.cmake.build:Building CMake package in '/home/alberto/tiago_public_ws/src/pal_hey5/pal_hey5'
[1.954s] INFO:colcon.colcon_core.shell:Skip shell extension 'powershell' for command environment: Not usable outside of PowerShell
[1.954s] DEBUG:colcon.colcon_core.shell:Skip shell extension 'dsv' for command environment
[1.960s] Level 1:colcon.colcon_core.environment:create_environment_scripts_only(pal_gazebo_worlds)
[1.960s] Level 1:colcon.colcon_core.environment:checking '/home/alberto/tiago_public_ws/install/pal_gazebo_worlds' for CMake module files
[1.961s] DEBUG:colcon.colcon_core.event_handler.log_command:Invoked command in '/home/alberto/tiago_public_ws/build/pal_gazebo_worlds' returned '0': CMAKE_PREFIX_PATH=/opt/ros/humble /usr/bin/cmake --install /home/alberto/tiago_public_ws/build/pal_gazebo_worlds
[1.962s] Level 1:colcon.colcon_core.environment:checking '/home/alberto/tiago_public_ws/install/pal_gazebo_worlds' for CMake config files
[1.971s] Level 1:colcon.colcon_core.shell:create_environment_hook('pal_gazebo_worlds', 'cmake_prefix_path')
[1.971s] INFO:colcon.colcon_core.shell:Creating environment hook '/home/alberto/tiago_public_ws/install/pal_gazebo_worlds/share/pal_gazebo_worlds/hook/cmake_prefix_path.ps1'
[1.972s] INFO:colcon.colcon_core.shell:Creating environment descriptor '/home/alberto/tiago_public_ws/install/pal_gazebo_worlds/share/pal_gazebo_worlds/hook/cmake_prefix_path.dsv'
[1.972s] INFO:colcon.colcon_core.shell:Creating environment hook '/home/alberto/tiago_public_ws/install/pal_gazebo_worlds/share/pal_gazebo_worlds/hook/cmake_prefix_path.sh'
[1.973s] Level 1:colcon.colcon_core.environment:checking '/home/alberto/tiago_public_ws/install/pal_gazebo_worlds/bin'
[1.973s] Level 1:colcon.colcon_core.environment:checking '/home/alberto/tiago_public_ws/install/pal_gazebo_worlds/lib/pkgconfig/pal_gazebo_worlds.pc'
[1.973s] Level 1:colcon.colcon_core.environment:checking '/home/alberto/tiago_public_ws/install/pal_gazebo_worlds/lib/python3.10/site-packages'
[1.973s] Level 1:colcon.colcon_core.environment:checking '/home/alberto/tiago_public_ws/install/pal_gazebo_worlds/bin'
[1.974s] INFO:colcon.colcon_core.shell:Creating package script '/home/alberto/tiago_public_ws/install/pal_gazebo_worlds/share/pal_gazebo_worlds/package.ps1'
[1.974s] INFO:colcon.colcon_core.shell:Creating package descriptor '/home/alberto/tiago_public_ws/install/pal_gazebo_worlds/share/pal_gazebo_worlds/package.dsv'
[1.975s] INFO:colcon.colcon_core.shell:Creating package script '/home/alberto/tiago_public_ws/install/pal_gazebo_worlds/share/pal_gazebo_worlds/package.sh'
[1.975s] INFO:colcon.colcon_core.shell:Creating package script '/home/alberto/tiago_public_ws/install/pal_gazebo_worlds/share/pal_gazebo_worlds/package.bash'
[1.975s] INFO:colcon.colcon_core.shell:Creating package script '/home/alberto/tiago_public_ws/install/pal_gazebo_worlds/share/pal_gazebo_worlds/package.zsh'
[1.976s] Level 1:colcon.colcon_core.environment:create_file_with_runtime_dependencies(/home/alberto/tiago_public_ws/install/pal_gazebo_worlds/share/colcon-core/packages/pal_gazebo_worlds)
[1.976s] Level 1:colcon.colcon_core.environment:create_environment_scripts_only(pal_gazebo_worlds)
[1.977s] Level 1:colcon.colcon_core.environment:checking '/home/alberto/tiago_public_ws/install/pal_gazebo_worlds' for CMake module files
[1.977s] Level 1:colcon.colcon_core.environment:checking '/home/alberto/tiago_public_ws/install/pal_gazebo_worlds' for CMake config files
[1.983s] Level 1:colcon.colcon_core.shell:create_environment_hook('pal_gazebo_worlds', 'cmake_prefix_path')
[1.983s] INFO:colcon.colcon_core.shell:Creating environment hook '/home/alberto/tiago_public_ws/install/pal_gazebo_worlds/share/pal_gazebo_worlds/hook/cmake_prefix_path.ps1'
[1.984s] INFO:colcon.colcon_core.shell:Creating environment descriptor '/home/alberto/tiago_public_ws/install/pal_gazebo_worlds/share/pal_gazebo_worlds/hook/cmake_prefix_path.dsv'
[1.985s] INFO:colcon.colcon_core.shell:Creating environment hook '/home/alberto/tiago_public_ws/install/pal_gazebo_worlds/share/pal_gazebo_worlds/hook/cmake_prefix_path.sh'
[1.985s] Level 1:colcon.colcon_core.environment:checking '/home/alberto/tiago_public_ws/install/pal_gazebo_worlds/bin'
[1.986s] Level 1:colcon.colcon_core.environment:checking '/home/alberto/tiago_public_ws/install/pal_gazebo_worlds/lib/pkgconfig/pal_gazebo_worlds.pc'
[1.986s] Level 1:colcon.colcon_core.environment:checking '/home/alberto/tiago_public_ws/install/pal_gazebo_worlds/lib/python3.10/site-packages'
[1.986s] Level 1:colcon.colcon_core.environment:checking '/home/alberto/tiago_public_ws/install/pal_gazebo_worlds/bin'
[1.987s] INFO:colcon.colcon_core.shell:Creating package script '/home/alberto/tiago_public_ws/install/pal_gazebo_worlds/share/pal_gazebo_worlds/package.ps1'
[1.988s] INFO:colcon.colcon_core.shell:Creating package descriptor '/home/alberto/tiago_public_ws/install/pal_gazebo_worlds/share/pal_gazebo_worlds/package.dsv'
[1.988s] INFO:colcon.colcon_core.shell:Creating package script '/home/alberto/tiago_public_ws/install/pal_gazebo_worlds/share/pal_gazebo_worlds/package.sh'
[1.989s] INFO:colcon.colcon_core.shell:Creating package script '/home/alberto/tiago_public_ws/install/pal_gazebo_worlds/share/pal_gazebo_worlds/package.bash'
[1.990s] INFO:colcon.colcon_core.shell:Creating package script '/home/alberto/tiago_public_ws/install/pal_gazebo_worlds/share/pal_gazebo_worlds/package.zsh'
[1.990s] Level 1:colcon.colcon_core.environment:create_file_with_runtime_dependencies(/home/alberto/tiago_public_ws/install/pal_gazebo_worlds/share/colcon-core/packages/pal_gazebo_worlds)
[1.998s] DEBUG:colcon.colcon_core.event_handler.log_command:Invoking command in '/home/alberto/tiago_public_ws/build/pal_gripper_description': AMENT_PREFIX_PATH=/home/alberto/tiago_public_ws/install/urdf_test:/home/alberto/tiago_public_ws/install/pal_urdf_utils:${AMENT_PREFIX_PATH} CMAKE_PREFIX_PATH=/home/alberto/tiago_public_ws/install/urdf_test:/home/alberto/tiago_public_ws/install/pal_urdf_utils:/opt/ros/humble PYTHONPATH=/home/alberto/tiago_public_ws/install/urdf_test/local/lib/python3.10/dist-packages:${PYTHONPATH} /usr/bin/cmake --build /home/alberto/tiago_public_ws/build/pal_gripper_description -- -j12 -l12
[2.002s] DEBUG:colcon.colcon_core.event_handler.log_command:Invoking command in '/home/alberto/tiago_public_ws/build/launch_pal': PYTHONPATH=/home/alberto/tiago_public_ws/build/launch_pal/prefix_override:/usr/lib/python3/dist-packages/colcon_core/task/python/colcon_distutils_commands:/home/alberto/tiago_public_ws/install/launch_pal/lib/python3.10/site-packages:${PYTHONPATH} /usr/bin/python3 -W ignore:setup.py install is deprecated -W ignore:easy_install command is deprecated setup.py develop --editable --build-directory /home/alberto/tiago_public_ws/build/launch_pal/build --no-deps symlink_data
[2.008s] DEBUG:colcon.colcon_core.event_handler.log_command:Invoking command in '/home/alberto/tiago_public_ws/build/pal_hey5': AMENT_PREFIX_PATH=/home/alberto/tiago_public_ws/install/pal_hey5_description:/home/alberto/tiago_public_ws/install/pal_urdf_utils:/home/alberto/tiago_public_ws/install/pal_hey5_controller_configuration:${AMENT_PREFIX_PATH} CMAKE_PREFIX_PATH=/home/alberto/tiago_public_ws/install/pal_hey5_description:/home/alberto/tiago_public_ws/install/pal_urdf_utils:/home/alberto/tiago_public_ws/install/pal_hey5_controller_configuration:/opt/ros/humble /usr/bin/cmake --build /home/alberto/tiago_public_ws/build/pal_hey5 -- -j12 -l12
[2.012s] Level 1:colcon.colcon_core.environment:create_environment_scripts_only(play_motion2_msgs)
[2.013s] Level 1:colcon.colcon_core.environment:checking '/home/alberto/tiago_public_ws/install/play_motion2_msgs' for CMake module files
[2.013s] DEBUG:colcon.colcon_core.event_handler.log_command:Invoked command in '/home/alberto/tiago_public_ws/build/play_motion2_msgs' returned '0': CMAKE_PREFIX_PATH=/opt/ros/humble /usr/bin/cmake --install /home/alberto/tiago_public_ws/build/play_motion2_msgs
[2.014s] Level 1:colcon.colcon_core.environment:checking '/home/alberto/tiago_public_ws/install/play_motion2_msgs' for CMake config files
[2.016s] Level 1:colcon.colcon_core.shell:create_environment_hook('play_motion2_msgs', 'cmake_prefix_path')
[2.016s] INFO:colcon.colcon_core.shell:Creating environment hook '/home/alberto/tiago_public_ws/install/play_motion2_msgs/share/play_motion2_msgs/hook/cmake_prefix_path.ps1'
[2.016s] INFO:colcon.colcon_core.shell:Creating environment descriptor '/home/alberto/tiago_public_ws/install/play_motion2_msgs/share/play_motion2_msgs/hook/cmake_prefix_path.dsv'
[2.017s] INFO:colcon.colcon_core.shell:Creating environment hook '/home/alberto/tiago_public_ws/install/play_motion2_msgs/share/play_motion2_msgs/hook/cmake_prefix_path.sh'
[2.017s] Level 1:colcon.colcon_core.environment:checking '/home/alberto/tiago_public_ws/install/play_motion2_msgs/lib'
[2.018s] Level 1:colcon.colcon_core.shell:create_environment_hook('play_motion2_msgs', 'ld_library_path_lib')
[2.018s] INFO:colcon.colcon_core.shell:Creating environment hook '/home/alberto/tiago_public_ws/install/play_motion2_msgs/share/play_motion2_msgs/hook/ld_library_path_lib.ps1'
[2.018s] INFO:colcon.colcon_core.shell:Creating environment descriptor '/home/alberto/tiago_public_ws/install/play_motion2_msgs/share/play_motion2_msgs/hook/ld_library_path_lib.dsv'
[2.019s] INFO:colcon.colcon_core.shell:Creating environment hook '/home/alberto/tiago_public_ws/install/play_motion2_msgs/share/play_motion2_msgs/hook/ld_library_path_lib.sh'
[2.019s] Level 1:colcon.colcon_core.environment:checking '/home/alberto/tiago_public_ws/install/play_motion2_msgs/bin'
[2.020s] Level 1:colcon.colcon_core.environment:checking '/home/alberto/tiago_public_ws/install/play_motion2_msgs/lib/pkgconfig/play_motion2_msgs.pc'
[2.020s] Level 1:colcon.colcon_core.environment:checking '/home/alberto/tiago_public_ws/install/play_motion2_msgs/lib/python3.10/site-packages'
[2.020s] Level 1:colcon.colcon_core.environment:checking '/home/alberto/tiago_public_ws/install/play_motion2_msgs/bin'
[2.020s] INFO:colcon.colcon_core.shell:Creating package script '/home/alberto/tiago_public_ws/install/play_motion2_msgs/share/play_motion2_msgs/package.ps1'
[2.022s] INFO:colcon.colcon_core.shell:Creating package descriptor '/home/alberto/tiago_public_ws/install/play_motion2_msgs/share/play_motion2_msgs/package.dsv'
[2.022s] INFO:colcon.colcon_core.shell:Creating package script '/home/alberto/tiago_public_ws/install/play_motion2_msgs/share/play_motion2_msgs/package.sh'
[2.023s] INFO:colcon.colcon_core.shell:Creating package script '/home/alberto/tiago_public_ws/install/play_motion2_msgs/share/play_motion2_msgs/package.bash'
[2.023s] INFO:colcon.colcon_core.shell:Creating package script '/home/alberto/tiago_public_ws/install/play_motion2_msgs/share/play_motion2_msgs/package.zsh'
[2.023s] Level 1:colcon.colcon_core.environment:create_file_with_runtime_dependencies(/home/alberto/tiago_public_ws/install/play_motion2_msgs/share/colcon-core/packages/play_motion2_msgs)
[2.025s] Level 1:colcon.colcon_core.environment:create_environment_scripts_only(play_motion2_msgs)
[2.025s] Level 1:colcon.colcon_core.environment:checking '/home/alberto/tiago_public_ws/install/play_motion2_msgs' for CMake module files
[2.026s] Level 1:colcon.colcon_core.environment:checking '/home/alberto/tiago_public_ws/install/play_motion2_msgs' for CMake config files
[2.028s] Level 1:colcon.colcon_core.shell:create_environment_hook('play_motion2_msgs', 'cmake_prefix_path')
[2.029s] INFO:colcon.colcon_core.shell:Creating environment hook '/home/alberto/tiago_public_ws/install/play_motion2_msgs/share/play_motion2_msgs/hook/cmake_prefix_path.ps1'
[2.030s] INFO:colcon.colcon_core.shell:Creating environment descriptor '/home/alberto/tiago_public_ws/install/play_motion2_msgs/share/play_motion2_msgs/hook/cmake_prefix_path.dsv'
[2.030s] INFO:colcon.colcon_core.shell:Creating environment hook '/home/alberto/tiago_public_ws/install/play_motion2_msgs/share/play_motion2_msgs/hook/cmake_prefix_path.sh'
[2.031s] Level 1:colcon.colcon_core.environment:checking '/home/alberto/tiago_public_ws/install/play_motion2_msgs/lib'
[2.031s] Level 1:colcon.colcon_core.shell:create_environment_hook('play_motion2_msgs', 'ld_library_path_lib')
[2.031s] INFO:colcon.colcon_core.shell:Creating environment hook '/home/alberto/tiago_public_ws/install/play_motion2_msgs/share/play_motion2_msgs/hook/ld_library_path_lib.ps1'
[2.032s] INFO:colcon.colcon_core.shell:Creating environment descriptor '/home/alberto/tiago_public_ws/install/play_motion2_msgs/share/play_motion2_msgs/hook/ld_library_path_lib.dsv'
[2.032s] INFO:colcon.colcon_core.shell:Creating environment hook '/home/alberto/tiago_public_ws/install/play_motion2_msgs/share/play_motion2_msgs/hook/ld_library_path_lib.sh'
[2.033s] Level 1:colcon.colcon_core.environment:checking '/home/alberto/tiago_public_ws/install/play_motion2_msgs/bin'
[2.033s] Level 1:colcon.colcon_core.environment:checking '/home/alberto/tiago_public_ws/install/play_motion2_msgs/lib/pkgconfig/play_motion2_msgs.pc'
[2.033s] Level 1:colcon.colcon_core.environment:checking '/home/alberto/tiago_public_ws/install/play_motion2_msgs/lib/python3.10/site-packages'
[2.034s] Level 1:colcon.colcon_core.environment:checking '/home/alberto/tiago_public_ws/install/play_motion2_msgs/bin'
[2.034s] INFO:colcon.colcon_core.shell:Creating package script '/home/alberto/tiago_public_ws/install/play_motion2_msgs/share/play_motion2_msgs/package.ps1'
[2.035s] INFO:colcon.colcon_core.shell:Creating package descriptor '/home/alberto/tiago_public_ws/install/play_motion2_msgs/share/play_motion2_msgs/package.dsv'
[2.035s] INFO:colcon.colcon_core.shell:Creating package script '/home/alberto/tiago_public_ws/install/play_motion2_msgs/share/play_motion2_msgs/package.sh'
[2.036s] INFO:colcon.colcon_core.shell:Creating package script '/home/alberto/tiago_public_ws/install/play_motion2_msgs/share/play_motion2_msgs/package.bash'
[2.037s] INFO:colcon.colcon_core.shell:Creating package script '/home/alberto/tiago_public_ws/install/play_motion2_msgs/share/play_motion2_msgs/package.zsh'
[2.037s] Level 1:colcon.colcon_core.environment:create_file_with_runtime_dependencies(/home/alberto/tiago_public_ws/install/play_motion2_msgs/share/colcon-core/packages/play_motion2_msgs)
[2.039s] INFO:colcon.colcon_ros.task.ament_cmake.build:Building ROS package in '/home/alberto/tiago_public_ws/src/play_motion2/play_motion2' with build type 'ament_cmake'
[2.039s] INFO:colcon.colcon_cmake.task.cmake.build:Building CMake package in '/home/alberto/tiago_public_ws/src/play_motion2/play_motion2'
[2.039s] INFO:colcon.colcon_core.shell:Skip shell extension 'powershell' for command environment: Not usable outside of PowerShell
[2.039s] DEBUG:colcon.colcon_core.shell:Skip shell extension 'dsv' for command environment
[2.058s] DEBUG:colcon.colcon_core.event_handler.log_command:Invoking command in '/home/alberto/tiago_public_ws/build/play_motion2': AMENT_PREFIX_PATH=/home/alberto/tiago_public_ws/install/play_motion2_msgs:${AMENT_PREFIX_PATH} CMAKE_PREFIX_PATH=/home/alberto/tiago_public_ws/install/play_motion2_msgs:/opt/ros/humble LD_LIBRARY_PATH=/home/alberto/tiago_public_ws/install/play_motion2_msgs/lib:${LD_LIBRARY_PATH} PYTHONPATH=/home/alberto/tiago_public_ws/install/play_motion2_msgs/local/lib/python3.10/dist-packages:${PYTHONPATH} /usr/bin/cmake --build /home/alberto/tiago_public_ws/build/play_motion2 -- -j12 -l12
[2.068s] DEBUG:colcon.colcon_core.event_handler.log_command:Invoked command in '/home/alberto/tiago_public_ws/build/pal_gripper_description' returned '0': AMENT_PREFIX_PATH=/home/alberto/tiago_public_ws/install/urdf_test:/home/alberto/tiago_public_ws/install/pal_urdf_utils:${AMENT_PREFIX_PATH} CMAKE_PREFIX_PATH=/home/alberto/tiago_public_ws/install/urdf_test:/home/alberto/tiago_public_ws/install/pal_urdf_utils:/opt/ros/humble PYTHONPATH=/home/alberto/tiago_public_ws/install/urdf_test/local/lib/python3.10/dist-packages:${PYTHONPATH} /usr/bin/cmake --build /home/alberto/tiago_public_ws/build/pal_gripper_description -- -j12 -l12
[2.073s] DEBUG:colcon.colcon_core.event_handler.log_command:Invoking command in '/home/alberto/tiago_public_ws/build/pal_gripper_description': AMENT_PREFIX_PATH=/home/alberto/tiago_public_ws/install/urdf_test:/home/alberto/tiago_public_ws/install/pal_urdf_utils:${AMENT_PREFIX_PATH} CMAKE_PREFIX_PATH=/home/alberto/tiago_public_ws/install/urdf_test:/home/alberto/tiago_public_ws/install/pal_urdf_utils:/opt/ros/humble PYTHONPATH=/home/alberto/tiago_public_ws/install/urdf_test/local/lib/python3.10/dist-packages:${PYTHONPATH} /usr/bin/cmake --install /home/alberto/tiago_public_ws/build/pal_gripper_description
[2.077s] DEBUG:colcon.colcon_core.event_handler.log_command:Invoked command in '/home/alberto/tiago_public_ws/build/pal_hey5' returned '0': AMENT_PREFIX_PATH=/home/alberto/tiago_public_ws/install/pal_hey5_description:/home/alberto/tiago_public_ws/install/pal_urdf_utils:/home/alberto/tiago_public_ws/install/pal_hey5_controller_configuration:${AMENT_PREFIX_PATH} CMAKE_PREFIX_PATH=/home/alberto/tiago_public_ws/install/pal_hey5_description:/home/alberto/tiago_public_ws/install/pal_urdf_utils:/home/alberto/tiago_public_ws/install/pal_hey5_controller_configuration:/opt/ros/humble /usr/bin/cmake --build /home/alberto/tiago_public_ws/build/pal_hey5 -- -j12 -l12
[2.081s] DEBUG:colcon.colcon_core.event_handler.log_command:Invoking command in '/home/alberto/tiago_public_ws/build/pal_hey5': AMENT_PREFIX_PATH=/home/alberto/tiago_public_ws/install/pal_hey5_description:/home/alberto/tiago_public_ws/install/pal_urdf_utils:/home/alberto/tiago_public_ws/install/pal_hey5_controller_configuration:${AMENT_PREFIX_PATH} CMAKE_PREFIX_PATH=/home/alberto/tiago_public_ws/install/pal_hey5_description:/home/alberto/tiago_public_ws/install/pal_urdf_utils:/home/alberto/tiago_public_ws/install/pal_hey5_controller_configuration:/opt/ros/humble /usr/bin/cmake --install /home/alberto/tiago_public_ws/build/pal_hey5
[2.112s] Level 1:colcon.colcon_core.environment:create_environment_scripts_only(pal_hey5)
[2.112s] Level 1:colcon.colcon_core.environment:checking '/home/alberto/tiago_public_ws/install/pal_hey5' for CMake module files
[2.114s] DEBUG:colcon.colcon_core.event_handler.log_command:Invoked command in '/home/alberto/tiago_public_ws/build/pal_hey5' returned '0': AMENT_PREFIX_PATH=/home/alberto/tiago_public_ws/install/pal_hey5_description:/home/alberto/tiago_public_ws/install/pal_urdf_utils:/home/alberto/tiago_public_ws/install/pal_hey5_controller_configuration:${AMENT_PREFIX_PATH} CMAKE_PREFIX_PATH=/home/alberto/tiago_public_ws/install/pal_hey5_description:/home/alberto/tiago_public_ws/install/pal_urdf_utils:/home/alberto/tiago_public_ws/install/pal_hey5_controller_configuration:/opt/ros/humble /usr/bin/cmake --install /home/alberto/tiago_public_ws/build/pal_hey5
[2.115s] Level 1:colcon.colcon_core.environment:checking '/home/alberto/tiago_public_ws/install/pal_hey5' for CMake config files
[2.115s] Level 1:colcon.colcon_core.shell:create_environment_hook('pal_hey5', 'cmake_prefix_path')
[2.115s] INFO:colcon.colcon_core.shell:Creating environment hook '/home/alberto/tiago_public_ws/install/pal_hey5/share/pal_hey5/hook/cmake_prefix_path.ps1'
[2.116s] INFO:colcon.colcon_core.shell:Creating environment descriptor '/home/alberto/tiago_public_ws/install/pal_hey5/share/pal_hey5/hook/cmake_prefix_path.dsv'
[2.116s] INFO:colcon.colcon_core.shell:Creating environment hook '/home/alberto/tiago_public_ws/install/pal_hey5/share/pal_hey5/hook/cmake_prefix_path.sh'
[2.117s] Level 1:colcon.colcon_core.environment:checking '/home/alberto/tiago_public_ws/install/pal_hey5/bin'
[2.117s] Level 1:colcon.colcon_core.environment:checking '/home/alberto/tiago_public_ws/install/pal_hey5/lib/pkgconfig/pal_hey5.pc'
[2.118s] Level 1:colcon.colcon_core.environment:checking '/home/alberto/tiago_public_ws/install/pal_hey5/lib/python3.10/site-packages'
[2.118s] Level 1:colcon.colcon_core.environment:checking '/home/alberto/tiago_public_ws/install/pal_hey5/bin'
[2.118s] INFO:colcon.colcon_core.shell:Creating package script '/home/alberto/tiago_public_ws/install/pal_hey5/share/pal_hey5/package.ps1'
[2.119s] INFO:colcon.colcon_core.shell:Creating package descriptor '/home/alberto/tiago_public_ws/install/pal_hey5/share/pal_hey5/package.dsv'
[2.120s] INFO:colcon.colcon_core.shell:Creating package script '/home/alberto/tiago_public_ws/install/pal_hey5/share/pal_hey5/package.sh'
[2.120s] INFO:colcon.colcon_core.shell:Creating package script '/home/alberto/tiago_public_ws/install/pal_hey5/share/pal_hey5/package.bash'
[2.120s] INFO:colcon.colcon_core.shell:Creating package script '/home/alberto/tiago_public_ws/install/pal_hey5/share/pal_hey5/package.zsh'
[2.121s] Level 1:colcon.colcon_core.environment:create_file_with_runtime_dependencies(/home/alberto/tiago_public_ws/install/pal_hey5/share/colcon-core/packages/pal_hey5)
[2.122s] Level 1:colcon.colcon_core.environment:create_environment_scripts_only(pal_hey5)
[2.122s] Level 1:colcon.colcon_core.environment:checking '/home/alberto/tiago_public_ws/install/pal_hey5' for CMake module files
[2.123s] Level 1:colcon.colcon_core.environment:checking '/home/alberto/tiago_public_ws/install/pal_hey5' for CMake config files
[2.123s] Level 1:colcon.colcon_core.shell:create_environment_hook('pal_hey5', 'cmake_prefix_path')
[2.123s] INFO:colcon.colcon_core.shell:Creating environment hook '/home/alberto/tiago_public_ws/install/pal_hey5/share/pal_hey5/hook/cmake_prefix_path.ps1'
[2.124s] INFO:colcon.colcon_core.shell:Creating environment descriptor '/home/alberto/tiago_public_ws/install/pal_hey5/share/pal_hey5/hook/cmake_prefix_path.dsv'
[2.124s] INFO:colcon.colcon_core.shell:Creating environment hook '/home/alberto/tiago_public_ws/install/pal_hey5/share/pal_hey5/hook/cmake_prefix_path.sh'
[2.125s] Level 1:colcon.colcon_core.environment:checking '/home/alberto/tiago_public_ws/install/pal_hey5/bin'
[2.125s] Level 1:colcon.colcon_core.environment:checking '/home/alberto/tiago_public_ws/install/pal_hey5/lib/pkgconfig/pal_hey5.pc'
[2.125s] Level 1:colcon.colcon_core.environment:checking '/home/alberto/tiago_public_ws/install/pal_hey5/lib/python3.10/site-packages'
[2.125s] Level 1:colcon.colcon_core.environment:checking '/home/alberto/tiago_public_ws/install/pal_hey5/bin'
[2.126s] INFO:colcon.colcon_core.shell:Creating package script '/home/alberto/tiago_public_ws/install/pal_hey5/share/pal_hey5/package.ps1'
[2.126s] INFO:colcon.colcon_core.shell:Creating package descriptor '/home/alberto/tiago_public_ws/install/pal_hey5/share/pal_hey5/package.dsv'
[2.126s] INFO:colcon.colcon_core.shell:Creating package script '/home/alberto/tiago_public_ws/install/pal_hey5/share/pal_hey5/package.sh'
[2.127s] INFO:colcon.colcon_core.shell:Creating package script '/home/alberto/tiago_public_ws/install/pal_hey5/share/pal_hey5/package.bash'
[2.127s] INFO:colcon.colcon_core.shell:Creating package script '/home/alberto/tiago_public_ws/install/pal_hey5/share/pal_hey5/package.zsh'
[2.128s] Level 1:colcon.colcon_core.environment:create_file_with_runtime_dependencies(/home/alberto/tiago_public_ws/install/pal_hey5/share/colcon-core/packages/pal_hey5)
[2.129s] Level 1:colcon.colcon_core.environment:create_environment_scripts_only(pal_gripper_description)
[2.129s] Level 1:colcon.colcon_core.environment:checking '/home/alberto/tiago_public_ws/install/pal_gripper_description' for CMake module files
[2.129s] Level 1:colcon.colcon_core.environment:checking '/home/alberto/tiago_public_ws/install/pal_gripper_description' for CMake config files
[2.130s] Level 1:colcon.colcon_core.shell:create_environment_hook('pal_gripper_description', 'cmake_prefix_path')
[2.130s] INFO:colcon.colcon_core.shell:Creating environment hook '/home/alberto/tiago_public_ws/install/pal_gripper_description/share/pal_gripper_description/hook/cmake_prefix_path.ps1'
[2.131s] INFO:colcon.colcon_core.shell:Creating environment descriptor '/home/alberto/tiago_public_ws/install/pal_gripper_description/share/pal_gripper_description/hook/cmake_prefix_path.dsv'
[2.131s] DEBUG:colcon.colcon_core.event_handler.log_command:Invoked command in '/home/alberto/tiago_public_ws/build/pal_gripper_description' returned '0': AMENT_PREFIX_PATH=/home/alberto/tiago_public_ws/install/urdf_test:/home/alberto/tiago_public_ws/install/pal_urdf_utils:${AMENT_PREFIX_PATH} CMAKE_PREFIX_PATH=/home/alberto/tiago_public_ws/install/urdf_test:/home/alberto/tiago_public_ws/install/pal_urdf_utils:/opt/ros/humble PYTHONPATH=/home/alberto/tiago_public_ws/install/urdf_test/local/lib/python3.10/dist-packages:${PYTHONPATH} /usr/bin/cmake --install /home/alberto/tiago_public_ws/build/pal_gripper_description
[2.132s] INFO:colcon.colcon_core.shell:Creating environment hook '/home/alberto/tiago_public_ws/install/pal_gripper_description/share/pal_gripper_description/hook/cmake_prefix_path.sh'
[2.132s] Level 1:colcon.colcon_core.environment:checking '/home/alberto/tiago_public_ws/install/pal_gripper_description/bin'
[2.132s] Level 1:colcon.colcon_core.environment:checking '/home/alberto/tiago_public_ws/install/pal_gripper_description/lib/pkgconfig/pal_gripper_description.pc'
[2.132s] Level 1:colcon.colcon_core.environment:checking '/home/alberto/tiago_public_ws/install/pal_gripper_description/lib/python3.10/site-packages'
[2.133s] Level 1:colcon.colcon_core.environment:checking '/home/alberto/tiago_public_ws/install/pal_gripper_description/bin'
[2.133s] INFO:colcon.colcon_core.shell:Creating package script '/home/alberto/tiago_public_ws/install/pal_gripper_description/share/pal_gripper_description/package.ps1'
[2.133s] INFO:colcon.colcon_core.shell:Creating package descriptor '/home/alberto/tiago_public_ws/install/pal_gripper_description/share/pal_gripper_description/package.dsv'
[2.134s] INFO:colcon.colcon_core.shell:Creating package script '/home/alberto/tiago_public_ws/install/pal_gripper_description/share/pal_gripper_description/package.sh'
[2.134s] INFO:colcon.colcon_core.shell:Creating package script '/home/alberto/tiago_public_ws/install/pal_gripper_description/share/pal_gripper_description/package.bash'
[2.135s] INFO:colcon.colcon_core.shell:Creating package script '/home/alberto/tiago_public_ws/install/pal_gripper_description/share/pal_gripper_description/package.zsh'
[2.135s] Level 1:colcon.colcon_core.environment:create_file_with_runtime_dependencies(/home/alberto/tiago_public_ws/install/pal_gripper_description/share/colcon-core/packages/pal_gripper_description)
[2.136s] Level 1:colcon.colcon_core.environment:create_environment_scripts_only(pal_gripper_description)
[2.136s] Level 1:colcon.colcon_core.environment:checking '/home/alberto/tiago_public_ws/install/pal_gripper_description' for CMake module files
[2.137s] Level 1:colcon.colcon_core.environment:checking '/home/alberto/tiago_public_ws/install/pal_gripper_description' for CMake config files
[2.137s] Level 1:colcon.colcon_core.shell:create_environment_hook('pal_gripper_description', 'cmake_prefix_path')
[2.137s] INFO:colcon.colcon_core.shell:Creating environment hook '/home/alberto/tiago_public_ws/install/pal_gripper_description/share/pal_gripper_description/hook/cmake_prefix_path.ps1'
[2.138s] INFO:colcon.colcon_core.shell:Creating environment descriptor '/home/alberto/tiago_public_ws/install/pal_gripper_description/share/pal_gripper_description/hook/cmake_prefix_path.dsv'
[2.138s] INFO:colcon.colcon_core.shell:Creating environment hook '/home/alberto/tiago_public_ws/install/pal_gripper_description/share/pal_gripper_description/hook/cmake_prefix_path.sh'
[2.139s] Level 1:colcon.colcon_core.environment:checking '/home/alberto/tiago_public_ws/install/pal_gripper_description/bin'
[2.139s] Level 1:colcon.colcon_core.environment:checking '/home/alberto/tiago_public_ws/install/pal_gripper_description/lib/pkgconfig/pal_gripper_description.pc'
[2.140s] Level 1:colcon.colcon_core.environment:checking '/home/alberto/tiago_public_ws/install/pal_gripper_description/lib/python3.10/site-packages'
[2.140s] Level 1:colcon.colcon_core.environment:checking '/home/alberto/tiago_public_ws/install/pal_gripper_description/bin'
[2.140s] INFO:colcon.colcon_core.shell:Creating package script '/home/alberto/tiago_public_ws/install/pal_gripper_description/share/pal_gripper_description/package.ps1'
[2.141s] INFO:colcon.colcon_core.shell:Creating package descriptor '/home/alberto/tiago_public_ws/install/pal_gripper_description/share/pal_gripper_description/package.dsv'
[2.142s] INFO:colcon.colcon_core.shell:Creating package script '/home/alberto/tiago_public_ws/install/pal_gripper_description/share/pal_gripper_description/package.sh'
[2.142s] INFO:colcon.colcon_core.shell:Creating package script '/home/alberto/tiago_public_ws/install/pal_gripper_description/share/pal_gripper_description/package.bash'
[2.143s] INFO:colcon.colcon_core.shell:Creating package script '/home/alberto/tiago_public_ws/install/pal_gripper_description/share/pal_gripper_description/package.zsh'
[2.143s] Level 1:colcon.colcon_core.environment:create_file_with_runtime_dependencies(/home/alberto/tiago_public_ws/install/pal_gripper_description/share/colcon-core/packages/pal_gripper_description)
[2.144s] INFO:colcon.colcon_ros.task.ament_cmake.build:Building ROS package in '/home/alberto/tiago_public_ws/src/pal_gripper/pal_gripper' with build type 'ament_cmake'
[2.144s] INFO:colcon.colcon_cmake.task.cmake.build:Building CMake package in '/home/alberto/tiago_public_ws/src/pal_gripper/pal_gripper'
[2.144s] INFO:colcon.colcon_core.shell:Skip shell extension 'powershell' for command environment: Not usable outside of PowerShell
[2.144s] DEBUG:colcon.colcon_core.shell:Skip shell extension 'dsv' for command environment
[2.148s] INFO:colcon.colcon_ros.task.ament_cmake.build:Building ROS package in '/home/alberto/tiago_public_ws/src/pal_gripper/pal_gripper_simulation' with build type 'ament_cmake'
[2.148s] INFO:colcon.colcon_cmake.task.cmake.build:Building CMake package in '/home/alberto/tiago_public_ws/src/pal_gripper/pal_gripper_simulation'
[2.148s] INFO:colcon.colcon_core.shell:Skip shell extension 'powershell' for command environment: Not usable outside of PowerShell
[2.148s] DEBUG:colcon.colcon_core.shell:Skip shell extension 'dsv' for command environment
[2.164s] DEBUG:colcon.colcon_core.event_handler.log_command:Invoking command in '/home/alberto/tiago_public_ws/build/pal_gripper': AMENT_PREFIX_PATH=/home/alberto/tiago_public_ws/install/pal_gripper_description:/home/alberto/tiago_public_ws/install/urdf_test:/home/alberto/tiago_public_ws/install/pal_urdf_utils:/home/alberto/tiago_public_ws/install/pal_gripper_controller_configuration:${AMENT_PREFIX_PATH} CMAKE_PREFIX_PATH=/home/alberto/tiago_public_ws/install/pal_gripper_description:/home/alberto/tiago_public_ws/install/urdf_test:/home/alberto/tiago_public_ws/install/pal_urdf_utils:/home/alberto/tiago_public_ws/install/pal_gripper_controller_configuration:/opt/ros/humble PYTHONPATH=/home/alberto/tiago_public_ws/install/urdf_test/local/lib/python3.10/dist-packages:${PYTHONPATH} /usr/bin/cmake --build /home/alberto/tiago_public_ws/build/pal_gripper -- -j12 -l12
[2.171s] DEBUG:colcon.colcon_core.event_handler.log_command:Invoking command in '/home/alberto/tiago_public_ws/build/pal_gripper_simulation': AMENT_PREFIX_PATH=/home/alberto/tiago_public_ws/install/pal_gripper_description:/home/alberto/tiago_public_ws/install/urdf_test:/home/alberto/tiago_public_ws/install/pal_urdf_utils:/home/alberto/tiago_public_ws/install/pal_gripper_controller_configuration:/home/alberto/tiago_public_ws/install/pal_gazebo_worlds:${AMENT_PREFIX_PATH} CMAKE_PREFIX_PATH=/home/alberto/tiago_public_ws/install/pal_gripper_description:/home/alberto/tiago_public_ws/install/urdf_test:/home/alberto/tiago_public_ws/install/pal_urdf_utils:/home/alberto/tiago_public_ws/install/pal_gripper_controller_configuration:/home/alberto/tiago_public_ws/install/pal_gazebo_worlds:/opt/ros/humble PYTHONPATH=/home/alberto/tiago_public_ws/install/urdf_test/local/lib/python3.10/dist-packages:${PYTHONPATH} /usr/bin/cmake --build /home/alberto/tiago_public_ws/build/pal_gripper_simulation -- -j12 -l12
[2.245s] DEBUG:colcon.colcon_core.event_handler.log_command:Invoked command in '/home/alberto/tiago_public_ws/build/pal_gripper' returned '0': AMENT_PREFIX_PATH=/home/alberto/tiago_public_ws/install/pal_gripper_description:/home/alberto/tiago_public_ws/install/urdf_test:/home/alberto/tiago_public_ws/install/pal_urdf_utils:/home/alberto/tiago_public_ws/install/pal_gripper_controller_configuration:${AMENT_PREFIX_PATH} CMAKE_PREFIX_PATH=/home/alberto/tiago_public_ws/install/pal_gripper_description:/home/alberto/tiago_public_ws/install/urdf_test:/home/alberto/tiago_public_ws/install/pal_urdf_utils:/home/alberto/tiago_public_ws/install/pal_gripper_controller_configuration:/opt/ros/humble PYTHONPATH=/home/alberto/tiago_public_ws/install/urdf_test/local/lib/python3.10/dist-packages:${PYTHONPATH} /usr/bin/cmake --build /home/alberto/tiago_public_ws/build/pal_gripper -- -j12 -l12
[2.246s] DEBUG:colcon.colcon_core.event_handler.log_command:Invoking command in '/home/alberto/tiago_public_ws/build/pal_gripper': AMENT_PREFIX_PATH=/home/alberto/tiago_public_ws/install/pal_gripper_description:/home/alberto/tiago_public_ws/install/urdf_test:/home/alberto/tiago_public_ws/install/pal_urdf_utils:/home/alberto/tiago_public_ws/install/pal_gripper_controller_configuration:${AMENT_PREFIX_PATH} CMAKE_PREFIX_PATH=/home/alberto/tiago_public_ws/install/pal_gripper_description:/home/alberto/tiago_public_ws/install/urdf_test:/home/alberto/tiago_public_ws/install/pal_urdf_utils:/home/alberto/tiago_public_ws/install/pal_gripper_controller_configuration:/opt/ros/humble PYTHONPATH=/home/alberto/tiago_public_ws/install/urdf_test/local/lib/python3.10/dist-packages:${PYTHONPATH} /usr/bin/cmake --install /home/alberto/tiago_public_ws/build/pal_gripper
[2.249s] DEBUG:colcon.colcon_core.event_handler.log_command:Invoked command in '/home/alberto/tiago_public_ws/build/pal_gripper_simulation' returned '0': AMENT_PREFIX_PATH=/home/alberto/tiago_public_ws/install/pal_gripper_description:/home/alberto/tiago_public_ws/install/urdf_test:/home/alberto/tiago_public_ws/install/pal_urdf_utils:/home/alberto/tiago_public_ws/install/pal_gripper_controller_configuration:/home/alberto/tiago_public_ws/install/pal_gazebo_worlds:${AMENT_PREFIX_PATH} CMAKE_PREFIX_PATH=/home/alberto/tiago_public_ws/install/pal_gripper_description:/home/alberto/tiago_public_ws/install/urdf_test:/home/alberto/tiago_public_ws/install/pal_urdf_utils:/home/alberto/tiago_public_ws/install/pal_gripper_controller_configuration:/home/alberto/tiago_public_ws/install/pal_gazebo_worlds:/opt/ros/humble PYTHONPATH=/home/alberto/tiago_public_ws/install/urdf_test/local/lib/python3.10/dist-packages:${PYTHONPATH} /usr/bin/cmake --build /home/alberto/tiago_public_ws/build/pal_gripper_simulation -- -j12 -l12
[2.254s] DEBUG:colcon.colcon_core.event_handler.log_command:Invoking command in '/home/alberto/tiago_public_ws/build/pal_gripper_simulation': AMENT_PREFIX_PATH=/home/alberto/tiago_public_ws/install/pal_gripper_description:/home/alberto/tiago_public_ws/install/urdf_test:/home/alberto/tiago_public_ws/install/pal_urdf_utils:/home/alberto/tiago_public_ws/install/pal_gripper_controller_configuration:/home/alberto/tiago_public_ws/install/pal_gazebo_worlds:${AMENT_PREFIX_PATH} CMAKE_PREFIX_PATH=/home/alberto/tiago_public_ws/install/pal_gripper_description:/home/alberto/tiago_public_ws/install/urdf_test:/home/alberto/tiago_public_ws/install/pal_urdf_utils:/home/alberto/tiago_public_ws/install/pal_gripper_controller_configuration:/home/alberto/tiago_public_ws/install/pal_gazebo_worlds:/opt/ros/humble PYTHONPATH=/home/alberto/tiago_public_ws/install/urdf_test/local/lib/python3.10/dist-packages:${PYTHONPATH} /usr/bin/cmake --install /home/alberto/tiago_public_ws/build/pal_gripper_simulation
[2.289s] Level 1:colcon.colcon_core.environment:create_environment_scripts_only(pal_gripper)
[2.290s] Level 1:colcon.colcon_core.environment:checking '/home/alberto/tiago_public_ws/install/pal_gripper' for CMake module files
[2.291s] DEBUG:colcon.colcon_core.event_handler.log_command:Invoked command in '/home/alberto/tiago_public_ws/build/pal_gripper' returned '0': AMENT_PREFIX_PATH=/home/alberto/tiago_public_ws/install/pal_gripper_description:/home/alberto/tiago_public_ws/install/urdf_test:/home/alberto/tiago_public_ws/install/pal_urdf_utils:/home/alberto/tiago_public_ws/install/pal_gripper_controller_configuration:${AMENT_PREFIX_PATH} CMAKE_PREFIX_PATH=/home/alberto/tiago_public_ws/install/pal_gripper_description:/home/alberto/tiago_public_ws/install/urdf_test:/home/alberto/tiago_public_ws/install/pal_urdf_utils:/home/alberto/tiago_public_ws/install/pal_gripper_controller_configuration:/opt/ros/humble PYTHONPATH=/home/alberto/tiago_public_ws/install/urdf_test/local/lib/python3.10/dist-packages:${PYTHONPATH} /usr/bin/cmake --install /home/alberto/tiago_public_ws/build/pal_gripper
[2.292s] Level 1:colcon.colcon_core.environment:checking '/home/alberto/tiago_public_ws/install/pal_gripper' for CMake config files
[2.292s] Level 1:colcon.colcon_core.shell:create_environment_hook('pal_gripper', 'cmake_prefix_path')
[2.292s] INFO:colcon.colcon_core.shell:Creating environment hook '/home/alberto/tiago_public_ws/install/pal_gripper/share/pal_gripper/hook/cmake_prefix_path.ps1'
[2.293s] INFO:colcon.colcon_core.shell:Creating environment descriptor '/home/alberto/tiago_public_ws/install/pal_gripper/share/pal_gripper/hook/cmake_prefix_path.dsv'
[2.294s] INFO:colcon.colcon_core.shell:Creating environment hook '/home/alberto/tiago_public_ws/install/pal_gripper/share/pal_gripper/hook/cmake_prefix_path.sh'
[2.295s] Level 1:colcon.colcon_core.environment:checking '/home/alberto/tiago_public_ws/install/pal_gripper/bin'
[2.296s] Level 1:colcon.colcon_core.environment:checking '/home/alberto/tiago_public_ws/install/pal_gripper/lib/pkgconfig/pal_gripper.pc'
[2.296s] Level 1:colcon.colcon_core.environment:checking '/home/alberto/tiago_public_ws/install/pal_gripper/lib/python3.10/site-packages'
[2.296s] Level 1:colcon.colcon_core.environment:checking '/home/alberto/tiago_public_ws/install/pal_gripper/bin'
[2.296s] INFO:colcon.colcon_core.shell:Creating package script '/home/alberto/tiago_public_ws/install/pal_gripper/share/pal_gripper/package.ps1'
[2.297s] INFO:colcon.colcon_core.shell:Creating package descriptor '/home/alberto/tiago_public_ws/install/pal_gripper/share/pal_gripper/package.dsv'
[2.297s] INFO:colcon.colcon_core.shell:Creating package script '/home/alberto/tiago_public_ws/install/pal_gripper/share/pal_gripper/package.sh'
[2.298s] INFO:colcon.colcon_core.shell:Creating package script '/home/alberto/tiago_public_ws/install/pal_gripper/share/pal_gripper/package.bash'
[2.298s] INFO:colcon.colcon_core.shell:Creating package script '/home/alberto/tiago_public_ws/install/pal_gripper/share/pal_gripper/package.zsh'
[2.299s] Level 1:colcon.colcon_core.environment:create_file_with_runtime_dependencies(/home/alberto/tiago_public_ws/install/pal_gripper/share/colcon-core/packages/pal_gripper)
[2.300s] Level 1:colcon.colcon_core.environment:create_environment_scripts_only(pal_gripper)
[2.300s] Level 1:colcon.colcon_core.environment:checking '/home/alberto/tiago_public_ws/install/pal_gripper' for CMake module files
[2.300s] Level 1:colcon.colcon_core.environment:checking '/home/alberto/tiago_public_ws/install/pal_gripper' for CMake config files
[2.301s] Level 1:colcon.colcon_core.shell:create_environment_hook('pal_gripper', 'cmake_prefix_path')
[2.301s] INFO:colcon.colcon_core.shell:Creating environment hook '/home/alberto/tiago_public_ws/install/pal_gripper/share/pal_gripper/hook/cmake_prefix_path.ps1'
[2.302s] INFO:colcon.colcon_core.shell:Creating environment descriptor '/home/alberto/tiago_public_ws/install/pal_gripper/share/pal_gripper/hook/cmake_prefix_path.dsv'
[2.302s] INFO:colcon.colcon_core.shell:Creating environment hook '/home/alberto/tiago_public_ws/install/pal_gripper/share/pal_gripper/hook/cmake_prefix_path.sh'
[2.303s] Level 1:colcon.colcon_core.environment:checking '/home/alberto/tiago_public_ws/install/pal_gripper/bin'
[2.303s] Level 1:colcon.colcon_core.environment:checking '/home/alberto/tiago_public_ws/install/pal_gripper/lib/pkgconfig/pal_gripper.pc'
[2.304s] Level 1:colcon.colcon_core.environment:checking '/home/alberto/tiago_public_ws/install/pal_gripper/lib/python3.10/site-packages'
[2.304s] Level 1:colcon.colcon_core.environment:checking '/home/alberto/tiago_public_ws/install/pal_gripper/bin'
[2.304s] INFO:colcon.colcon_core.shell:Creating package script '/home/alberto/tiago_public_ws/install/pal_gripper/share/pal_gripper/package.ps1'
[2.304s] INFO:colcon.colcon_core.shell:Creating package descriptor '/home/alberto/tiago_public_ws/install/pal_gripper/share/pal_gripper/package.dsv'
[2.305s] INFO:colcon.colcon_core.shell:Creating package script '/home/alberto/tiago_public_ws/install/pal_gripper/share/pal_gripper/package.sh'
[2.305s] INFO:colcon.colcon_core.shell:Creating package script '/home/alberto/tiago_public_ws/install/pal_gripper/share/pal_gripper/package.bash'
[2.306s] INFO:colcon.colcon_core.shell:Creating package script '/home/alberto/tiago_public_ws/install/pal_gripper/share/pal_gripper/package.zsh'
[2.306s] Level 1:colcon.colcon_core.environment:create_file_with_runtime_dependencies(/home/alberto/tiago_public_ws/install/pal_gripper/share/colcon-core/packages/pal_gripper)
[2.308s] Level 1:colcon.colcon_core.environment:create_environment_scripts_only(pal_gripper_simulation)
[2.308s] Level 1:colcon.colcon_core.environment:checking '/home/alberto/tiago_public_ws/install/pal_gripper_simulation' for CMake module files
[2.309s] Level 1:colcon.colcon_core.environment:checking '/home/alberto/tiago_public_ws/install/pal_gripper_simulation' for CMake config files
[2.310s] DEBUG:colcon.colcon_core.event_handler.log_command:Invoked command in '/home/alberto/tiago_public_ws/build/pal_gripper_simulation' returned '0': AMENT_PREFIX_PATH=/home/alberto/tiago_public_ws/install/pal_gripper_description:/home/alberto/tiago_public_ws/install/urdf_test:/home/alberto/tiago_public_ws/install/pal_urdf_utils:/home/alberto/tiago_public_ws/install/pal_gripper_controller_configuration:/home/alberto/tiago_public_ws/install/pal_gazebo_worlds:${AMENT_PREFIX_PATH} CMAKE_PREFIX_PATH=/home/alberto/tiago_public_ws/install/pal_gripper_description:/home/alberto/tiago_public_ws/install/urdf_test:/home/alberto/tiago_public_ws/install/pal_urdf_utils:/home/alberto/tiago_public_ws/install/pal_gripper_controller_configuration:/home/alberto/tiago_public_ws/install/pal_gazebo_worlds:/opt/ros/humble PYTHONPATH=/home/alberto/tiago_public_ws/install/urdf_test/local/lib/python3.10/dist-packages:${PYTHONPATH} /usr/bin/cmake --install /home/alberto/tiago_public_ws/build/pal_gripper_simulation
[2.310s] Level 1:colcon.colcon_core.shell:create_environment_hook('pal_gripper_simulation', 'cmake_prefix_path')
[2.310s] INFO:colcon.colcon_core.shell:Creating environment hook '/home/alberto/tiago_public_ws/install/pal_gripper_simulation/share/pal_gripper_simulation/hook/cmake_prefix_path.ps1'
[2.311s] INFO:colcon.colcon_core.shell:Creating environment descriptor '/home/alberto/tiago_public_ws/install/pal_gripper_simulation/share/pal_gripper_simulation/hook/cmake_prefix_path.dsv'
[2.311s] INFO:colcon.colcon_core.shell:Creating environment hook '/home/alberto/tiago_public_ws/install/pal_gripper_simulation/share/pal_gripper_simulation/hook/cmake_prefix_path.sh'
[2.312s] Level 1:colcon.colcon_core.environment:checking '/home/alberto/tiago_public_ws/install/pal_gripper_simulation/bin'
[2.312s] Level 1:colcon.colcon_core.environment:checking '/home/alberto/tiago_public_ws/install/pal_gripper_simulation/lib/pkgconfig/pal_gripper_simulation.pc'
[2.312s] Level 1:colcon.colcon_core.environment:checking '/home/alberto/tiago_public_ws/install/pal_gripper_simulation/lib/python3.10/site-packages'
[2.313s] Level 1:colcon.colcon_core.environment:checking '/home/alberto/tiago_public_ws/install/pal_gripper_simulation/bin'
[2.313s] INFO:colcon.colcon_core.shell:Creating package script '/home/alberto/tiago_public_ws/install/pal_gripper_simulation/share/pal_gripper_simulation/package.ps1'
[2.313s] INFO:colcon.colcon_core.shell:Creating package descriptor '/home/alberto/tiago_public_ws/install/pal_gripper_simulation/share/pal_gripper_simulation/package.dsv'
[2.314s] INFO:colcon.colcon_core.shell:Creating package script '/home/alberto/tiago_public_ws/install/pal_gripper_simulation/share/pal_gripper_simulation/package.sh'
[2.314s] INFO:colcon.colcon_core.shell:Creating package script '/home/alberto/tiago_public_ws/install/pal_gripper_simulation/share/pal_gripper_simulation/package.bash'
[2.315s] INFO:colcon.colcon_core.shell:Creating package script '/home/alberto/tiago_public_ws/install/pal_gripper_simulation/share/pal_gripper_simulation/package.zsh'
[2.316s] Level 1:colcon.colcon_core.environment:create_file_with_runtime_dependencies(/home/alberto/tiago_public_ws/install/pal_gripper_simulation/share/colcon-core/packages/pal_gripper_simulation)
[2.317s] Level 1:colcon.colcon_core.environment:create_environment_scripts_only(pal_gripper_simulation)
[2.317s] Level 1:colcon.colcon_core.environment:checking '/home/alberto/tiago_public_ws/install/pal_gripper_simulation' for CMake module files
[2.318s] Level 1:colcon.colcon_core.environment:checking '/home/alberto/tiago_public_ws/install/pal_gripper_simulation' for CMake config files
[2.318s] Level 1:colcon.colcon_core.shell:create_environment_hook('pal_gripper_simulation', 'cmake_prefix_path')
[2.318s] INFO:colcon.colcon_core.shell:Creating environment hook '/home/alberto/tiago_public_ws/install/pal_gripper_simulation/share/pal_gripper_simulation/hook/cmake_prefix_path.ps1'
[2.319s] INFO:colcon.colcon_core.shell:Creating environment descriptor '/home/alberto/tiago_public_ws/install/pal_gripper_simulation/share/pal_gripper_simulation/hook/cmake_prefix_path.dsv'
[2.320s] INFO:colcon.colcon_core.shell:Creating environment hook '/home/alberto/tiago_public_ws/install/pal_gripper_simulation/share/pal_gripper_simulation/hook/cmake_prefix_path.sh'
[2.321s] Level 1:colcon.colcon_core.environment:checking '/home/alberto/tiago_public_ws/install/pal_gripper_simulation/bin'
[2.321s] Level 1:colcon.colcon_core.environment:checking '/home/alberto/tiago_public_ws/install/pal_gripper_simulation/lib/pkgconfig/pal_gripper_simulation.pc'
[2.321s] Level 1:colcon.colcon_core.environment:checking '/home/alberto/tiago_public_ws/install/pal_gripper_simulation/lib/python3.10/site-packages'
[2.322s] Level 1:colcon.colcon_core.environment:checking '/home/alberto/tiago_public_ws/install/pal_gripper_simulation/bin'
[2.322s] INFO:colcon.colcon_core.shell:Creating package script '/home/alberto/tiago_public_ws/install/pal_gripper_simulation/share/pal_gripper_simulation/package.ps1'
[2.323s] INFO:colcon.colcon_core.shell:Creating package descriptor '/home/alberto/tiago_public_ws/install/pal_gripper_simulation/share/pal_gripper_simulation/package.dsv'
[2.324s] INFO:colcon.colcon_core.shell:Creating package script '/home/alberto/tiago_public_ws/install/pal_gripper_simulation/share/pal_gripper_simulation/package.sh'
[2.325s] INFO:colcon.colcon_core.shell:Creating package script '/home/alberto/tiago_public_ws/install/pal_gripper_simulation/share/pal_gripper_simulation/package.bash'
[2.325s] INFO:colcon.colcon_core.shell:Creating package script '/home/alberto/tiago_public_ws/install/pal_gripper_simulation/share/pal_gripper_simulation/package.zsh'
[2.326s] Level 1:colcon.colcon_core.environment:create_file_with_runtime_dependencies(/home/alberto/tiago_public_ws/install/pal_gripper_simulation/share/colcon-core/packages/pal_gripper_simulation)
[2.523s] Level 1:colcon.colcon_core.shell:create_environment_hook('launch_pal', 'pythonpath_develop')
[2.523s] INFO:colcon.colcon_core.shell:Creating environment hook '/home/alberto/tiago_public_ws/build/launch_pal/share/launch_pal/hook/pythonpath_develop.ps1'
[2.523s] DEBUG:colcon.colcon_core.event_handler.log_command:Invoked command in '/home/alberto/tiago_public_ws/build/launch_pal' returned '0': PYTHONPATH=/home/alberto/tiago_public_ws/build/launch_pal/prefix_override:/usr/lib/python3/dist-packages/colcon_core/task/python/colcon_distutils_commands:/home/alberto/tiago_public_ws/install/launch_pal/lib/python3.10/site-packages:${PYTHONPATH} /usr/bin/python3 -W ignore:setup.py install is deprecated -W ignore:easy_install command is deprecated setup.py develop --editable --build-directory /home/alberto/tiago_public_ws/build/launch_pal/build --no-deps symlink_data
[2.524s] INFO:colcon.colcon_core.shell:Creating environment descriptor '/home/alberto/tiago_public_ws/build/launch_pal/share/launch_pal/hook/pythonpath_develop.dsv'
[2.524s] INFO:colcon.colcon_core.shell:Creating environment hook '/home/alberto/tiago_public_ws/build/launch_pal/share/launch_pal/hook/pythonpath_develop.sh'
[2.525s] Level 1:colcon.colcon_core.environment:checking '/home/alberto/tiago_public_ws/install/launch_pal' for CMake module files
[2.525s] Level 1:colcon.colcon_core.environment:checking '/home/alberto/tiago_public_ws/install/launch_pal' for CMake config files
[2.526s] Level 1:colcon.colcon_core.environment:checking '/home/alberto/tiago_public_ws/install/launch_pal/lib'
[2.526s] Level 1:colcon.colcon_core.environment:checking '/home/alberto/tiago_public_ws/install/launch_pal/bin'
[2.526s] Level 1:colcon.colcon_core.environment:checking '/home/alberto/tiago_public_ws/install/launch_pal/lib/pkgconfig/launch_pal.pc'
[2.526s] Level 1:colcon.colcon_core.environment:checking '/home/alberto/tiago_public_ws/install/launch_pal/lib/python3.10/site-packages'
[2.526s] Level 1:colcon.colcon_core.shell:create_environment_hook('launch_pal', 'pythonpath')
[2.526s] INFO:colcon.colcon_core.shell:Creating environment hook '/home/alberto/tiago_public_ws/install/launch_pal/share/launch_pal/hook/pythonpath.ps1'
[2.527s] INFO:colcon.colcon_core.shell:Creating environment descriptor '/home/alberto/tiago_public_ws/install/launch_pal/share/launch_pal/hook/pythonpath.dsv'
[2.527s] INFO:colcon.colcon_core.shell:Creating environment hook '/home/alberto/tiago_public_ws/install/launch_pal/share/launch_pal/hook/pythonpath.sh'
[2.528s] Level 1:colcon.colcon_core.environment:checking '/home/alberto/tiago_public_ws/install/launch_pal/bin'
[2.528s] Level 1:colcon.colcon_core.environment:create_environment_scripts_only(launch_pal)
[2.528s] INFO:colcon.colcon_core.shell:Creating package script '/home/alberto/tiago_public_ws/install/launch_pal/share/launch_pal/package.ps1'
[2.528s] INFO:colcon.colcon_core.shell:Creating package descriptor '/home/alberto/tiago_public_ws/install/launch_pal/share/launch_pal/package.dsv'
[2.529s] INFO:colcon.colcon_core.shell:Creating package script '/home/alberto/tiago_public_ws/install/launch_pal/share/launch_pal/package.sh'
[2.529s] INFO:colcon.colcon_core.shell:Creating package script '/home/alberto/tiago_public_ws/install/launch_pal/share/launch_pal/package.bash'
[2.530s] INFO:colcon.colcon_core.shell:Creating package script '/home/alberto/tiago_public_ws/install/launch_pal/share/launch_pal/package.zsh'
[2.530s] Level 1:colcon.colcon_core.environment:create_file_with_runtime_dependencies(/home/alberto/tiago_public_ws/install/launch_pal/share/colcon-core/packages/launch_pal)
[2.532s] INFO:colcon.colcon_ros.task.ament_cmake.build:Building ROS package in '/home/alberto/tiago_public_ws/src/pmb2_robot/pmb2_description' with build type 'ament_cmake'
[2.532s] INFO:colcon.colcon_cmake.task.cmake.build:Building CMake package in '/home/alberto/tiago_public_ws/src/pmb2_robot/pmb2_description'
[2.532s] INFO:colcon.colcon_core.shell:Skip shell extension 'powershell' for command environment: Not usable outside of PowerShell
[2.532s] DEBUG:colcon.colcon_core.shell:Skip shell extension 'dsv' for command environment
[2.538s] INFO:colcon.colcon_ros.task.ament_cmake.build:Building ROS package in '/home/alberto/tiago_public_ws/src/pmb2_robot/pmb2_controller_configuration' with build type 'ament_cmake'
[2.538s] INFO:colcon.colcon_cmake.task.cmake.build:Building CMake package in '/home/alberto/tiago_public_ws/src/pmb2_robot/pmb2_controller_configuration'
[2.538s] INFO:colcon.colcon_core.shell:Skip shell extension 'powershell' for command environment: Not usable outside of PowerShell
[2.538s] DEBUG:colcon.colcon_core.shell:Skip shell extension 'dsv' for command environment
[2.542s] INFO:colcon.colcon_ros.task.ament_cmake.build:Building ROS package in '/home/alberto/tiago_public_ws/src/pmb2_navigation/pmb2_2dnav' with build type 'ament_cmake'
[2.543s] INFO:colcon.colcon_cmake.task.cmake.build:Building CMake package in '/home/alberto/tiago_public_ws/src/pmb2_navigation/pmb2_2dnav'
[2.543s] INFO:colcon.colcon_core.shell:Skip shell extension 'powershell' for command environment: Not usable outside of PowerShell
[2.543s] DEBUG:colcon.colcon_core.shell:Skip shell extension 'dsv' for command environment
[2.546s] INFO:colcon.colcon_ros.task.ament_cmake.build:Building ROS package in '/home/alberto/tiago_public_ws/src/pal_navigation_cfg_public/pal_navigation_cfg_bringup' with build type 'ament_cmake'
[2.546s] INFO:colcon.colcon_cmake.task.cmake.build:Building CMake package in '/home/alberto/tiago_public_ws/src/pal_navigation_cfg_public/pal_navigation_cfg_bringup'
[2.546s] INFO:colcon.colcon_core.shell:Skip shell extension 'powershell' for command environment: Not usable outside of PowerShell
[2.547s] DEBUG:colcon.colcon_core.shell:Skip shell extension 'dsv' for command environment
[2.550s] INFO:colcon.colcon_ros.task.ament_cmake.build:Building ROS package in '/home/alberto/tiago_public_ws/src/pmb2_navigation/pmb2_rgbd_sensors' with build type 'ament_cmake'
[2.550s] INFO:colcon.colcon_cmake.task.cmake.build:Building CMake package in '/home/alberto/tiago_public_ws/src/pmb2_navigation/pmb2_rgbd_sensors'
[2.551s] INFO:colcon.colcon_core.shell:Skip shell extension 'powershell' for command environment: Not usable outside of PowerShell
[2.551s] DEBUG:colcon.colcon_core.shell:Skip shell extension 'dsv' for command environment
[2.561s] DEBUG:colcon.colcon_core.event_handler.log_command:Invoking command in '/home/alberto/tiago_public_ws/build/pmb2_description': AMENT_PREFIX_PATH=/home/alberto/tiago_public_ws/install/urdf_test:/home/alberto/tiago_public_ws/install/pal_urdf_utils:/home/alberto/tiago_public_ws/install/launch_pal:${AMENT_PREFIX_PATH} CMAKE_PREFIX_PATH=/home/alberto/tiago_public_ws/install/urdf_test:/home/alberto/tiago_public_ws/install/pal_urdf_utils:/opt/ros/humble PYTHONPATH=/home/alberto/tiago_public_ws/install/urdf_test/local/lib/python3.10/dist-packages:/home/alberto/tiago_public_ws/build/launch_pal:/home/alberto/tiago_public_ws/install/launch_pal/lib/python3.10/site-packages:${PYTHONPATH} /usr/bin/cmake --build /home/alberto/tiago_public_ws/build/pmb2_description -- -j12 -l12
[2.566s] DEBUG:colcon.colcon_core.event_handler.log_command:Invoking command in '/home/alberto/tiago_public_ws/build/pmb2_controller_configuration': AMENT_PREFIX_PATH=/home/alberto/tiago_public_ws/install/launch_pal:${AMENT_PREFIX_PATH} CMAKE_PREFIX_PATH=/opt/ros/humble PYTHONPATH=/home/alberto/tiago_public_ws/build/launch_pal:/home/alberto/tiago_public_ws/install/launch_pal/lib/python3.10/site-packages:${PYTHONPATH} /usr/bin/cmake --build /home/alberto/tiago_public_ws/build/pmb2_controller_configuration -- -j12 -l12
[2.569s] DEBUG:colcon.colcon_core.event_handler.log_command:Invoking command in '/home/alberto/tiago_public_ws/build/pmb2_2dnav': AMENT_PREFIX_PATH=/home/alberto/tiago_public_ws/install/launch_pal:${AMENT_PREFIX_PATH} CMAKE_PREFIX_PATH=/opt/ros/humble PYTHONPATH=/home/alberto/tiago_public_ws/build/launch_pal:/home/alberto/tiago_public_ws/install/launch_pal/lib/python3.10/site-packages:${PYTHONPATH} /usr/bin/cmake --build /home/alberto/tiago_public_ws/build/pmb2_2dnav -- -j12 -l12
[2.574s] DEBUG:colcon.colcon_core.event_handler.log_command:Invoking command in '/home/alberto/tiago_public_ws/build/pal_navigation_cfg_bringup': AMENT_PREFIX_PATH=/home/alberto/tiago_public_ws/install/pal_navigation_cfg_params:/home/alberto/tiago_public_ws/install/launch_pal:${AMENT_PREFIX_PATH} CMAKE_PREFIX_PATH=/home/alberto/tiago_public_ws/install/pal_navigation_cfg_params:/opt/ros/humble PYTHONPATH=/home/alberto/tiago_public_ws/build/launch_pal:/home/alberto/tiago_public_ws/install/launch_pal/lib/python3.10/site-packages:${PYTHONPATH} /usr/bin/cmake --build /home/alberto/tiago_public_ws/build/pal_navigation_cfg_bringup -- -j12 -l12
[2.575s] DEBUG:colcon.colcon_core.event_handler.log_command:Invoked command in '/home/alberto/tiago_public_ws/build/play_motion2' returned '0': AMENT_PREFIX_PATH=/home/alberto/tiago_public_ws/install/play_motion2_msgs:${AMENT_PREFIX_PATH} CMAKE_PREFIX_PATH=/home/alberto/tiago_public_ws/install/play_motion2_msgs:/opt/ros/humble LD_LIBRARY_PATH=/home/alberto/tiago_public_ws/install/play_motion2_msgs/lib:${LD_LIBRARY_PATH} PYTHONPATH=/home/alberto/tiago_public_ws/install/play_motion2_msgs/local/lib/python3.10/dist-packages:${PYTHONPATH} /usr/bin/cmake --build /home/alberto/tiago_public_ws/build/play_motion2 -- -j12 -l12
[2.578s] DEBUG:colcon.colcon_core.event_handler.log_command:Invoking command in '/home/alberto/tiago_public_ws/build/play_motion2': AMENT_PREFIX_PATH=/home/alberto/tiago_public_ws/install/play_motion2_msgs:${AMENT_PREFIX_PATH} CMAKE_PREFIX_PATH=/home/alberto/tiago_public_ws/install/play_motion2_msgs:/opt/ros/humble LD_LIBRARY_PATH=/home/alberto/tiago_public_ws/install/play_motion2_msgs/lib:${LD_LIBRARY_PATH} PYTHONPATH=/home/alberto/tiago_public_ws/install/play_motion2_msgs/local/lib/python3.10/dist-packages:${PYTHONPATH} /usr/bin/cmake --install /home/alberto/tiago_public_ws/build/play_motion2
[2.584s] DEBUG:colcon.colcon_core.event_handler.log_command:Invoking command in '/home/alberto/tiago_public_ws/build/pmb2_rgbd_sensors': AMENT_PREFIX_PATH=/home/alberto/tiago_public_ws/install/launch_pal:${AMENT_PREFIX_PATH} CMAKE_PREFIX_PATH=/opt/ros/humble PYTHONPATH=/home/alberto/tiago_public_ws/build/launch_pal:/home/alberto/tiago_public_ws/install/launch_pal/lib/python3.10/site-packages:${PYTHONPATH} /usr/bin/cmake --build /home/alberto/tiago_public_ws/build/pmb2_rgbd_sensors -- -j12 -l12
[2.625s] DEBUG:colcon.colcon_core.event_handler.log_command:Invoked command in '/home/alberto/tiago_public_ws/build/pmb2_2dnav' returned '0': AMENT_PREFIX_PATH=/home/alberto/tiago_public_ws/install/launch_pal:${AMENT_PREFIX_PATH} CMAKE_PREFIX_PATH=/opt/ros/humble PYTHONPATH=/home/alberto/tiago_public_ws/build/launch_pal:/home/alberto/tiago_public_ws/install/launch_pal/lib/python3.10/site-packages:${PYTHONPATH} /usr/bin/cmake --build /home/alberto/tiago_public_ws/build/pmb2_2dnav -- -j12 -l12
[2.630s] DEBUG:colcon.colcon_core.event_handler.log_command:Invoking command in '/home/alberto/tiago_public_ws/build/pmb2_2dnav': AMENT_PREFIX_PATH=/home/alberto/tiago_public_ws/install/launch_pal:${AMENT_PREFIX_PATH} CMAKE_PREFIX_PATH=/opt/ros/humble PYTHONPATH=/home/alberto/tiago_public_ws/build/launch_pal:/home/alberto/tiago_public_ws/install/launch_pal/lib/python3.10/site-packages:${PYTHONPATH} /usr/bin/cmake --install /home/alberto/tiago_public_ws/build/pmb2_2dnav
[2.633s] DEBUG:colcon.colcon_core.event_handler.log_command:Invoked command in '/home/alberto/tiago_public_ws/build/pmb2_controller_configuration' returned '0': AMENT_PREFIX_PATH=/home/alberto/tiago_public_ws/install/launch_pal:${AMENT_PREFIX_PATH} CMAKE_PREFIX_PATH=/opt/ros/humble PYTHONPATH=/home/alberto/tiago_public_ws/build/launch_pal:/home/alberto/tiago_public_ws/install/launch_pal/lib/python3.10/site-packages:${PYTHONPATH} /usr/bin/cmake --build /home/alberto/tiago_public_ws/build/pmb2_controller_configuration -- -j12 -l12
[2.639s] DEBUG:colcon.colcon_core.event_handler.log_command:Invoking command in '/home/alberto/tiago_public_ws/build/pmb2_controller_configuration': AMENT_PREFIX_PATH=/home/alberto/tiago_public_ws/install/launch_pal:${AMENT_PREFIX_PATH} CMAKE_PREFIX_PATH=/opt/ros/humble PYTHONPATH=/home/alberto/tiago_public_ws/build/launch_pal:/home/alberto/tiago_public_ws/install/launch_pal/lib/python3.10/site-packages:${PYTHONPATH} /usr/bin/cmake --install /home/alberto/tiago_public_ws/build/pmb2_controller_configuration
[2.642s] DEBUG:colcon.colcon_core.event_handler.log_command:Invoked command in '/home/alberto/tiago_public_ws/build/pmb2_rgbd_sensors' returned '0': AMENT_PREFIX_PATH=/home/alberto/tiago_public_ws/install/launch_pal:${AMENT_PREFIX_PATH} CMAKE_PREFIX_PATH=/opt/ros/humble PYTHONPATH=/home/alberto/tiago_public_ws/build/launch_pal:/home/alberto/tiago_public_ws/install/launch_pal/lib/python3.10/site-packages:${PYTHONPATH} /usr/bin/cmake --build /home/alberto/tiago_public_ws/build/pmb2_rgbd_sensors -- -j12 -l12
[2.647s] DEBUG:colcon.colcon_core.event_handler.log_command:Invoking command in '/home/alberto/tiago_public_ws/build/pmb2_rgbd_sensors': AMENT_PREFIX_PATH=/home/alberto/tiago_public_ws/install/launch_pal:${AMENT_PREFIX_PATH} CMAKE_PREFIX_PATH=/opt/ros/humble PYTHONPATH=/home/alberto/tiago_public_ws/build/launch_pal:/home/alberto/tiago_public_ws/install/launch_pal/lib/python3.10/site-packages:${PYTHONPATH} /usr/bin/cmake --install /home/alberto/tiago_public_ws/build/pmb2_rgbd_sensors
[2.649s] DEBUG:colcon.colcon_core.event_handler.log_command:Invoked command in '/home/alberto/tiago_public_ws/build/pal_navigation_cfg_bringup' returned '0': AMENT_PREFIX_PATH=/home/alberto/tiago_public_ws/install/pal_navigation_cfg_params:/home/alberto/tiago_public_ws/install/launch_pal:${AMENT_PREFIX_PATH} CMAKE_PREFIX_PATH=/home/alberto/tiago_public_ws/install/pal_navigation_cfg_params:/opt/ros/humble PYTHONPATH=/home/alberto/tiago_public_ws/build/launch_pal:/home/alberto/tiago_public_ws/install/launch_pal/lib/python3.10/site-packages:${PYTHONPATH} /usr/bin/cmake --build /home/alberto/tiago_public_ws/build/pal_navigation_cfg_bringup -- -j12 -l12
[2.656s] DEBUG:colcon.colcon_core.event_handler.log_command:Invoking command in '/home/alberto/tiago_public_ws/build/pal_navigation_cfg_bringup': AMENT_PREFIX_PATH=/home/alberto/tiago_public_ws/install/pal_navigation_cfg_params:/home/alberto/tiago_public_ws/install/launch_pal:${AMENT_PREFIX_PATH} CMAKE_PREFIX_PATH=/home/alberto/tiago_public_ws/install/pal_navigation_cfg_params:/opt/ros/humble PYTHONPATH=/home/alberto/tiago_public_ws/build/launch_pal:/home/alberto/tiago_public_ws/install/launch_pal/lib/python3.10/site-packages:${PYTHONPATH} /usr/bin/cmake --install /home/alberto/tiago_public_ws/build/pal_navigation_cfg_bringup
[2.678s] Level 1:colcon.colcon_core.environment:create_environment_scripts_only(pmb2_2dnav)
[2.679s] Level 1:colcon.colcon_core.environment:checking '/home/alberto/tiago_public_ws/install/pmb2_2dnav' for CMake module files
[2.679s] Level 1:colcon.colcon_core.environment:checking '/home/alberto/tiago_public_ws/install/pmb2_2dnav' for CMake config files
[2.680s] DEBUG:colcon.colcon_core.event_handler.log_command:Invoked command in '/home/alberto/tiago_public_ws/build/pmb2_2dnav' returned '0': AMENT_PREFIX_PATH=/home/alberto/tiago_public_ws/install/launch_pal:${AMENT_PREFIX_PATH} CMAKE_PREFIX_PATH=/opt/ros/humble PYTHONPATH=/home/alberto/tiago_public_ws/build/launch_pal:/home/alberto/tiago_public_ws/install/launch_pal/lib/python3.10/site-packages:${PYTHONPATH} /usr/bin/cmake --install /home/alberto/tiago_public_ws/build/pmb2_2dnav
[2.680s] Level 1:colcon.colcon_core.shell:create_environment_hook('pmb2_2dnav', 'cmake_prefix_path')
[2.681s] INFO:colcon.colcon_core.shell:Creating environment hook '/home/alberto/tiago_public_ws/install/pmb2_2dnav/share/pmb2_2dnav/hook/cmake_prefix_path.ps1'
[2.681s] INFO:colcon.colcon_core.shell:Creating environment descriptor '/home/alberto/tiago_public_ws/install/pmb2_2dnav/share/pmb2_2dnav/hook/cmake_prefix_path.dsv'
[2.682s] INFO:colcon.colcon_core.shell:Creating environment hook '/home/alberto/tiago_public_ws/install/pmb2_2dnav/share/pmb2_2dnav/hook/cmake_prefix_path.sh'
[2.682s] Level 1:colcon.colcon_core.environment:checking '/home/alberto/tiago_public_ws/install/pmb2_2dnav/bin'
[2.682s] Level 1:colcon.colcon_core.environment:checking '/home/alberto/tiago_public_ws/install/pmb2_2dnav/lib/pkgconfig/pmb2_2dnav.pc'
[2.683s] Level 1:colcon.colcon_core.environment:checking '/home/alberto/tiago_public_ws/install/pmb2_2dnav/lib/python3.10/site-packages'
[2.683s] Level 1:colcon.colcon_core.environment:checking '/home/alberto/tiago_public_ws/install/pmb2_2dnav/bin'
[2.683s] INFO:colcon.colcon_core.shell:Creating package script '/home/alberto/tiago_public_ws/install/pmb2_2dnav/share/pmb2_2dnav/package.ps1'
[2.683s] INFO:colcon.colcon_core.shell:Creating package descriptor '/home/alberto/tiago_public_ws/install/pmb2_2dnav/share/pmb2_2dnav/package.dsv'
[2.684s] INFO:colcon.colcon_core.shell:Creating package script '/home/alberto/tiago_public_ws/install/pmb2_2dnav/share/pmb2_2dnav/package.sh'
[2.684s] INFO:colcon.colcon_core.shell:Creating package script '/home/alberto/tiago_public_ws/install/pmb2_2dnav/share/pmb2_2dnav/package.bash'
[2.685s] INFO:colcon.colcon_core.shell:Creating package script '/home/alberto/tiago_public_ws/install/pmb2_2dnav/share/pmb2_2dnav/package.zsh'
[2.685s] Level 1:colcon.colcon_core.environment:create_file_with_runtime_dependencies(/home/alberto/tiago_public_ws/install/pmb2_2dnav/share/colcon-core/packages/pmb2_2dnav)
[2.686s] Level 1:colcon.colcon_core.environment:create_environment_scripts_only(pmb2_2dnav)
[2.686s] Level 1:colcon.colcon_core.environment:checking '/home/alberto/tiago_public_ws/install/pmb2_2dnav' for CMake module files
[2.686s] Level 1:colcon.colcon_core.environment:checking '/home/alberto/tiago_public_ws/install/pmb2_2dnav' for CMake config files
[2.687s] Level 1:colcon.colcon_core.shell:create_environment_hook('pmb2_2dnav', 'cmake_prefix_path')
[2.687s] INFO:colcon.colcon_core.shell:Creating environment hook '/home/alberto/tiago_public_ws/install/pmb2_2dnav/share/pmb2_2dnav/hook/cmake_prefix_path.ps1'
[2.687s] INFO:colcon.colcon_core.shell:Creating environment descriptor '/home/alberto/tiago_public_ws/install/pmb2_2dnav/share/pmb2_2dnav/hook/cmake_prefix_path.dsv'
[2.688s] INFO:colcon.colcon_core.shell:Creating environment hook '/home/alberto/tiago_public_ws/install/pmb2_2dnav/share/pmb2_2dnav/hook/cmake_prefix_path.sh'
[2.688s] Level 1:colcon.colcon_core.environment:checking '/home/alberto/tiago_public_ws/install/pmb2_2dnav/bin'
[2.689s] Level 1:colcon.colcon_core.environment:checking '/home/alberto/tiago_public_ws/install/pmb2_2dnav/lib/pkgconfig/pmb2_2dnav.pc'
[2.689s] Level 1:colcon.colcon_core.environment:checking '/home/alberto/tiago_public_ws/install/pmb2_2dnav/lib/python3.10/site-packages'
[2.689s] Level 1:colcon.colcon_core.environment:checking '/home/alberto/tiago_public_ws/install/pmb2_2dnav/bin'
[2.689s] INFO:colcon.colcon_core.shell:Creating package script '/home/alberto/tiago_public_ws/install/pmb2_2dnav/share/pmb2_2dnav/package.ps1'
[2.690s] INFO:colcon.colcon_core.shell:Creating package descriptor '/home/alberto/tiago_public_ws/install/pmb2_2dnav/share/pmb2_2dnav/package.dsv'
[2.691s] INFO:colcon.colcon_core.shell:Creating package script '/home/alberto/tiago_public_ws/install/pmb2_2dnav/share/pmb2_2dnav/package.sh'
[2.692s] INFO:colcon.colcon_core.shell:Creating package script '/home/alberto/tiago_public_ws/install/pmb2_2dnav/share/pmb2_2dnav/package.bash'
[2.692s] INFO:colcon.colcon_core.shell:Creating package script '/home/alberto/tiago_public_ws/install/pmb2_2dnav/share/pmb2_2dnav/package.zsh'
[2.693s] Level 1:colcon.colcon_core.environment:create_file_with_runtime_dependencies(/home/alberto/tiago_public_ws/install/pmb2_2dnav/share/colcon-core/packages/pmb2_2dnav)
[2.693s] INFO:colcon.colcon_ros.task.ament_cmake.build:Building ROS package in '/home/alberto/tiago_public_ws/src/tiago_navigation/tiago_2dnav' with build type 'ament_cmake'
[2.693s] INFO:colcon.colcon_cmake.task.cmake.build:Building CMake package in '/home/alberto/tiago_public_ws/src/tiago_navigation/tiago_2dnav'
[2.694s] INFO:colcon.colcon_core.shell:Skip shell extension 'powershell' for command environment: Not usable outside of PowerShell
[2.694s] DEBUG:colcon.colcon_core.shell:Skip shell extension 'dsv' for command environment
[2.697s] INFO:colcon.colcon_ros.task.ament_cmake.build:Building ROS package in '/home/alberto/tiago_public_ws/src/pmb2_navigation/pmb2_navigation' with build type 'ament_cmake'
[2.697s] INFO:colcon.colcon_cmake.task.cmake.build:Building CMake package in '/home/alberto/tiago_public_ws/src/pmb2_navigation/pmb2_navigation'
[2.697s] INFO:colcon.colcon_core.shell:Skip shell extension 'powershell' for command environment: Not usable outside of PowerShell
[2.697s] DEBUG:colcon.colcon_core.shell:Skip shell extension 'dsv' for command environment
[2.701s] Level 1:colcon.colcon_core.environment:create_environment_scripts_only(pmb2_controller_configuration)
[2.701s] Level 1:colcon.colcon_core.environment:checking '/home/alberto/tiago_public_ws/install/pmb2_controller_configuration' for CMake module files
[2.701s] DEBUG:colcon.colcon_core.event_handler.log_command:Invoked command in '/home/alberto/tiago_public_ws/build/pmb2_controller_configuration' returned '0': AMENT_PREFIX_PATH=/home/alberto/tiago_public_ws/install/launch_pal:${AMENT_PREFIX_PATH} CMAKE_PREFIX_PATH=/opt/ros/humble PYTHONPATH=/home/alberto/tiago_public_ws/build/launch_pal:/home/alberto/tiago_public_ws/install/launch_pal/lib/python3.10/site-packages:${PYTHONPATH} /usr/bin/cmake --install /home/alberto/tiago_public_ws/build/pmb2_controller_configuration
[2.702s] Level 1:colcon.colcon_core.environment:checking '/home/alberto/tiago_public_ws/install/pmb2_controller_configuration' for CMake config files
[2.702s] Level 1:colcon.colcon_core.shell:create_environment_hook('pmb2_controller_configuration', 'cmake_prefix_path')
[2.702s] INFO:colcon.colcon_core.shell:Creating environment hook '/home/alberto/tiago_public_ws/install/pmb2_controller_configuration/share/pmb2_controller_configuration/hook/cmake_prefix_path.ps1'
[2.703s] INFO:colcon.colcon_core.shell:Creating environment descriptor '/home/alberto/tiago_public_ws/install/pmb2_controller_configuration/share/pmb2_controller_configuration/hook/cmake_prefix_path.dsv'
[2.703s] INFO:colcon.colcon_core.shell:Creating environment hook '/home/alberto/tiago_public_ws/install/pmb2_controller_configuration/share/pmb2_controller_configuration/hook/cmake_prefix_path.sh'
[2.704s] Level 1:colcon.colcon_core.environment:checking '/home/alberto/tiago_public_ws/install/pmb2_controller_configuration/bin'
[2.704s] Level 1:colcon.colcon_core.environment:checking '/home/alberto/tiago_public_ws/install/pmb2_controller_configuration/lib/pkgconfig/pmb2_controller_configuration.pc'
[2.704s] Level 1:colcon.colcon_core.environment:checking '/home/alberto/tiago_public_ws/install/pmb2_controller_configuration/lib/python3.10/site-packages'
[2.705s] Level 1:colcon.colcon_core.environment:checking '/home/alberto/tiago_public_ws/install/pmb2_controller_configuration/bin'
[2.705s] INFO:colcon.colcon_core.shell:Creating package script '/home/alberto/tiago_public_ws/install/pmb2_controller_configuration/share/pmb2_controller_configuration/package.ps1'
[2.705s] INFO:colcon.colcon_core.shell:Creating package descriptor '/home/alberto/tiago_public_ws/install/pmb2_controller_configuration/share/pmb2_controller_configuration/package.dsv'
[2.706s] INFO:colcon.colcon_core.shell:Creating package script '/home/alberto/tiago_public_ws/install/pmb2_controller_configuration/share/pmb2_controller_configuration/package.sh'
[2.706s] INFO:colcon.colcon_core.shell:Creating package script '/home/alberto/tiago_public_ws/install/pmb2_controller_configuration/share/pmb2_controller_configuration/package.bash'
[2.706s] INFO:colcon.colcon_core.shell:Creating package script '/home/alberto/tiago_public_ws/install/pmb2_controller_configuration/share/pmb2_controller_configuration/package.zsh'
[2.708s] Level 1:colcon.colcon_core.environment:create_file_with_runtime_dependencies(/home/alberto/tiago_public_ws/install/pmb2_controller_configuration/share/colcon-core/packages/pmb2_controller_configuration)
[2.709s] Level 1:colcon.colcon_core.environment:create_environment_scripts_only(pmb2_controller_configuration)
[2.709s] Level 1:colcon.colcon_core.environment:checking '/home/alberto/tiago_public_ws/install/pmb2_controller_configuration' for CMake module files
[2.710s] Level 1:colcon.colcon_core.environment:checking '/home/alberto/tiago_public_ws/install/pmb2_controller_configuration' for CMake config files
[2.710s] Level 1:colcon.colcon_core.shell:create_environment_hook('pmb2_controller_configuration', 'cmake_prefix_path')
[2.711s] INFO:colcon.colcon_core.shell:Creating environment hook '/home/alberto/tiago_public_ws/install/pmb2_controller_configuration/share/pmb2_controller_configuration/hook/cmake_prefix_path.ps1'
[2.712s] INFO:colcon.colcon_core.shell:Creating environment descriptor '/home/alberto/tiago_public_ws/install/pmb2_controller_configuration/share/pmb2_controller_configuration/hook/cmake_prefix_path.dsv'
[2.712s] INFO:colcon.colcon_core.shell:Creating environment hook '/home/alberto/tiago_public_ws/install/pmb2_controller_configuration/share/pmb2_controller_configuration/hook/cmake_prefix_path.sh'
[2.713s] Level 1:colcon.colcon_core.environment:checking '/home/alberto/tiago_public_ws/install/pmb2_controller_configuration/bin'
[2.714s] Level 1:colcon.colcon_core.environment:checking '/home/alberto/tiago_public_ws/install/pmb2_controller_configuration/lib/pkgconfig/pmb2_controller_configuration.pc'
[2.714s] Level 1:colcon.colcon_core.environment:checking '/home/alberto/tiago_public_ws/install/pmb2_controller_configuration/lib/python3.10/site-packages'
[2.714s] Level 1:colcon.colcon_core.environment:checking '/home/alberto/tiago_public_ws/install/pmb2_controller_configuration/bin'
[2.715s] INFO:colcon.colcon_core.shell:Creating package script '/home/alberto/tiago_public_ws/install/pmb2_controller_configuration/share/pmb2_controller_configuration/package.ps1'
[2.715s] INFO:colcon.colcon_core.shell:Creating package descriptor '/home/alberto/tiago_public_ws/install/pmb2_controller_configuration/share/pmb2_controller_configuration/package.dsv'
[2.716s] INFO:colcon.colcon_core.shell:Creating package script '/home/alberto/tiago_public_ws/install/pmb2_controller_configuration/share/pmb2_controller_configuration/package.sh'
[2.717s] INFO:colcon.colcon_core.shell:Creating package script '/home/alberto/tiago_public_ws/install/pmb2_controller_configuration/share/pmb2_controller_configuration/package.bash'
[2.717s] INFO:colcon.colcon_core.shell:Creating package script '/home/alberto/tiago_public_ws/install/pmb2_controller_configuration/share/pmb2_controller_configuration/package.zsh'
[2.718s] Level 1:colcon.colcon_core.environment:create_file_with_runtime_dependencies(/home/alberto/tiago_public_ws/install/pmb2_controller_configuration/share/colcon-core/packages/pmb2_controller_configuration)
[2.720s] INFO:colcon.colcon_ros.task.ament_cmake.build:Building ROS package in '/home/alberto/tiago_public_ws/src/tiago_robot/tiago_controller_configuration' with build type 'ament_cmake'
[2.720s] INFO:colcon.colcon_cmake.task.cmake.build:Building CMake package in '/home/alberto/tiago_public_ws/src/tiago_robot/tiago_controller_configuration'
[2.720s] INFO:colcon.colcon_core.shell:Skip shell extension 'powershell' for command environment: Not usable outside of PowerShell
[2.720s] DEBUG:colcon.colcon_core.shell:Skip shell extension 'dsv' for command environment
[2.724s] Level 1:colcon.colcon_core.environment:create_environment_scripts_only(pmb2_rgbd_sensors)
[2.724s] Level 1:colcon.colcon_core.environment:checking '/home/alberto/tiago_public_ws/install/pmb2_rgbd_sensors' for CMake module files
[2.725s] DEBUG:colcon.colcon_core.event_handler.log_command:Invoked command in '/home/alberto/tiago_public_ws/build/pmb2_rgbd_sensors' returned '0': AMENT_PREFIX_PATH=/home/alberto/tiago_public_ws/install/launch_pal:${AMENT_PREFIX_PATH} CMAKE_PREFIX_PATH=/opt/ros/humble PYTHONPATH=/home/alberto/tiago_public_ws/build/launch_pal:/home/alberto/tiago_public_ws/install/launch_pal/lib/python3.10/site-packages:${PYTHONPATH} /usr/bin/cmake --install /home/alberto/tiago_public_ws/build/pmb2_rgbd_sensors
[2.725s] Level 1:colcon.colcon_core.environment:checking '/home/alberto/tiago_public_ws/install/pmb2_rgbd_sensors' for CMake config files
[2.726s] Level 1:colcon.colcon_core.shell:create_environment_hook('pmb2_rgbd_sensors', 'cmake_prefix_path')
[2.726s] INFO:colcon.colcon_core.shell:Creating environment hook '/home/alberto/tiago_public_ws/install/pmb2_rgbd_sensors/share/pmb2_rgbd_sensors/hook/cmake_prefix_path.ps1'
[2.726s] INFO:colcon.colcon_core.shell:Creating environment descriptor '/home/alberto/tiago_public_ws/install/pmb2_rgbd_sensors/share/pmb2_rgbd_sensors/hook/cmake_prefix_path.dsv'
[2.727s] INFO:colcon.colcon_core.shell:Creating environment hook '/home/alberto/tiago_public_ws/install/pmb2_rgbd_sensors/share/pmb2_rgbd_sensors/hook/cmake_prefix_path.sh'
[2.727s] Level 1:colcon.colcon_core.environment:checking '/home/alberto/tiago_public_ws/install/pmb2_rgbd_sensors/bin'
[2.727s] Level 1:colcon.colcon_core.environment:checking '/home/alberto/tiago_public_ws/install/pmb2_rgbd_sensors/lib/pkgconfig/pmb2_rgbd_sensors.pc'
[2.727s] Level 1:colcon.colcon_core.environment:checking '/home/alberto/tiago_public_ws/install/pmb2_rgbd_sensors/lib/python3.10/site-packages'
[2.728s] Level 1:colcon.colcon_core.environment:checking '/home/alberto/tiago_public_ws/install/pmb2_rgbd_sensors/bin'
[2.728s] INFO:colcon.colcon_core.shell:Creating package script '/home/alberto/tiago_public_ws/install/pmb2_rgbd_sensors/share/pmb2_rgbd_sensors/package.ps1'
[2.728s] INFO:colcon.colcon_core.shell:Creating package descriptor '/home/alberto/tiago_public_ws/install/pmb2_rgbd_sensors/share/pmb2_rgbd_sensors/package.dsv'
[2.729s] INFO:colcon.colcon_core.shell:Creating package script '/home/alberto/tiago_public_ws/install/pmb2_rgbd_sensors/share/pmb2_rgbd_sensors/package.sh'
[2.729s] INFO:colcon.colcon_core.shell:Creating package script '/home/alberto/tiago_public_ws/install/pmb2_rgbd_sensors/share/pmb2_rgbd_sensors/package.bash'
[2.730s] INFO:colcon.colcon_core.shell:Creating package script '/home/alberto/tiago_public_ws/install/pmb2_rgbd_sensors/share/pmb2_rgbd_sensors/package.zsh'
[2.730s] Level 1:colcon.colcon_core.environment:create_file_with_runtime_dependencies(/home/alberto/tiago_public_ws/install/pmb2_rgbd_sensors/share/colcon-core/packages/pmb2_rgbd_sensors)
[2.731s] Level 1:colcon.colcon_core.environment:create_environment_scripts_only(pmb2_rgbd_sensors)
[2.731s] Level 1:colcon.colcon_core.environment:checking '/home/alberto/tiago_public_ws/install/pmb2_rgbd_sensors' for CMake module files
[2.731s] Level 1:colcon.colcon_core.environment:checking '/home/alberto/tiago_public_ws/install/pmb2_rgbd_sensors' for CMake config files
[2.731s] Level 1:colcon.colcon_core.shell:create_environment_hook('pmb2_rgbd_sensors', 'cmake_prefix_path')
[2.732s] INFO:colcon.colcon_core.shell:Creating environment hook '/home/alberto/tiago_public_ws/install/pmb2_rgbd_sensors/share/pmb2_rgbd_sensors/hook/cmake_prefix_path.ps1'
[2.732s] INFO:colcon.colcon_core.shell:Creating environment descriptor '/home/alberto/tiago_public_ws/install/pmb2_rgbd_sensors/share/pmb2_rgbd_sensors/hook/cmake_prefix_path.dsv'
[2.732s] INFO:colcon.colcon_core.shell:Creating environment hook '/home/alberto/tiago_public_ws/install/pmb2_rgbd_sensors/share/pmb2_rgbd_sensors/hook/cmake_prefix_path.sh'
[2.733s] Level 1:colcon.colcon_core.environment:checking '/home/alberto/tiago_public_ws/install/pmb2_rgbd_sensors/bin'
[2.733s] Level 1:colcon.colcon_core.environment:checking '/home/alberto/tiago_public_ws/install/pmb2_rgbd_sensors/lib/pkgconfig/pmb2_rgbd_sensors.pc'
[2.733s] Level 1:colcon.colcon_core.environment:checking '/home/alberto/tiago_public_ws/install/pmb2_rgbd_sensors/lib/python3.10/site-packages'
[2.733s] Level 1:colcon.colcon_core.environment:checking '/home/alberto/tiago_public_ws/install/pmb2_rgbd_sensors/bin'
[2.733s] INFO:colcon.colcon_core.shell:Creating package script '/home/alberto/tiago_public_ws/install/pmb2_rgbd_sensors/share/pmb2_rgbd_sensors/package.ps1'
[2.734s] INFO:colcon.colcon_core.shell:Creating package descriptor '/home/alberto/tiago_public_ws/install/pmb2_rgbd_sensors/share/pmb2_rgbd_sensors/package.dsv'
[2.734s] INFO:colcon.colcon_core.shell:Creating package script '/home/alberto/tiago_public_ws/install/pmb2_rgbd_sensors/share/pmb2_rgbd_sensors/package.sh'
[2.735s] INFO:colcon.colcon_core.shell:Creating package script '/home/alberto/tiago_public_ws/install/pmb2_rgbd_sensors/share/pmb2_rgbd_sensors/package.bash'
[2.735s] INFO:colcon.colcon_core.shell:Creating package script '/home/alberto/tiago_public_ws/install/pmb2_rgbd_sensors/share/pmb2_rgbd_sensors/package.zsh'
[2.735s] Level 1:colcon.colcon_core.environment:create_file_with_runtime_dependencies(/home/alberto/tiago_public_ws/install/pmb2_rgbd_sensors/share/colcon-core/packages/pmb2_rgbd_sensors)
[2.736s] Level 1:colcon.colcon_core.environment:create_environment_scripts_only(play_motion2)
[2.737s] Level 1:colcon.colcon_core.environment:checking '/home/alberto/tiago_public_ws/install/play_motion2' for CMake module files
[2.738s] Level 1:colcon.colcon_core.environment:checking '/home/alberto/tiago_public_ws/install/play_motion2' for CMake config files
[2.738s] DEBUG:colcon.colcon_core.event_handler.log_command:Invoked command in '/home/alberto/tiago_public_ws/build/play_motion2' returned '0': AMENT_PREFIX_PATH=/home/alberto/tiago_public_ws/install/play_motion2_msgs:${AMENT_PREFIX_PATH} CMAKE_PREFIX_PATH=/home/alberto/tiago_public_ws/install/play_motion2_msgs:/opt/ros/humble LD_LIBRARY_PATH=/home/alberto/tiago_public_ws/install/play_motion2_msgs/lib:${LD_LIBRARY_PATH} PYTHONPATH=/home/alberto/tiago_public_ws/install/play_motion2_msgs/local/lib/python3.10/dist-packages:${PYTHONPATH} /usr/bin/cmake --install /home/alberto/tiago_public_ws/build/play_motion2
[2.739s] Level 1:colcon.colcon_core.shell:create_environment_hook('play_motion2', 'cmake_prefix_path')
[2.740s] INFO:colcon.colcon_core.shell:Creating environment hook '/home/alberto/tiago_public_ws/install/play_motion2/share/play_motion2/hook/cmake_prefix_path.ps1'
[2.741s] INFO:colcon.colcon_core.shell:Creating environment descriptor '/home/alberto/tiago_public_ws/install/play_motion2/share/play_motion2/hook/cmake_prefix_path.dsv'
[2.743s] INFO:colcon.colcon_core.shell:Creating environment hook '/home/alberto/tiago_public_ws/install/play_motion2/share/play_motion2/hook/cmake_prefix_path.sh'
[2.743s] Level 1:colcon.colcon_core.environment:checking '/home/alberto/tiago_public_ws/install/play_motion2/lib'
[2.743s] Level 1:colcon.colcon_core.shell:create_environment_hook('play_motion2', 'ld_library_path_lib')
[2.744s] INFO:colcon.colcon_core.shell:Creating environment hook '/home/alberto/tiago_public_ws/install/play_motion2/share/play_motion2/hook/ld_library_path_lib.ps1'
[2.744s] INFO:colcon.colcon_core.shell:Creating environment descriptor '/home/alberto/tiago_public_ws/install/play_motion2/share/play_motion2/hook/ld_library_path_lib.dsv'
[2.744s] INFO:colcon.colcon_core.shell:Creating environment hook '/home/alberto/tiago_public_ws/install/play_motion2/share/play_motion2/hook/ld_library_path_lib.sh'
[2.745s] Level 1:colcon.colcon_core.environment:checking '/home/alberto/tiago_public_ws/install/play_motion2/bin'
[2.745s] Level 1:colcon.colcon_core.environment:checking '/home/alberto/tiago_public_ws/install/play_motion2/lib/pkgconfig/play_motion2.pc'
[2.746s] Level 1:colcon.colcon_core.environment:checking '/home/alberto/tiago_public_ws/install/play_motion2/lib/python3.10/site-packages'
[2.746s] Level 1:colcon.colcon_core.environment:checking '/home/alberto/tiago_public_ws/install/play_motion2/bin'
[2.746s] INFO:colcon.colcon_core.shell:Creating package script '/home/alberto/tiago_public_ws/install/play_motion2/share/play_motion2/package.ps1'
[2.746s] INFO:colcon.colcon_core.shell:Creating package descriptor '/home/alberto/tiago_public_ws/install/play_motion2/share/play_motion2/package.dsv'
[2.747s] INFO:colcon.colcon_core.shell:Creating package script '/home/alberto/tiago_public_ws/install/play_motion2/share/play_motion2/package.sh'
[2.747s] INFO:colcon.colcon_core.shell:Creating package script '/home/alberto/tiago_public_ws/install/play_motion2/share/play_motion2/package.bash'
[2.747s] INFO:colcon.colcon_core.shell:Creating package script '/home/alberto/tiago_public_ws/install/play_motion2/share/play_motion2/package.zsh'
[2.748s] Level 1:colcon.colcon_core.environment:create_file_with_runtime_dependencies(/home/alberto/tiago_public_ws/install/play_motion2/share/colcon-core/packages/play_motion2)
[2.748s] Level 1:colcon.colcon_core.environment:create_environment_scripts_only(play_motion2)
[2.749s] Level 1:colcon.colcon_core.environment:checking '/home/alberto/tiago_public_ws/install/play_motion2' for CMake module files
[2.749s] Level 1:colcon.colcon_core.environment:checking '/home/alberto/tiago_public_ws/install/play_motion2' for CMake config files
[2.750s] Level 1:colcon.colcon_core.shell:create_environment_hook('play_motion2', 'cmake_prefix_path')
[2.750s] INFO:colcon.colcon_core.shell:Creating environment hook '/home/alberto/tiago_public_ws/install/play_motion2/share/play_motion2/hook/cmake_prefix_path.ps1'
[2.750s] INFO:colcon.colcon_core.shell:Creating environment descriptor '/home/alberto/tiago_public_ws/install/play_motion2/share/play_motion2/hook/cmake_prefix_path.dsv'
[2.751s] INFO:colcon.colcon_core.shell:Creating environment hook '/home/alberto/tiago_public_ws/install/play_motion2/share/play_motion2/hook/cmake_prefix_path.sh'
[2.751s] Level 1:colcon.colcon_core.environment:checking '/home/alberto/tiago_public_ws/install/play_motion2/lib'
[2.752s] Level 1:colcon.colcon_core.shell:create_environment_hook('play_motion2', 'ld_library_path_lib')
[2.752s] INFO:colcon.colcon_core.shell:Creating environment hook '/home/alberto/tiago_public_ws/install/play_motion2/share/play_motion2/hook/ld_library_path_lib.ps1'
[2.752s] INFO:colcon.colcon_core.shell:Creating environment descriptor '/home/alberto/tiago_public_ws/install/play_motion2/share/play_motion2/hook/ld_library_path_lib.dsv'
[2.753s] INFO:colcon.colcon_core.shell:Creating environment hook '/home/alberto/tiago_public_ws/install/play_motion2/share/play_motion2/hook/ld_library_path_lib.sh'
[2.753s] Level 1:colcon.colcon_core.environment:checking '/home/alberto/tiago_public_ws/install/play_motion2/bin'
[2.753s] Level 1:colcon.colcon_core.environment:checking '/home/alberto/tiago_public_ws/install/play_motion2/lib/pkgconfig/play_motion2.pc'
[2.754s] Level 1:colcon.colcon_core.environment:checking '/home/alberto/tiago_public_ws/install/play_motion2/lib/python3.10/site-packages'
[2.754s] Level 1:colcon.colcon_core.environment:checking '/home/alberto/tiago_public_ws/install/play_motion2/bin'
[2.754s] INFO:colcon.colcon_core.shell:Creating package script '/home/alberto/tiago_public_ws/install/play_motion2/share/play_motion2/package.ps1'
[2.755s] INFO:colcon.colcon_core.shell:Creating package descriptor '/home/alberto/tiago_public_ws/install/play_motion2/share/play_motion2/package.dsv'
[2.755s] INFO:colcon.colcon_core.shell:Creating package script '/home/alberto/tiago_public_ws/install/play_motion2/share/play_motion2/package.sh'
[2.756s] INFO:colcon.colcon_core.shell:Creating package script '/home/alberto/tiago_public_ws/install/play_motion2/share/play_motion2/package.bash'
[2.757s] INFO:colcon.colcon_core.shell:Creating package script '/home/alberto/tiago_public_ws/install/play_motion2/share/play_motion2/package.zsh'
[2.757s] Level 1:colcon.colcon_core.environment:create_file_with_runtime_dependencies(/home/alberto/tiago_public_ws/install/play_motion2/share/colcon-core/packages/play_motion2)
[2.758s] Level 1:colcon.colcon_core.environment:create_environment_scripts_only(pal_navigation_cfg_bringup)
[2.758s] Level 1:colcon.colcon_core.environment:checking '/home/alberto/tiago_public_ws/install/pal_navigation_cfg_bringup' for CMake module files
[2.759s] DEBUG:colcon.colcon_core.event_handler.log_command:Invoked command in '/home/alberto/tiago_public_ws/build/pal_navigation_cfg_bringup' returned '0': AMENT_PREFIX_PATH=/home/alberto/tiago_public_ws/install/pal_navigation_cfg_params:/home/alberto/tiago_public_ws/install/launch_pal:${AMENT_PREFIX_PATH} CMAKE_PREFIX_PATH=/home/alberto/tiago_public_ws/install/pal_navigation_cfg_params:/opt/ros/humble PYTHONPATH=/home/alberto/tiago_public_ws/build/launch_pal:/home/alberto/tiago_public_ws/install/launch_pal/lib/python3.10/site-packages:${PYTHONPATH} /usr/bin/cmake --install /home/alberto/tiago_public_ws/build/pal_navigation_cfg_bringup
[2.759s] Level 1:colcon.colcon_core.environment:checking '/home/alberto/tiago_public_ws/install/pal_navigation_cfg_bringup' for CMake config files
[2.760s] Level 1:colcon.colcon_core.shell:create_environment_hook('pal_navigation_cfg_bringup', 'cmake_prefix_path')
[2.760s] INFO:colcon.colcon_core.shell:Creating environment hook '/home/alberto/tiago_public_ws/install/pal_navigation_cfg_bringup/share/pal_navigation_cfg_bringup/hook/cmake_prefix_path.ps1'
[2.760s] INFO:colcon.colcon_core.shell:Creating environment descriptor '/home/alberto/tiago_public_ws/install/pal_navigation_cfg_bringup/share/pal_navigation_cfg_bringup/hook/cmake_prefix_path.dsv'
[2.761s] INFO:colcon.colcon_core.shell:Creating environment hook '/home/alberto/tiago_public_ws/install/pal_navigation_cfg_bringup/share/pal_navigation_cfg_bringup/hook/cmake_prefix_path.sh'
[2.761s] Level 1:colcon.colcon_core.environment:checking '/home/alberto/tiago_public_ws/install/pal_navigation_cfg_bringup/bin'
[2.761s] Level 1:colcon.colcon_core.environment:checking '/home/alberto/tiago_public_ws/install/pal_navigation_cfg_bringup/lib/pkgconfig/pal_navigation_cfg_bringup.pc'
[2.761s] Level 1:colcon.colcon_core.environment:checking '/home/alberto/tiago_public_ws/install/pal_navigation_cfg_bringup/lib/python3.10/site-packages'
[2.762s] Level 1:colcon.colcon_core.environment:checking '/home/alberto/tiago_public_ws/install/pal_navigation_cfg_bringup/bin'
[2.762s] INFO:colcon.colcon_core.shell:Creating package script '/home/alberto/tiago_public_ws/install/pal_navigation_cfg_bringup/share/pal_navigation_cfg_bringup/package.ps1'
[2.762s] INFO:colcon.colcon_core.shell:Creating package descriptor '/home/alberto/tiago_public_ws/install/pal_navigation_cfg_bringup/share/pal_navigation_cfg_bringup/package.dsv'
[2.763s] INFO:colcon.colcon_core.shell:Creating package script '/home/alberto/tiago_public_ws/install/pal_navigation_cfg_bringup/share/pal_navigation_cfg_bringup/package.sh'
[2.763s] INFO:colcon.colcon_core.shell:Creating package script '/home/alberto/tiago_public_ws/install/pal_navigation_cfg_bringup/share/pal_navigation_cfg_bringup/package.bash'
[2.763s] INFO:colcon.colcon_core.shell:Creating package script '/home/alberto/tiago_public_ws/install/pal_navigation_cfg_bringup/share/pal_navigation_cfg_bringup/package.zsh'
[2.764s] Level 1:colcon.colcon_core.environment:create_file_with_runtime_dependencies(/home/alberto/tiago_public_ws/install/pal_navigation_cfg_bringup/share/colcon-core/packages/pal_navigation_cfg_bringup)
[2.764s] Level 1:colcon.colcon_core.environment:create_environment_scripts_only(pal_navigation_cfg_bringup)
[2.764s] Level 1:colcon.colcon_core.environment:checking '/home/alberto/tiago_public_ws/install/pal_navigation_cfg_bringup' for CMake module files
[2.765s] Level 1:colcon.colcon_core.environment:checking '/home/alberto/tiago_public_ws/install/pal_navigation_cfg_bringup' for CMake config files
[2.765s] Level 1:colcon.colcon_core.shell:create_environment_hook('pal_navigation_cfg_bringup', 'cmake_prefix_path')
[2.765s] INFO:colcon.colcon_core.shell:Creating environment hook '/home/alberto/tiago_public_ws/install/pal_navigation_cfg_bringup/share/pal_navigation_cfg_bringup/hook/cmake_prefix_path.ps1'
[2.765s] INFO:colcon.colcon_core.shell:Creating environment descriptor '/home/alberto/tiago_public_ws/install/pal_navigation_cfg_bringup/share/pal_navigation_cfg_bringup/hook/cmake_prefix_path.dsv'
[2.766s] INFO:colcon.colcon_core.shell:Creating environment hook '/home/alberto/tiago_public_ws/install/pal_navigation_cfg_bringup/share/pal_navigation_cfg_bringup/hook/cmake_prefix_path.sh'
[2.766s] Level 1:colcon.colcon_core.environment:checking '/home/alberto/tiago_public_ws/install/pal_navigation_cfg_bringup/bin'
[2.766s] Level 1:colcon.colcon_core.environment:checking '/home/alberto/tiago_public_ws/install/pal_navigation_cfg_bringup/lib/pkgconfig/pal_navigation_cfg_bringup.pc'
[2.766s] Level 1:colcon.colcon_core.environment:checking '/home/alberto/tiago_public_ws/install/pal_navigation_cfg_bringup/lib/python3.10/site-packages'
[2.767s] Level 1:colcon.colcon_core.environment:checking '/home/alberto/tiago_public_ws/install/pal_navigation_cfg_bringup/bin'
[2.767s] INFO:colcon.colcon_core.shell:Creating package script '/home/alberto/tiago_public_ws/install/pal_navigation_cfg_bringup/share/pal_navigation_cfg_bringup/package.ps1'
[2.767s] INFO:colcon.colcon_core.shell:Creating package descriptor '/home/alberto/tiago_public_ws/install/pal_navigation_cfg_bringup/share/pal_navigation_cfg_bringup/package.dsv'
[2.768s] INFO:colcon.colcon_core.shell:Creating package script '/home/alberto/tiago_public_ws/install/pal_navigation_cfg_bringup/share/pal_navigation_cfg_bringup/package.sh'
[2.768s] INFO:colcon.colcon_core.shell:Creating package script '/home/alberto/tiago_public_ws/install/pal_navigation_cfg_bringup/share/pal_navigation_cfg_bringup/package.bash'
[2.769s] INFO:colcon.colcon_core.shell:Creating package script '/home/alberto/tiago_public_ws/install/pal_navigation_cfg_bringup/share/pal_navigation_cfg_bringup/package.zsh'
[2.769s] Level 1:colcon.colcon_core.environment:create_file_with_runtime_dependencies(/home/alberto/tiago_public_ws/install/pal_navigation_cfg_bringup/share/colcon-core/packages/pal_navigation_cfg_bringup)
[2.771s] INFO:colcon.colcon_ros.task.ament_cmake.build:Building ROS package in '/home/alberto/tiago_public_ws/src/pal_navigation_cfg_public/pal_navigation_cfg_public' with build type 'ament_cmake'
[2.771s] INFO:colcon.colcon_cmake.task.cmake.build:Building CMake package in '/home/alberto/tiago_public_ws/src/pal_navigation_cfg_public/pal_navigation_cfg_public'
[2.771s] INFO:colcon.colcon_core.shell:Skip shell extension 'powershell' for command environment: Not usable outside of PowerShell
[2.772s] DEBUG:colcon.colcon_core.shell:Skip shell extension 'dsv' for command environment
[2.780s] DEBUG:colcon.colcon_core.event_handler.log_command:Invoking command in '/home/alberto/tiago_public_ws/build/tiago_2dnav': AMENT_PREFIX_PATH=/home/alberto/tiago_public_ws/install/pmb2_2dnav:/home/alberto/tiago_public_ws/install/launch_pal:${AMENT_PREFIX_PATH} CMAKE_PREFIX_PATH=/home/alberto/tiago_public_ws/install/pmb2_2dnav:/opt/ros/humble PYTHONPATH=/home/alberto/tiago_public_ws/build/launch_pal:/home/alberto/tiago_public_ws/install/launch_pal/lib/python3.10/site-packages:${PYTHONPATH} /usr/bin/cmake --build /home/alberto/tiago_public_ws/build/tiago_2dnav -- -j12 -l12
[2.786s] DEBUG:colcon.colcon_core.event_handler.log_command:Invoking command in '/home/alberto/tiago_public_ws/build/pmb2_navigation': AMENT_PREFIX_PATH=/home/alberto/tiago_public_ws/install/pmb2_2dnav:/home/alberto/tiago_public_ws/install/pmb2_laser_sensors:/home/alberto/tiago_public_ws/install/launch_pal:${AMENT_PREFIX_PATH} CMAKE_PREFIX_PATH=/home/alberto/tiago_public_ws/install/pmb2_2dnav:/home/alberto/tiago_public_ws/install/pmb2_laser_sensors:/opt/ros/humble PYTHONPATH=/home/alberto/tiago_public_ws/build/launch_pal:/home/alberto/tiago_public_ws/install/launch_pal/lib/python3.10/site-packages:${PYTHONPATH} /usr/bin/cmake --build /home/alberto/tiago_public_ws/build/pmb2_navigation -- -j12 -l12
[2.793s] DEBUG:colcon.colcon_core.event_handler.log_command:Invoking command in '/home/alberto/tiago_public_ws/build/tiago_controller_configuration': AMENT_PREFIX_PATH=/home/alberto/tiago_public_ws/install/pmb2_controller_configuration:/home/alberto/tiago_public_ws/install/pal_robotiq_controller_configuration:/home/alberto/tiago_public_ws/install/pal_hey5_controller_configuration:/home/alberto/tiago_public_ws/install/pal_gripper_controller_configuration:/home/alberto/tiago_public_ws/install/launch_pal:${AMENT_PREFIX_PATH} CMAKE_PREFIX_PATH=/home/alberto/tiago_public_ws/install/pmb2_controller_configuration:/home/alberto/tiago_public_ws/install/pal_robotiq_controller_configuration:/home/alberto/tiago_public_ws/install/pal_hey5_controller_configuration:/home/alberto/tiago_public_ws/install/pal_gripper_controller_configuration:/opt/ros/humble PYTHONPATH=/home/alberto/tiago_public_ws/build/launch_pal:/home/alberto/tiago_public_ws/install/launch_pal/lib/python3.10/site-packages:${PYTHONPATH} /usr/bin/cmake --build /home/alberto/tiago_public_ws/build/tiago_controller_configuration -- -j12 -l12
[2.803s] DEBUG:colcon.colcon_core.event_handler.log_command:Invoking command in '/home/alberto/tiago_public_ws/build/pal_navigation_cfg': AMENT_PREFIX_PATH=/home/alberto/tiago_public_ws/install/pal_navigation_cfg_bringup:/home/alberto/tiago_public_ws/install/pal_navigation_cfg_params:/home/alberto/tiago_public_ws/install/launch_pal:${AMENT_PREFIX_PATH} CMAKE_PREFIX_PATH=/home/alberto/tiago_public_ws/install/pal_navigation_cfg_bringup:/home/alberto/tiago_public_ws/install/pal_navigation_cfg_params:/opt/ros/humble PYTHONPATH=/home/alberto/tiago_public_ws/build/launch_pal:/home/alberto/tiago_public_ws/install/launch_pal/lib/python3.10/site-packages:${PYTHONPATH} /usr/bin/cmake --build /home/alberto/tiago_public_ws/build/pal_navigation_cfg -- -j12 -l12
[2.852s] DEBUG:colcon.colcon_core.event_handler.log_command:Invoked command in '/home/alberto/tiago_public_ws/build/tiago_2dnav' returned '0': AMENT_PREFIX_PATH=/home/alberto/tiago_public_ws/install/pmb2_2dnav:/home/alberto/tiago_public_ws/install/launch_pal:${AMENT_PREFIX_PATH} CMAKE_PREFIX_PATH=/home/alberto/tiago_public_ws/install/pmb2_2dnav:/opt/ros/humble PYTHONPATH=/home/alberto/tiago_public_ws/build/launch_pal:/home/alberto/tiago_public_ws/install/launch_pal/lib/python3.10/site-packages:${PYTHONPATH} /usr/bin/cmake --build /home/alberto/tiago_public_ws/build/tiago_2dnav -- -j12 -l12
[2.854s] DEBUG:colcon.colcon_core.event_handler.log_command:Invoking command in '/home/alberto/tiago_public_ws/build/tiago_2dnav': AMENT_PREFIX_PATH=/home/alberto/tiago_public_ws/install/pmb2_2dnav:/home/alberto/tiago_public_ws/install/launch_pal:${AMENT_PREFIX_PATH} CMAKE_PREFIX_PATH=/home/alberto/tiago_public_ws/install/pmb2_2dnav:/opt/ros/humble PYTHONPATH=/home/alberto/tiago_public_ws/build/launch_pal:/home/alberto/tiago_public_ws/install/launch_pal/lib/python3.10/site-packages:${PYTHONPATH} /usr/bin/cmake --install /home/alberto/tiago_public_ws/build/tiago_2dnav
[2.859s] DEBUG:colcon.colcon_core.event_handler.log_command:Invoked command in '/home/alberto/tiago_public_ws/build/pmb2_navigation' returned '0': AMENT_PREFIX_PATH=/home/alberto/tiago_public_ws/install/pmb2_2dnav:/home/alberto/tiago_public_ws/install/pmb2_laser_sensors:/home/alberto/tiago_public_ws/install/launch_pal:${AMENT_PREFIX_PATH} CMAKE_PREFIX_PATH=/home/alberto/tiago_public_ws/install/pmb2_2dnav:/home/alberto/tiago_public_ws/install/pmb2_laser_sensors:/opt/ros/humble PYTHONPATH=/home/alberto/tiago_public_ws/build/launch_pal:/home/alberto/tiago_public_ws/install/launch_pal/lib/python3.10/site-packages:${PYTHONPATH} /usr/bin/cmake --build /home/alberto/tiago_public_ws/build/pmb2_navigation -- -j12 -l12
[2.860s] DEBUG:colcon.colcon_core.event_handler.log_command:Invoking command in '/home/alberto/tiago_public_ws/build/pmb2_navigation': AMENT_PREFIX_PATH=/home/alberto/tiago_public_ws/install/pmb2_2dnav:/home/alberto/tiago_public_ws/install/pmb2_laser_sensors:/home/alberto/tiago_public_ws/install/launch_pal:${AMENT_PREFIX_PATH} CMAKE_PREFIX_PATH=/home/alberto/tiago_public_ws/install/pmb2_2dnav:/home/alberto/tiago_public_ws/install/pmb2_laser_sensors:/opt/ros/humble PYTHONPATH=/home/alberto/tiago_public_ws/build/launch_pal:/home/alberto/tiago_public_ws/install/launch_pal/lib/python3.10/site-packages:${PYTHONPATH} /usr/bin/cmake --install /home/alberto/tiago_public_ws/build/pmb2_navigation
[2.861s] DEBUG:colcon.colcon_core.event_handler.log_command:Invoked command in '/home/alberto/tiago_public_ws/build/tiago_controller_configuration' returned '0': AMENT_PREFIX_PATH=/home/alberto/tiago_public_ws/install/pmb2_controller_configuration:/home/alberto/tiago_public_ws/install/pal_robotiq_controller_configuration:/home/alberto/tiago_public_ws/install/pal_hey5_controller_configuration:/home/alberto/tiago_public_ws/install/pal_gripper_controller_configuration:/home/alberto/tiago_public_ws/install/launch_pal:${AMENT_PREFIX_PATH} CMAKE_PREFIX_PATH=/home/alberto/tiago_public_ws/install/pmb2_controller_configuration:/home/alberto/tiago_public_ws/install/pal_robotiq_controller_configuration:/home/alberto/tiago_public_ws/install/pal_hey5_controller_configuration:/home/alberto/tiago_public_ws/install/pal_gripper_controller_configuration:/opt/ros/humble PYTHONPATH=/home/alberto/tiago_public_ws/build/launch_pal:/home/alberto/tiago_public_ws/install/launch_pal/lib/python3.10/site-packages:${PYTHONPATH} /usr/bin/cmake --build /home/alberto/tiago_public_ws/build/tiago_controller_configuration -- -j12 -l12
[2.863s] DEBUG:colcon.colcon_core.event_handler.log_command:Invoking command in '/home/alberto/tiago_public_ws/build/tiago_controller_configuration': AMENT_PREFIX_PATH=/home/alberto/tiago_public_ws/install/pmb2_controller_configuration:/home/alberto/tiago_public_ws/install/pal_robotiq_controller_configuration:/home/alberto/tiago_public_ws/install/pal_hey5_controller_configuration:/home/alberto/tiago_public_ws/install/pal_gripper_controller_configuration:/home/alberto/tiago_public_ws/install/launch_pal:${AMENT_PREFIX_PATH} CMAKE_PREFIX_PATH=/home/alberto/tiago_public_ws/install/pmb2_controller_configuration:/home/alberto/tiago_public_ws/install/pal_robotiq_controller_configuration:/home/alberto/tiago_public_ws/install/pal_hey5_controller_configuration:/home/alberto/tiago_public_ws/install/pal_gripper_controller_configuration:/opt/ros/humble PYTHONPATH=/home/alberto/tiago_public_ws/build/launch_pal:/home/alberto/tiago_public_ws/install/launch_pal/lib/python3.10/site-packages:${PYTHONPATH} /usr/bin/cmake --install /home/alberto/tiago_public_ws/build/tiago_controller_configuration
[2.865s] DEBUG:colcon.colcon_core.event_handler.log_command:Invoked command in '/home/alberto/tiago_public_ws/build/pal_navigation_cfg' returned '0': AMENT_PREFIX_PATH=/home/alberto/tiago_public_ws/install/pal_navigation_cfg_bringup:/home/alberto/tiago_public_ws/install/pal_navigation_cfg_params:/home/alberto/tiago_public_ws/install/launch_pal:${AMENT_PREFIX_PATH} CMAKE_PREFIX_PATH=/home/alberto/tiago_public_ws/install/pal_navigation_cfg_bringup:/home/alberto/tiago_public_ws/install/pal_navigation_cfg_params:/opt/ros/humble PYTHONPATH=/home/alberto/tiago_public_ws/build/launch_pal:/home/alberto/tiago_public_ws/install/launch_pal/lib/python3.10/site-packages:${PYTHONPATH} /usr/bin/cmake --build /home/alberto/tiago_public_ws/build/pal_navigation_cfg -- -j12 -l12
[2.868s] DEBUG:colcon.colcon_core.event_handler.log_command:Invoking command in '/home/alberto/tiago_public_ws/build/pal_navigation_cfg': AMENT_PREFIX_PATH=/home/alberto/tiago_public_ws/install/pal_navigation_cfg_bringup:/home/alberto/tiago_public_ws/install/pal_navigation_cfg_params:/home/alberto/tiago_public_ws/install/launch_pal:${AMENT_PREFIX_PATH} CMAKE_PREFIX_PATH=/home/alberto/tiago_public_ws/install/pal_navigation_cfg_bringup:/home/alberto/tiago_public_ws/install/pal_navigation_cfg_params:/opt/ros/humble PYTHONPATH=/home/alberto/tiago_public_ws/build/launch_pal:/home/alberto/tiago_public_ws/install/launch_pal/lib/python3.10/site-packages:${PYTHONPATH} /usr/bin/cmake --install /home/alberto/tiago_public_ws/build/pal_navigation_cfg
[2.885s] Level 1:colcon.colcon_core.environment:create_environment_scripts_only(tiago_2dnav)
[2.886s] Level 1:colcon.colcon_core.environment:checking '/home/alberto/tiago_public_ws/install/tiago_2dnav' for CMake module files
[2.886s] DEBUG:colcon.colcon_core.event_handler.log_command:Invoked command in '/home/alberto/tiago_public_ws/build/tiago_2dnav' returned '0': AMENT_PREFIX_PATH=/home/alberto/tiago_public_ws/install/pmb2_2dnav:/home/alberto/tiago_public_ws/install/launch_pal:${AMENT_PREFIX_PATH} CMAKE_PREFIX_PATH=/home/alberto/tiago_public_ws/install/pmb2_2dnav:/opt/ros/humble PYTHONPATH=/home/alberto/tiago_public_ws/build/launch_pal:/home/alberto/tiago_public_ws/install/launch_pal/lib/python3.10/site-packages:${PYTHONPATH} /usr/bin/cmake --install /home/alberto/tiago_public_ws/build/tiago_2dnav
[2.888s] Level 1:colcon.colcon_core.environment:checking '/home/alberto/tiago_public_ws/install/tiago_2dnav' for CMake config files
[2.888s] Level 1:colcon.colcon_core.shell:create_environment_hook('tiago_2dnav', 'cmake_prefix_path')
[2.889s] INFO:colcon.colcon_core.shell:Creating environment hook '/home/alberto/tiago_public_ws/install/tiago_2dnav/share/tiago_2dnav/hook/cmake_prefix_path.ps1'
[2.889s] INFO:colcon.colcon_core.shell:Creating environment descriptor '/home/alberto/tiago_public_ws/install/tiago_2dnav/share/tiago_2dnav/hook/cmake_prefix_path.dsv'
[2.890s] INFO:colcon.colcon_core.shell:Creating environment hook '/home/alberto/tiago_public_ws/install/tiago_2dnav/share/tiago_2dnav/hook/cmake_prefix_path.sh'
[2.890s] Level 1:colcon.colcon_core.environment:checking '/home/alberto/tiago_public_ws/install/tiago_2dnav/bin'
[2.890s] Level 1:colcon.colcon_core.environment:checking '/home/alberto/tiago_public_ws/install/tiago_2dnav/lib/pkgconfig/tiago_2dnav.pc'
[2.891s] Level 1:colcon.colcon_core.environment:checking '/home/alberto/tiago_public_ws/install/tiago_2dnav/lib/python3.10/site-packages'
[2.891s] Level 1:colcon.colcon_core.environment:checking '/home/alberto/tiago_public_ws/install/tiago_2dnav/bin'
[2.891s] INFO:colcon.colcon_core.shell:Creating package script '/home/alberto/tiago_public_ws/install/tiago_2dnav/share/tiago_2dnav/package.ps1'
[2.892s] INFO:colcon.colcon_core.shell:Creating package descriptor '/home/alberto/tiago_public_ws/install/tiago_2dnav/share/tiago_2dnav/package.dsv'
[2.892s] INFO:colcon.colcon_core.shell:Creating package script '/home/alberto/tiago_public_ws/install/tiago_2dnav/share/tiago_2dnav/package.sh'
[2.893s] INFO:colcon.colcon_core.shell:Creating package script '/home/alberto/tiago_public_ws/install/tiago_2dnav/share/tiago_2dnav/package.bash'
[2.893s] INFO:colcon.colcon_core.shell:Creating package script '/home/alberto/tiago_public_ws/install/tiago_2dnav/share/tiago_2dnav/package.zsh'
[2.894s] Level 1:colcon.colcon_core.environment:create_file_with_runtime_dependencies(/home/alberto/tiago_public_ws/install/tiago_2dnav/share/colcon-core/packages/tiago_2dnav)
[2.895s] Level 1:colcon.colcon_core.environment:create_environment_scripts_only(tiago_2dnav)
[2.896s] Level 1:colcon.colcon_core.environment:checking '/home/alberto/tiago_public_ws/install/tiago_2dnav' for CMake module files
[2.897s] Level 1:colcon.colcon_core.environment:checking '/home/alberto/tiago_public_ws/install/tiago_2dnav' for CMake config files
[2.897s] Level 1:colcon.colcon_core.shell:create_environment_hook('tiago_2dnav', 'cmake_prefix_path')
[2.898s] INFO:colcon.colcon_core.shell:Creating environment hook '/home/alberto/tiago_public_ws/install/tiago_2dnav/share/tiago_2dnav/hook/cmake_prefix_path.ps1'
[2.898s] INFO:colcon.colcon_core.shell:Creating environment descriptor '/home/alberto/tiago_public_ws/install/tiago_2dnav/share/tiago_2dnav/hook/cmake_prefix_path.dsv'
[2.898s] INFO:colcon.colcon_core.shell:Creating environment hook '/home/alberto/tiago_public_ws/install/tiago_2dnav/share/tiago_2dnav/hook/cmake_prefix_path.sh'
[2.899s] Level 1:colcon.colcon_core.environment:checking '/home/alberto/tiago_public_ws/install/tiago_2dnav/bin'
[2.899s] Level 1:colcon.colcon_core.environment:checking '/home/alberto/tiago_public_ws/install/tiago_2dnav/lib/pkgconfig/tiago_2dnav.pc'
[2.899s] Level 1:colcon.colcon_core.environment:checking '/home/alberto/tiago_public_ws/install/tiago_2dnav/lib/python3.10/site-packages'
[2.899s] Level 1:colcon.colcon_core.environment:checking '/home/alberto/tiago_public_ws/install/tiago_2dnav/bin'
[2.900s] INFO:colcon.colcon_core.shell:Creating package script '/home/alberto/tiago_public_ws/install/tiago_2dnav/share/tiago_2dnav/package.ps1'
[2.900s] INFO:colcon.colcon_core.shell:Creating package descriptor '/home/alberto/tiago_public_ws/install/tiago_2dnav/share/tiago_2dnav/package.dsv'
[2.900s] INFO:colcon.colcon_core.shell:Creating package script '/home/alberto/tiago_public_ws/install/tiago_2dnav/share/tiago_2dnav/package.sh'
[2.901s] INFO:colcon.colcon_core.shell:Creating package script '/home/alberto/tiago_public_ws/install/tiago_2dnav/share/tiago_2dnav/package.bash'
[2.901s] INFO:colcon.colcon_core.shell:Creating package script '/home/alberto/tiago_public_ws/install/tiago_2dnav/share/tiago_2dnav/package.zsh'
[2.902s] Level 1:colcon.colcon_core.environment:create_file_with_runtime_dependencies(/home/alberto/tiago_public_ws/install/tiago_2dnav/share/colcon-core/packages/tiago_2dnav)
[2.902s] INFO:colcon.colcon_ros.task.ament_cmake.build:Building ROS package in '/home/alberto/tiago_public_ws/src/tiago_navigation/tiago_navigation' with build type 'ament_cmake'
[2.902s] INFO:colcon.colcon_cmake.task.cmake.build:Building CMake package in '/home/alberto/tiago_public_ws/src/tiago_navigation/tiago_navigation'
[2.902s] INFO:colcon.colcon_core.shell:Skip shell extension 'powershell' for command environment: Not usable outside of PowerShell
[2.903s] DEBUG:colcon.colcon_core.shell:Skip shell extension 'dsv' for command environment
[2.907s] Level 1:colcon.colcon_core.environment:create_environment_scripts_only(pal_navigation_cfg)
[2.907s] Level 1:colcon.colcon_core.environment:checking '/home/alberto/tiago_public_ws/install/pal_navigation_cfg' for CMake module files
[2.908s] DEBUG:colcon.colcon_core.event_handler.log_command:Invoked command in '/home/alberto/tiago_public_ws/build/pal_navigation_cfg' returned '0': AMENT_PREFIX_PATH=/home/alberto/tiago_public_ws/install/pal_navigation_cfg_bringup:/home/alberto/tiago_public_ws/install/pal_navigation_cfg_params:/home/alberto/tiago_public_ws/install/launch_pal:${AMENT_PREFIX_PATH} CMAKE_PREFIX_PATH=/home/alberto/tiago_public_ws/install/pal_navigation_cfg_bringup:/home/alberto/tiago_public_ws/install/pal_navigation_cfg_params:/opt/ros/humble PYTHONPATH=/home/alberto/tiago_public_ws/build/launch_pal:/home/alberto/tiago_public_ws/install/launch_pal/lib/python3.10/site-packages:${PYTHONPATH} /usr/bin/cmake --install /home/alberto/tiago_public_ws/build/pal_navigation_cfg
[2.908s] Level 1:colcon.colcon_core.environment:checking '/home/alberto/tiago_public_ws/install/pal_navigation_cfg' for CMake config files
[2.908s] Level 1:colcon.colcon_core.shell:create_environment_hook('pal_navigation_cfg', 'cmake_prefix_path')
[2.909s] INFO:colcon.colcon_core.shell:Creating environment hook '/home/alberto/tiago_public_ws/install/pal_navigation_cfg/share/pal_navigation_cfg/hook/cmake_prefix_path.ps1'
[2.909s] INFO:colcon.colcon_core.shell:Creating environment descriptor '/home/alberto/tiago_public_ws/install/pal_navigation_cfg/share/pal_navigation_cfg/hook/cmake_prefix_path.dsv'
[2.909s] INFO:colcon.colcon_core.shell:Creating environment hook '/home/alberto/tiago_public_ws/install/pal_navigation_cfg/share/pal_navigation_cfg/hook/cmake_prefix_path.sh'
[2.910s] Level 1:colcon.colcon_core.environment:checking '/home/alberto/tiago_public_ws/install/pal_navigation_cfg/bin'
[2.910s] Level 1:colcon.colcon_core.environment:checking '/home/alberto/tiago_public_ws/install/pal_navigation_cfg/lib/pkgconfig/pal_navigation_cfg.pc'
[2.910s] Level 1:colcon.colcon_core.environment:checking '/home/alberto/tiago_public_ws/install/pal_navigation_cfg/lib/python3.10/site-packages'
[2.910s] Level 1:colcon.colcon_core.environment:checking '/home/alberto/tiago_public_ws/install/pal_navigation_cfg/bin'
[2.910s] INFO:colcon.colcon_core.shell:Creating package script '/home/alberto/tiago_public_ws/install/pal_navigation_cfg/share/pal_navigation_cfg/package.ps1'
[2.911s] INFO:colcon.colcon_core.shell:Creating package descriptor '/home/alberto/tiago_public_ws/install/pal_navigation_cfg/share/pal_navigation_cfg/package.dsv'
[2.911s] INFO:colcon.colcon_core.shell:Creating package script '/home/alberto/tiago_public_ws/install/pal_navigation_cfg/share/pal_navigation_cfg/package.sh'
[2.912s] INFO:colcon.colcon_core.shell:Creating package script '/home/alberto/tiago_public_ws/install/pal_navigation_cfg/share/pal_navigation_cfg/package.bash'
[2.912s] INFO:colcon.colcon_core.shell:Creating package script '/home/alberto/tiago_public_ws/install/pal_navigation_cfg/share/pal_navigation_cfg/package.zsh'
[2.912s] Level 1:colcon.colcon_core.environment:create_file_with_runtime_dependencies(/home/alberto/tiago_public_ws/install/pal_navigation_cfg/share/colcon-core/packages/pal_navigation_cfg)
[2.913s] Level 1:colcon.colcon_core.environment:create_environment_scripts_only(pal_navigation_cfg)
[2.913s] Level 1:colcon.colcon_core.environment:checking '/home/alberto/tiago_public_ws/install/pal_navigation_cfg' for CMake module files
[2.913s] Level 1:colcon.colcon_core.environment:checking '/home/alberto/tiago_public_ws/install/pal_navigation_cfg' for CMake config files
[2.914s] Level 1:colcon.colcon_core.shell:create_environment_hook('pal_navigation_cfg', 'cmake_prefix_path')
[2.914s] INFO:colcon.colcon_core.shell:Creating environment hook '/home/alberto/tiago_public_ws/install/pal_navigation_cfg/share/pal_navigation_cfg/hook/cmake_prefix_path.ps1'
[2.914s] INFO:colcon.colcon_core.shell:Creating environment descriptor '/home/alberto/tiago_public_ws/install/pal_navigation_cfg/share/pal_navigation_cfg/hook/cmake_prefix_path.dsv'
[2.915s] INFO:colcon.colcon_core.shell:Creating environment hook '/home/alberto/tiago_public_ws/install/pal_navigation_cfg/share/pal_navigation_cfg/hook/cmake_prefix_path.sh'
[2.916s] Level 1:colcon.colcon_core.environment:checking '/home/alberto/tiago_public_ws/install/pal_navigation_cfg/bin'
[2.916s] Level 1:colcon.colcon_core.environment:checking '/home/alberto/tiago_public_ws/install/pal_navigation_cfg/lib/pkgconfig/pal_navigation_cfg.pc'
[2.916s] Level 1:colcon.colcon_core.environment:checking '/home/alberto/tiago_public_ws/install/pal_navigation_cfg/lib/python3.10/site-packages'
[2.916s] Level 1:colcon.colcon_core.environment:checking '/home/alberto/tiago_public_ws/install/pal_navigation_cfg/bin'
[2.916s] INFO:colcon.colcon_core.shell:Creating package script '/home/alberto/tiago_public_ws/install/pal_navigation_cfg/share/pal_navigation_cfg/package.ps1'
[2.917s] INFO:colcon.colcon_core.shell:Creating package descriptor '/home/alberto/tiago_public_ws/install/pal_navigation_cfg/share/pal_navigation_cfg/package.dsv'
[2.917s] INFO:colcon.colcon_core.shell:Creating package script '/home/alberto/tiago_public_ws/install/pal_navigation_cfg/share/pal_navigation_cfg/package.sh'
[2.918s] INFO:colcon.colcon_core.shell:Creating package script '/home/alberto/tiago_public_ws/install/pal_navigation_cfg/share/pal_navigation_cfg/package.bash'
[2.918s] INFO:colcon.colcon_core.shell:Creating package script '/home/alberto/tiago_public_ws/install/pal_navigation_cfg/share/pal_navigation_cfg/package.zsh'
[2.919s] Level 1:colcon.colcon_core.environment:create_file_with_runtime_dependencies(/home/alberto/tiago_public_ws/install/pal_navigation_cfg/share/colcon-core/packages/pal_navigation_cfg)
[2.919s] Level 1:colcon.colcon_core.environment:create_environment_scripts_only(tiago_controller_configuration)
[2.920s] Level 1:colcon.colcon_core.environment:checking '/home/alberto/tiago_public_ws/install/tiago_controller_configuration' for CMake module files
[2.921s] DEBUG:colcon.colcon_core.event_handler.log_command:Invoked command in '/home/alberto/tiago_public_ws/build/tiago_controller_configuration' returned '0': AMENT_PREFIX_PATH=/home/alberto/tiago_public_ws/install/pmb2_controller_configuration:/home/alberto/tiago_public_ws/install/pal_robotiq_controller_configuration:/home/alberto/tiago_public_ws/install/pal_hey5_controller_configuration:/home/alberto/tiago_public_ws/install/pal_gripper_controller_configuration:/home/alberto/tiago_public_ws/install/launch_pal:${AMENT_PREFIX_PATH} CMAKE_PREFIX_PATH=/home/alberto/tiago_public_ws/install/pmb2_controller_configuration:/home/alberto/tiago_public_ws/install/pal_robotiq_controller_configuration:/home/alberto/tiago_public_ws/install/pal_hey5_controller_configuration:/home/alberto/tiago_public_ws/install/pal_gripper_controller_configuration:/opt/ros/humble PYTHONPATH=/home/alberto/tiago_public_ws/build/launch_pal:/home/alberto/tiago_public_ws/install/launch_pal/lib/python3.10/site-packages:${PYTHONPATH} /usr/bin/cmake --install /home/alberto/tiago_public_ws/build/tiago_controller_configuration
[2.922s] Level 1:colcon.colcon_core.environment:checking '/home/alberto/tiago_public_ws/install/tiago_controller_configuration' for CMake config files
[2.922s] Level 1:colcon.colcon_core.shell:create_environment_hook('tiago_controller_configuration', 'cmake_prefix_path')
[2.923s] INFO:colcon.colcon_core.shell:Creating environment hook '/home/alberto/tiago_public_ws/install/tiago_controller_configuration/share/tiago_controller_configuration/hook/cmake_prefix_path.ps1'
[2.924s] INFO:colcon.colcon_core.shell:Creating environment descriptor '/home/alberto/tiago_public_ws/install/tiago_controller_configuration/share/tiago_controller_configuration/hook/cmake_prefix_path.dsv'
[2.924s] INFO:colcon.colcon_core.shell:Creating environment hook '/home/alberto/tiago_public_ws/install/tiago_controller_configuration/share/tiago_controller_configuration/hook/cmake_prefix_path.sh'
[2.925s] Level 1:colcon.colcon_core.environment:checking '/home/alberto/tiago_public_ws/install/tiago_controller_configuration/bin'
[2.925s] Level 1:colcon.colcon_core.environment:checking '/home/alberto/tiago_public_ws/install/tiago_controller_configuration/lib/pkgconfig/tiago_controller_configuration.pc'
[2.925s] Level 1:colcon.colcon_core.environment:checking '/home/alberto/tiago_public_ws/install/tiago_controller_configuration/lib/python3.10/site-packages'
[2.925s] Level 1:colcon.colcon_core.environment:checking '/home/alberto/tiago_public_ws/install/tiago_controller_configuration/bin'
[2.925s] INFO:colcon.colcon_core.shell:Creating package script '/home/alberto/tiago_public_ws/install/tiago_controller_configuration/share/tiago_controller_configuration/package.ps1'
[2.926s] INFO:colcon.colcon_core.shell:Creating package descriptor '/home/alberto/tiago_public_ws/install/tiago_controller_configuration/share/tiago_controller_configuration/package.dsv'
[2.926s] INFO:colcon.colcon_core.shell:Creating package script '/home/alberto/tiago_public_ws/install/tiago_controller_configuration/share/tiago_controller_configuration/package.sh'
[2.927s] INFO:colcon.colcon_core.shell:Creating package script '/home/alberto/tiago_public_ws/install/tiago_controller_configuration/share/tiago_controller_configuration/package.bash'
[2.927s] INFO:colcon.colcon_core.shell:Creating package script '/home/alberto/tiago_public_ws/install/tiago_controller_configuration/share/tiago_controller_configuration/package.zsh'
[2.927s] Level 1:colcon.colcon_core.environment:create_file_with_runtime_dependencies(/home/alberto/tiago_public_ws/install/tiago_controller_configuration/share/colcon-core/packages/tiago_controller_configuration)
[2.928s] Level 1:colcon.colcon_core.environment:create_environment_scripts_only(tiago_controller_configuration)
[2.928s] Level 1:colcon.colcon_core.environment:checking '/home/alberto/tiago_public_ws/install/tiago_controller_configuration' for CMake module files
[2.928s] Level 1:colcon.colcon_core.environment:checking '/home/alberto/tiago_public_ws/install/tiago_controller_configuration' for CMake config files
[2.929s] Level 1:colcon.colcon_core.shell:create_environment_hook('tiago_controller_configuration', 'cmake_prefix_path')
[2.929s] INFO:colcon.colcon_core.shell:Creating environment hook '/home/alberto/tiago_public_ws/install/tiago_controller_configuration/share/tiago_controller_configuration/hook/cmake_prefix_path.ps1'
[2.929s] INFO:colcon.colcon_core.shell:Creating environment descriptor '/home/alberto/tiago_public_ws/install/tiago_controller_configuration/share/tiago_controller_configuration/hook/cmake_prefix_path.dsv'
[2.930s] INFO:colcon.colcon_core.shell:Creating environment hook '/home/alberto/tiago_public_ws/install/tiago_controller_configuration/share/tiago_controller_configuration/hook/cmake_prefix_path.sh'
[2.930s] Level 1:colcon.colcon_core.environment:checking '/home/alberto/tiago_public_ws/install/tiago_controller_configuration/bin'
[2.930s] Level 1:colcon.colcon_core.environment:checking '/home/alberto/tiago_public_ws/install/tiago_controller_configuration/lib/pkgconfig/tiago_controller_configuration.pc'
[2.930s] Level 1:colcon.colcon_core.environment:checking '/home/alberto/tiago_public_ws/install/tiago_controller_configuration/lib/python3.10/site-packages'
[2.931s] Level 1:colcon.colcon_core.environment:checking '/home/alberto/tiago_public_ws/install/tiago_controller_configuration/bin'
[2.931s] INFO:colcon.colcon_core.shell:Creating package script '/home/alberto/tiago_public_ws/install/tiago_controller_configuration/share/tiago_controller_configuration/package.ps1'
[2.931s] INFO:colcon.colcon_core.shell:Creating package descriptor '/home/alberto/tiago_public_ws/install/tiago_controller_configuration/share/tiago_controller_configuration/package.dsv'
[2.932s] INFO:colcon.colcon_core.shell:Creating package script '/home/alberto/tiago_public_ws/install/tiago_controller_configuration/share/tiago_controller_configuration/package.sh'
[2.932s] INFO:colcon.colcon_core.shell:Creating package script '/home/alberto/tiago_public_ws/install/tiago_controller_configuration/share/tiago_controller_configuration/package.bash'
[2.933s] INFO:colcon.colcon_core.shell:Creating package script '/home/alberto/tiago_public_ws/install/tiago_controller_configuration/share/tiago_controller_configuration/package.zsh'
[2.933s] Level 1:colcon.colcon_core.environment:create_file_with_runtime_dependencies(/home/alberto/tiago_public_ws/install/tiago_controller_configuration/share/colcon-core/packages/tiago_controller_configuration)
[2.934s] Level 1:colcon.colcon_core.environment:create_environment_scripts_only(pmb2_navigation)
[2.935s] Level 1:colcon.colcon_core.environment:checking '/home/alberto/tiago_public_ws/install/pmb2_navigation' for CMake module files
[2.936s] DEBUG:colcon.colcon_core.event_handler.log_command:Invoked command in '/home/alberto/tiago_public_ws/build/pmb2_navigation' returned '0': AMENT_PREFIX_PATH=/home/alberto/tiago_public_ws/install/pmb2_2dnav:/home/alberto/tiago_public_ws/install/pmb2_laser_sensors:/home/alberto/tiago_public_ws/install/launch_pal:${AMENT_PREFIX_PATH} CMAKE_PREFIX_PATH=/home/alberto/tiago_public_ws/install/pmb2_2dnav:/home/alberto/tiago_public_ws/install/pmb2_laser_sensors:/opt/ros/humble PYTHONPATH=/home/alberto/tiago_public_ws/build/launch_pal:/home/alberto/tiago_public_ws/install/launch_pal/lib/python3.10/site-packages:${PYTHONPATH} /usr/bin/cmake --install /home/alberto/tiago_public_ws/build/pmb2_navigation
[2.936s] Level 1:colcon.colcon_core.environment:checking '/home/alberto/tiago_public_ws/install/pmb2_navigation' for CMake config files
[2.936s] Level 1:colcon.colcon_core.shell:create_environment_hook('pmb2_navigation', 'cmake_prefix_path')
[2.937s] INFO:colcon.colcon_core.shell:Creating environment hook '/home/alberto/tiago_public_ws/install/pmb2_navigation/share/pmb2_navigation/hook/cmake_prefix_path.ps1'
[2.937s] INFO:colcon.colcon_core.shell:Creating environment descriptor '/home/alberto/tiago_public_ws/install/pmb2_navigation/share/pmb2_navigation/hook/cmake_prefix_path.dsv'
[2.938s] INFO:colcon.colcon_core.shell:Creating environment hook '/home/alberto/tiago_public_ws/install/pmb2_navigation/share/pmb2_navigation/hook/cmake_prefix_path.sh'
[2.939s] Level 1:colcon.colcon_core.environment:checking '/home/alberto/tiago_public_ws/install/pmb2_navigation/bin'
[2.939s] Level 1:colcon.colcon_core.environment:checking '/home/alberto/tiago_public_ws/install/pmb2_navigation/lib/pkgconfig/pmb2_navigation.pc'
[2.939s] Level 1:colcon.colcon_core.environment:checking '/home/alberto/tiago_public_ws/install/pmb2_navigation/lib/python3.10/site-packages'
[2.939s] Level 1:colcon.colcon_core.environment:checking '/home/alberto/tiago_public_ws/install/pmb2_navigation/bin'
[2.939s] INFO:colcon.colcon_core.shell:Creating package script '/home/alberto/tiago_public_ws/install/pmb2_navigation/share/pmb2_navigation/package.ps1'
[2.940s] INFO:colcon.colcon_core.shell:Creating package descriptor '/home/alberto/tiago_public_ws/install/pmb2_navigation/share/pmb2_navigation/package.dsv'
[2.940s] INFO:colcon.colcon_core.shell:Creating package script '/home/alberto/tiago_public_ws/install/pmb2_navigation/share/pmb2_navigation/package.sh'
[2.942s] INFO:colcon.colcon_core.shell:Creating package script '/home/alberto/tiago_public_ws/install/pmb2_navigation/share/pmb2_navigation/package.bash'
[2.943s] INFO:colcon.colcon_core.shell:Creating package script '/home/alberto/tiago_public_ws/install/pmb2_navigation/share/pmb2_navigation/package.zsh'
[2.943s] Level 1:colcon.colcon_core.environment:create_file_with_runtime_dependencies(/home/alberto/tiago_public_ws/install/pmb2_navigation/share/colcon-core/packages/pmb2_navigation)
[2.944s] Level 1:colcon.colcon_core.environment:create_environment_scripts_only(pmb2_navigation)
[2.944s] Level 1:colcon.colcon_core.environment:checking '/home/alberto/tiago_public_ws/install/pmb2_navigation' for CMake module files
[2.945s] Level 1:colcon.colcon_core.environment:checking '/home/alberto/tiago_public_ws/install/pmb2_navigation' for CMake config files
[2.945s] Level 1:colcon.colcon_core.shell:create_environment_hook('pmb2_navigation', 'cmake_prefix_path')
[2.945s] INFO:colcon.colcon_core.shell:Creating environment hook '/home/alberto/tiago_public_ws/install/pmb2_navigation/share/pmb2_navigation/hook/cmake_prefix_path.ps1'
[2.945s] INFO:colcon.colcon_core.shell:Creating environment descriptor '/home/alberto/tiago_public_ws/install/pmb2_navigation/share/pmb2_navigation/hook/cmake_prefix_path.dsv'
[2.946s] INFO:colcon.colcon_core.shell:Creating environment hook '/home/alberto/tiago_public_ws/install/pmb2_navigation/share/pmb2_navigation/hook/cmake_prefix_path.sh'
[2.947s] Level 1:colcon.colcon_core.environment:checking '/home/alberto/tiago_public_ws/install/pmb2_navigation/bin'
[2.947s] Level 1:colcon.colcon_core.environment:checking '/home/alberto/tiago_public_ws/install/pmb2_navigation/lib/pkgconfig/pmb2_navigation.pc'
[2.947s] Level 1:colcon.colcon_core.environment:checking '/home/alberto/tiago_public_ws/install/pmb2_navigation/lib/python3.10/site-packages'
[2.947s] Level 1:colcon.colcon_core.environment:checking '/home/alberto/tiago_public_ws/install/pmb2_navigation/bin'
[2.947s] INFO:colcon.colcon_core.shell:Creating package script '/home/alberto/tiago_public_ws/install/pmb2_navigation/share/pmb2_navigation/package.ps1'
[2.948s] INFO:colcon.colcon_core.shell:Creating package descriptor '/home/alberto/tiago_public_ws/install/pmb2_navigation/share/pmb2_navigation/package.dsv'
[2.948s] INFO:colcon.colcon_core.shell:Creating package script '/home/alberto/tiago_public_ws/install/pmb2_navigation/share/pmb2_navigation/package.sh'
[2.948s] INFO:colcon.colcon_core.shell:Creating package script '/home/alberto/tiago_public_ws/install/pmb2_navigation/share/pmb2_navigation/package.bash'
[2.949s] INFO:colcon.colcon_core.shell:Creating package script '/home/alberto/tiago_public_ws/install/pmb2_navigation/share/pmb2_navigation/package.zsh'
[2.949s] Level 1:colcon.colcon_core.environment:create_file_with_runtime_dependencies(/home/alberto/tiago_public_ws/install/pmb2_navigation/share/colcon-core/packages/pmb2_navigation)
[2.956s] DEBUG:colcon.colcon_core.event_handler.log_command:Invoking command in '/home/alberto/tiago_public_ws/build/tiago_navigation': AMENT_PREFIX_PATH=/home/alberto/tiago_public_ws/install/tiago_2dnav:/home/alberto/tiago_public_ws/install/tiago_laser_sensors:/home/alberto/tiago_public_ws/install/pmb2_2dnav:/home/alberto/tiago_public_ws/install/tiago_rgbd_sensors:/home/alberto/tiago_public_ws/install/pmb2_laser_sensors:/home/alberto/tiago_public_ws/install/launch_pal:${AMENT_PREFIX_PATH} CMAKE_PREFIX_PATH=/home/alberto/tiago_public_ws/install/tiago_2dnav:/home/alberto/tiago_public_ws/install/tiago_laser_sensors:/home/alberto/tiago_public_ws/install/pmb2_2dnav:/home/alberto/tiago_public_ws/install/tiago_rgbd_sensors:/home/alberto/tiago_public_ws/install/pmb2_laser_sensors:/opt/ros/humble PYTHONPATH=/home/alberto/tiago_public_ws/build/launch_pal:/home/alberto/tiago_public_ws/install/launch_pal/lib/python3.10/site-packages:${PYTHONPATH} /usr/bin/cmake --build /home/alberto/tiago_public_ws/build/tiago_navigation -- -j12 -l12
[3.009s] DEBUG:colcon.colcon_core.event_handler.log_command:Invoked command in '/home/alberto/tiago_public_ws/build/tiago_navigation' returned '0': AMENT_PREFIX_PATH=/home/alberto/tiago_public_ws/install/tiago_2dnav:/home/alberto/tiago_public_ws/install/tiago_laser_sensors:/home/alberto/tiago_public_ws/install/pmb2_2dnav:/home/alberto/tiago_public_ws/install/tiago_rgbd_sensors:/home/alberto/tiago_public_ws/install/pmb2_laser_sensors:/home/alberto/tiago_public_ws/install/launch_pal:${AMENT_PREFIX_PATH} CMAKE_PREFIX_PATH=/home/alberto/tiago_public_ws/install/tiago_2dnav:/home/alberto/tiago_public_ws/install/tiago_laser_sensors:/home/alberto/tiago_public_ws/install/pmb2_2dnav:/home/alberto/tiago_public_ws/install/tiago_rgbd_sensors:/home/alberto/tiago_public_ws/install/pmb2_laser_sensors:/opt/ros/humble PYTHONPATH=/home/alberto/tiago_public_ws/build/launch_pal:/home/alberto/tiago_public_ws/install/launch_pal/lib/python3.10/site-packages:${PYTHONPATH} /usr/bin/cmake --build /home/alberto/tiago_public_ws/build/tiago_navigation -- -j12 -l12
[3.013s] DEBUG:colcon.colcon_core.event_handler.log_command:Invoking command in '/home/alberto/tiago_public_ws/build/tiago_navigation': AMENT_PREFIX_PATH=/home/alberto/tiago_public_ws/install/tiago_2dnav:/home/alberto/tiago_public_ws/install/tiago_laser_sensors:/home/alberto/tiago_public_ws/install/pmb2_2dnav:/home/alberto/tiago_public_ws/install/tiago_rgbd_sensors:/home/alberto/tiago_public_ws/install/pmb2_laser_sensors:/home/alberto/tiago_public_ws/install/launch_pal:${AMENT_PREFIX_PATH} CMAKE_PREFIX_PATH=/home/alberto/tiago_public_ws/install/tiago_2dnav:/home/alberto/tiago_public_ws/install/tiago_laser_sensors:/home/alberto/tiago_public_ws/install/pmb2_2dnav:/home/alberto/tiago_public_ws/install/tiago_rgbd_sensors:/home/alberto/tiago_public_ws/install/pmb2_laser_sensors:/opt/ros/humble PYTHONPATH=/home/alberto/tiago_public_ws/build/launch_pal:/home/alberto/tiago_public_ws/install/launch_pal/lib/python3.10/site-packages:${PYTHONPATH} /usr/bin/cmake --install /home/alberto/tiago_public_ws/build/tiago_navigation
[3.027s] DEBUG:colcon.colcon_core.event_handler.log_command:Invoked command in '/home/alberto/tiago_public_ws/build/pmb2_description' returned '0': AMENT_PREFIX_PATH=/home/alberto/tiago_public_ws/install/urdf_test:/home/alberto/tiago_public_ws/install/pal_urdf_utils:/home/alberto/tiago_public_ws/install/launch_pal:${AMENT_PREFIX_PATH} CMAKE_PREFIX_PATH=/home/alberto/tiago_public_ws/install/urdf_test:/home/alberto/tiago_public_ws/install/pal_urdf_utils:/opt/ros/humble PYTHONPATH=/home/alberto/tiago_public_ws/install/urdf_test/local/lib/python3.10/dist-packages:/home/alberto/tiago_public_ws/build/launch_pal:/home/alberto/tiago_public_ws/install/launch_pal/lib/python3.10/site-packages:${PYTHONPATH} /usr/bin/cmake --build /home/alberto/tiago_public_ws/build/pmb2_description -- -j12 -l12
[3.029s] DEBUG:colcon.colcon_core.event_handler.log_command:Invoking command in '/home/alberto/tiago_public_ws/build/pmb2_description': AMENT_PREFIX_PATH=/home/alberto/tiago_public_ws/install/urdf_test:/home/alberto/tiago_public_ws/install/pal_urdf_utils:/home/alberto/tiago_public_ws/install/launch_pal:${AMENT_PREFIX_PATH} CMAKE_PREFIX_PATH=/home/alberto/tiago_public_ws/install/urdf_test:/home/alberto/tiago_public_ws/install/pal_urdf_utils:/opt/ros/humble PYTHONPATH=/home/alberto/tiago_public_ws/install/urdf_test/local/lib/python3.10/dist-packages:/home/alberto/tiago_public_ws/build/launch_pal:/home/alberto/tiago_public_ws/install/launch_pal/lib/python3.10/site-packages:${PYTHONPATH} /usr/bin/cmake --install /home/alberto/tiago_public_ws/build/pmb2_description
[3.047s] Level 1:colcon.colcon_core.environment:create_environment_scripts_only(tiago_navigation)
[3.047s] Level 1:colcon.colcon_core.environment:checking '/home/alberto/tiago_public_ws/install/tiago_navigation' for CMake module files
[3.048s] DEBUG:colcon.colcon_core.event_handler.log_command:Invoked command in '/home/alberto/tiago_public_ws/build/tiago_navigation' returned '0': AMENT_PREFIX_PATH=/home/alberto/tiago_public_ws/install/tiago_2dnav:/home/alberto/tiago_public_ws/install/tiago_laser_sensors:/home/alberto/tiago_public_ws/install/pmb2_2dnav:/home/alberto/tiago_public_ws/install/tiago_rgbd_sensors:/home/alberto/tiago_public_ws/install/pmb2_laser_sensors:/home/alberto/tiago_public_ws/install/launch_pal:${AMENT_PREFIX_PATH} CMAKE_PREFIX_PATH=/home/alberto/tiago_public_ws/install/tiago_2dnav:/home/alberto/tiago_public_ws/install/tiago_laser_sensors:/home/alberto/tiago_public_ws/install/pmb2_2dnav:/home/alberto/tiago_public_ws/install/tiago_rgbd_sensors:/home/alberto/tiago_public_ws/install/pmb2_laser_sensors:/opt/ros/humble PYTHONPATH=/home/alberto/tiago_public_ws/build/launch_pal:/home/alberto/tiago_public_ws/install/launch_pal/lib/python3.10/site-packages:${PYTHONPATH} /usr/bin/cmake --install /home/alberto/tiago_public_ws/build/tiago_navigation
[3.048s] Level 1:colcon.colcon_core.environment:checking '/home/alberto/tiago_public_ws/install/tiago_navigation' for CMake config files
[3.048s] Level 1:colcon.colcon_core.shell:create_environment_hook('tiago_navigation', 'cmake_prefix_path')
[3.049s] INFO:colcon.colcon_core.shell:Creating environment hook '/home/alberto/tiago_public_ws/install/tiago_navigation/share/tiago_navigation/hook/cmake_prefix_path.ps1'
[3.049s] INFO:colcon.colcon_core.shell:Creating environment descriptor '/home/alberto/tiago_public_ws/install/tiago_navigation/share/tiago_navigation/hook/cmake_prefix_path.dsv'
[3.050s] INFO:colcon.colcon_core.shell:Creating environment hook '/home/alberto/tiago_public_ws/install/tiago_navigation/share/tiago_navigation/hook/cmake_prefix_path.sh'
[3.050s] Level 1:colcon.colcon_core.environment:checking '/home/alberto/tiago_public_ws/install/tiago_navigation/bin'
[3.051s] Level 1:colcon.colcon_core.environment:checking '/home/alberto/tiago_public_ws/install/tiago_navigation/lib/pkgconfig/tiago_navigation.pc'
[3.051s] Level 1:colcon.colcon_core.environment:checking '/home/alberto/tiago_public_ws/install/tiago_navigation/lib/python3.10/site-packages'
[3.051s] Level 1:colcon.colcon_core.environment:checking '/home/alberto/tiago_public_ws/install/tiago_navigation/bin'
[3.052s] INFO:colcon.colcon_core.shell:Creating package script '/home/alberto/tiago_public_ws/install/tiago_navigation/share/tiago_navigation/package.ps1'
[3.052s] INFO:colcon.colcon_core.shell:Creating package descriptor '/home/alberto/tiago_public_ws/install/tiago_navigation/share/tiago_navigation/package.dsv'
[3.053s] INFO:colcon.colcon_core.shell:Creating package script '/home/alberto/tiago_public_ws/install/tiago_navigation/share/tiago_navigation/package.sh'
[3.053s] INFO:colcon.colcon_core.shell:Creating package script '/home/alberto/tiago_public_ws/install/tiago_navigation/share/tiago_navigation/package.bash'
[3.054s] INFO:colcon.colcon_core.shell:Creating package script '/home/alberto/tiago_public_ws/install/tiago_navigation/share/tiago_navigation/package.zsh'
[3.054s] Level 1:colcon.colcon_core.environment:create_file_with_runtime_dependencies(/home/alberto/tiago_public_ws/install/tiago_navigation/share/colcon-core/packages/tiago_navigation)
[3.056s] Level 1:colcon.colcon_core.environment:create_environment_scripts_only(tiago_navigation)
[3.056s] Level 1:colcon.colcon_core.environment:checking '/home/alberto/tiago_public_ws/install/tiago_navigation' for CMake module files
[3.057s] Level 1:colcon.colcon_core.environment:checking '/home/alberto/tiago_public_ws/install/tiago_navigation' for CMake config files
[3.057s] Level 1:colcon.colcon_core.shell:create_environment_hook('tiago_navigation', 'cmake_prefix_path')
[3.057s] INFO:colcon.colcon_core.shell:Creating environment hook '/home/alberto/tiago_public_ws/install/tiago_navigation/share/tiago_navigation/hook/cmake_prefix_path.ps1'
[3.058s] INFO:colcon.colcon_core.shell:Creating environment descriptor '/home/alberto/tiago_public_ws/install/tiago_navigation/share/tiago_navigation/hook/cmake_prefix_path.dsv'
[3.058s] INFO:colcon.colcon_core.shell:Creating environment hook '/home/alberto/tiago_public_ws/install/tiago_navigation/share/tiago_navigation/hook/cmake_prefix_path.sh'
[3.059s] Level 1:colcon.colcon_core.environment:checking '/home/alberto/tiago_public_ws/install/tiago_navigation/bin'
[3.059s] Level 1:colcon.colcon_core.environment:checking '/home/alberto/tiago_public_ws/install/tiago_navigation/lib/pkgconfig/tiago_navigation.pc'
[3.060s] Level 1:colcon.colcon_core.environment:checking '/home/alberto/tiago_public_ws/install/tiago_navigation/lib/python3.10/site-packages'
[3.060s] Level 1:colcon.colcon_core.environment:checking '/home/alberto/tiago_public_ws/install/tiago_navigation/bin'
[3.060s] INFO:colcon.colcon_core.shell:Creating package script '/home/alberto/tiago_public_ws/install/tiago_navigation/share/tiago_navigation/package.ps1'
[3.061s] INFO:colcon.colcon_core.shell:Creating package descriptor '/home/alberto/tiago_public_ws/install/tiago_navigation/share/tiago_navigation/package.dsv'
[3.061s] INFO:colcon.colcon_core.shell:Creating package script '/home/alberto/tiago_public_ws/install/tiago_navigation/share/tiago_navigation/package.sh'
[3.062s] INFO:colcon.colcon_core.shell:Creating package script '/home/alberto/tiago_public_ws/install/tiago_navigation/share/tiago_navigation/package.bash'
[3.062s] INFO:colcon.colcon_core.shell:Creating package script '/home/alberto/tiago_public_ws/install/tiago_navigation/share/tiago_navigation/package.zsh'
[3.063s] Level 1:colcon.colcon_core.environment:create_file_with_runtime_dependencies(/home/alberto/tiago_public_ws/install/tiago_navigation/share/colcon-core/packages/tiago_navigation)
[3.134s] Level 1:colcon.colcon_core.environment:create_environment_scripts_only(pmb2_description)
[3.134s] Level 1:colcon.colcon_core.environment:checking '/home/alberto/tiago_public_ws/install/pmb2_description' for CMake module files
[3.135s] DEBUG:colcon.colcon_core.event_handler.log_command:Invoked command in '/home/alberto/tiago_public_ws/build/pmb2_description' returned '0': AMENT_PREFIX_PATH=/home/alberto/tiago_public_ws/install/urdf_test:/home/alberto/tiago_public_ws/install/pal_urdf_utils:/home/alberto/tiago_public_ws/install/launch_pal:${AMENT_PREFIX_PATH} CMAKE_PREFIX_PATH=/home/alberto/tiago_public_ws/install/urdf_test:/home/alberto/tiago_public_ws/install/pal_urdf_utils:/opt/ros/humble PYTHONPATH=/home/alberto/tiago_public_ws/install/urdf_test/local/lib/python3.10/dist-packages:/home/alberto/tiago_public_ws/build/launch_pal:/home/alberto/tiago_public_ws/install/launch_pal/lib/python3.10/site-packages:${PYTHONPATH} /usr/bin/cmake --install /home/alberto/tiago_public_ws/build/pmb2_description
[3.136s] Level 1:colcon.colcon_core.environment:checking '/home/alberto/tiago_public_ws/install/pmb2_description' for CMake config files
[3.137s] Level 1:colcon.colcon_core.shell:create_environment_hook('pmb2_description', 'cmake_prefix_path')
[3.137s] INFO:colcon.colcon_core.shell:Creating environment hook '/home/alberto/tiago_public_ws/install/pmb2_description/share/pmb2_description/hook/cmake_prefix_path.ps1'
[3.138s] INFO:colcon.colcon_core.shell:Creating environment descriptor '/home/alberto/tiago_public_ws/install/pmb2_description/share/pmb2_description/hook/cmake_prefix_path.dsv'
[3.139s] INFO:colcon.colcon_core.shell:Creating environment hook '/home/alberto/tiago_public_ws/install/pmb2_description/share/pmb2_description/hook/cmake_prefix_path.sh'
[3.140s] Level 1:colcon.colcon_core.environment:checking '/home/alberto/tiago_public_ws/install/pmb2_description/bin'
[3.140s] Level 1:colcon.colcon_core.environment:checking '/home/alberto/tiago_public_ws/install/pmb2_description/lib/pkgconfig/pmb2_description.pc'
[3.140s] Level 1:colcon.colcon_core.environment:checking '/home/alberto/tiago_public_ws/install/pmb2_description/lib/python3.10/site-packages'
[3.140s] Level 1:colcon.colcon_core.environment:checking '/home/alberto/tiago_public_ws/install/pmb2_description/bin'
[3.141s] INFO:colcon.colcon_core.shell:Creating package script '/home/alberto/tiago_public_ws/install/pmb2_description/share/pmb2_description/package.ps1'
[3.141s] INFO:colcon.colcon_core.shell:Creating package descriptor '/home/alberto/tiago_public_ws/install/pmb2_description/share/pmb2_description/package.dsv'
[3.142s] INFO:colcon.colcon_core.shell:Creating package script '/home/alberto/tiago_public_ws/install/pmb2_description/share/pmb2_description/package.sh'
[3.142s] INFO:colcon.colcon_core.shell:Creating package script '/home/alberto/tiago_public_ws/install/pmb2_description/share/pmb2_description/package.bash'
[3.142s] INFO:colcon.colcon_core.shell:Creating package script '/home/alberto/tiago_public_ws/install/pmb2_description/share/pmb2_description/package.zsh'
[3.143s] Level 1:colcon.colcon_core.environment:create_file_with_runtime_dependencies(/home/alberto/tiago_public_ws/install/pmb2_description/share/colcon-core/packages/pmb2_description)
[3.143s] Level 1:colcon.colcon_core.environment:create_environment_scripts_only(pmb2_description)
[3.144s] Level 1:colcon.colcon_core.environment:checking '/home/alberto/tiago_public_ws/install/pmb2_description' for CMake module files
[3.144s] Level 1:colcon.colcon_core.environment:checking '/home/alberto/tiago_public_ws/install/pmb2_description' for CMake config files
[3.145s] Level 1:colcon.colcon_core.shell:create_environment_hook('pmb2_description', 'cmake_prefix_path')
[3.145s] INFO:colcon.colcon_core.shell:Creating environment hook '/home/alberto/tiago_public_ws/install/pmb2_description/share/pmb2_description/hook/cmake_prefix_path.ps1'
[3.145s] INFO:colcon.colcon_core.shell:Creating environment descriptor '/home/alberto/tiago_public_ws/install/pmb2_description/share/pmb2_description/hook/cmake_prefix_path.dsv'
[3.145s] INFO:colcon.colcon_core.shell:Creating environment hook '/home/alberto/tiago_public_ws/install/pmb2_description/share/pmb2_description/hook/cmake_prefix_path.sh'
[3.146s] Level 1:colcon.colcon_core.environment:checking '/home/alberto/tiago_public_ws/install/pmb2_description/bin'
[3.146s] Level 1:colcon.colcon_core.environment:checking '/home/alberto/tiago_public_ws/install/pmb2_description/lib/pkgconfig/pmb2_description.pc'
[3.146s] Level 1:colcon.colcon_core.environment:checking '/home/alberto/tiago_public_ws/install/pmb2_description/lib/python3.10/site-packages'
[3.146s] Level 1:colcon.colcon_core.environment:checking '/home/alberto/tiago_public_ws/install/pmb2_description/bin'
[3.146s] INFO:colcon.colcon_core.shell:Creating package script '/home/alberto/tiago_public_ws/install/pmb2_description/share/pmb2_description/package.ps1'
[3.147s] INFO:colcon.colcon_core.shell:Creating package descriptor '/home/alberto/tiago_public_ws/install/pmb2_description/share/pmb2_description/package.dsv'
[3.147s] INFO:colcon.colcon_core.shell:Creating package script '/home/alberto/tiago_public_ws/install/pmb2_description/share/pmb2_description/package.sh'
[3.148s] INFO:colcon.colcon_core.shell:Creating package script '/home/alberto/tiago_public_ws/install/pmb2_description/share/pmb2_description/package.bash'
[3.148s] INFO:colcon.colcon_core.shell:Creating package script '/home/alberto/tiago_public_ws/install/pmb2_description/share/pmb2_description/package.zsh'
[3.148s] Level 1:colcon.colcon_core.environment:create_file_with_runtime_dependencies(/home/alberto/tiago_public_ws/install/pmb2_description/share/colcon-core/packages/pmb2_description)
[3.149s] INFO:colcon.colcon_ros.task.ament_cmake.build:Building ROS package in '/home/alberto/tiago_public_ws/src/tiago_robot/tiago_description' with build type 'ament_cmake'
[3.149s] INFO:colcon.colcon_cmake.task.cmake.build:Building CMake package in '/home/alberto/tiago_public_ws/src/tiago_robot/tiago_description'
[3.149s] INFO:colcon.colcon_core.shell:Skip shell extension 'powershell' for command environment: Not usable outside of PowerShell
[3.149s] DEBUG:colcon.colcon_core.shell:Skip shell extension 'dsv' for command environment
[3.154s] INFO:colcon.colcon_ros.task.ament_cmake.build:Building ROS package in '/home/alberto/tiago_public_ws/src/pmb2_robot/pmb2_bringup' with build type 'ament_cmake'
[3.154s] INFO:colcon.colcon_cmake.task.cmake.build:Building CMake package in '/home/alberto/tiago_public_ws/src/pmb2_robot/pmb2_bringup'
[3.154s] INFO:colcon.colcon_core.shell:Skip shell extension 'powershell' for command environment: Not usable outside of PowerShell
[3.154s] DEBUG:colcon.colcon_core.shell:Skip shell extension 'dsv' for command environment
[3.169s] DEBUG:colcon.colcon_core.event_handler.log_command:Invoking command in '/home/alberto/tiago_public_ws/build/tiago_description': AMENT_PREFIX_PATH=/home/alberto/tiago_public_ws/install/pmb2_description:/home/alberto/tiago_public_ws/install/pal_hey5_description:/home/alberto/tiago_public_ws/install/pal_gripper_description:/home/alberto/tiago_public_ws/install/urdf_test:/home/alberto/tiago_public_ws/install/pal_urdf_utils:/home/alberto/tiago_public_ws/install/pal_robotiq_description:/home/alberto/tiago_public_ws/install/launch_pal:${AMENT_PREFIX_PATH} CMAKE_PREFIX_PATH=/home/alberto/tiago_public_ws/install/pmb2_description:/home/alberto/tiago_public_ws/install/pal_hey5_description:/home/alberto/tiago_public_ws/install/pal_gripper_description:/home/alberto/tiago_public_ws/install/urdf_test:/home/alberto/tiago_public_ws/install/pal_urdf_utils:/home/alberto/tiago_public_ws/install/pal_robotiq_description:/opt/ros/humble PYTHONPATH=/home/alberto/tiago_public_ws/install/pmb2_description/local/lib/python3.10/dist-packages:/home/alberto/tiago_public_ws/install/urdf_test/local/lib/python3.10/dist-packages:/home/alberto/tiago_public_ws/build/launch_pal:/home/alberto/tiago_public_ws/install/launch_pal/lib/python3.10/site-packages:${PYTHONPATH} /usr/bin/cmake --build /home/alberto/tiago_public_ws/build/tiago_description -- -j12 -l12
[3.174s] DEBUG:colcon.colcon_core.event_handler.log_command:Invoking command in '/home/alberto/tiago_public_ws/build/pmb2_bringup': AMENT_PREFIX_PATH=/home/alberto/tiago_public_ws/install/pmb2_description:/home/alberto/tiago_public_ws/install/pmb2_controller_configuration:/home/alberto/tiago_public_ws/install/urdf_test:/home/alberto/tiago_public_ws/install/pal_urdf_utils:/home/alberto/tiago_public_ws/install/launch_pal:${AMENT_PREFIX_PATH} CMAKE_PREFIX_PATH=/home/alberto/tiago_public_ws/install/pmb2_description:/home/alberto/tiago_public_ws/install/pmb2_controller_configuration:/home/alberto/tiago_public_ws/install/urdf_test:/home/alberto/tiago_public_ws/install/pal_urdf_utils:/opt/ros/humble PYTHONPATH=/home/alberto/tiago_public_ws/install/pmb2_description/local/lib/python3.10/dist-packages:/home/alberto/tiago_public_ws/install/urdf_test/local/lib/python3.10/dist-packages:/home/alberto/tiago_public_ws/build/launch_pal:/home/alberto/tiago_public_ws/install/launch_pal/lib/python3.10/site-packages:${PYTHONPATH} /usr/bin/cmake --build /home/alberto/tiago_public_ws/build/pmb2_bringup -- -j12 -l12
[3.228s] DEBUG:colcon.colcon_core.event_handler.log_command:Invoked command in '/home/alberto/tiago_public_ws/build/pmb2_bringup' returned '0': AMENT_PREFIX_PATH=/home/alberto/tiago_public_ws/install/pmb2_description:/home/alberto/tiago_public_ws/install/pmb2_controller_configuration:/home/alberto/tiago_public_ws/install/urdf_test:/home/alberto/tiago_public_ws/install/pal_urdf_utils:/home/alberto/tiago_public_ws/install/launch_pal:${AMENT_PREFIX_PATH} CMAKE_PREFIX_PATH=/home/alberto/tiago_public_ws/install/pmb2_description:/home/alberto/tiago_public_ws/install/pmb2_controller_configuration:/home/alberto/tiago_public_ws/install/urdf_test:/home/alberto/tiago_public_ws/install/pal_urdf_utils:/opt/ros/humble PYTHONPATH=/home/alberto/tiago_public_ws/install/pmb2_description/local/lib/python3.10/dist-packages:/home/alberto/tiago_public_ws/install/urdf_test/local/lib/python3.10/dist-packages:/home/alberto/tiago_public_ws/build/launch_pal:/home/alberto/tiago_public_ws/install/launch_pal/lib/python3.10/site-packages:${PYTHONPATH} /usr/bin/cmake --build /home/alberto/tiago_public_ws/build/pmb2_bringup -- -j12 -l12
[3.231s] DEBUG:colcon.colcon_core.event_handler.log_command:Invoking command in '/home/alberto/tiago_public_ws/build/pmb2_bringup': AMENT_PREFIX_PATH=/home/alberto/tiago_public_ws/install/pmb2_description:/home/alberto/tiago_public_ws/install/pmb2_controller_configuration:/home/alberto/tiago_public_ws/install/urdf_test:/home/alberto/tiago_public_ws/install/pal_urdf_utils:/home/alberto/tiago_public_ws/install/launch_pal:${AMENT_PREFIX_PATH} CMAKE_PREFIX_PATH=/home/alberto/tiago_public_ws/install/pmb2_description:/home/alberto/tiago_public_ws/install/pmb2_controller_configuration:/home/alberto/tiago_public_ws/install/urdf_test:/home/alberto/tiago_public_ws/install/pal_urdf_utils:/opt/ros/humble PYTHONPATH=/home/alberto/tiago_public_ws/install/pmb2_description/local/lib/python3.10/dist-packages:/home/alberto/tiago_public_ws/install/urdf_test/local/lib/python3.10/dist-packages:/home/alberto/tiago_public_ws/build/launch_pal:/home/alberto/tiago_public_ws/install/launch_pal/lib/python3.10/site-packages:${PYTHONPATH} /usr/bin/cmake --install /home/alberto/tiago_public_ws/build/pmb2_bringup
[3.268s] Level 1:colcon.colcon_core.environment:create_environment_scripts_only(pmb2_bringup)
[3.268s] Level 1:colcon.colcon_core.environment:checking '/home/alberto/tiago_public_ws/install/pmb2_bringup' for CMake module files
[3.269s] DEBUG:colcon.colcon_core.event_handler.log_command:Invoked command in '/home/alberto/tiago_public_ws/build/pmb2_bringup' returned '0': AMENT_PREFIX_PATH=/home/alberto/tiago_public_ws/install/pmb2_description:/home/alberto/tiago_public_ws/install/pmb2_controller_configuration:/home/alberto/tiago_public_ws/install/urdf_test:/home/alberto/tiago_public_ws/install/pal_urdf_utils:/home/alberto/tiago_public_ws/install/launch_pal:${AMENT_PREFIX_PATH} CMAKE_PREFIX_PATH=/home/alberto/tiago_public_ws/install/pmb2_description:/home/alberto/tiago_public_ws/install/pmb2_controller_configuration:/home/alberto/tiago_public_ws/install/urdf_test:/home/alberto/tiago_public_ws/install/pal_urdf_utils:/opt/ros/humble PYTHONPATH=/home/alberto/tiago_public_ws/install/pmb2_description/local/lib/python3.10/dist-packages:/home/alberto/tiago_public_ws/install/urdf_test/local/lib/python3.10/dist-packages:/home/alberto/tiago_public_ws/build/launch_pal:/home/alberto/tiago_public_ws/install/launch_pal/lib/python3.10/site-packages:${PYTHONPATH} /usr/bin/cmake --install /home/alberto/tiago_public_ws/build/pmb2_bringup
[3.269s] Level 1:colcon.colcon_core.environment:checking '/home/alberto/tiago_public_ws/install/pmb2_bringup' for CMake config files
[3.270s] Level 1:colcon.colcon_core.shell:create_environment_hook('pmb2_bringup', 'cmake_prefix_path')
[3.270s] INFO:colcon.colcon_core.shell:Creating environment hook '/home/alberto/tiago_public_ws/install/pmb2_bringup/share/pmb2_bringup/hook/cmake_prefix_path.ps1'
[3.270s] INFO:colcon.colcon_core.shell:Creating environment descriptor '/home/alberto/tiago_public_ws/install/pmb2_bringup/share/pmb2_bringup/hook/cmake_prefix_path.dsv'
[3.271s] INFO:colcon.colcon_core.shell:Creating environment hook '/home/alberto/tiago_public_ws/install/pmb2_bringup/share/pmb2_bringup/hook/cmake_prefix_path.sh'
[3.271s] Level 1:colcon.colcon_core.environment:checking '/home/alberto/tiago_public_ws/install/pmb2_bringup/bin'
[3.271s] Level 1:colcon.colcon_core.environment:checking '/home/alberto/tiago_public_ws/install/pmb2_bringup/lib/pkgconfig/pmb2_bringup.pc'
[3.272s] Level 1:colcon.colcon_core.environment:checking '/home/alberto/tiago_public_ws/install/pmb2_bringup/lib/python3.10/site-packages'
[3.272s] Level 1:colcon.colcon_core.environment:checking '/home/alberto/tiago_public_ws/install/pmb2_bringup/bin'
[3.272s] INFO:colcon.colcon_core.shell:Creating package script '/home/alberto/tiago_public_ws/install/pmb2_bringup/share/pmb2_bringup/package.ps1'
[3.272s] INFO:colcon.colcon_core.shell:Creating package descriptor '/home/alberto/tiago_public_ws/install/pmb2_bringup/share/pmb2_bringup/package.dsv'
[3.273s] INFO:colcon.colcon_core.shell:Creating package script '/home/alberto/tiago_public_ws/install/pmb2_bringup/share/pmb2_bringup/package.sh'
[3.273s] INFO:colcon.colcon_core.shell:Creating package script '/home/alberto/tiago_public_ws/install/pmb2_bringup/share/pmb2_bringup/package.bash'
[3.274s] INFO:colcon.colcon_core.shell:Creating package script '/home/alberto/tiago_public_ws/install/pmb2_bringup/share/pmb2_bringup/package.zsh'
[3.274s] Level 1:colcon.colcon_core.environment:create_file_with_runtime_dependencies(/home/alberto/tiago_public_ws/install/pmb2_bringup/share/colcon-core/packages/pmb2_bringup)
[3.275s] Level 1:colcon.colcon_core.environment:create_environment_scripts_only(pmb2_bringup)
[3.275s] Level 1:colcon.colcon_core.environment:checking '/home/alberto/tiago_public_ws/install/pmb2_bringup' for CMake module files
[3.275s] Level 1:colcon.colcon_core.environment:checking '/home/alberto/tiago_public_ws/install/pmb2_bringup' for CMake config files
[3.276s] Level 1:colcon.colcon_core.shell:create_environment_hook('pmb2_bringup', 'cmake_prefix_path')
[3.276s] INFO:colcon.colcon_core.shell:Creating environment hook '/home/alberto/tiago_public_ws/install/pmb2_bringup/share/pmb2_bringup/hook/cmake_prefix_path.ps1'
[3.276s] INFO:colcon.colcon_core.shell:Creating environment descriptor '/home/alberto/tiago_public_ws/install/pmb2_bringup/share/pmb2_bringup/hook/cmake_prefix_path.dsv'
[3.277s] INFO:colcon.colcon_core.shell:Creating environment hook '/home/alberto/tiago_public_ws/install/pmb2_bringup/share/pmb2_bringup/hook/cmake_prefix_path.sh'
[3.277s] Level 1:colcon.colcon_core.environment:checking '/home/alberto/tiago_public_ws/install/pmb2_bringup/bin'
[3.277s] Level 1:colcon.colcon_core.environment:checking '/home/alberto/tiago_public_ws/install/pmb2_bringup/lib/pkgconfig/pmb2_bringup.pc'
[3.277s] Level 1:colcon.colcon_core.environment:checking '/home/alberto/tiago_public_ws/install/pmb2_bringup/lib/python3.10/site-packages'
[3.277s] Level 1:colcon.colcon_core.environment:checking '/home/alberto/tiago_public_ws/install/pmb2_bringup/bin'
[3.278s] INFO:colcon.colcon_core.shell:Creating package script '/home/alberto/tiago_public_ws/install/pmb2_bringup/share/pmb2_bringup/package.ps1'
[3.278s] INFO:colcon.colcon_core.shell:Creating package descriptor '/home/alberto/tiago_public_ws/install/pmb2_bringup/share/pmb2_bringup/package.dsv'
[3.278s] INFO:colcon.colcon_core.shell:Creating package script '/home/alberto/tiago_public_ws/install/pmb2_bringup/share/pmb2_bringup/package.sh'
[3.279s] INFO:colcon.colcon_core.shell:Creating package script '/home/alberto/tiago_public_ws/install/pmb2_bringup/share/pmb2_bringup/package.bash'
[3.279s] INFO:colcon.colcon_core.shell:Creating package script '/home/alberto/tiago_public_ws/install/pmb2_bringup/share/pmb2_bringup/package.zsh'
[3.280s] Level 1:colcon.colcon_core.environment:create_file_with_runtime_dependencies(/home/alberto/tiago_public_ws/install/pmb2_bringup/share/colcon-core/packages/pmb2_bringup)
[3.280s] INFO:colcon.colcon_ros.task.ament_cmake.build:Building ROS package in '/home/alberto/tiago_public_ws/src/pmb2_robot/pmb2_robot' with build type 'ament_cmake'
[3.280s] INFO:colcon.colcon_cmake.task.cmake.build:Building CMake package in '/home/alberto/tiago_public_ws/src/pmb2_robot/pmb2_robot'
[3.280s] INFO:colcon.colcon_core.shell:Skip shell extension 'powershell' for command environment: Not usable outside of PowerShell
[3.280s] DEBUG:colcon.colcon_core.shell:Skip shell extension 'dsv' for command environment
[3.295s] DEBUG:colcon.colcon_core.event_handler.log_command:Invoking command in '/home/alberto/tiago_public_ws/build/pmb2_robot': AMENT_PREFIX_PATH=/home/alberto/tiago_public_ws/install/pmb2_bringup:/home/alberto/tiago_public_ws/install/pmb2_description:/home/alberto/tiago_public_ws/install/pmb2_controller_configuration:/home/alberto/tiago_public_ws/install/urdf_test:/home/alberto/tiago_public_ws/install/pal_urdf_utils:/home/alberto/tiago_public_ws/install/launch_pal:${AMENT_PREFIX_PATH} CMAKE_PREFIX_PATH=/home/alberto/tiago_public_ws/install/pmb2_bringup:/home/alberto/tiago_public_ws/install/pmb2_description:/home/alberto/tiago_public_ws/install/pmb2_controller_configuration:/home/alberto/tiago_public_ws/install/urdf_test:/home/alberto/tiago_public_ws/install/pal_urdf_utils:/opt/ros/humble PYTHONPATH=/home/alberto/tiago_public_ws/install/pmb2_description/local/lib/python3.10/dist-packages:/home/alberto/tiago_public_ws/install/urdf_test/local/lib/python3.10/dist-packages:/home/alberto/tiago_public_ws/build/launch_pal:/home/alberto/tiago_public_ws/install/launch_pal/lib/python3.10/site-packages:${PYTHONPATH} /usr/bin/cmake --build /home/alberto/tiago_public_ws/build/pmb2_robot -- -j12 -l12
[3.351s] DEBUG:colcon.colcon_core.event_handler.log_command:Invoked command in '/home/alberto/tiago_public_ws/build/pmb2_robot' returned '0': AMENT_PREFIX_PATH=/home/alberto/tiago_public_ws/install/pmb2_bringup:/home/alberto/tiago_public_ws/install/pmb2_description:/home/alberto/tiago_public_ws/install/pmb2_controller_configuration:/home/alberto/tiago_public_ws/install/urdf_test:/home/alberto/tiago_public_ws/install/pal_urdf_utils:/home/alberto/tiago_public_ws/install/launch_pal:${AMENT_PREFIX_PATH} CMAKE_PREFIX_PATH=/home/alberto/tiago_public_ws/install/pmb2_bringup:/home/alberto/tiago_public_ws/install/pmb2_description:/home/alberto/tiago_public_ws/install/pmb2_controller_configuration:/home/alberto/tiago_public_ws/install/urdf_test:/home/alberto/tiago_public_ws/install/pal_urdf_utils:/opt/ros/humble PYTHONPATH=/home/alberto/tiago_public_ws/install/pmb2_description/local/lib/python3.10/dist-packages:/home/alberto/tiago_public_ws/install/urdf_test/local/lib/python3.10/dist-packages:/home/alberto/tiago_public_ws/build/launch_pal:/home/alberto/tiago_public_ws/install/launch_pal/lib/python3.10/site-packages:${PYTHONPATH} /usr/bin/cmake --build /home/alberto/tiago_public_ws/build/pmb2_robot -- -j12 -l12
[3.354s] DEBUG:colcon.colcon_core.event_handler.log_command:Invoking command in '/home/alberto/tiago_public_ws/build/pmb2_robot': AMENT_PREFIX_PATH=/home/alberto/tiago_public_ws/install/pmb2_bringup:/home/alberto/tiago_public_ws/install/pmb2_description:/home/alberto/tiago_public_ws/install/pmb2_controller_configuration:/home/alberto/tiago_public_ws/install/urdf_test:/home/alberto/tiago_public_ws/install/pal_urdf_utils:/home/alberto/tiago_public_ws/install/launch_pal:${AMENT_PREFIX_PATH} CMAKE_PREFIX_PATH=/home/alberto/tiago_public_ws/install/pmb2_bringup:/home/alberto/tiago_public_ws/install/pmb2_description:/home/alberto/tiago_public_ws/install/pmb2_controller_configuration:/home/alberto/tiago_public_ws/install/urdf_test:/home/alberto/tiago_public_ws/install/pal_urdf_utils:/opt/ros/humble PYTHONPATH=/home/alberto/tiago_public_ws/install/pmb2_description/local/lib/python3.10/dist-packages:/home/alberto/tiago_public_ws/install/urdf_test/local/lib/python3.10/dist-packages:/home/alberto/tiago_public_ws/build/launch_pal:/home/alberto/tiago_public_ws/install/launch_pal/lib/python3.10/site-packages:${PYTHONPATH} /usr/bin/cmake --install /home/alberto/tiago_public_ws/build/pmb2_robot
[3.384s] Level 1:colcon.colcon_core.environment:create_environment_scripts_only(pmb2_robot)
[3.384s] Level 1:colcon.colcon_core.environment:checking '/home/alberto/tiago_public_ws/install/pmb2_robot' for CMake module files
[3.385s] DEBUG:colcon.colcon_core.event_handler.log_command:Invoked command in '/home/alberto/tiago_public_ws/build/pmb2_robot' returned '0': AMENT_PREFIX_PATH=/home/alberto/tiago_public_ws/install/pmb2_bringup:/home/alberto/tiago_public_ws/install/pmb2_description:/home/alberto/tiago_public_ws/install/pmb2_controller_configuration:/home/alberto/tiago_public_ws/install/urdf_test:/home/alberto/tiago_public_ws/install/pal_urdf_utils:/home/alberto/tiago_public_ws/install/launch_pal:${AMENT_PREFIX_PATH} CMAKE_PREFIX_PATH=/home/alberto/tiago_public_ws/install/pmb2_bringup:/home/alberto/tiago_public_ws/install/pmb2_description:/home/alberto/tiago_public_ws/install/pmb2_controller_configuration:/home/alberto/tiago_public_ws/install/urdf_test:/home/alberto/tiago_public_ws/install/pal_urdf_utils:/opt/ros/humble PYTHONPATH=/home/alberto/tiago_public_ws/install/pmb2_description/local/lib/python3.10/dist-packages:/home/alberto/tiago_public_ws/install/urdf_test/local/lib/python3.10/dist-packages:/home/alberto/tiago_public_ws/build/launch_pal:/home/alberto/tiago_public_ws/install/launch_pal/lib/python3.10/site-packages:${PYTHONPATH} /usr/bin/cmake --install /home/alberto/tiago_public_ws/build/pmb2_robot
[3.386s] Level 1:colcon.colcon_core.environment:checking '/home/alberto/tiago_public_ws/install/pmb2_robot' for CMake config files
[3.386s] Level 1:colcon.colcon_core.shell:create_environment_hook('pmb2_robot', 'cmake_prefix_path')
[3.386s] INFO:colcon.colcon_core.shell:Creating environment hook '/home/alberto/tiago_public_ws/install/pmb2_robot/share/pmb2_robot/hook/cmake_prefix_path.ps1'
[3.386s] INFO:colcon.colcon_core.shell:Creating environment descriptor '/home/alberto/tiago_public_ws/install/pmb2_robot/share/pmb2_robot/hook/cmake_prefix_path.dsv'
[3.387s] INFO:colcon.colcon_core.shell:Creating environment hook '/home/alberto/tiago_public_ws/install/pmb2_robot/share/pmb2_robot/hook/cmake_prefix_path.sh'
[3.388s] Level 1:colcon.colcon_core.environment:checking '/home/alberto/tiago_public_ws/install/pmb2_robot/bin'
[3.388s] Level 1:colcon.colcon_core.environment:checking '/home/alberto/tiago_public_ws/install/pmb2_robot/lib/pkgconfig/pmb2_robot.pc'
[3.388s] Level 1:colcon.colcon_core.environment:checking '/home/alberto/tiago_public_ws/install/pmb2_robot/lib/python3.10/site-packages'
[3.388s] Level 1:colcon.colcon_core.environment:checking '/home/alberto/tiago_public_ws/install/pmb2_robot/bin'
[3.388s] INFO:colcon.colcon_core.shell:Creating package script '/home/alberto/tiago_public_ws/install/pmb2_robot/share/pmb2_robot/package.ps1'
[3.389s] INFO:colcon.colcon_core.shell:Creating package descriptor '/home/alberto/tiago_public_ws/install/pmb2_robot/share/pmb2_robot/package.dsv'
[3.389s] INFO:colcon.colcon_core.shell:Creating package script '/home/alberto/tiago_public_ws/install/pmb2_robot/share/pmb2_robot/package.sh'
[3.390s] INFO:colcon.colcon_core.shell:Creating package script '/home/alberto/tiago_public_ws/install/pmb2_robot/share/pmb2_robot/package.bash'
[3.390s] INFO:colcon.colcon_core.shell:Creating package script '/home/alberto/tiago_public_ws/install/pmb2_robot/share/pmb2_robot/package.zsh'
[3.390s] Level 1:colcon.colcon_core.environment:create_file_with_runtime_dependencies(/home/alberto/tiago_public_ws/install/pmb2_robot/share/colcon-core/packages/pmb2_robot)
[3.391s] Level 1:colcon.colcon_core.environment:create_environment_scripts_only(pmb2_robot)
[3.391s] Level 1:colcon.colcon_core.environment:checking '/home/alberto/tiago_public_ws/install/pmb2_robot' for CMake module files
[3.391s] Level 1:colcon.colcon_core.environment:checking '/home/alberto/tiago_public_ws/install/pmb2_robot' for CMake config files
[3.392s] Level 1:colcon.colcon_core.shell:create_environment_hook('pmb2_robot', 'cmake_prefix_path')
[3.392s] INFO:colcon.colcon_core.shell:Creating environment hook '/home/alberto/tiago_public_ws/install/pmb2_robot/share/pmb2_robot/hook/cmake_prefix_path.ps1'
[3.392s] INFO:colcon.colcon_core.shell:Creating environment descriptor '/home/alberto/tiago_public_ws/install/pmb2_robot/share/pmb2_robot/hook/cmake_prefix_path.dsv'
[3.392s] INFO:colcon.colcon_core.shell:Creating environment hook '/home/alberto/tiago_public_ws/install/pmb2_robot/share/pmb2_robot/hook/cmake_prefix_path.sh'
[3.393s] Level 1:colcon.colcon_core.environment:checking '/home/alberto/tiago_public_ws/install/pmb2_robot/bin'
[3.393s] Level 1:colcon.colcon_core.environment:checking '/home/alberto/tiago_public_ws/install/pmb2_robot/lib/pkgconfig/pmb2_robot.pc'
[3.393s] Level 1:colcon.colcon_core.environment:checking '/home/alberto/tiago_public_ws/install/pmb2_robot/lib/python3.10/site-packages'
[3.393s] Level 1:colcon.colcon_core.environment:checking '/home/alberto/tiago_public_ws/install/pmb2_robot/bin'
[3.394s] INFO:colcon.colcon_core.shell:Creating package script '/home/alberto/tiago_public_ws/install/pmb2_robot/share/pmb2_robot/package.ps1'
[3.394s] INFO:colcon.colcon_core.shell:Creating package descriptor '/home/alberto/tiago_public_ws/install/pmb2_robot/share/pmb2_robot/package.dsv'
[3.395s] INFO:colcon.colcon_core.shell:Creating package script '/home/alberto/tiago_public_ws/install/pmb2_robot/share/pmb2_robot/package.sh'
[3.395s] INFO:colcon.colcon_core.shell:Creating package script '/home/alberto/tiago_public_ws/install/pmb2_robot/share/pmb2_robot/package.bash'
[3.396s] INFO:colcon.colcon_core.shell:Creating package script '/home/alberto/tiago_public_ws/install/pmb2_robot/share/pmb2_robot/package.zsh'
[3.396s] Level 1:colcon.colcon_core.environment:create_file_with_runtime_dependencies(/home/alberto/tiago_public_ws/install/pmb2_robot/share/colcon-core/packages/pmb2_robot)
[3.550s] DEBUG:colcon.colcon_core.event_handler.log_command:Invoked command in '/home/alberto/tiago_public_ws/build/tiago_description' returned '0': AMENT_PREFIX_PATH=/home/alberto/tiago_public_ws/install/pmb2_description:/home/alberto/tiago_public_ws/install/pal_hey5_description:/home/alberto/tiago_public_ws/install/pal_gripper_description:/home/alberto/tiago_public_ws/install/urdf_test:/home/alberto/tiago_public_ws/install/pal_urdf_utils:/home/alberto/tiago_public_ws/install/pal_robotiq_description:/home/alberto/tiago_public_ws/install/launch_pal:${AMENT_PREFIX_PATH} CMAKE_PREFIX_PATH=/home/alberto/tiago_public_ws/install/pmb2_description:/home/alberto/tiago_public_ws/install/pal_hey5_description:/home/alberto/tiago_public_ws/install/pal_gripper_description:/home/alberto/tiago_public_ws/install/urdf_test:/home/alberto/tiago_public_ws/install/pal_urdf_utils:/home/alberto/tiago_public_ws/install/pal_robotiq_description:/opt/ros/humble PYTHONPATH=/home/alberto/tiago_public_ws/install/pmb2_description/local/lib/python3.10/dist-packages:/home/alberto/tiago_public_ws/install/urdf_test/local/lib/python3.10/dist-packages:/home/alberto/tiago_public_ws/build/launch_pal:/home/alberto/tiago_public_ws/install/launch_pal/lib/python3.10/site-packages:${PYTHONPATH} /usr/bin/cmake --build /home/alberto/tiago_public_ws/build/tiago_description -- -j12 -l12
[3.555s] DEBUG:colcon.colcon_core.event_handler.log_command:Invoking command in '/home/alberto/tiago_public_ws/build/tiago_description': AMENT_PREFIX_PATH=/home/alberto/tiago_public_ws/install/pmb2_description:/home/alberto/tiago_public_ws/install/pal_hey5_description:/home/alberto/tiago_public_ws/install/pal_gripper_description:/home/alberto/tiago_public_ws/install/urdf_test:/home/alberto/tiago_public_ws/install/pal_urdf_utils:/home/alberto/tiago_public_ws/install/pal_robotiq_description:/home/alberto/tiago_public_ws/install/launch_pal:${AMENT_PREFIX_PATH} CMAKE_PREFIX_PATH=/home/alberto/tiago_public_ws/install/pmb2_description:/home/alberto/tiago_public_ws/install/pal_hey5_description:/home/alberto/tiago_public_ws/install/pal_gripper_description:/home/alberto/tiago_public_ws/install/urdf_test:/home/alberto/tiago_public_ws/install/pal_urdf_utils:/home/alberto/tiago_public_ws/install/pal_robotiq_description:/opt/ros/humble PYTHONPATH=/home/alberto/tiago_public_ws/install/pmb2_description/local/lib/python3.10/dist-packages:/home/alberto/tiago_public_ws/install/urdf_test/local/lib/python3.10/dist-packages:/home/alberto/tiago_public_ws/build/launch_pal:/home/alberto/tiago_public_ws/install/launch_pal/lib/python3.10/site-packages:${PYTHONPATH} /usr/bin/cmake --install /home/alberto/tiago_public_ws/build/tiago_description
[3.663s] Level 1:colcon.colcon_core.environment:create_environment_scripts_only(tiago_description)
[3.663s] Level 1:colcon.colcon_core.environment:checking '/home/alberto/tiago_public_ws/install/tiago_description' for CMake module files
[3.664s] DEBUG:colcon.colcon_core.event_handler.log_command:Invoked command in '/home/alberto/tiago_public_ws/build/tiago_description' returned '0': AMENT_PREFIX_PATH=/home/alberto/tiago_public_ws/install/pmb2_description:/home/alberto/tiago_public_ws/install/pal_hey5_description:/home/alberto/tiago_public_ws/install/pal_gripper_description:/home/alberto/tiago_public_ws/install/urdf_test:/home/alberto/tiago_public_ws/install/pal_urdf_utils:/home/alberto/tiago_public_ws/install/pal_robotiq_description:/home/alberto/tiago_public_ws/install/launch_pal:${AMENT_PREFIX_PATH} CMAKE_PREFIX_PATH=/home/alberto/tiago_public_ws/install/pmb2_description:/home/alberto/tiago_public_ws/install/pal_hey5_description:/home/alberto/tiago_public_ws/install/pal_gripper_description:/home/alberto/tiago_public_ws/install/urdf_test:/home/alberto/tiago_public_ws/install/pal_urdf_utils:/home/alberto/tiago_public_ws/install/pal_robotiq_description:/opt/ros/humble PYTHONPATH=/home/alberto/tiago_public_ws/install/pmb2_description/local/lib/python3.10/dist-packages:/home/alberto/tiago_public_ws/install/urdf_test/local/lib/python3.10/dist-packages:/home/alberto/tiago_public_ws/build/launch_pal:/home/alberto/tiago_public_ws/install/launch_pal/lib/python3.10/site-packages:${PYTHONPATH} /usr/bin/cmake --install /home/alberto/tiago_public_ws/build/tiago_description
[3.664s] Level 1:colcon.colcon_core.environment:checking '/home/alberto/tiago_public_ws/install/tiago_description' for CMake config files
[3.665s] Level 1:colcon.colcon_core.shell:create_environment_hook('tiago_description', 'cmake_prefix_path')
[3.666s] INFO:colcon.colcon_core.shell:Creating environment hook '/home/alberto/tiago_public_ws/install/tiago_description/share/tiago_description/hook/cmake_prefix_path.ps1'
[3.666s] INFO:colcon.colcon_core.shell:Creating environment descriptor '/home/alberto/tiago_public_ws/install/tiago_description/share/tiago_description/hook/cmake_prefix_path.dsv'
[3.667s] INFO:colcon.colcon_core.shell:Creating environment hook '/home/alberto/tiago_public_ws/install/tiago_description/share/tiago_description/hook/cmake_prefix_path.sh'
[3.667s] Level 1:colcon.colcon_core.environment:checking '/home/alberto/tiago_public_ws/install/tiago_description/bin'
[3.667s] Level 1:colcon.colcon_core.environment:checking '/home/alberto/tiago_public_ws/install/tiago_description/lib/pkgconfig/tiago_description.pc'
[3.667s] Level 1:colcon.colcon_core.environment:checking '/home/alberto/tiago_public_ws/install/tiago_description/lib/python3.10/site-packages'
[3.668s] Level 1:colcon.colcon_core.environment:checking '/home/alberto/tiago_public_ws/install/tiago_description/bin'
[3.668s] INFO:colcon.colcon_core.shell:Creating package script '/home/alberto/tiago_public_ws/install/tiago_description/share/tiago_description/package.ps1'
[3.668s] INFO:colcon.colcon_core.shell:Creating package descriptor '/home/alberto/tiago_public_ws/install/tiago_description/share/tiago_description/package.dsv'
[3.669s] INFO:colcon.colcon_core.shell:Creating package script '/home/alberto/tiago_public_ws/install/tiago_description/share/tiago_description/package.sh'
[3.669s] INFO:colcon.colcon_core.shell:Creating package script '/home/alberto/tiago_public_ws/install/tiago_description/share/tiago_description/package.bash'
[3.669s] INFO:colcon.colcon_core.shell:Creating package script '/home/alberto/tiago_public_ws/install/tiago_description/share/tiago_description/package.zsh'
[3.670s] Level 1:colcon.colcon_core.environment:create_file_with_runtime_dependencies(/home/alberto/tiago_public_ws/install/tiago_description/share/colcon-core/packages/tiago_description)
[3.670s] Level 1:colcon.colcon_core.environment:create_environment_scripts_only(tiago_description)
[3.671s] Level 1:colcon.colcon_core.environment:checking '/home/alberto/tiago_public_ws/install/tiago_description' for CMake module files
[3.671s] Level 1:colcon.colcon_core.environment:checking '/home/alberto/tiago_public_ws/install/tiago_description' for CMake config files
[3.672s] Level 1:colcon.colcon_core.shell:create_environment_hook('tiago_description', 'cmake_prefix_path')
[3.672s] INFO:colcon.colcon_core.shell:Creating environment hook '/home/alberto/tiago_public_ws/install/tiago_description/share/tiago_description/hook/cmake_prefix_path.ps1'
[3.672s] INFO:colcon.colcon_core.shell:Creating environment descriptor '/home/alberto/tiago_public_ws/install/tiago_description/share/tiago_description/hook/cmake_prefix_path.dsv'
[3.673s] INFO:colcon.colcon_core.shell:Creating environment hook '/home/alberto/tiago_public_ws/install/tiago_description/share/tiago_description/hook/cmake_prefix_path.sh'
[3.673s] Level 1:colcon.colcon_core.environment:checking '/home/alberto/tiago_public_ws/install/tiago_description/bin'
[3.673s] Level 1:colcon.colcon_core.environment:checking '/home/alberto/tiago_public_ws/install/tiago_description/lib/pkgconfig/tiago_description.pc'
[3.673s] Level 1:colcon.colcon_core.environment:checking '/home/alberto/tiago_public_ws/install/tiago_description/lib/python3.10/site-packages'
[3.673s] Level 1:colcon.colcon_core.environment:checking '/home/alberto/tiago_public_ws/install/tiago_description/bin'
[3.674s] INFO:colcon.colcon_core.shell:Creating package script '/home/alberto/tiago_public_ws/install/tiago_description/share/tiago_description/package.ps1'
[3.674s] INFO:colcon.colcon_core.shell:Creating package descriptor '/home/alberto/tiago_public_ws/install/tiago_description/share/tiago_description/package.dsv'
[3.674s] INFO:colcon.colcon_core.shell:Creating package script '/home/alberto/tiago_public_ws/install/tiago_description/share/tiago_description/package.sh'
[3.675s] INFO:colcon.colcon_core.shell:Creating package script '/home/alberto/tiago_public_ws/install/tiago_description/share/tiago_description/package.bash'
[3.675s] INFO:colcon.colcon_core.shell:Creating package script '/home/alberto/tiago_public_ws/install/tiago_description/share/tiago_description/package.zsh'
[3.676s] Level 1:colcon.colcon_core.environment:create_file_with_runtime_dependencies(/home/alberto/tiago_public_ws/install/tiago_description/share/colcon-core/packages/tiago_description)
[3.676s] INFO:colcon.colcon_ros.task.ament_cmake.build:Building ROS package in '/home/alberto/tiago_public_ws/src/tiago_robot/tiago_bringup' with build type 'ament_cmake'
[3.676s] INFO:colcon.colcon_cmake.task.cmake.build:Building CMake package in '/home/alberto/tiago_public_ws/src/tiago_robot/tiago_bringup'
[3.676s] INFO:colcon.colcon_core.shell:Skip shell extension 'powershell' for command environment: Not usable outside of PowerShell
[3.676s] DEBUG:colcon.colcon_core.shell:Skip shell extension 'dsv' for command environment
[3.681s] INFO:colcon.colcon_ros.task.ament_cmake.build:Building ROS package in '/home/alberto/tiago_public_ws/src/tiago_moveit_config' with build type 'ament_cmake'
[3.681s] INFO:colcon.colcon_cmake.task.cmake.build:Building CMake package in '/home/alberto/tiago_public_ws/src/tiago_moveit_config'
[3.681s] INFO:colcon.colcon_core.shell:Skip shell extension 'powershell' for command environment: Not usable outside of PowerShell
[3.681s] DEBUG:colcon.colcon_core.shell:Skip shell extension 'dsv' for command environment
[3.712s] DEBUG:colcon.colcon_core.event_handler.log_command:Invoking command in '/home/alberto/tiago_public_ws/build/tiago_moveit_config': AMENT_PREFIX_PATH=/home/alberto/tiago_public_ws/install/tiago_description:/home/alberto/tiago_public_ws/install/pmb2_description:/home/alberto/tiago_public_ws/install/pal_hey5_description:/home/alberto/tiago_public_ws/install/pal_gripper_description:/home/alberto/tiago_public_ws/install/urdf_test:/home/alberto/tiago_public_ws/install/pal_urdf_utils:/home/alberto/tiago_public_ws/install/pal_robotiq_description:/home/alberto/tiago_public_ws/install/launch_pal:${AMENT_PREFIX_PATH} CMAKE_PREFIX_PATH=/home/alberto/tiago_public_ws/install/tiago_description:/home/alberto/tiago_public_ws/install/pmb2_description:/home/alberto/tiago_public_ws/install/pal_hey5_description:/home/alberto/tiago_public_ws/install/pal_gripper_description:/home/alberto/tiago_public_ws/install/urdf_test:/home/alberto/tiago_public_ws/install/pal_urdf_utils:/home/alberto/tiago_public_ws/install/pal_robotiq_description:/opt/ros/humble PYTHONPATH=/home/alberto/tiago_public_ws/install/tiago_description/local/lib/python3.10/dist-packages:/home/alberto/tiago_public_ws/install/pmb2_description/local/lib/python3.10/dist-packages:/home/alberto/tiago_public_ws/install/urdf_test/local/lib/python3.10/dist-packages:/home/alberto/tiago_public_ws/build/launch_pal:/home/alberto/tiago_public_ws/install/launch_pal/lib/python3.10/site-packages:${PYTHONPATH} /usr/bin/cmake --build /home/alberto/tiago_public_ws/build/tiago_moveit_config -- -j12 -l12
[3.715s] DEBUG:colcon.colcon_core.event_handler.log_command:Invoking command in '/home/alberto/tiago_public_ws/build/tiago_bringup': AMENT_PREFIX_PATH=/home/alberto/tiago_public_ws/install/tiago_description:/home/alberto/tiago_public_ws/install/tiago_controller_configuration:/home/alberto/tiago_public_ws/install/pmb2_description:/home/alberto/tiago_public_ws/install/pmb2_controller_configuration:/home/alberto/tiago_public_ws/install/play_motion2:/home/alberto/tiago_public_ws/install/pal_hey5_description:/home/alberto/tiago_public_ws/install/pal_gripper_description:/home/alberto/tiago_public_ws/install/urdf_test:/home/alberto/tiago_public_ws/install/play_motion2_msgs:/home/alberto/tiago_public_ws/install/pal_urdf_utils:/home/alberto/tiago_public_ws/install/pal_robotiq_description:/home/alberto/tiago_public_ws/install/pal_robotiq_controller_configuration:/home/alberto/tiago_public_ws/install/pal_hey5_controller_configuration:/home/alberto/tiago_public_ws/install/pal_gripper_controller_configuration:/home/alberto/tiago_public_ws/install/launch_pal:${AMENT_PREFIX_PATH} CMAKE_PREFIX_PATH=/home/alberto/tiago_public_ws/install/tiago_description:/home/alberto/tiago_public_ws/install/tiago_controller_configuration:/home/alberto/tiago_public_ws/install/pmb2_description:/home/alberto/tiago_public_ws/install/pmb2_controller_configuration:/home/alberto/tiago_public_ws/install/play_motion2:/home/alberto/tiago_public_ws/install/pal_hey5_description:/home/alberto/tiago_public_ws/install/pal_gripper_description:/home/alberto/tiago_public_ws/install/urdf_test:/home/alberto/tiago_public_ws/install/play_motion2_msgs:/home/alberto/tiago_public_ws/install/pal_urdf_utils:/home/alberto/tiago_public_ws/install/pal_robotiq_description:/home/alberto/tiago_public_ws/install/pal_robotiq_controller_configuration:/home/alberto/tiago_public_ws/install/pal_hey5_controller_configuration:/home/alberto/tiago_public_ws/install/pal_gripper_controller_configuration:/opt/ros/humble LD_LIBRARY_PATH=/home/alberto/tiago_public_ws/install/play_motion2/lib:/home/alberto/tiago_public_ws/install/play_motion2_msgs/lib:${LD_LIBRARY_PATH} PYTHONPATH=/home/alberto/tiago_public_ws/install/tiago_description/local/lib/python3.10/dist-packages:/home/alberto/tiago_public_ws/install/pmb2_description/local/lib/python3.10/dist-packages:/home/alberto/tiago_public_ws/install/play_motion2/local/lib/python3.10/dist-packages:/home/alberto/tiago_public_ws/install/urdf_test/local/lib/python3.10/dist-packages:/home/alberto/tiago_public_ws/install/play_motion2_msgs/local/lib/python3.10/dist-packages:/home/alberto/tiago_public_ws/build/launch_pal:/home/alberto/tiago_public_ws/install/launch_pal/lib/python3.10/site-packages:${PYTHONPATH} /usr/bin/cmake --build /home/alberto/tiago_public_ws/build/tiago_bringup -- -j12 -l12
[3.766s] DEBUG:colcon.colcon_core.event_handler.log_command:Invoked command in '/home/alberto/tiago_public_ws/build/tiago_moveit_config' returned '0': AMENT_PREFIX_PATH=/home/alberto/tiago_public_ws/install/tiago_description:/home/alberto/tiago_public_ws/install/pmb2_description:/home/alberto/tiago_public_ws/install/pal_hey5_description:/home/alberto/tiago_public_ws/install/pal_gripper_description:/home/alberto/tiago_public_ws/install/urdf_test:/home/alberto/tiago_public_ws/install/pal_urdf_utils:/home/alberto/tiago_public_ws/install/pal_robotiq_description:/home/alberto/tiago_public_ws/install/launch_pal:${AMENT_PREFIX_PATH} CMAKE_PREFIX_PATH=/home/alberto/tiago_public_ws/install/tiago_description:/home/alberto/tiago_public_ws/install/pmb2_description:/home/alberto/tiago_public_ws/install/pal_hey5_description:/home/alberto/tiago_public_ws/install/pal_gripper_description:/home/alberto/tiago_public_ws/install/urdf_test:/home/alberto/tiago_public_ws/install/pal_urdf_utils:/home/alberto/tiago_public_ws/install/pal_robotiq_description:/opt/ros/humble PYTHONPATH=/home/alberto/tiago_public_ws/install/tiago_description/local/lib/python3.10/dist-packages:/home/alberto/tiago_public_ws/install/pmb2_description/local/lib/python3.10/dist-packages:/home/alberto/tiago_public_ws/install/urdf_test/local/lib/python3.10/dist-packages:/home/alberto/tiago_public_ws/build/launch_pal:/home/alberto/tiago_public_ws/install/launch_pal/lib/python3.10/site-packages:${PYTHONPATH} /usr/bin/cmake --build /home/alberto/tiago_public_ws/build/tiago_moveit_config -- -j12 -l12
[3.769s] DEBUG:colcon.colcon_core.event_handler.log_command:Invoking command in '/home/alberto/tiago_public_ws/build/tiago_moveit_config': AMENT_PREFIX_PATH=/home/alberto/tiago_public_ws/install/tiago_description:/home/alberto/tiago_public_ws/install/pmb2_description:/home/alberto/tiago_public_ws/install/pal_hey5_description:/home/alberto/tiago_public_ws/install/pal_gripper_description:/home/alberto/tiago_public_ws/install/urdf_test:/home/alberto/tiago_public_ws/install/pal_urdf_utils:/home/alberto/tiago_public_ws/install/pal_robotiq_description:/home/alberto/tiago_public_ws/install/launch_pal:${AMENT_PREFIX_PATH} CMAKE_PREFIX_PATH=/home/alberto/tiago_public_ws/install/tiago_description:/home/alberto/tiago_public_ws/install/pmb2_description:/home/alberto/tiago_public_ws/install/pal_hey5_description:/home/alberto/tiago_public_ws/install/pal_gripper_description:/home/alberto/tiago_public_ws/install/urdf_test:/home/alberto/tiago_public_ws/install/pal_urdf_utils:/home/alberto/tiago_public_ws/install/pal_robotiq_description:/opt/ros/humble PYTHONPATH=/home/alberto/tiago_public_ws/install/tiago_description/local/lib/python3.10/dist-packages:/home/alberto/tiago_public_ws/install/pmb2_description/local/lib/python3.10/dist-packages:/home/alberto/tiago_public_ws/install/urdf_test/local/lib/python3.10/dist-packages:/home/alberto/tiago_public_ws/build/launch_pal:/home/alberto/tiago_public_ws/install/launch_pal/lib/python3.10/site-packages:${PYTHONPATH} /usr/bin/cmake --install /home/alberto/tiago_public_ws/build/tiago_moveit_config
[3.772s] DEBUG:colcon.colcon_core.event_handler.log_command:Invoked command in '/home/alberto/tiago_public_ws/build/tiago_bringup' returned '0': AMENT_PREFIX_PATH=/home/alberto/tiago_public_ws/install/tiago_description:/home/alberto/tiago_public_ws/install/tiago_controller_configuration:/home/alberto/tiago_public_ws/install/pmb2_description:/home/alberto/tiago_public_ws/install/pmb2_controller_configuration:/home/alberto/tiago_public_ws/install/play_motion2:/home/alberto/tiago_public_ws/install/pal_hey5_description:/home/alberto/tiago_public_ws/install/pal_gripper_description:/home/alberto/tiago_public_ws/install/urdf_test:/home/alberto/tiago_public_ws/install/play_motion2_msgs:/home/alberto/tiago_public_ws/install/pal_urdf_utils:/home/alberto/tiago_public_ws/install/pal_robotiq_description:/home/alberto/tiago_public_ws/install/pal_robotiq_controller_configuration:/home/alberto/tiago_public_ws/install/pal_hey5_controller_configuration:/home/alberto/tiago_public_ws/install/pal_gripper_controller_configuration:/home/alberto/tiago_public_ws/install/launch_pal:${AMENT_PREFIX_PATH} CMAKE_PREFIX_PATH=/home/alberto/tiago_public_ws/install/tiago_description:/home/alberto/tiago_public_ws/install/tiago_controller_configuration:/home/alberto/tiago_public_ws/install/pmb2_description:/home/alberto/tiago_public_ws/install/pmb2_controller_configuration:/home/alberto/tiago_public_ws/install/play_motion2:/home/alberto/tiago_public_ws/install/pal_hey5_description:/home/alberto/tiago_public_ws/install/pal_gripper_description:/home/alberto/tiago_public_ws/install/urdf_test:/home/alberto/tiago_public_ws/install/play_motion2_msgs:/home/alberto/tiago_public_ws/install/pal_urdf_utils:/home/alberto/tiago_public_ws/install/pal_robotiq_description:/home/alberto/tiago_public_ws/install/pal_robotiq_controller_configuration:/home/alberto/tiago_public_ws/install/pal_hey5_controller_configuration:/home/alberto/tiago_public_ws/install/pal_gripper_controller_configuration:/opt/ros/humble LD_LIBRARY_PATH=/home/alberto/tiago_public_ws/install/play_motion2/lib:/home/alberto/tiago_public_ws/install/play_motion2_msgs/lib:${LD_LIBRARY_PATH} PYTHONPATH=/home/alberto/tiago_public_ws/install/tiago_description/local/lib/python3.10/dist-packages:/home/alberto/tiago_public_ws/install/pmb2_description/local/lib/python3.10/dist-packages:/home/alberto/tiago_public_ws/install/play_motion2/local/lib/python3.10/dist-packages:/home/alberto/tiago_public_ws/install/urdf_test/local/lib/python3.10/dist-packages:/home/alberto/tiago_public_ws/install/play_motion2_msgs/local/lib/python3.10/dist-packages:/home/alberto/tiago_public_ws/build/launch_pal:/home/alberto/tiago_public_ws/install/launch_pal/lib/python3.10/site-packages:${PYTHONPATH} /usr/bin/cmake --build /home/alberto/tiago_public_ws/build/tiago_bringup -- -j12 -l12
[3.774s] DEBUG:colcon.colcon_core.event_handler.log_command:Invoking command in '/home/alberto/tiago_public_ws/build/tiago_bringup': AMENT_PREFIX_PATH=/home/alberto/tiago_public_ws/install/tiago_description:/home/alberto/tiago_public_ws/install/tiago_controller_configuration:/home/alberto/tiago_public_ws/install/pmb2_description:/home/alberto/tiago_public_ws/install/pmb2_controller_configuration:/home/alberto/tiago_public_ws/install/play_motion2:/home/alberto/tiago_public_ws/install/pal_hey5_description:/home/alberto/tiago_public_ws/install/pal_gripper_description:/home/alberto/tiago_public_ws/install/urdf_test:/home/alberto/tiago_public_ws/install/play_motion2_msgs:/home/alberto/tiago_public_ws/install/pal_urdf_utils:/home/alberto/tiago_public_ws/install/pal_robotiq_description:/home/alberto/tiago_public_ws/install/pal_robotiq_controller_configuration:/home/alberto/tiago_public_ws/install/pal_hey5_controller_configuration:/home/alberto/tiago_public_ws/install/pal_gripper_controller_configuration:/home/alberto/tiago_public_ws/install/launch_pal:${AMENT_PREFIX_PATH} CMAKE_PREFIX_PATH=/home/alberto/tiago_public_ws/install/tiago_description:/home/alberto/tiago_public_ws/install/tiago_controller_configuration:/home/alberto/tiago_public_ws/install/pmb2_description:/home/alberto/tiago_public_ws/install/pmb2_controller_configuration:/home/alberto/tiago_public_ws/install/play_motion2:/home/alberto/tiago_public_ws/install/pal_hey5_description:/home/alberto/tiago_public_ws/install/pal_gripper_description:/home/alberto/tiago_public_ws/install/urdf_test:/home/alberto/tiago_public_ws/install/play_motion2_msgs:/home/alberto/tiago_public_ws/install/pal_urdf_utils:/home/alberto/tiago_public_ws/install/pal_robotiq_description:/home/alberto/tiago_public_ws/install/pal_robotiq_controller_configuration:/home/alberto/tiago_public_ws/install/pal_hey5_controller_configuration:/home/alberto/tiago_public_ws/install/pal_gripper_controller_configuration:/opt/ros/humble LD_LIBRARY_PATH=/home/alberto/tiago_public_ws/install/play_motion2/lib:/home/alberto/tiago_public_ws/install/play_motion2_msgs/lib:${LD_LIBRARY_PATH} PYTHONPATH=/home/alberto/tiago_public_ws/install/tiago_description/local/lib/python3.10/dist-packages:/home/alberto/tiago_public_ws/install/pmb2_description/local/lib/python3.10/dist-packages:/home/alberto/tiago_public_ws/install/play_motion2/local/lib/python3.10/dist-packages:/home/alberto/tiago_public_ws/install/urdf_test/local/lib/python3.10/dist-packages:/home/alberto/tiago_public_ws/install/play_motion2_msgs/local/lib/python3.10/dist-packages:/home/alberto/tiago_public_ws/build/launch_pal:/home/alberto/tiago_public_ws/install/launch_pal/lib/python3.10/site-packages:${PYTHONPATH} /usr/bin/cmake --install /home/alberto/tiago_public_ws/build/tiago_bringup
[3.820s] Level 1:colcon.colcon_core.environment:create_environment_scripts_only(tiago_bringup)
[3.820s] Level 1:colcon.colcon_core.environment:checking '/home/alberto/tiago_public_ws/install/tiago_bringup' for CMake module files
[3.821s] DEBUG:colcon.colcon_core.event_handler.log_command:Invoked command in '/home/alberto/tiago_public_ws/build/tiago_bringup' returned '0': AMENT_PREFIX_PATH=/home/alberto/tiago_public_ws/install/tiago_description:/home/alberto/tiago_public_ws/install/tiago_controller_configuration:/home/alberto/tiago_public_ws/install/pmb2_description:/home/alberto/tiago_public_ws/install/pmb2_controller_configuration:/home/alberto/tiago_public_ws/install/play_motion2:/home/alberto/tiago_public_ws/install/pal_hey5_description:/home/alberto/tiago_public_ws/install/pal_gripper_description:/home/alberto/tiago_public_ws/install/urdf_test:/home/alberto/tiago_public_ws/install/play_motion2_msgs:/home/alberto/tiago_public_ws/install/pal_urdf_utils:/home/alberto/tiago_public_ws/install/pal_robotiq_description:/home/alberto/tiago_public_ws/install/pal_robotiq_controller_configuration:/home/alberto/tiago_public_ws/install/pal_hey5_controller_configuration:/home/alberto/tiago_public_ws/install/pal_gripper_controller_configuration:/home/alberto/tiago_public_ws/install/launch_pal:${AMENT_PREFIX_PATH} CMAKE_PREFIX_PATH=/home/alberto/tiago_public_ws/install/tiago_description:/home/alberto/tiago_public_ws/install/tiago_controller_configuration:/home/alberto/tiago_public_ws/install/pmb2_description:/home/alberto/tiago_public_ws/install/pmb2_controller_configuration:/home/alberto/tiago_public_ws/install/play_motion2:/home/alberto/tiago_public_ws/install/pal_hey5_description:/home/alberto/tiago_public_ws/install/pal_gripper_description:/home/alberto/tiago_public_ws/install/urdf_test:/home/alberto/tiago_public_ws/install/play_motion2_msgs:/home/alberto/tiago_public_ws/install/pal_urdf_utils:/home/alberto/tiago_public_ws/install/pal_robotiq_description:/home/alberto/tiago_public_ws/install/pal_robotiq_controller_configuration:/home/alberto/tiago_public_ws/install/pal_hey5_controller_configuration:/home/alberto/tiago_public_ws/install/pal_gripper_controller_configuration:/opt/ros/humble LD_LIBRARY_PATH=/home/alberto/tiago_public_ws/install/play_motion2/lib:/home/alberto/tiago_public_ws/install/play_motion2_msgs/lib:${LD_LIBRARY_PATH} PYTHONPATH=/home/alberto/tiago_public_ws/install/tiago_description/local/lib/python3.10/dist-packages:/home/alberto/tiago_public_ws/install/pmb2_description/local/lib/python3.10/dist-packages:/home/alberto/tiago_public_ws/install/play_motion2/local/lib/python3.10/dist-packages:/home/alberto/tiago_public_ws/install/urdf_test/local/lib/python3.10/dist-packages:/home/alberto/tiago_public_ws/install/play_motion2_msgs/local/lib/python3.10/dist-packages:/home/alberto/tiago_public_ws/build/launch_pal:/home/alberto/tiago_public_ws/install/launch_pal/lib/python3.10/site-packages:${PYTHONPATH} /usr/bin/cmake --install /home/alberto/tiago_public_ws/build/tiago_bringup
[3.822s] Level 1:colcon.colcon_core.environment:checking '/home/alberto/tiago_public_ws/install/tiago_bringup' for CMake config files
[3.823s] Level 1:colcon.colcon_core.shell:create_environment_hook('tiago_bringup', 'cmake_prefix_path')
[3.823s] INFO:colcon.colcon_core.shell:Creating environment hook '/home/alberto/tiago_public_ws/install/tiago_bringup/share/tiago_bringup/hook/cmake_prefix_path.ps1'
[3.824s] INFO:colcon.colcon_core.shell:Creating environment descriptor '/home/alberto/tiago_public_ws/install/tiago_bringup/share/tiago_bringup/hook/cmake_prefix_path.dsv'
[3.824s] INFO:colcon.colcon_core.shell:Creating environment hook '/home/alberto/tiago_public_ws/install/tiago_bringup/share/tiago_bringup/hook/cmake_prefix_path.sh'
[3.825s] Level 1:colcon.colcon_core.environment:checking '/home/alberto/tiago_public_ws/install/tiago_bringup/lib'
[3.825s] Level 1:colcon.colcon_core.environment:checking '/home/alberto/tiago_public_ws/install/tiago_bringup/bin'
[3.825s] Level 1:colcon.colcon_core.environment:checking '/home/alberto/tiago_public_ws/install/tiago_bringup/lib/pkgconfig/tiago_bringup.pc'
[3.825s] Level 1:colcon.colcon_core.environment:checking '/home/alberto/tiago_public_ws/install/tiago_bringup/lib/python3.10/site-packages'
[3.825s] Level 1:colcon.colcon_core.environment:checking '/home/alberto/tiago_public_ws/install/tiago_bringup/bin'
[3.826s] INFO:colcon.colcon_core.shell:Creating package script '/home/alberto/tiago_public_ws/install/tiago_bringup/share/tiago_bringup/package.ps1'
[3.826s] INFO:colcon.colcon_core.shell:Creating package descriptor '/home/alberto/tiago_public_ws/install/tiago_bringup/share/tiago_bringup/package.dsv'
[3.827s] INFO:colcon.colcon_core.shell:Creating package script '/home/alberto/tiago_public_ws/install/tiago_bringup/share/tiago_bringup/package.sh'
[3.827s] INFO:colcon.colcon_core.shell:Creating package script '/home/alberto/tiago_public_ws/install/tiago_bringup/share/tiago_bringup/package.bash'
[3.827s] INFO:colcon.colcon_core.shell:Creating package script '/home/alberto/tiago_public_ws/install/tiago_bringup/share/tiago_bringup/package.zsh'
[3.828s] Level 1:colcon.colcon_core.environment:create_file_with_runtime_dependencies(/home/alberto/tiago_public_ws/install/tiago_bringup/share/colcon-core/packages/tiago_bringup)
[3.829s] Level 1:colcon.colcon_core.environment:create_environment_scripts_only(tiago_bringup)
[3.829s] Level 1:colcon.colcon_core.environment:checking '/home/alberto/tiago_public_ws/install/tiago_bringup' for CMake module files
[3.829s] Level 1:colcon.colcon_core.environment:checking '/home/alberto/tiago_public_ws/install/tiago_bringup' for CMake config files
[3.830s] Level 1:colcon.colcon_core.shell:create_environment_hook('tiago_bringup', 'cmake_prefix_path')
[3.830s] INFO:colcon.colcon_core.shell:Creating environment hook '/home/alberto/tiago_public_ws/install/tiago_bringup/share/tiago_bringup/hook/cmake_prefix_path.ps1'
[3.830s] INFO:colcon.colcon_core.shell:Creating environment descriptor '/home/alberto/tiago_public_ws/install/tiago_bringup/share/tiago_bringup/hook/cmake_prefix_path.dsv'
[3.831s] INFO:colcon.colcon_core.shell:Creating environment hook '/home/alberto/tiago_public_ws/install/tiago_bringup/share/tiago_bringup/hook/cmake_prefix_path.sh'
[3.831s] Level 1:colcon.colcon_core.environment:checking '/home/alberto/tiago_public_ws/install/tiago_bringup/lib'
[3.831s] Level 1:colcon.colcon_core.environment:checking '/home/alberto/tiago_public_ws/install/tiago_bringup/bin'
[3.831s] Level 1:colcon.colcon_core.environment:checking '/home/alberto/tiago_public_ws/install/tiago_bringup/lib/pkgconfig/tiago_bringup.pc'
[3.832s] Level 1:colcon.colcon_core.environment:checking '/home/alberto/tiago_public_ws/install/tiago_bringup/lib/python3.10/site-packages'
[3.832s] Level 1:colcon.colcon_core.environment:checking '/home/alberto/tiago_public_ws/install/tiago_bringup/bin'
[3.832s] INFO:colcon.colcon_core.shell:Creating package script '/home/alberto/tiago_public_ws/install/tiago_bringup/share/tiago_bringup/package.ps1'
[3.832s] INFO:colcon.colcon_core.shell:Creating package descriptor '/home/alberto/tiago_public_ws/install/tiago_bringup/share/tiago_bringup/package.dsv'
[3.834s] INFO:colcon.colcon_core.shell:Creating package script '/home/alberto/tiago_public_ws/install/tiago_bringup/share/tiago_bringup/package.sh'
[3.834s] INFO:colcon.colcon_core.shell:Creating package script '/home/alberto/tiago_public_ws/install/tiago_bringup/share/tiago_bringup/package.bash'
[3.835s] INFO:colcon.colcon_core.shell:Creating package script '/home/alberto/tiago_public_ws/install/tiago_bringup/share/tiago_bringup/package.zsh'
[3.836s] Level 1:colcon.colcon_core.environment:create_file_with_runtime_dependencies(/home/alberto/tiago_public_ws/install/tiago_bringup/share/colcon-core/packages/tiago_bringup)
[3.837s] INFO:colcon.colcon_ros.task.ament_cmake.build:Building ROS package in '/home/alberto/tiago_public_ws/src/tiago_robot/tiago_robot' with build type 'ament_cmake'
[3.837s] INFO:colcon.colcon_cmake.task.cmake.build:Building CMake package in '/home/alberto/tiago_public_ws/src/tiago_robot/tiago_robot'
[3.837s] INFO:colcon.colcon_core.shell:Skip shell extension 'powershell' for command environment: Not usable outside of PowerShell
[3.837s] DEBUG:colcon.colcon_core.shell:Skip shell extension 'dsv' for command environment
[3.843s] Level 1:colcon.colcon_core.environment:create_environment_scripts_only(tiago_moveit_config)
[3.843s] Level 1:colcon.colcon_core.environment:checking '/home/alberto/tiago_public_ws/install/tiago_moveit_config' for CMake module files
[3.843s] DEBUG:colcon.colcon_core.event_handler.log_command:Invoked command in '/home/alberto/tiago_public_ws/build/tiago_moveit_config' returned '0': AMENT_PREFIX_PATH=/home/alberto/tiago_public_ws/install/tiago_description:/home/alberto/tiago_public_ws/install/pmb2_description:/home/alberto/tiago_public_ws/install/pal_hey5_description:/home/alberto/tiago_public_ws/install/pal_gripper_description:/home/alberto/tiago_public_ws/install/urdf_test:/home/alberto/tiago_public_ws/install/pal_urdf_utils:/home/alberto/tiago_public_ws/install/pal_robotiq_description:/home/alberto/tiago_public_ws/install/launch_pal:${AMENT_PREFIX_PATH} CMAKE_PREFIX_PATH=/home/alberto/tiago_public_ws/install/tiago_description:/home/alberto/tiago_public_ws/install/pmb2_description:/home/alberto/tiago_public_ws/install/pal_hey5_description:/home/alberto/tiago_public_ws/install/pal_gripper_description:/home/alberto/tiago_public_ws/install/urdf_test:/home/alberto/tiago_public_ws/install/pal_urdf_utils:/home/alberto/tiago_public_ws/install/pal_robotiq_description:/opt/ros/humble PYTHONPATH=/home/alberto/tiago_public_ws/install/tiago_description/local/lib/python3.10/dist-packages:/home/alberto/tiago_public_ws/install/pmb2_description/local/lib/python3.10/dist-packages:/home/alberto/tiago_public_ws/install/urdf_test/local/lib/python3.10/dist-packages:/home/alberto/tiago_public_ws/build/launch_pal:/home/alberto/tiago_public_ws/install/launch_pal/lib/python3.10/site-packages:${PYTHONPATH} /usr/bin/cmake --install /home/alberto/tiago_public_ws/build/tiago_moveit_config
[3.844s] Level 1:colcon.colcon_core.environment:checking '/home/alberto/tiago_public_ws/install/tiago_moveit_config' for CMake config files
[3.845s] Level 1:colcon.colcon_core.shell:create_environment_hook('tiago_moveit_config', 'cmake_prefix_path')
[3.845s] INFO:colcon.colcon_core.shell:Creating environment hook '/home/alberto/tiago_public_ws/install/tiago_moveit_config/share/tiago_moveit_config/hook/cmake_prefix_path.ps1'
[3.846s] INFO:colcon.colcon_core.shell:Creating environment descriptor '/home/alberto/tiago_public_ws/install/tiago_moveit_config/share/tiago_moveit_config/hook/cmake_prefix_path.dsv'
[3.846s] INFO:colcon.colcon_core.shell:Creating environment hook '/home/alberto/tiago_public_ws/install/tiago_moveit_config/share/tiago_moveit_config/hook/cmake_prefix_path.sh'
[3.847s] Level 1:colcon.colcon_core.environment:checking '/home/alberto/tiago_public_ws/install/tiago_moveit_config/bin'
[3.847s] Level 1:colcon.colcon_core.environment:checking '/home/alberto/tiago_public_ws/install/tiago_moveit_config/lib/pkgconfig/tiago_moveit_config.pc'
[3.847s] Level 1:colcon.colcon_core.environment:checking '/home/alberto/tiago_public_ws/install/tiago_moveit_config/lib/python3.10/site-packages'
[3.847s] Level 1:colcon.colcon_core.environment:checking '/home/alberto/tiago_public_ws/install/tiago_moveit_config/bin'
[3.848s] INFO:colcon.colcon_core.shell:Creating package script '/home/alberto/tiago_public_ws/install/tiago_moveit_config/share/tiago_moveit_config/package.ps1'
[3.848s] INFO:colcon.colcon_core.shell:Creating package descriptor '/home/alberto/tiago_public_ws/install/tiago_moveit_config/share/tiago_moveit_config/package.dsv'
[3.848s] INFO:colcon.colcon_core.shell:Creating package script '/home/alberto/tiago_public_ws/install/tiago_moveit_config/share/tiago_moveit_config/package.sh'
[3.849s] INFO:colcon.colcon_core.shell:Creating package script '/home/alberto/tiago_public_ws/install/tiago_moveit_config/share/tiago_moveit_config/package.bash'
[3.849s] INFO:colcon.colcon_core.shell:Creating package script '/home/alberto/tiago_public_ws/install/tiago_moveit_config/share/tiago_moveit_config/package.zsh'
[3.850s] Level 1:colcon.colcon_core.environment:create_file_with_runtime_dependencies(/home/alberto/tiago_public_ws/install/tiago_moveit_config/share/colcon-core/packages/tiago_moveit_config)
[3.851s] Level 1:colcon.colcon_core.environment:create_environment_scripts_only(tiago_moveit_config)
[3.851s] Level 1:colcon.colcon_core.environment:checking '/home/alberto/tiago_public_ws/install/tiago_moveit_config' for CMake module files
[3.851s] Level 1:colcon.colcon_core.environment:checking '/home/alberto/tiago_public_ws/install/tiago_moveit_config' for CMake config files
[3.852s] Level 1:colcon.colcon_core.shell:create_environment_hook('tiago_moveit_config', 'cmake_prefix_path')
[3.853s] INFO:colcon.colcon_core.shell:Creating environment hook '/home/alberto/tiago_public_ws/install/tiago_moveit_config/share/tiago_moveit_config/hook/cmake_prefix_path.ps1'
[3.853s] INFO:colcon.colcon_core.shell:Creating environment descriptor '/home/alberto/tiago_public_ws/install/tiago_moveit_config/share/tiago_moveit_config/hook/cmake_prefix_path.dsv'
[3.853s] INFO:colcon.colcon_core.shell:Creating environment hook '/home/alberto/tiago_public_ws/install/tiago_moveit_config/share/tiago_moveit_config/hook/cmake_prefix_path.sh'
[3.854s] Level 1:colcon.colcon_core.environment:checking '/home/alberto/tiago_public_ws/install/tiago_moveit_config/bin'
[3.854s] Level 1:colcon.colcon_core.environment:checking '/home/alberto/tiago_public_ws/install/tiago_moveit_config/lib/pkgconfig/tiago_moveit_config.pc'
[3.854s] Level 1:colcon.colcon_core.environment:checking '/home/alberto/tiago_public_ws/install/tiago_moveit_config/lib/python3.10/site-packages'
[3.855s] Level 1:colcon.colcon_core.environment:checking '/home/alberto/tiago_public_ws/install/tiago_moveit_config/bin'
[3.855s] INFO:colcon.colcon_core.shell:Creating package script '/home/alberto/tiago_public_ws/install/tiago_moveit_config/share/tiago_moveit_config/package.ps1'
[3.856s] INFO:colcon.colcon_core.shell:Creating package descriptor '/home/alberto/tiago_public_ws/install/tiago_moveit_config/share/tiago_moveit_config/package.dsv'
[3.856s] INFO:colcon.colcon_core.shell:Creating package script '/home/alberto/tiago_public_ws/install/tiago_moveit_config/share/tiago_moveit_config/package.sh'
[3.857s] INFO:colcon.colcon_core.shell:Creating package script '/home/alberto/tiago_public_ws/install/tiago_moveit_config/share/tiago_moveit_config/package.bash'
[3.858s] INFO:colcon.colcon_core.shell:Creating package script '/home/alberto/tiago_public_ws/install/tiago_moveit_config/share/tiago_moveit_config/package.zsh'
[3.858s] Level 1:colcon.colcon_core.environment:create_file_with_runtime_dependencies(/home/alberto/tiago_public_ws/install/tiago_moveit_config/share/colcon-core/packages/tiago_moveit_config)
[3.859s] INFO:colcon.colcon_ros.task.ament_cmake.build:Building ROS package in '/home/alberto/tiago_public_ws/src/tiago_simulation/tiago_gazebo' with build type 'ament_cmake'
[3.859s] INFO:colcon.colcon_cmake.task.cmake.build:Building CMake package in '/home/alberto/tiago_public_ws/src/tiago_simulation/tiago_gazebo'
[3.859s] INFO:colcon.colcon_core.shell:Skip shell extension 'powershell' for command environment: Not usable outside of PowerShell
[3.859s] DEBUG:colcon.colcon_core.shell:Skip shell extension 'dsv' for command environment
[3.871s] DEBUG:colcon.colcon_core.event_handler.log_command:Invoking command in '/home/alberto/tiago_public_ws/build/tiago_robot': AMENT_PREFIX_PATH=/home/alberto/tiago_public_ws/install/tiago_bringup:/home/alberto/tiago_public_ws/install/tiago_description:/home/alberto/tiago_public_ws/install/tiago_controller_configuration:/home/alberto/tiago_public_ws/install/pmb2_description:/home/alberto/tiago_public_ws/install/pmb2_controller_configuration:/home/alberto/tiago_public_ws/install/play_motion2:/home/alberto/tiago_public_ws/install/pal_hey5_description:/home/alberto/tiago_public_ws/install/pal_gripper_description:/home/alberto/tiago_public_ws/install/urdf_test:/home/alberto/tiago_public_ws/install/play_motion2_msgs:/home/alberto/tiago_public_ws/install/pal_urdf_utils:/home/alberto/tiago_public_ws/install/pal_robotiq_description:/home/alberto/tiago_public_ws/install/pal_robotiq_controller_configuration:/home/alberto/tiago_public_ws/install/pal_hey5_controller_configuration:/home/alberto/tiago_public_ws/install/pal_gripper_controller_configuration:/home/alberto/tiago_public_ws/install/launch_pal:${AMENT_PREFIX_PATH} CMAKE_PREFIX_PATH=/home/alberto/tiago_public_ws/install/tiago_bringup:/home/alberto/tiago_public_ws/install/tiago_description:/home/alberto/tiago_public_ws/install/tiago_controller_configuration:/home/alberto/tiago_public_ws/install/pmb2_description:/home/alberto/tiago_public_ws/install/pmb2_controller_configuration:/home/alberto/tiago_public_ws/install/play_motion2:/home/alberto/tiago_public_ws/install/pal_hey5_description:/home/alberto/tiago_public_ws/install/pal_gripper_description:/home/alberto/tiago_public_ws/install/urdf_test:/home/alberto/tiago_public_ws/install/play_motion2_msgs:/home/alberto/tiago_public_ws/install/pal_urdf_utils:/home/alberto/tiago_public_ws/install/pal_robotiq_description:/home/alberto/tiago_public_ws/install/pal_robotiq_controller_configuration:/home/alberto/tiago_public_ws/install/pal_hey5_controller_configuration:/home/alberto/tiago_public_ws/install/pal_gripper_controller_configuration:/opt/ros/humble LD_LIBRARY_PATH=/home/alberto/tiago_public_ws/install/play_motion2/lib:/home/alberto/tiago_public_ws/install/play_motion2_msgs/lib:${LD_LIBRARY_PATH} PYTHONPATH=/home/alberto/tiago_public_ws/install/tiago_description/local/lib/python3.10/dist-packages:/home/alberto/tiago_public_ws/install/pmb2_description/local/lib/python3.10/dist-packages:/home/alberto/tiago_public_ws/install/play_motion2/local/lib/python3.10/dist-packages:/home/alberto/tiago_public_ws/install/urdf_test/local/lib/python3.10/dist-packages:/home/alberto/tiago_public_ws/install/play_motion2_msgs/local/lib/python3.10/dist-packages:/home/alberto/tiago_public_ws/build/launch_pal:/home/alberto/tiago_public_ws/install/launch_pal/lib/python3.10/site-packages:${PYTHONPATH} /usr/bin/cmake --build /home/alberto/tiago_public_ws/build/tiago_robot -- -j12 -l12
[3.897s] DEBUG:colcon.colcon_core.event_handler.log_command:Invoking command in '/home/alberto/tiago_public_ws/build/tiago_gazebo': AMENT_PREFIX_PATH=/home/alberto/tiago_public_ws/install/tiago_moveit_config:/home/alberto/tiago_public_ws/install/tiago_bringup:/home/alberto/tiago_public_ws/install/tiago_description:/home/alberto/tiago_public_ws/install/tiago_controller_configuration:/home/alberto/tiago_public_ws/install/tiago_2dnav:/home/alberto/tiago_public_ws/install/tiago_laser_sensors:/home/alberto/tiago_public_ws/install/pmb2_description:/home/alberto/tiago_public_ws/install/pmb2_controller_configuration:/home/alberto/tiago_public_ws/install/pmb2_2dnav:/home/alberto/tiago_public_ws/install/play_motion2:/home/alberto/tiago_public_ws/install/pal_hey5_description:/home/alberto/tiago_public_ws/install/pal_gripper_description:/home/alberto/tiago_public_ws/install/urdf_test:/home/alberto/tiago_public_ws/install/pmb2_laser_sensors:/home/alberto/tiago_public_ws/install/play_motion2_msgs:/home/alberto/tiago_public_ws/install/pal_urdf_utils:/home/alberto/tiago_public_ws/install/pal_robotiq_description:/home/alberto/tiago_public_ws/install/pal_robotiq_controller_configuration:/home/alberto/tiago_public_ws/install/pal_hey5_controller_configuration:/home/alberto/tiago_public_ws/install/pal_gripper_controller_configuration:/home/alberto/tiago_public_ws/install/pal_gazebo_worlds:/home/alberto/tiago_public_ws/install/launch_pal:${AMENT_PREFIX_PATH} CMAKE_PREFIX_PATH=/home/alberto/tiago_public_ws/install/tiago_moveit_config:/home/alberto/tiago_public_ws/install/tiago_bringup:/home/alberto/tiago_public_ws/install/tiago_description:/home/alberto/tiago_public_ws/install/tiago_controller_configuration:/home/alberto/tiago_public_ws/install/tiago_2dnav:/home/alberto/tiago_public_ws/install/tiago_laser_sensors:/home/alberto/tiago_public_ws/install/pmb2_description:/home/alberto/tiago_public_ws/install/pmb2_controller_configuration:/home/alberto/tiago_public_ws/install/pmb2_2dnav:/home/alberto/tiago_public_ws/install/play_motion2:/home/alberto/tiago_public_ws/install/pal_hey5_description:/home/alberto/tiago_public_ws/install/pal_gripper_description:/home/alberto/tiago_public_ws/install/urdf_test:/home/alberto/tiago_public_ws/install/pmb2_laser_sensors:/home/alberto/tiago_public_ws/install/play_motion2_msgs:/home/alberto/tiago_public_ws/install/pal_urdf_utils:/home/alberto/tiago_public_ws/install/pal_robotiq_description:/home/alberto/tiago_public_ws/install/pal_robotiq_controller_configuration:/home/alberto/tiago_public_ws/install/pal_hey5_controller_configuration:/home/alberto/tiago_public_ws/install/pal_gripper_controller_configuration:/home/alberto/tiago_public_ws/install/pal_gazebo_worlds:/opt/ros/humble LD_LIBRARY_PATH=/home/alberto/tiago_public_ws/install/play_motion2/lib:/home/alberto/tiago_public_ws/install/play_motion2_msgs/lib:${LD_LIBRARY_PATH} PYTHONPATH=/home/alberto/tiago_public_ws/install/tiago_description/local/lib/python3.10/dist-packages:/home/alberto/tiago_public_ws/install/pmb2_description/local/lib/python3.10/dist-packages:/home/alberto/tiago_public_ws/install/play_motion2/local/lib/python3.10/dist-packages:/home/alberto/tiago_public_ws/install/urdf_test/local/lib/python3.10/dist-packages:/home/alberto/tiago_public_ws/install/play_motion2_msgs/local/lib/python3.10/dist-packages:/home/alberto/tiago_public_ws/build/launch_pal:/home/alberto/tiago_public_ws/install/launch_pal/lib/python3.10/site-packages:${PYTHONPATH} /usr/bin/cmake --build /home/alberto/tiago_public_ws/build/tiago_gazebo -- -j12 -l12
[3.923s] DEBUG:colcon.colcon_core.event_handler.log_command:Invoked command in '/home/alberto/tiago_public_ws/build/tiago_robot' returned '0': AMENT_PREFIX_PATH=/home/alberto/tiago_public_ws/install/tiago_bringup:/home/alberto/tiago_public_ws/install/tiago_description:/home/alberto/tiago_public_ws/install/tiago_controller_configuration:/home/alberto/tiago_public_ws/install/pmb2_description:/home/alberto/tiago_public_ws/install/pmb2_controller_configuration:/home/alberto/tiago_public_ws/install/play_motion2:/home/alberto/tiago_public_ws/install/pal_hey5_description:/home/alberto/tiago_public_ws/install/pal_gripper_description:/home/alberto/tiago_public_ws/install/urdf_test:/home/alberto/tiago_public_ws/install/play_motion2_msgs:/home/alberto/tiago_public_ws/install/pal_urdf_utils:/home/alberto/tiago_public_ws/install/pal_robotiq_description:/home/alberto/tiago_public_ws/install/pal_robotiq_controller_configuration:/home/alberto/tiago_public_ws/install/pal_hey5_controller_configuration:/home/alberto/tiago_public_ws/install/pal_gripper_controller_configuration:/home/alberto/tiago_public_ws/install/launch_pal:${AMENT_PREFIX_PATH} CMAKE_PREFIX_PATH=/home/alberto/tiago_public_ws/install/tiago_bringup:/home/alberto/tiago_public_ws/install/tiago_description:/home/alberto/tiago_public_ws/install/tiago_controller_configuration:/home/alberto/tiago_public_ws/install/pmb2_description:/home/alberto/tiago_public_ws/install/pmb2_controller_configuration:/home/alberto/tiago_public_ws/install/play_motion2:/home/alberto/tiago_public_ws/install/pal_hey5_description:/home/alberto/tiago_public_ws/install/pal_gripper_description:/home/alberto/tiago_public_ws/install/urdf_test:/home/alberto/tiago_public_ws/install/play_motion2_msgs:/home/alberto/tiago_public_ws/install/pal_urdf_utils:/home/alberto/tiago_public_ws/install/pal_robotiq_description:/home/alberto/tiago_public_ws/install/pal_robotiq_controller_configuration:/home/alberto/tiago_public_ws/install/pal_hey5_controller_configuration:/home/alberto/tiago_public_ws/install/pal_gripper_controller_configuration:/opt/ros/humble LD_LIBRARY_PATH=/home/alberto/tiago_public_ws/install/play_motion2/lib:/home/alberto/tiago_public_ws/install/play_motion2_msgs/lib:${LD_LIBRARY_PATH} PYTHONPATH=/home/alberto/tiago_public_ws/install/tiago_description/local/lib/python3.10/dist-packages:/home/alberto/tiago_public_ws/install/pmb2_description/local/lib/python3.10/dist-packages:/home/alberto/tiago_public_ws/install/play_motion2/local/lib/python3.10/dist-packages:/home/alberto/tiago_public_ws/install/urdf_test/local/lib/python3.10/dist-packages:/home/alberto/tiago_public_ws/install/play_motion2_msgs/local/lib/python3.10/dist-packages:/home/alberto/tiago_public_ws/build/launch_pal:/home/alberto/tiago_public_ws/install/launch_pal/lib/python3.10/site-packages:${PYTHONPATH} /usr/bin/cmake --build /home/alberto/tiago_public_ws/build/tiago_robot -- -j12 -l12
[3.927s] DEBUG:colcon.colcon_core.event_handler.log_command:Invoking command in '/home/alberto/tiago_public_ws/build/tiago_robot': AMENT_PREFIX_PATH=/home/alberto/tiago_public_ws/install/tiago_bringup:/home/alberto/tiago_public_ws/install/tiago_description:/home/alberto/tiago_public_ws/install/tiago_controller_configuration:/home/alberto/tiago_public_ws/install/pmb2_description:/home/alberto/tiago_public_ws/install/pmb2_controller_configuration:/home/alberto/tiago_public_ws/install/play_motion2:/home/alberto/tiago_public_ws/install/pal_hey5_description:/home/alberto/tiago_public_ws/install/pal_gripper_description:/home/alberto/tiago_public_ws/install/urdf_test:/home/alberto/tiago_public_ws/install/play_motion2_msgs:/home/alberto/tiago_public_ws/install/pal_urdf_utils:/home/alberto/tiago_public_ws/install/pal_robotiq_description:/home/alberto/tiago_public_ws/install/pal_robotiq_controller_configuration:/home/alberto/tiago_public_ws/install/pal_hey5_controller_configuration:/home/alberto/tiago_public_ws/install/pal_gripper_controller_configuration:/home/alberto/tiago_public_ws/install/launch_pal:${AMENT_PREFIX_PATH} CMAKE_PREFIX_PATH=/home/alberto/tiago_public_ws/install/tiago_bringup:/home/alberto/tiago_public_ws/install/tiago_description:/home/alberto/tiago_public_ws/install/tiago_controller_configuration:/home/alberto/tiago_public_ws/install/pmb2_description:/home/alberto/tiago_public_ws/install/pmb2_controller_configuration:/home/alberto/tiago_public_ws/install/play_motion2:/home/alberto/tiago_public_ws/install/pal_hey5_description:/home/alberto/tiago_public_ws/install/pal_gripper_description:/home/alberto/tiago_public_ws/install/urdf_test:/home/alberto/tiago_public_ws/install/play_motion2_msgs:/home/alberto/tiago_public_ws/install/pal_urdf_utils:/home/alberto/tiago_public_ws/install/pal_robotiq_description:/home/alberto/tiago_public_ws/install/pal_robotiq_controller_configuration:/home/alberto/tiago_public_ws/install/pal_hey5_controller_configuration:/home/alberto/tiago_public_ws/install/pal_gripper_controller_configuration:/opt/ros/humble LD_LIBRARY_PATH=/home/alberto/tiago_public_ws/install/play_motion2/lib:/home/alberto/tiago_public_ws/install/play_motion2_msgs/lib:${LD_LIBRARY_PATH} PYTHONPATH=/home/alberto/tiago_public_ws/install/tiago_description/local/lib/python3.10/dist-packages:/home/alberto/tiago_public_ws/install/pmb2_description/local/lib/python3.10/dist-packages:/home/alberto/tiago_public_ws/install/play_motion2/local/lib/python3.10/dist-packages:/home/alberto/tiago_public_ws/install/urdf_test/local/lib/python3.10/dist-packages:/home/alberto/tiago_public_ws/install/play_motion2_msgs/local/lib/python3.10/dist-packages:/home/alberto/tiago_public_ws/build/launch_pal:/home/alberto/tiago_public_ws/install/launch_pal/lib/python3.10/site-packages:${PYTHONPATH} /usr/bin/cmake --install /home/alberto/tiago_public_ws/build/tiago_robot
[3.961s] Level 1:colcon.colcon_core.environment:create_environment_scripts_only(tiago_robot)
[3.962s] Level 1:colcon.colcon_core.environment:checking '/home/alberto/tiago_public_ws/install/tiago_robot' for CMake module files
[3.962s] DEBUG:colcon.colcon_core.event_handler.log_command:Invoked command in '/home/alberto/tiago_public_ws/build/tiago_robot' returned '0': AMENT_PREFIX_PATH=/home/alberto/tiago_public_ws/install/tiago_bringup:/home/alberto/tiago_public_ws/install/tiago_description:/home/alberto/tiago_public_ws/install/tiago_controller_configuration:/home/alberto/tiago_public_ws/install/pmb2_description:/home/alberto/tiago_public_ws/install/pmb2_controller_configuration:/home/alberto/tiago_public_ws/install/play_motion2:/home/alberto/tiago_public_ws/install/pal_hey5_description:/home/alberto/tiago_public_ws/install/pal_gripper_description:/home/alberto/tiago_public_ws/install/urdf_test:/home/alberto/tiago_public_ws/install/play_motion2_msgs:/home/alberto/tiago_public_ws/install/pal_urdf_utils:/home/alberto/tiago_public_ws/install/pal_robotiq_description:/home/alberto/tiago_public_ws/install/pal_robotiq_controller_configuration:/home/alberto/tiago_public_ws/install/pal_hey5_controller_configuration:/home/alberto/tiago_public_ws/install/pal_gripper_controller_configuration:/home/alberto/tiago_public_ws/install/launch_pal:${AMENT_PREFIX_PATH} CMAKE_PREFIX_PATH=/home/alberto/tiago_public_ws/install/tiago_bringup:/home/alberto/tiago_public_ws/install/tiago_description:/home/alberto/tiago_public_ws/install/tiago_controller_configuration:/home/alberto/tiago_public_ws/install/pmb2_description:/home/alberto/tiago_public_ws/install/pmb2_controller_configuration:/home/alberto/tiago_public_ws/install/play_motion2:/home/alberto/tiago_public_ws/install/pal_hey5_description:/home/alberto/tiago_public_ws/install/pal_gripper_description:/home/alberto/tiago_public_ws/install/urdf_test:/home/alberto/tiago_public_ws/install/play_motion2_msgs:/home/alberto/tiago_public_ws/install/pal_urdf_utils:/home/alberto/tiago_public_ws/install/pal_robotiq_description:/home/alberto/tiago_public_ws/install/pal_robotiq_controller_configuration:/home/alberto/tiago_public_ws/install/pal_hey5_controller_configuration:/home/alberto/tiago_public_ws/install/pal_gripper_controller_configuration:/opt/ros/humble LD_LIBRARY_PATH=/home/alberto/tiago_public_ws/install/play_motion2/lib:/home/alberto/tiago_public_ws/install/play_motion2_msgs/lib:${LD_LIBRARY_PATH} PYTHONPATH=/home/alberto/tiago_public_ws/install/tiago_description/local/lib/python3.10/dist-packages:/home/alberto/tiago_public_ws/install/pmb2_description/local/lib/python3.10/dist-packages:/home/alberto/tiago_public_ws/install/play_motion2/local/lib/python3.10/dist-packages:/home/alberto/tiago_public_ws/install/urdf_test/local/lib/python3.10/dist-packages:/home/alberto/tiago_public_ws/install/play_motion2_msgs/local/lib/python3.10/dist-packages:/home/alberto/tiago_public_ws/build/launch_pal:/home/alberto/tiago_public_ws/install/launch_pal/lib/python3.10/site-packages:${PYTHONPATH} /usr/bin/cmake --install /home/alberto/tiago_public_ws/build/tiago_robot
[3.963s] Level 1:colcon.colcon_core.environment:checking '/home/alberto/tiago_public_ws/install/tiago_robot' for CMake config files
[3.963s] Level 1:colcon.colcon_core.shell:create_environment_hook('tiago_robot', 'cmake_prefix_path')
[3.963s] INFO:colcon.colcon_core.shell:Creating environment hook '/home/alberto/tiago_public_ws/install/tiago_robot/share/tiago_robot/hook/cmake_prefix_path.ps1'
[3.964s] INFO:colcon.colcon_core.shell:Creating environment descriptor '/home/alberto/tiago_public_ws/install/tiago_robot/share/tiago_robot/hook/cmake_prefix_path.dsv'
[3.964s] INFO:colcon.colcon_core.shell:Creating environment hook '/home/alberto/tiago_public_ws/install/tiago_robot/share/tiago_robot/hook/cmake_prefix_path.sh'
[3.965s] Level 1:colcon.colcon_core.environment:checking '/home/alberto/tiago_public_ws/install/tiago_robot/bin'
[3.965s] Level 1:colcon.colcon_core.environment:checking '/home/alberto/tiago_public_ws/install/tiago_robot/lib/pkgconfig/tiago_robot.pc'
[3.966s] Level 1:colcon.colcon_core.environment:checking '/home/alberto/tiago_public_ws/install/tiago_robot/lib/python3.10/site-packages'
[3.966s] Level 1:colcon.colcon_core.environment:checking '/home/alberto/tiago_public_ws/install/tiago_robot/bin'
[3.966s] INFO:colcon.colcon_core.shell:Creating package script '/home/alberto/tiago_public_ws/install/tiago_robot/share/tiago_robot/package.ps1'
[3.967s] INFO:colcon.colcon_core.shell:Creating package descriptor '/home/alberto/tiago_public_ws/install/tiago_robot/share/tiago_robot/package.dsv'
[3.967s] INFO:colcon.colcon_core.shell:Creating package script '/home/alberto/tiago_public_ws/install/tiago_robot/share/tiago_robot/package.sh'
[3.968s] INFO:colcon.colcon_core.shell:Creating package script '/home/alberto/tiago_public_ws/install/tiago_robot/share/tiago_robot/package.bash'
[3.968s] INFO:colcon.colcon_core.shell:Creating package script '/home/alberto/tiago_public_ws/install/tiago_robot/share/tiago_robot/package.zsh'
[3.968s] Level 1:colcon.colcon_core.environment:create_file_with_runtime_dependencies(/home/alberto/tiago_public_ws/install/tiago_robot/share/colcon-core/packages/tiago_robot)
[3.969s] Level 1:colcon.colcon_core.environment:create_environment_scripts_only(tiago_robot)
[3.969s] Level 1:colcon.colcon_core.environment:checking '/home/alberto/tiago_public_ws/install/tiago_robot' for CMake module files
[3.970s] Level 1:colcon.colcon_core.environment:checking '/home/alberto/tiago_public_ws/install/tiago_robot' for CMake config files
[3.970s] Level 1:colcon.colcon_core.shell:create_environment_hook('tiago_robot', 'cmake_prefix_path')
[3.970s] INFO:colcon.colcon_core.shell:Creating environment hook '/home/alberto/tiago_public_ws/install/tiago_robot/share/tiago_robot/hook/cmake_prefix_path.ps1'
[3.971s] INFO:colcon.colcon_core.shell:Creating environment descriptor '/home/alberto/tiago_public_ws/install/tiago_robot/share/tiago_robot/hook/cmake_prefix_path.dsv'
[3.971s] INFO:colcon.colcon_core.shell:Creating environment hook '/home/alberto/tiago_public_ws/install/tiago_robot/share/tiago_robot/hook/cmake_prefix_path.sh'
[3.972s] Level 1:colcon.colcon_core.environment:checking '/home/alberto/tiago_public_ws/install/tiago_robot/bin'
[3.972s] Level 1:colcon.colcon_core.environment:checking '/home/alberto/tiago_public_ws/install/tiago_robot/lib/pkgconfig/tiago_robot.pc'
[3.972s] Level 1:colcon.colcon_core.environment:checking '/home/alberto/tiago_public_ws/install/tiago_robot/lib/python3.10/site-packages'
[3.972s] Level 1:colcon.colcon_core.environment:checking '/home/alberto/tiago_public_ws/install/tiago_robot/bin'
[3.972s] INFO:colcon.colcon_core.shell:Creating package script '/home/alberto/tiago_public_ws/install/tiago_robot/share/tiago_robot/package.ps1'
[3.973s] INFO:colcon.colcon_core.shell:Creating package descriptor '/home/alberto/tiago_public_ws/install/tiago_robot/share/tiago_robot/package.dsv'
[3.973s] INFO:colcon.colcon_core.shell:Creating package script '/home/alberto/tiago_public_ws/install/tiago_robot/share/tiago_robot/package.sh'
[3.974s] INFO:colcon.colcon_core.shell:Creating package script '/home/alberto/tiago_public_ws/install/tiago_robot/share/tiago_robot/package.bash'
[3.975s] INFO:colcon.colcon_core.shell:Creating package script '/home/alberto/tiago_public_ws/install/tiago_robot/share/tiago_robot/package.zsh'
[3.975s] Level 1:colcon.colcon_core.environment:create_file_with_runtime_dependencies(/home/alberto/tiago_public_ws/install/tiago_robot/share/colcon-core/packages/tiago_robot)
[4.032s] DEBUG:colcon.colcon_core.event_handler.log_command:Invoked command in '/home/alberto/tiago_public_ws/build/tiago_gazebo' returned '0': AMENT_PREFIX_PATH=/home/alberto/tiago_public_ws/install/tiago_moveit_config:/home/alberto/tiago_public_ws/install/tiago_bringup:/home/alberto/tiago_public_ws/install/tiago_description:/home/alberto/tiago_public_ws/install/tiago_controller_configuration:/home/alberto/tiago_public_ws/install/tiago_2dnav:/home/alberto/tiago_public_ws/install/tiago_laser_sensors:/home/alberto/tiago_public_ws/install/pmb2_description:/home/alberto/tiago_public_ws/install/pmb2_controller_configuration:/home/alberto/tiago_public_ws/install/pmb2_2dnav:/home/alberto/tiago_public_ws/install/play_motion2:/home/alberto/tiago_public_ws/install/pal_hey5_description:/home/alberto/tiago_public_ws/install/pal_gripper_description:/home/alberto/tiago_public_ws/install/urdf_test:/home/alberto/tiago_public_ws/install/pmb2_laser_sensors:/home/alberto/tiago_public_ws/install/play_motion2_msgs:/home/alberto/tiago_public_ws/install/pal_urdf_utils:/home/alberto/tiago_public_ws/install/pal_robotiq_description:/home/alberto/tiago_public_ws/install/pal_robotiq_controller_configuration:/home/alberto/tiago_public_ws/install/pal_hey5_controller_configuration:/home/alberto/tiago_public_ws/install/pal_gripper_controller_configuration:/home/alberto/tiago_public_ws/install/pal_gazebo_worlds:/home/alberto/tiago_public_ws/install/launch_pal:${AMENT_PREFIX_PATH} CMAKE_PREFIX_PATH=/home/alberto/tiago_public_ws/install/tiago_moveit_config:/home/alberto/tiago_public_ws/install/tiago_bringup:/home/alberto/tiago_public_ws/install/tiago_description:/home/alberto/tiago_public_ws/install/tiago_controller_configuration:/home/alberto/tiago_public_ws/install/tiago_2dnav:/home/alberto/tiago_public_ws/install/tiago_laser_sensors:/home/alberto/tiago_public_ws/install/pmb2_description:/home/alberto/tiago_public_ws/install/pmb2_controller_configuration:/home/alberto/tiago_public_ws/install/pmb2_2dnav:/home/alberto/tiago_public_ws/install/play_motion2:/home/alberto/tiago_public_ws/install/pal_hey5_description:/home/alberto/tiago_public_ws/install/pal_gripper_description:/home/alberto/tiago_public_ws/install/urdf_test:/home/alberto/tiago_public_ws/install/pmb2_laser_sensors:/home/alberto/tiago_public_ws/install/play_motion2_msgs:/home/alberto/tiago_public_ws/install/pal_urdf_utils:/home/alberto/tiago_public_ws/install/pal_robotiq_description:/home/alberto/tiago_public_ws/install/pal_robotiq_controller_configuration:/home/alberto/tiago_public_ws/install/pal_hey5_controller_configuration:/home/alberto/tiago_public_ws/install/pal_gripper_controller_configuration:/home/alberto/tiago_public_ws/install/pal_gazebo_worlds:/opt/ros/humble LD_LIBRARY_PATH=/home/alberto/tiago_public_ws/install/play_motion2/lib:/home/alberto/tiago_public_ws/install/play_motion2_msgs/lib:${LD_LIBRARY_PATH} PYTHONPATH=/home/alberto/tiago_public_ws/install/tiago_description/local/lib/python3.10/dist-packages:/home/alberto/tiago_public_ws/install/pmb2_description/local/lib/python3.10/dist-packages:/home/alberto/tiago_public_ws/install/play_motion2/local/lib/python3.10/dist-packages:/home/alberto/tiago_public_ws/install/urdf_test/local/lib/python3.10/dist-packages:/home/alberto/tiago_public_ws/install/play_motion2_msgs/local/lib/python3.10/dist-packages:/home/alberto/tiago_public_ws/build/launch_pal:/home/alberto/tiago_public_ws/install/launch_pal/lib/python3.10/site-packages:${PYTHONPATH} /usr/bin/cmake --build /home/alberto/tiago_public_ws/build/tiago_gazebo -- -j12 -l12
[4.037s] DEBUG:colcon.colcon_core.event_handler.log_command:Invoking command in '/home/alberto/tiago_public_ws/build/tiago_gazebo': AMENT_PREFIX_PATH=/home/alberto/tiago_public_ws/install/tiago_moveit_config:/home/alberto/tiago_public_ws/install/tiago_bringup:/home/alberto/tiago_public_ws/install/tiago_description:/home/alberto/tiago_public_ws/install/tiago_controller_configuration:/home/alberto/tiago_public_ws/install/tiago_2dnav:/home/alberto/tiago_public_ws/install/tiago_laser_sensors:/home/alberto/tiago_public_ws/install/pmb2_description:/home/alberto/tiago_public_ws/install/pmb2_controller_configuration:/home/alberto/tiago_public_ws/install/pmb2_2dnav:/home/alberto/tiago_public_ws/install/play_motion2:/home/alberto/tiago_public_ws/install/pal_hey5_description:/home/alberto/tiago_public_ws/install/pal_gripper_description:/home/alberto/tiago_public_ws/install/urdf_test:/home/alberto/tiago_public_ws/install/pmb2_laser_sensors:/home/alberto/tiago_public_ws/install/play_motion2_msgs:/home/alberto/tiago_public_ws/install/pal_urdf_utils:/home/alberto/tiago_public_ws/install/pal_robotiq_description:/home/alberto/tiago_public_ws/install/pal_robotiq_controller_configuration:/home/alberto/tiago_public_ws/install/pal_hey5_controller_configuration:/home/alberto/tiago_public_ws/install/pal_gripper_controller_configuration:/home/alberto/tiago_public_ws/install/pal_gazebo_worlds:/home/alberto/tiago_public_ws/install/launch_pal:${AMENT_PREFIX_PATH} CMAKE_PREFIX_PATH=/home/alberto/tiago_public_ws/install/tiago_moveit_config:/home/alberto/tiago_public_ws/install/tiago_bringup:/home/alberto/tiago_public_ws/install/tiago_description:/home/alberto/tiago_public_ws/install/tiago_controller_configuration:/home/alberto/tiago_public_ws/install/tiago_2dnav:/home/alberto/tiago_public_ws/install/tiago_laser_sensors:/home/alberto/tiago_public_ws/install/pmb2_description:/home/alberto/tiago_public_ws/install/pmb2_controller_configuration:/home/alberto/tiago_public_ws/install/pmb2_2dnav:/home/alberto/tiago_public_ws/install/play_motion2:/home/alberto/tiago_public_ws/install/pal_hey5_description:/home/alberto/tiago_public_ws/install/pal_gripper_description:/home/alberto/tiago_public_ws/install/urdf_test:/home/alberto/tiago_public_ws/install/pmb2_laser_sensors:/home/alberto/tiago_public_ws/install/play_motion2_msgs:/home/alberto/tiago_public_ws/install/pal_urdf_utils:/home/alberto/tiago_public_ws/install/pal_robotiq_description:/home/alberto/tiago_public_ws/install/pal_robotiq_controller_configuration:/home/alberto/tiago_public_ws/install/pal_hey5_controller_configuration:/home/alberto/tiago_public_ws/install/pal_gripper_controller_configuration:/home/alberto/tiago_public_ws/install/pal_gazebo_worlds:/opt/ros/humble LD_LIBRARY_PATH=/home/alberto/tiago_public_ws/install/play_motion2/lib:/home/alberto/tiago_public_ws/install/play_motion2_msgs/lib:${LD_LIBRARY_PATH} PYTHONPATH=/home/alberto/tiago_public_ws/install/tiago_description/local/lib/python3.10/dist-packages:/home/alberto/tiago_public_ws/install/pmb2_description/local/lib/python3.10/dist-packages:/home/alberto/tiago_public_ws/install/play_motion2/local/lib/python3.10/dist-packages:/home/alberto/tiago_public_ws/install/urdf_test/local/lib/python3.10/dist-packages:/home/alberto/tiago_public_ws/install/play_motion2_msgs/local/lib/python3.10/dist-packages:/home/alberto/tiago_public_ws/build/launch_pal:/home/alberto/tiago_public_ws/install/launch_pal/lib/python3.10/site-packages:${PYTHONPATH} /usr/bin/cmake --install /home/alberto/tiago_public_ws/build/tiago_gazebo
[4.074s] Level 1:colcon.colcon_core.environment:create_environment_scripts_only(tiago_gazebo)
[4.075s] Level 1:colcon.colcon_core.environment:checking '/home/alberto/tiago_public_ws/install/tiago_gazebo' for CMake module files
[4.075s] DEBUG:colcon.colcon_core.event_handler.log_command:Invoked command in '/home/alberto/tiago_public_ws/build/tiago_gazebo' returned '0': AMENT_PREFIX_PATH=/home/alberto/tiago_public_ws/install/tiago_moveit_config:/home/alberto/tiago_public_ws/install/tiago_bringup:/home/alberto/tiago_public_ws/install/tiago_description:/home/alberto/tiago_public_ws/install/tiago_controller_configuration:/home/alberto/tiago_public_ws/install/tiago_2dnav:/home/alberto/tiago_public_ws/install/tiago_laser_sensors:/home/alberto/tiago_public_ws/install/pmb2_description:/home/alberto/tiago_public_ws/install/pmb2_controller_configuration:/home/alberto/tiago_public_ws/install/pmb2_2dnav:/home/alberto/tiago_public_ws/install/play_motion2:/home/alberto/tiago_public_ws/install/pal_hey5_description:/home/alberto/tiago_public_ws/install/pal_gripper_description:/home/alberto/tiago_public_ws/install/urdf_test:/home/alberto/tiago_public_ws/install/pmb2_laser_sensors:/home/alberto/tiago_public_ws/install/play_motion2_msgs:/home/alberto/tiago_public_ws/install/pal_urdf_utils:/home/alberto/tiago_public_ws/install/pal_robotiq_description:/home/alberto/tiago_public_ws/install/pal_robotiq_controller_configuration:/home/alberto/tiago_public_ws/install/pal_hey5_controller_configuration:/home/alberto/tiago_public_ws/install/pal_gripper_controller_configuration:/home/alberto/tiago_public_ws/install/pal_gazebo_worlds:/home/alberto/tiago_public_ws/install/launch_pal:${AMENT_PREFIX_PATH} CMAKE_PREFIX_PATH=/home/alberto/tiago_public_ws/install/tiago_moveit_config:/home/alberto/tiago_public_ws/install/tiago_bringup:/home/alberto/tiago_public_ws/install/tiago_description:/home/alberto/tiago_public_ws/install/tiago_controller_configuration:/home/alberto/tiago_public_ws/install/tiago_2dnav:/home/alberto/tiago_public_ws/install/tiago_laser_sensors:/home/alberto/tiago_public_ws/install/pmb2_description:/home/alberto/tiago_public_ws/install/pmb2_controller_configuration:/home/alberto/tiago_public_ws/install/pmb2_2dnav:/home/alberto/tiago_public_ws/install/play_motion2:/home/alberto/tiago_public_ws/install/pal_hey5_description:/home/alberto/tiago_public_ws/install/pal_gripper_description:/home/alberto/tiago_public_ws/install/urdf_test:/home/alberto/tiago_public_ws/install/pmb2_laser_sensors:/home/alberto/tiago_public_ws/install/play_motion2_msgs:/home/alberto/tiago_public_ws/install/pal_urdf_utils:/home/alberto/tiago_public_ws/install/pal_robotiq_description:/home/alberto/tiago_public_ws/install/pal_robotiq_controller_configuration:/home/alberto/tiago_public_ws/install/pal_hey5_controller_configuration:/home/alberto/tiago_public_ws/install/pal_gripper_controller_configuration:/home/alberto/tiago_public_ws/install/pal_gazebo_worlds:/opt/ros/humble LD_LIBRARY_PATH=/home/alberto/tiago_public_ws/install/play_motion2/lib:/home/alberto/tiago_public_ws/install/play_motion2_msgs/lib:${LD_LIBRARY_PATH} PYTHONPATH=/home/alberto/tiago_public_ws/install/tiago_description/local/lib/python3.10/dist-packages:/home/alberto/tiago_public_ws/install/pmb2_description/local/lib/python3.10/dist-packages:/home/alberto/tiago_public_ws/install/play_motion2/local/lib/python3.10/dist-packages:/home/alberto/tiago_public_ws/install/urdf_test/local/lib/python3.10/dist-packages:/home/alberto/tiago_public_ws/install/play_motion2_msgs/local/lib/python3.10/dist-packages:/home/alberto/tiago_public_ws/build/launch_pal:/home/alberto/tiago_public_ws/install/launch_pal/lib/python3.10/site-packages:${PYTHONPATH} /usr/bin/cmake --install /home/alberto/tiago_public_ws/build/tiago_gazebo
[4.076s] Level 1:colcon.colcon_core.environment:checking '/home/alberto/tiago_public_ws/install/tiago_gazebo' for CMake config files
[4.077s] Level 1:colcon.colcon_core.shell:create_environment_hook('tiago_gazebo', 'cmake_prefix_path')
[4.077s] INFO:colcon.colcon_core.shell:Creating environment hook '/home/alberto/tiago_public_ws/install/tiago_gazebo/share/tiago_gazebo/hook/cmake_prefix_path.ps1'
[4.077s] INFO:colcon.colcon_core.shell:Creating environment descriptor '/home/alberto/tiago_public_ws/install/tiago_gazebo/share/tiago_gazebo/hook/cmake_prefix_path.dsv'
[4.078s] INFO:colcon.colcon_core.shell:Creating environment hook '/home/alberto/tiago_public_ws/install/tiago_gazebo/share/tiago_gazebo/hook/cmake_prefix_path.sh'
[4.079s] Level 1:colcon.colcon_core.environment:checking '/home/alberto/tiago_public_ws/install/tiago_gazebo/lib'
[4.079s] Level 1:colcon.colcon_core.environment:checking '/home/alberto/tiago_public_ws/install/tiago_gazebo/bin'
[4.079s] Level 1:colcon.colcon_core.environment:checking '/home/alberto/tiago_public_ws/install/tiago_gazebo/lib/pkgconfig/tiago_gazebo.pc'
[4.079s] Level 1:colcon.colcon_core.environment:checking '/home/alberto/tiago_public_ws/install/tiago_gazebo/lib/python3.10/site-packages'
[4.079s] Level 1:colcon.colcon_core.environment:checking '/home/alberto/tiago_public_ws/install/tiago_gazebo/bin'
[4.079s] INFO:colcon.colcon_core.shell:Creating package script '/home/alberto/tiago_public_ws/install/tiago_gazebo/share/tiago_gazebo/package.ps1'
[4.080s] INFO:colcon.colcon_core.shell:Creating package descriptor '/home/alberto/tiago_public_ws/install/tiago_gazebo/share/tiago_gazebo/package.dsv'
[4.080s] INFO:colcon.colcon_core.shell:Creating package script '/home/alberto/tiago_public_ws/install/tiago_gazebo/share/tiago_gazebo/package.sh'
[4.081s] INFO:colcon.colcon_core.shell:Creating package script '/home/alberto/tiago_public_ws/install/tiago_gazebo/share/tiago_gazebo/package.bash'
[4.081s] INFO:colcon.colcon_core.shell:Creating package script '/home/alberto/tiago_public_ws/install/tiago_gazebo/share/tiago_gazebo/package.zsh'
[4.082s] Level 1:colcon.colcon_core.environment:create_file_with_runtime_dependencies(/home/alberto/tiago_public_ws/install/tiago_gazebo/share/colcon-core/packages/tiago_gazebo)
[4.082s] Level 1:colcon.colcon_core.environment:create_environment_scripts_only(tiago_gazebo)
[4.082s] Level 1:colcon.colcon_core.environment:checking '/home/alberto/tiago_public_ws/install/tiago_gazebo' for CMake module files
[4.083s] Level 1:colcon.colcon_core.environment:checking '/home/alberto/tiago_public_ws/install/tiago_gazebo' for CMake config files
[4.083s] Level 1:colcon.colcon_core.shell:create_environment_hook('tiago_gazebo', 'cmake_prefix_path')
[4.083s] INFO:colcon.colcon_core.shell:Creating environment hook '/home/alberto/tiago_public_ws/install/tiago_gazebo/share/tiago_gazebo/hook/cmake_prefix_path.ps1'
[4.084s] INFO:colcon.colcon_core.shell:Creating environment descriptor '/home/alberto/tiago_public_ws/install/tiago_gazebo/share/tiago_gazebo/hook/cmake_prefix_path.dsv'
[4.084s] INFO:colcon.colcon_core.shell:Creating environment hook '/home/alberto/tiago_public_ws/install/tiago_gazebo/share/tiago_gazebo/hook/cmake_prefix_path.sh'
[4.085s] Level 1:colcon.colcon_core.environment:checking '/home/alberto/tiago_public_ws/install/tiago_gazebo/lib'
[4.085s] Level 1:colcon.colcon_core.environment:checking '/home/alberto/tiago_public_ws/install/tiago_gazebo/bin'
[4.085s] Level 1:colcon.colcon_core.environment:checking '/home/alberto/tiago_public_ws/install/tiago_gazebo/lib/pkgconfig/tiago_gazebo.pc'
[4.085s] Level 1:colcon.colcon_core.environment:checking '/home/alberto/tiago_public_ws/install/tiago_gazebo/lib/python3.10/site-packages'
[4.085s] Level 1:colcon.colcon_core.environment:checking '/home/alberto/tiago_public_ws/install/tiago_gazebo/bin'
[4.085s] INFO:colcon.colcon_core.shell:Creating package script '/home/alberto/tiago_public_ws/install/tiago_gazebo/share/tiago_gazebo/package.ps1'
[4.086s] INFO:colcon.colcon_core.shell:Creating package descriptor '/home/alberto/tiago_public_ws/install/tiago_gazebo/share/tiago_gazebo/package.dsv'
[4.086s] INFO:colcon.colcon_core.shell:Creating package script '/home/alberto/tiago_public_ws/install/tiago_gazebo/share/tiago_gazebo/package.sh'
[4.087s] INFO:colcon.colcon_core.shell:Creating package script '/home/alberto/tiago_public_ws/install/tiago_gazebo/share/tiago_gazebo/package.bash'
[4.087s] INFO:colcon.colcon_core.shell:Creating package script '/home/alberto/tiago_public_ws/install/tiago_gazebo/share/tiago_gazebo/package.zsh'
[4.088s] Level 1:colcon.colcon_core.environment:create_file_with_runtime_dependencies(/home/alberto/tiago_public_ws/install/tiago_gazebo/share/colcon-core/packages/tiago_gazebo)
[4.088s] INFO:colcon.colcon_ros.task.ament_cmake.build:Building ROS package in '/home/alberto/tiago_public_ws/src/tiago_simulation/tiago_simulation' with build type 'ament_cmake'
[4.089s] INFO:colcon.colcon_cmake.task.cmake.build:Building CMake package in '/home/alberto/tiago_public_ws/src/tiago_simulation/tiago_simulation'
[4.089s] INFO:colcon.colcon_core.shell:Skip shell extension 'powershell' for command environment: Not usable outside of PowerShell
[4.089s] DEBUG:colcon.colcon_core.shell:Skip shell extension 'dsv' for command environment
[4.126s] DEBUG:colcon.colcon_core.event_handler.log_command:Invoking command in '/home/alberto/tiago_public_ws/build/tiago_simulation': AMENT_PREFIX_PATH=/home/alberto/tiago_public_ws/install/tiago_gazebo:/home/alberto/tiago_public_ws/install/tiago_moveit_config:/home/alberto/tiago_public_ws/install/tiago_bringup:/home/alberto/tiago_public_ws/install/tiago_description:/home/alberto/tiago_public_ws/install/tiago_controller_configuration:/home/alberto/tiago_public_ws/install/tiago_2dnav:/home/alberto/tiago_public_ws/install/tiago_laser_sensors:/home/alberto/tiago_public_ws/install/pmb2_description:/home/alberto/tiago_public_ws/install/pmb2_controller_configuration:/home/alberto/tiago_public_ws/install/pmb2_2dnav:/home/alberto/tiago_public_ws/install/play_motion2:/home/alberto/tiago_public_ws/install/pal_hey5_description:/home/alberto/tiago_public_ws/install/pal_gripper_description:/home/alberto/tiago_public_ws/install/urdf_test:/home/alberto/tiago_public_ws/install/pmb2_laser_sensors:/home/alberto/tiago_public_ws/install/play_motion2_msgs:/home/alberto/tiago_public_ws/install/pal_urdf_utils:/home/alberto/tiago_public_ws/install/pal_robotiq_description:/home/alberto/tiago_public_ws/install/pal_robotiq_controller_configuration:/home/alberto/tiago_public_ws/install/pal_hey5_controller_configuration:/home/alberto/tiago_public_ws/install/pal_gripper_controller_configuration:/home/alberto/tiago_public_ws/install/pal_gazebo_worlds:/home/alberto/tiago_public_ws/install/launch_pal:${AMENT_PREFIX_PATH} CMAKE_PREFIX_PATH=/home/alberto/tiago_public_ws/install/tiago_gazebo:/home/alberto/tiago_public_ws/install/tiago_moveit_config:/home/alberto/tiago_public_ws/install/tiago_bringup:/home/alberto/tiago_public_ws/install/tiago_description:/home/alberto/tiago_public_ws/install/tiago_controller_configuration:/home/alberto/tiago_public_ws/install/tiago_2dnav:/home/alberto/tiago_public_ws/install/tiago_laser_sensors:/home/alberto/tiago_public_ws/install/pmb2_description:/home/alberto/tiago_public_ws/install/pmb2_controller_configuration:/home/alberto/tiago_public_ws/install/pmb2_2dnav:/home/alberto/tiago_public_ws/install/play_motion2:/home/alberto/tiago_public_ws/install/pal_hey5_description:/home/alberto/tiago_public_ws/install/pal_gripper_description:/home/alberto/tiago_public_ws/install/urdf_test:/home/alberto/tiago_public_ws/install/pmb2_laser_sensors:/home/alberto/tiago_public_ws/install/play_motion2_msgs:/home/alberto/tiago_public_ws/install/pal_urdf_utils:/home/alberto/tiago_public_ws/install/pal_robotiq_description:/home/alberto/tiago_public_ws/install/pal_robotiq_controller_configuration:/home/alberto/tiago_public_ws/install/pal_hey5_controller_configuration:/home/alberto/tiago_public_ws/install/pal_gripper_controller_configuration:/home/alberto/tiago_public_ws/install/pal_gazebo_worlds:/opt/ros/humble LD_LIBRARY_PATH=/home/alberto/tiago_public_ws/install/play_motion2/lib:/home/alberto/tiago_public_ws/install/play_motion2_msgs/lib:${LD_LIBRARY_PATH} PYTHONPATH=/home/alberto/tiago_public_ws/install/tiago_description/local/lib/python3.10/dist-packages:/home/alberto/tiago_public_ws/install/pmb2_description/local/lib/python3.10/dist-packages:/home/alberto/tiago_public_ws/install/play_motion2/local/lib/python3.10/dist-packages:/home/alberto/tiago_public_ws/install/urdf_test/local/lib/python3.10/dist-packages:/home/alberto/tiago_public_ws/install/play_motion2_msgs/local/lib/python3.10/dist-packages:/home/alberto/tiago_public_ws/build/launch_pal:/home/alberto/tiago_public_ws/install/launch_pal/lib/python3.10/site-packages:${PYTHONPATH} /usr/bin/cmake --build /home/alberto/tiago_public_ws/build/tiago_simulation -- -j12 -l12
[4.177s] DEBUG:colcon.colcon_core.event_handler.log_command:Invoked command in '/home/alberto/tiago_public_ws/build/tiago_simulation' returned '0': AMENT_PREFIX_PATH=/home/alberto/tiago_public_ws/install/tiago_gazebo:/home/alberto/tiago_public_ws/install/tiago_moveit_config:/home/alberto/tiago_public_ws/install/tiago_bringup:/home/alberto/tiago_public_ws/install/tiago_description:/home/alberto/tiago_public_ws/install/tiago_controller_configuration:/home/alberto/tiago_public_ws/install/tiago_2dnav:/home/alberto/tiago_public_ws/install/tiago_laser_sensors:/home/alberto/tiago_public_ws/install/pmb2_description:/home/alberto/tiago_public_ws/install/pmb2_controller_configuration:/home/alberto/tiago_public_ws/install/pmb2_2dnav:/home/alberto/tiago_public_ws/install/play_motion2:/home/alberto/tiago_public_ws/install/pal_hey5_description:/home/alberto/tiago_public_ws/install/pal_gripper_description:/home/alberto/tiago_public_ws/install/urdf_test:/home/alberto/tiago_public_ws/install/pmb2_laser_sensors:/home/alberto/tiago_public_ws/install/play_motion2_msgs:/home/alberto/tiago_public_ws/install/pal_urdf_utils:/home/alberto/tiago_public_ws/install/pal_robotiq_description:/home/alberto/tiago_public_ws/install/pal_robotiq_controller_configuration:/home/alberto/tiago_public_ws/install/pal_hey5_controller_configuration:/home/alberto/tiago_public_ws/install/pal_gripper_controller_configuration:/home/alberto/tiago_public_ws/install/pal_gazebo_worlds:/home/alberto/tiago_public_ws/install/launch_pal:${AMENT_PREFIX_PATH} CMAKE_PREFIX_PATH=/home/alberto/tiago_public_ws/install/tiago_gazebo:/home/alberto/tiago_public_ws/install/tiago_moveit_config:/home/alberto/tiago_public_ws/install/tiago_bringup:/home/alberto/tiago_public_ws/install/tiago_description:/home/alberto/tiago_public_ws/install/tiago_controller_configuration:/home/alberto/tiago_public_ws/install/tiago_2dnav:/home/alberto/tiago_public_ws/install/tiago_laser_sensors:/home/alberto/tiago_public_ws/install/pmb2_description:/home/alberto/tiago_public_ws/install/pmb2_controller_configuration:/home/alberto/tiago_public_ws/install/pmb2_2dnav:/home/alberto/tiago_public_ws/install/play_motion2:/home/alberto/tiago_public_ws/install/pal_hey5_description:/home/alberto/tiago_public_ws/install/pal_gripper_description:/home/alberto/tiago_public_ws/install/urdf_test:/home/alberto/tiago_public_ws/install/pmb2_laser_sensors:/home/alberto/tiago_public_ws/install/play_motion2_msgs:/home/alberto/tiago_public_ws/install/pal_urdf_utils:/home/alberto/tiago_public_ws/install/pal_robotiq_description:/home/alberto/tiago_public_ws/install/pal_robotiq_controller_configuration:/home/alberto/tiago_public_ws/install/pal_hey5_controller_configuration:/home/alberto/tiago_public_ws/install/pal_gripper_controller_configuration:/home/alberto/tiago_public_ws/install/pal_gazebo_worlds:/opt/ros/humble LD_LIBRARY_PATH=/home/alberto/tiago_public_ws/install/play_motion2/lib:/home/alberto/tiago_public_ws/install/play_motion2_msgs/lib:${LD_LIBRARY_PATH} PYTHONPATH=/home/alberto/tiago_public_ws/install/tiago_description/local/lib/python3.10/dist-packages:/home/alberto/tiago_public_ws/install/pmb2_description/local/lib/python3.10/dist-packages:/home/alberto/tiago_public_ws/install/play_motion2/local/lib/python3.10/dist-packages:/home/alberto/tiago_public_ws/install/urdf_test/local/lib/python3.10/dist-packages:/home/alberto/tiago_public_ws/install/play_motion2_msgs/local/lib/python3.10/dist-packages:/home/alberto/tiago_public_ws/build/launch_pal:/home/alberto/tiago_public_ws/install/launch_pal/lib/python3.10/site-packages:${PYTHONPATH} /usr/bin/cmake --build /home/alberto/tiago_public_ws/build/tiago_simulation -- -j12 -l12
[4.180s] DEBUG:colcon.colcon_core.event_handler.log_command:Invoking command in '/home/alberto/tiago_public_ws/build/tiago_simulation': AMENT_PREFIX_PATH=/home/alberto/tiago_public_ws/install/tiago_gazebo:/home/alberto/tiago_public_ws/install/tiago_moveit_config:/home/alberto/tiago_public_ws/install/tiago_bringup:/home/alberto/tiago_public_ws/install/tiago_description:/home/alberto/tiago_public_ws/install/tiago_controller_configuration:/home/alberto/tiago_public_ws/install/tiago_2dnav:/home/alberto/tiago_public_ws/install/tiago_laser_sensors:/home/alberto/tiago_public_ws/install/pmb2_description:/home/alberto/tiago_public_ws/install/pmb2_controller_configuration:/home/alberto/tiago_public_ws/install/pmb2_2dnav:/home/alberto/tiago_public_ws/install/play_motion2:/home/alberto/tiago_public_ws/install/pal_hey5_description:/home/alberto/tiago_public_ws/install/pal_gripper_description:/home/alberto/tiago_public_ws/install/urdf_test:/home/alberto/tiago_public_ws/install/pmb2_laser_sensors:/home/alberto/tiago_public_ws/install/play_motion2_msgs:/home/alberto/tiago_public_ws/install/pal_urdf_utils:/home/alberto/tiago_public_ws/install/pal_robotiq_description:/home/alberto/tiago_public_ws/install/pal_robotiq_controller_configuration:/home/alberto/tiago_public_ws/install/pal_hey5_controller_configuration:/home/alberto/tiago_public_ws/install/pal_gripper_controller_configuration:/home/alberto/tiago_public_ws/install/pal_gazebo_worlds:/home/alberto/tiago_public_ws/install/launch_pal:${AMENT_PREFIX_PATH} CMAKE_PREFIX_PATH=/home/alberto/tiago_public_ws/install/tiago_gazebo:/home/alberto/tiago_public_ws/install/tiago_moveit_config:/home/alberto/tiago_public_ws/install/tiago_bringup:/home/alberto/tiago_public_ws/install/tiago_description:/home/alberto/tiago_public_ws/install/tiago_controller_configuration:/home/alberto/tiago_public_ws/install/tiago_2dnav:/home/alberto/tiago_public_ws/install/tiago_laser_sensors:/home/alberto/tiago_public_ws/install/pmb2_description:/home/alberto/tiago_public_ws/install/pmb2_controller_configuration:/home/alberto/tiago_public_ws/install/pmb2_2dnav:/home/alberto/tiago_public_ws/install/play_motion2:/home/alberto/tiago_public_ws/install/pal_hey5_description:/home/alberto/tiago_public_ws/install/pal_gripper_description:/home/alberto/tiago_public_ws/install/urdf_test:/home/alberto/tiago_public_ws/install/pmb2_laser_sensors:/home/alberto/tiago_public_ws/install/play_motion2_msgs:/home/alberto/tiago_public_ws/install/pal_urdf_utils:/home/alberto/tiago_public_ws/install/pal_robotiq_description:/home/alberto/tiago_public_ws/install/pal_robotiq_controller_configuration:/home/alberto/tiago_public_ws/install/pal_hey5_controller_configuration:/home/alberto/tiago_public_ws/install/pal_gripper_controller_configuration:/home/alberto/tiago_public_ws/install/pal_gazebo_worlds:/opt/ros/humble LD_LIBRARY_PATH=/home/alberto/tiago_public_ws/install/play_motion2/lib:/home/alberto/tiago_public_ws/install/play_motion2_msgs/lib:${LD_LIBRARY_PATH} PYTHONPATH=/home/alberto/tiago_public_ws/install/tiago_description/local/lib/python3.10/dist-packages:/home/alberto/tiago_public_ws/install/pmb2_description/local/lib/python3.10/dist-packages:/home/alberto/tiago_public_ws/install/play_motion2/local/lib/python3.10/dist-packages:/home/alberto/tiago_public_ws/install/urdf_test/local/lib/python3.10/dist-packages:/home/alberto/tiago_public_ws/install/play_motion2_msgs/local/lib/python3.10/dist-packages:/home/alberto/tiago_public_ws/build/launch_pal:/home/alberto/tiago_public_ws/install/launch_pal/lib/python3.10/site-packages:${PYTHONPATH} /usr/bin/cmake --install /home/alberto/tiago_public_ws/build/tiago_simulation
[4.205s] Level 1:colcon.colcon_core.environment:create_environment_scripts_only(tiago_simulation)
[4.205s] Level 1:colcon.colcon_core.environment:checking '/home/alberto/tiago_public_ws/install/tiago_simulation' for CMake module files
[4.206s] DEBUG:colcon.colcon_core.event_handler.log_command:Invoked command in '/home/alberto/tiago_public_ws/build/tiago_simulation' returned '0': AMENT_PREFIX_PATH=/home/alberto/tiago_public_ws/install/tiago_gazebo:/home/alberto/tiago_public_ws/install/tiago_moveit_config:/home/alberto/tiago_public_ws/install/tiago_bringup:/home/alberto/tiago_public_ws/install/tiago_description:/home/alberto/tiago_public_ws/install/tiago_controller_configuration:/home/alberto/tiago_public_ws/install/tiago_2dnav:/home/alberto/tiago_public_ws/install/tiago_laser_sensors:/home/alberto/tiago_public_ws/install/pmb2_description:/home/alberto/tiago_public_ws/install/pmb2_controller_configuration:/home/alberto/tiago_public_ws/install/pmb2_2dnav:/home/alberto/tiago_public_ws/install/play_motion2:/home/alberto/tiago_public_ws/install/pal_hey5_description:/home/alberto/tiago_public_ws/install/pal_gripper_description:/home/alberto/tiago_public_ws/install/urdf_test:/home/alberto/tiago_public_ws/install/pmb2_laser_sensors:/home/alberto/tiago_public_ws/install/play_motion2_msgs:/home/alberto/tiago_public_ws/install/pal_urdf_utils:/home/alberto/tiago_public_ws/install/pal_robotiq_description:/home/alberto/tiago_public_ws/install/pal_robotiq_controller_configuration:/home/alberto/tiago_public_ws/install/pal_hey5_controller_configuration:/home/alberto/tiago_public_ws/install/pal_gripper_controller_configuration:/home/alberto/tiago_public_ws/install/pal_gazebo_worlds:/home/alberto/tiago_public_ws/install/launch_pal:${AMENT_PREFIX_PATH} CMAKE_PREFIX_PATH=/home/alberto/tiago_public_ws/install/tiago_gazebo:/home/alberto/tiago_public_ws/install/tiago_moveit_config:/home/alberto/tiago_public_ws/install/tiago_bringup:/home/alberto/tiago_public_ws/install/tiago_description:/home/alberto/tiago_public_ws/install/tiago_controller_configuration:/home/alberto/tiago_public_ws/install/tiago_2dnav:/home/alberto/tiago_public_ws/install/tiago_laser_sensors:/home/alberto/tiago_public_ws/install/pmb2_description:/home/alberto/tiago_public_ws/install/pmb2_controller_configuration:/home/alberto/tiago_public_ws/install/pmb2_2dnav:/home/alberto/tiago_public_ws/install/play_motion2:/home/alberto/tiago_public_ws/install/pal_hey5_description:/home/alberto/tiago_public_ws/install/pal_gripper_description:/home/alberto/tiago_public_ws/install/urdf_test:/home/alberto/tiago_public_ws/install/pmb2_laser_sensors:/home/alberto/tiago_public_ws/install/play_motion2_msgs:/home/alberto/tiago_public_ws/install/pal_urdf_utils:/home/alberto/tiago_public_ws/install/pal_robotiq_description:/home/alberto/tiago_public_ws/install/pal_robotiq_controller_configuration:/home/alberto/tiago_public_ws/install/pal_hey5_controller_configuration:/home/alberto/tiago_public_ws/install/pal_gripper_controller_configuration:/home/alberto/tiago_public_ws/install/pal_gazebo_worlds:/opt/ros/humble LD_LIBRARY_PATH=/home/alberto/tiago_public_ws/install/play_motion2/lib:/home/alberto/tiago_public_ws/install/play_motion2_msgs/lib:${LD_LIBRARY_PATH} PYTHONPATH=/home/alberto/tiago_public_ws/install/tiago_description/local/lib/python3.10/dist-packages:/home/alberto/tiago_public_ws/install/pmb2_description/local/lib/python3.10/dist-packages:/home/alberto/tiago_public_ws/install/play_motion2/local/lib/python3.10/dist-packages:/home/alberto/tiago_public_ws/install/urdf_test/local/lib/python3.10/dist-packages:/home/alberto/tiago_public_ws/install/play_motion2_msgs/local/lib/python3.10/dist-packages:/home/alberto/tiago_public_ws/build/launch_pal:/home/alberto/tiago_public_ws/install/launch_pal/lib/python3.10/site-packages:${PYTHONPATH} /usr/bin/cmake --install /home/alberto/tiago_public_ws/build/tiago_simulation
[4.206s] Level 1:colcon.colcon_core.environment:checking '/home/alberto/tiago_public_ws/install/tiago_simulation' for CMake config files
[4.207s] Level 1:colcon.colcon_core.shell:create_environment_hook('tiago_simulation', 'cmake_prefix_path')
[4.207s] INFO:colcon.colcon_core.shell:Creating environment hook '/home/alberto/tiago_public_ws/install/tiago_simulation/share/tiago_simulation/hook/cmake_prefix_path.ps1'
[4.207s] INFO:colcon.colcon_core.shell:Creating environment descriptor '/home/alberto/tiago_public_ws/install/tiago_simulation/share/tiago_simulation/hook/cmake_prefix_path.dsv'
[4.208s] INFO:colcon.colcon_core.shell:Creating environment hook '/home/alberto/tiago_public_ws/install/tiago_simulation/share/tiago_simulation/hook/cmake_prefix_path.sh'
[4.209s] Level 1:colcon.colcon_core.environment:checking '/home/alberto/tiago_public_ws/install/tiago_simulation/bin'
[4.209s] Level 1:colcon.colcon_core.environment:checking '/home/alberto/tiago_public_ws/install/tiago_simulation/lib/pkgconfig/tiago_simulation.pc'
[4.209s] Level 1:colcon.colcon_core.environment:checking '/home/alberto/tiago_public_ws/install/tiago_simulation/lib/python3.10/site-packages'
[4.209s] Level 1:colcon.colcon_core.environment:checking '/home/alberto/tiago_public_ws/install/tiago_simulation/bin'
[4.209s] INFO:colcon.colcon_core.shell:Creating package script '/home/alberto/tiago_public_ws/install/tiago_simulation/share/tiago_simulation/package.ps1'
[4.210s] INFO:colcon.colcon_core.shell:Creating package descriptor '/home/alberto/tiago_public_ws/install/tiago_simulation/share/tiago_simulation/package.dsv'
[4.210s] INFO:colcon.colcon_core.shell:Creating package script '/home/alberto/tiago_public_ws/install/tiago_simulation/share/tiago_simulation/package.sh'
[4.210s] INFO:colcon.colcon_core.shell:Creating package script '/home/alberto/tiago_public_ws/install/tiago_simulation/share/tiago_simulation/package.bash'
[4.211s] INFO:colcon.colcon_core.shell:Creating package script '/home/alberto/tiago_public_ws/install/tiago_simulation/share/tiago_simulation/package.zsh'
[4.212s] Level 1:colcon.colcon_core.environment:create_file_with_runtime_dependencies(/home/alberto/tiago_public_ws/install/tiago_simulation/share/colcon-core/packages/tiago_simulation)
[4.212s] Level 1:colcon.colcon_core.environment:create_environment_scripts_only(tiago_simulation)
[4.212s] Level 1:colcon.colcon_core.environment:checking '/home/alberto/tiago_public_ws/install/tiago_simulation' for CMake module files
[4.213s] Level 1:colcon.colcon_core.environment:checking '/home/alberto/tiago_public_ws/install/tiago_simulation' for CMake config files
[4.213s] Level 1:colcon.colcon_core.shell:create_environment_hook('tiago_simulation', 'cmake_prefix_path')
[4.213s] INFO:colcon.colcon_core.shell:Creating environment hook '/home/alberto/tiago_public_ws/install/tiago_simulation/share/tiago_simulation/hook/cmake_prefix_path.ps1'
[4.214s] INFO:colcon.colcon_core.shell:Creating environment descriptor '/home/alberto/tiago_public_ws/install/tiago_simulation/share/tiago_simulation/hook/cmake_prefix_path.dsv'
[4.214s] INFO:colcon.colcon_core.shell:Creating environment hook '/home/alberto/tiago_public_ws/install/tiago_simulation/share/tiago_simulation/hook/cmake_prefix_path.sh'
[4.215s] Level 1:colcon.colcon_core.environment:checking '/home/alberto/tiago_public_ws/install/tiago_simulation/bin'
[4.215s] Level 1:colcon.colcon_core.environment:checking '/home/alberto/tiago_public_ws/install/tiago_simulation/lib/pkgconfig/tiago_simulation.pc'
[4.215s] Level 1:colcon.colcon_core.environment:checking '/home/alberto/tiago_public_ws/install/tiago_simulation/lib/python3.10/site-packages'
[4.215s] Level 1:colcon.colcon_core.environment:checking '/home/alberto/tiago_public_ws/install/tiago_simulation/bin'
[4.215s] INFO:colcon.colcon_core.shell:Creating package script '/home/alberto/tiago_public_ws/install/tiago_simulation/share/tiago_simulation/package.ps1'
[4.216s] INFO:colcon.colcon_core.shell:Creating package descriptor '/home/alberto/tiago_public_ws/install/tiago_simulation/share/tiago_simulation/package.dsv'
[4.216s] INFO:colcon.colcon_core.shell:Creating package script '/home/alberto/tiago_public_ws/install/tiago_simulation/share/tiago_simulation/package.sh'
[4.217s] INFO:colcon.colcon_core.shell:Creating package script '/home/alberto/tiago_public_ws/install/tiago_simulation/share/tiago_simulation/package.bash'
[4.217s] INFO:colcon.colcon_core.shell:Creating package script '/home/alberto/tiago_public_ws/install/tiago_simulation/share/tiago_simulation/package.zsh'
[4.218s] Level 1:colcon.colcon_core.environment:create_file_with_runtime_dependencies(/home/alberto/tiago_public_ws/install/tiago_simulation/share/colcon-core/packages/tiago_simulation)
[4.218s] DEBUG:colcon.colcon_parallel_executor.executor.parallel:closing loop
[4.218s] DEBUG:colcon.colcon_parallel_executor.executor.parallel:loop closed
[4.218s] DEBUG:colcon.colcon_parallel_executor.executor.parallel:run_until_complete finished with '0'
[4.218s] DEBUG:colcon.colcon_core.event_reactor:joining thread
[4.226s] INFO:colcon.colcon_core.plugin_system:Skipping extension 'colcon_notification.desktop_notification.terminal_notifier': Not used on non-Darwin systems
[4.226s] INFO:colcon.colcon_core.plugin_system:Skipping extension 'colcon_notification.desktop_notification.win32': Not used on non-Windows systems
[4.226s] INFO:colcon.colcon_notification.desktop_notification:Sending desktop notification using 'notify2'
[4.239s] DEBUG:colcon.colcon_core.event_reactor:joined thread
[4.240s] INFO:colcon.colcon_core.shell:Creating prefix script '/home/alberto/tiago_public_ws/install/local_setup.ps1'
[4.241s] INFO:colcon.colcon_core.shell:Creating prefix util module '/home/alberto/tiago_public_ws/install/_local_setup_util_ps1.py'
[4.243s] INFO:colcon.colcon_core.shell:Creating prefix chain script '/home/alberto/tiago_public_ws/install/setup.ps1'
[4.245s] INFO:colcon.colcon_core.shell:Creating prefix script '/home/alberto/tiago_public_ws/install/local_setup.sh'
[4.248s] INFO:colcon.colcon_core.shell:Creating prefix util module '/home/alberto/tiago_public_ws/install/_local_setup_util_sh.py'
[4.249s] INFO:colcon.colcon_core.shell:Creating prefix chain script '/home/alberto/tiago_public_ws/install/setup.sh'
[4.252s] INFO:colcon.colcon_core.shell:Creating prefix script '/home/alberto/tiago_public_ws/install/local_setup.bash'
[4.253s] INFO:colcon.colcon_core.shell:Creating prefix chain script '/home/alberto/tiago_public_ws/install/setup.bash'
[4.254s] INFO:colcon.colcon_core.shell:Creating prefix script '/home/alberto/tiago_public_ws/install/local_setup.zsh'
[4.256s] INFO:colcon.colcon_core.shell:Creating prefix chain script '/home/alberto/tiago_public_ws/install/setup.zsh'
