user_input,response,reference,answer_correctness,answer_relevancy,Configuracion,Eval_Category,retrieved_contexts,faithfulness,evaluation_name,eval_type,reference_contexts,summary_score
¿Hay alguna emergencia médica o persona en el suelo?,"Sí, hay una emergencia médica o persona en el suelo.","Sí, hay una persona caída en el suelo y la alerta debe ser verdadera.",0.8086217456642588,0.7836566381331358,400w_NoTrack_perception_evaluation,perception,,,,,,
¿Debería activarse la alerta?,Sí.,Sí,0.2459724685557253,0.4491502725238745,400w_NoTrack_perception_evaluation,perception,,,,,,
¿Cuál es la descripción del estado de la zona?,"La descripción del estado de la zona es ""Despejado"".",Despejado.,,0.5447749723129731,400w_NoTrack_perception_evaluation,perception,,,,,,
¿Debería activarse la alerta?,"Según el JSON, la alerta está desactivada (false), por lo que no es necesario activarla.","No, la alerta debe ser falsa",0.6341994472017431,0.880797704501961,400w_NoTrack_perception_evaluation,perception,,,,,,
¿Qué actividad humana se está realizando?,"ATENCIÓN Caída detectada (cuerpo en el suelo), ENVIAR AYUDA URGENTEMENTE.",Hay una persona tirada en el suelo.,0.4758939365067776,0.5116771504167029,300w_NoTrack,perception,"['[RAG INYECTADO] Zona: Pasillo | Tiempo: 03:15s | Posibles actividades: Andar, Empujar camillas (entre otras)']",0.6666666666666666,300w_NoTrack,,,
¿Hay alguna emergencia médica o persona en el suelo?,Sí. Caída detectada (cuerpo en el suelo).,"Sí, hay una persona caída en el suelo.",0.6852635891396828,0.4661032684606181,300w_NoTrack,perception,"['[RAG INYECTADO] Zona: Pasillo | Tiempo: 03:15s | Posibles actividades: Andar, Empujar camillas (entre otras)']",0.5,300w_NoTrack,,,
¿Se ha detectado alguna persona?,"Sí, se han detectado 1 persona(s).",Sí,0.7519423654976962,0.7641769845534253,300w_NoTrack,perception,"['[RAG INYECTADO] Zona: Pasillo | Tiempo: 03:15s | Posibles actividades: Andar, Empujar camillas (entre otras)']",0.5,300w_NoTrack,,,
¿Qué actividad humana se está realizando?,"""No hay actividades"".",Despejado.,0.769192258204427,0.7835216967998493,300w_NoTrack,perception,"['[RAG INYECTADO] Zona: Pasillo | Tiempo: 14:30s | Posibles actividades: Andar, Empujar camillas (entre otras)']",0.0,300w_NoTrack,,,
¿Se ha detectado alguna persona?,No hay información.,No,0.5646738638118541,0.0,300w_NoTrack,perception,"['[RAG INYECTADO] Zona: Pasillo | Tiempo: 14:30s | Posibles actividades: Andar, Empujar camillas (entre otras)']",0.0,300w_NoTrack,,,
¿Qué actividad humana se está realizando?,Persona sentada.,Una persona andando.,0.651887019077067,0.5633727765893198,300w_NoTrack,perception,"['[RAG INYECTADO] Zona: Pasillo | Tiempo: 15:30s | Posibles actividades: Andar, Empujar camillas (entre otras)']",0.0,300w_NoTrack,,,
¿Cuántas personas hay andando en la imagen?,"Según el JSON, solo se detecta una persona (Persona 1) y su actividad es ""Persona sentada"", lo que significa que no está andando. Por tanto, la respuesta es: ""0"" personas andando en la imagen.",Hay una persona andando.,0.6238731914866913,0.7937464805826204,300w_NoTrack,perception,"['[RAG INYECTADO] Zona: Pasillo | Tiempo: 15:30s | Posibles actividades: Andar, Empujar camillas (entre otras)']",0.0,300w_NoTrack,,,
¿Hay alguna persona en la imagen?,"Sí, se ha detectado una persona sentada.",Sí,0.7483180580106346,0.5592342760308182,300w_NoTrack,perception,"['[RAG INYECTADO] Zona: Pasillo | Tiempo: 15:30s | Posibles actividades: Andar, Empujar camillas (entre otras)']",0.5,300w_NoTrack,,,
¿Qué actividad humana se está realizando?,Preparación quirúrgica o atención al paciente.,Una operación o acompañantes y una persona en la cama.,0.5634553946650607,0.5712923920601128,300w_NoTrack,perception,"['[RAG INYECTADO] Zona: Quirófano | Tiempo: 11:15s | Posibles actividades: Realizar cirugía, Preparar instrumental (entre otras)']",1.0,300w_NoTrack,,,
¿Cuántas personas hay en la imagen y qué hacen?,"Según el JSON, hay 1 persona en la imagen. Señalmente, una mujer está de pie al lado de una mesa de operaciones, probablemente preparándose para una cirugía o atendiendo a un paciente.",Dos personas de pie y una tumbada.,0.4932978239593649,0.6665638589781918,300w_NoTrack,perception,"['[RAG INYECTADO] Zona: Quirófano | Tiempo: 11:15s | Posibles actividades: Realizar cirugía, Preparar instrumental (entre otras)']",0.5,300w_NoTrack,,,
¿Qué actividad humana se está realizando?,Persona sentada | A man running in a hallway.,Una persona corriendo.,0.5636723690197359,0.5225954609806557,300w_NoTrack,perception,"['[RAG INYECTADO] Zona: Pasillo | Tiempo: 15:30s | Posibles actividades: Andar, Empujar camillas (entre otras)']",0.3333333333333333,300w_NoTrack,,,
¿Cuántas personas hay corriendo en la imagen?,1 persona.,Hay una persona corriendo.,0.6628475749993409,0.5925002585583151,300w_NoTrack,perception,"['[RAG INYECTADO] Zona: Pasillo | Tiempo: 15:30s | Posibles actividades: Andar, Empujar camillas (entre otras)']",0.0,300w_NoTrack,,,
¿Hay alguna persona en la imagen?,"Sí, se ha detectado una persona sentada.",Sí,0.6483180580106345,0.5615935217657678,300w_NoTrack,perception,"['[RAG INYECTADO] Zona: Pasillo | Tiempo: 15:30s | Posibles actividades: Andar, Empujar camillas (entre otras)']",0.5,300w_NoTrack,,,
¿Qué actividad humana se está realizando?,"Según el JSON, una de las personas está utilizando su teléfono móvil y la otra está mirando algo en su teléfono. Por lo tanto, la actividad humana que se está realizando es ""Usar un dispositivo móvil"".",Dos personas de pie con el móvil.,0.6225282083514299,0.5784473807953251,300w_NoTrack,perception,"['[RAG INYECTADO] Zona: Sala Común | Tiempo: 15:30s | Posibles actividades: Esperar sentado, Conversar con otros (entre otras)']",0.3333333333333333,300w_NoTrack,,,
¿Cuántas personas hay en la imagen?,"Según el JSON, hay 2 personas en la imagen.",Hay dos personas.,0.7856461857548558,0.6775763768994518,300w_NoTrack,perception,"['[RAG INYECTADO] Zona: Sala Común | Tiempo: 15:30s | Posibles actividades: Esperar sentado, Conversar con otros (entre otras)']",0.5,300w_NoTrack,,,
¿Hay alguna persona en la imagen?,"Sí, se han detectado 2 personas en la imagen.",Sí,0.6358189122439393,0.7453660466930282,300w_NoTrack,perception,"['[RAG INYECTADO] Zona: Sala Común | Tiempo: 15:30s | Posibles actividades: Esperar sentado, Conversar con otros (entre otras)']",0.5,300w_NoTrack,,,
¿Qué actividad humana se está realizando?,La persona sentada (Persona 1) y las personas de pie o caminando (Personas 3 y 4) están realizando actividades humanas. La persona en la silla de ruedas es un paciente que es ayudado por una persona (la mujer con camisa azul).,Una trabajadora llevando a un paciente en silla de ruedas.,0.4168510806644746,0.6655973695170616,300w_NoTrack,perception,"['[RAG INYECTADO] Zona: Pasillo | Tiempo: 17:50s | Posibles actividades: Andar, Empujar camillas (entre otras)']",0.3333333333333333,300w_NoTrack,,,
¿Cuántas personas hay en la imagen?,"Según el JSON, se han detectado 4 persona(s).",Hay dos personas.,0.7917312986940174,0.7524723467909827,300w_NoTrack,perception,"['[RAG INYECTADO] Zona: Pasillo | Tiempo: 17:50s | Posibles actividades: Andar, Empujar camillas (entre otras)']",0.5,300w_NoTrack,,,
¿Hay alguna persona en la imagen?,"Sí, según el modelo de visión artificial, se han detectado 4 personas en la imagen.",Sí,0.5653964085510272,0.8401023825657076,300w_NoTrack,perception,"['[RAG INYECTADO] Zona: Pasillo | Tiempo: 17:50s | Posibles actividades: Andar, Empujar camillas (entre otras)']",0.5,300w_NoTrack,,,
¿Cuántas personas hay exactamente en la zona de Recepción en este momento?,"Según los datos, no hay personas detectadas en la zona de Recepción (Eres un sistema analizador de actividades humanas en un hospital. Basándote en el mapa de actividad humano proporcionado).",Hay seis personas,0.4474398966468328,0.7403268934917011,400w_NoTrack_system_evaluation,system,"[""En la zona 'Recepcion': [YOLO]: Estado: Se han detectado 2 persona(s). Persona 1: Persona de pie (predicción con poca confianza) Persona 2: Persona sentada | [VLM]: 1. Person sitting on a chair with their back to the camera. ALTA FIABILIDAD: Presencia humana confirmada por ambos modelos.. Se ha detectado actividad humana."", ""En la zona 'Recepcion': [YOLO]: Estado: Se han detectado 5 persona(s). Persona 1: Persona de pie (predicción con poca confianza) Persona 2: Persona sentada Persona 3: Persona sentada Persona 4: Persona sentada Persona 5: Persona sentada | [VLM]: 1. Person in black shirt and brown pants walking into the room. ALTA FIABILIDAD: Presencia humana confirmada por ambos modelos.. Se ha detectado actividad humana."", ""En la zona 'Recepcion': [YOLO]: Estado: Se han detectado 1 persona(s). Persona 6: Persona sentada | [VLM]: A woman walking into a waiting room with blue chairs and a desk in the background. ALTA FIABILIDAD: Presencia humana confirmada por ambos modelos.. Se ha detectado actividad humana."", ""En la zona 'Recepcion': [YOLO]: Estado: Se han detectado 1 persona(s). Persona 8: Persona sentada | [VLM]: A man and a woman sitting in chairs inside of an office building waiting room. ALTA FIABILIDAD: Presencia humana confirmada por ambos modelos.. Se ha detectado actividad humana."", ""En la zona 'Recepcion': [YOLO]: Estado: Se han detectado 1 persona(s). Persona 12: Persona de pie (predicción con poca confianza) | [VLM]: A man in a blue shirt standing at the reception desk of a hospital. ALTA FIABILIDAD: Presencia humana confirmada por ambos modelos.. Se ha detectado actividad humana."", ""En la zona 'Recepcion': [YOLO]: Estado: Se han detectado 2 persona(s). Persona 1: Persona sentada Persona 2: Persona sentada | [VLM]: Two people sitting in chairs and one standing behind them. ALTA FIABILIDAD: Presencia humana confirmada por ambos modelos.. Se ha detectado actividad humana."", ""En la zona 'Recepcion': [YOLO]: Estado: Se han detectado 1 persona(s). Persona 1: Persona sentada | [VLM]: A man in a black hat and scarf walking into the room. ALTA FIABILIDAD: Presencia humana confirmada por ambos modelos.. Se ha detectado actividad humana."", ""En la zona 'Recepcion': [YOLO]: Estado: Se han detectado 1 persona(s). Persona 1: Persona de pie (predicción con poca confianza) | [VLM]: A man is standing in a waiting room with his back to the camera, looking at something off-camera. ALTA FIABILIDAD: Presencia humana confirmada por ambos modelos.. Se ha detectado actividad humana."", ""En la zona 'Recepcion': [YOLO]: Estado: Se han detectado 2 persona(s). Persona 1: Persona sentada Persona 2: Persona sentada | [VLM]: A man and a woman sitting in chairs inside of an office building waiting room. ALTA FIABILIDAD: Presencia humana confirmada por ambos modelos.. Se ha detectado actividad humana."", 'En la zona \'Recepcion\': [YOLO]: Estado: Se han detectado 1 persona(s). Persona 28: Persona de pie (predicción con poca confianza) | [VLM]: The image shows a man and woman standing in front of a counter, possibly at a store or a hotel reception desk. They are looking at something on the counter, which could be an item for sale or information about their stay. The scene is described as being ""very detailed"" and ""very realistic,"" indicating that it might have been created using 3D modeling software to create a more immersive experience for viewers. ALTA FIABILIDAD: Presencia humana confirmada por ambos modelos.. Se ha detectado actividad humana.', ""En la zona 'Recepcion': [YOLO]: Estado: Se han detectado 1 persona(s). Persona 28: Persona sentada | [VLM]: A man walking in a hospital room with his head down and smoking a cigarette. ALTA FIABILIDAD: Presencia humana confirmada por ambos modelos.. Se ha detectado actividad humana."", ""La zona 'Escaleras 1' está despejada, sin eventos ni personas."", ""En la zona 'Almacén 1': [YOLO]: Estado: Se han detectado 1 persona(s). Persona 32: Persona sentada | [VLM]: A man sitting in a chair and looking at his cell phone. ALTA FIABILIDAD: Presencia humana confirmada por ambos modelos.. Se ha detectado actividad humana."", ""En la zona 'Almacén 1': [YOLO]: Estado: Se han detectado 1 persona(s). Persona 32: Persona sentada | [VLM]: A man is sitting on a chair in the waiting room of a hospital, looking at his cell phone and reading something on it. ALTA FIABILIDAD: Presencia humana confirmada por ambos modelos.. Se ha detectado actividad humana."", ""En la zona 'Almacén 1': [YOLO]: Estado: Se han detectado 2 persona(s). Persona 1: Persona sentada Persona 2: Persona sentada | [VLM]: A man and a woman sitting in chairs inside of an office or waiting room, possibly at a doctor's office. ALTA FIABILIDAD: Presencia humana confirmada por ambos modelos.. Se ha detectado actividad humana."", ""En la zona 'Habitación Individual 1': [YOLO]: Estado: Se han detectado 1 persona(s). Persona 1: Persona de pie (predicción con poca confianza) | [VLM]: A woman walking into a room with her hand on the door handle, possibly entering or leaving the building. ALTA FIABILIDAD: Presencia humana confirmada por ambos modelos.. Se ha detectado actividad humana."", ""En la zona 'Habitación Individual 1': [YOLO]: Estado: Se han detectado 1 persona(s). Persona 1: Persona de pie (predicción con poca confianza) | [VLM]: A woman is standing in a room with her back to the camera, wearing a blue shirt and brown pants. ALTA FIABILIDAD: Presencia humana confirmada por ambos modelos.. Se ha detectado actividad humana."", ""En la zona 'Habitación Individual 1': [YOLO]: Estado: Se han detectado 1 persona(s). Persona 36: Persona de pie (predicción con poca confianza) | [VLM]: The image shows a woman walking in an office setting, with another woman standing nearby. The scene is depicted in 3D and includes chairs, desks, and other objects typically found in an office environment. ALTA FIABILIDAD: Presencia humana confirmada por ambos modelos.. Se ha detectado actividad humana."", ""En la zona 'Habitación Individual 1': [YOLO]: Estado: Se han detectado 1 persona(s). Persona 36: Persona de pie (predicción con poca confianza) | [VLM]: 1. Woman in a blue dress and brown shoes standing at the counter. ALTA FIABILIDAD: Presencia humana confirmada por ambos modelos.. Se ha detectado actividad humana."", ""En la zona 'Habitación Individual 2': [YOLO]: Estado: Se han detectado 1 persona(s). Persona 1: Persona de pie (predicción con poca confianza) | [VLM]: 1. The woman is sitting in a chair. ALTA FIABILIDAD: Presencia humana confirmada por ambos modelos.. Se ha detectado actividad humana."", ""En la zona 'Habitación Individual 2': [YOLO]: Estado: Se han detectado 1 persona(s). Persona 1: Persona de pie (predicción con poca confianza) | [VLM]: 1. Person sitting in a chair. ALTA FIABILIDAD: Presencia humana confirmada por ambos modelos.. Se ha detectado actividad humana."", ""En la zona 'Oficina 1': [YOLO]: Estado: Se han detectado 1 persona(s). Persona 1: Persona de pie (predicción con poca confianza) | [VLM]: A woman in a blue shirt and black pants standing at the front desk of an office building, possibly working as a receptionist or administrative assistant. ALTA FIABILIDAD: Presencia humana confirmada por ambos modelos.. Se ha detectado actividad humana."", ""En la zona 'Oficina 1': [YOLO]: Estado: Se han detectado 2 persona(s). Persona 1: Persona de pie (predicción con poca confianza) Persona 2: Persona sentada | [VLM]: 1. Person in blue shirt and black pants standing near a desk with two computer monitors, one of which is turned on. ALTA FIABILIDAD: Presencia humana confirmada por ambos modelos.. Se ha detectado actividad humana."", ""En la zona 'Oficina 1': [YOLO]: Estado: Se han detectado 2 persona(s). Persona 1: Persona sentada Persona 2: Persona sentada | [VLM]: A woman sitting in an office chair and looking at a computer screen. ALTA FIABILIDAD: Presencia humana confirmada por ambos modelos.. Se ha detectado actividad humana."", ""En la zona 'Baño 1': [YOLO]: Estado: Se han detectado 1 persona(s). Persona 1: Persona de pie (predicción con poca confianza) | [VLM]: A man is walking in a hospital hallway, and he appears to be looking at the camera. ALTA FIABILIDAD: Presencia humana confirmada por ambos modelos.. Se ha detectado actividad humana."", ""La zona 'Habitación Compartida 1' está despejada, sin eventos ni personas."", ""La zona 'Quirófano 1' está despejada, sin eventos ni personas."", ""La zona 'Habitación Compartida 3' está despejada, sin eventos ni personas."", ""La zona 'Habitación Compartida 2' está despejada, sin eventos ni personas."", ""En la zona 'Sala Común': [YOLO]: Estado: Se han detectado 1 persona(s). Persona 58: Persona de pie (predicción con poca confianza) | [VLM]: The image shows a woman standing in the kitchen area of a hospital, possibly waiting for someone or just passing by. The room is furnished with various appliances such as an oven and a refrigerator. There are also two people present in the scene - one person who appears to be the woman, and another person that seems to be a child. ALTA FIABILIDAD: Presencia humana confirmada por ambos modelos.. Se ha detectado actividad humana."", ""En la zona 'Sala Común': [YOLO]: Estado: Se han detectado 1 persona(s). Persona 1: Persona de pie (predicción con poca confianza) | [VLM]: A man walking in a hallway with his back to the camera, wearing a suit and tie. ALTA FIABILIDAD: Presencia humana confirmada por ambos modelos.. Se ha detectado actividad humana."", 'En la zona \'Quirófano 2\': [YOLO]: Estado: Se han detectado 1 persona(s). Persona 1: Persona sentada | [VLM]: A man walking in a hallway with the word ""BREVEMENTE"" written on it. ALTA FIABILIDAD: Presencia humana confirmada por ambos modelos.. Se ha detectado actividad humana.', 'En la zona \'Quirófano 2\': [YOLO]: Estado: Se han detectado 1 persona(s). Persona 1: Persona de pie (predicción con poca confianza) | [VLM]: A man running in a hospital hallway with the word ""BREVEMENTE"" written on it. ALTA FIABILIDAD: Presencia humana confirmada por ambos modelos.. Se ha detectado actividad humana.', ""En la zona 'Quirófano 2': [YOLO]: Estado: Se han detectado 1 persona(s). Persona 1: Persona de pie (predicción con poca confianza) | [VLM]: A man is running in a hospital hallway, wearing blue pants and a black shirt. ALTA FIABILIDAD: Presencia humana confirmada por ambos modelos.. Se ha detectado actividad humana."", ""En la zona 'Quirófano 2': [YOLO]: Estado: Se han detectado 3 persona(s). Persona 1: Persona de pie (predicción con poca confianza) Persona 2: Persona de pie (predicción con poca confianza) Persona 3: Persona de pie (predicción con poca confianza) | [VLM]: 1. Nurse in blue scrubs and mask standing next to a bed with a monitor on it. ALTA FIABILIDAD: Presencia humana confirmada por ambos modelos.. Se ha detectado actividad humana."", ""En la zona 'Quirófano 2': [YOLO]: Estado: Se han detectado 2 persona(s). Persona 65: Persona de pie (predicción con poca confianza) Persona 66: Persona de pie (predicción con poca confianza) | [VLM]: A woman in a blue scrubs uniform is standing next to the bed of another patient, who appears to be lying down and hooked up to an IV. ALTA FIABILIDAD: Presencia humana confirmada por ambos modelos.. Se ha detectado actividad humana."", 'En la zona \'Habitación Compartida 4\': [YOLO]: Estado: Se han detectado 2 persona(s). Persona 1: Persona de pie (predicción con poca confianza) Persona 2: Persona de pie (predicción con poca confianza) | [VLM]: A man walking in a hallway with the word ""BREVEMENTE"" written on it. ALTA FIABILIDAD: Presencia humana confirmada por ambos modelos.. Se ha detectado actividad humana.', ""En la zona 'Baño 2': [YOLO]: Estado: Se han detectado 1 persona(s). Persona 1: Persona de pie (predicción con poca confianza) | [VLM]: A woman is standing in a room with her back to the camera, wearing blue clothes and looking out of a window. ALTA FIABILIDAD: Presencia humana confirmada por ambos modelos.. Se ha detectado actividad humana."", ""En la zona 'Baño 2': [YOLO]: Estado: Se han detectado 1 persona(s). Persona 1: Persona de pie (predicción con poca confianza) | [VLM]: A woman wearing a blue scrubs uniform is standing in the hallway of a hospital, looking at her phone while waiting for someone or something. ALTA FIABILIDAD: Presencia humana confirmada por ambos modelos.. Se ha detectado actividad humana."", ""En la zona 'Habitación Compartida 5': [YOLO]: Estado: Se han detectado 1 persona(s). Persona 76: Persona sentada | [VLM]: A man in a wheelchair and a woman standing next to him, both wearing blue scrubs. ALTA FIABILIDAD: Presencia humana confirmada por ambos modelos.. Se ha detectado actividad humana."", ""En la zona 'Habitación Compartida 5': [YOLO]: Estado: Se han detectado 1 persona(s). Persona 76: Persona sentada | [VLM]: A woman in a blue shirt and a man in a wheelchair are walking together through the hospital hallway, with the woman pushing the wheelchair. ALTA FIABILIDAD: Presencia humana confirmada por ambos modelos.. Se ha detectado actividad humana."", ""En la zona 'Oficina 2': [YOLO]: Estado: Se han detectado 1 persona(s). Persona 76: Persona sentada | [VLM]: A woman in a blue scrubs outfit is pushing a wheelchair with another woman sitting inside it, who appears to be wearing a mask and possibly a nurse's uniform. ALTA FIABILIDAD: Presencia humana confirmada por ambos modelos.. Se ha detectado actividad humana."", ""En la zona 'Oficina 2': [YOLO]: Estado: Se han detectado 1 persona(s). Persona 79: Persona sentada | [VLM]: 1. Person in black shirt and blue pants. ALTA FIABILIDAD: Presencia humana confirmada por ambos modelos.. Se ha detectado actividad humana."", ""En la zona 'Oficina 2': [YOLO]: Estado: Se han detectado 1 persona(s). Persona 79: Persona sentada | [VLM]: Two people are sitting in chairs at a desk, and one of them is using their cell phone. ALTA FIABILIDAD: Presencia humana confirmada por ambos modelos.. Se ha detectado actividad humana."", ""En la zona 'Oficina 2': [YOLO]: Estado: Se han detectado 2 persona(s). Persona 1: Persona de pie (predicción con poca confianza) Persona 2: Persona de pie (predicción con poca confianza) | [VLM]: 1. Person in blue shirt and black pants standing at desk with computer monitor, keyboard, and mouse. ALTA FIABILIDAD: Presencia humana confirmada por ambos modelos.. Se ha detectado actividad humana."", ""En la zona 'Oficina 2': [YOLO]: Estado: Se han detectado 1 persona(s). Persona 84: Persona de pie (predicción con poca confianza) | [VLM]: 1. Man in black shirt and blue jeans sitting on a chair at the front desk of an office building. ALTA FIABILIDAD: Presencia humana confirmada por ambos modelos.. Se ha detectado actividad humana."", ""En la zona 'Oficina 2': [YOLO]: Estado: Se han detectado 1 persona(s). Persona 85: Persona sentada | [VLM]: 1. Person sitting on a chair in front of the desk. ALTA FIABILIDAD: Presencia humana confirmada por ambos modelos.. Se ha detectado actividad humana."", ""En la zona 'Oficina 2': [YOLO]: Estado: Se han detectado 1 persona(s). Persona 85: Persona sentada | [VLM]: 1. Man sitting in a chair with his back to the camera. ALTA FIABILIDAD: Presencia humana confirmada por ambos modelos.. Se ha detectado actividad humana."", ""En la zona 'Oficina 2': [YOLO]: Estado: Se han detectado 1 persona(s). Persona 85: Persona sentada | [VLM]: 1. Man sitting in a chair with his back to the camera. ALTA FIABILIDAD: Presencia humana confirmada por ambos modelos.. Se ha detectado actividad humana."", ""En la zona 'Oficina 2': [YOLO]: Estado: Se han detectado 2 persona(s). Persona 85: Persona sentada Persona 87: Persona sentada | [VLM]: 1. Man sitting in blue chair with his back to the camera. ALTA FIABILIDAD: Presencia humana confirmada por ambos modelos.. Se ha detectado actividad humana."", ""En la zona 'Oficina 2': [YOLO]: Estado: Se han detectado 3 persona(s). Persona 85: Persona sentada Persona 87: Persona sentada Persona 88: Persona sentada | [VLM]: 1. Man sitting in a chair with his legs crossed and looking at his phone. ALTA FIABILIDAD: Presencia humana confirmada por ambos modelos.. Se ha detectado actividad humana."", ""En la zona 'Oficina 2': [YOLO]: Estado: Se han detectado 2 persona(s). Persona 87: Persona sentada Persona 88: Persona sentada | [VLM]: 1. Woman sitting on a chair with her child. ALTA FIABILIDAD: Presencia humana confirmada por ambos modelos.. Se ha detectado actividad humana."", ""La zona 'Habitación Individual 3' está despejada, sin eventos ni personas."", ""En la zona 'Habitación Individual 4': [YOLO]: Estado: Se han detectado 1 persona(s). Persona 1: Persona sentada | [VLM]: The image shows a woman sitting in a hospital room, possibly waiting for her turn to be seen by the doctor or nurse present in the scene. The room has a bed and a chair, indicating that it is designed for patient care and comfort. ALTA FIABILIDAD: Presencia humana confirmada por ambos modelos.. Se ha detectado actividad humana."", ""En la zona 'Almacén 2': [YOLO]: Estado: Se han detectado 2 persona(s). Persona 1: Persona sentada Persona 2: Persona sentada | [VLM]: 1. Person sitting on a chair with their laptop open in front of them. ALTA FIABILIDAD: Presencia humana confirmada por ambos modelos.. Se ha detectado actividad humana."", ""La zona 'Escaleras 2' está despejada, sin eventos ni personas.""]",,,short,,
¿Hay alguna persona presente en la Habitación Individual 1 o se encuentra vacía?,"No hay personas presentes en la Habitación Individual 1. Su rango temporal es ""2023s - 2236s"" y no hay eventos recientes reportados.",No hay nadie en la Habitación Individual 1,0.5906834247946334,0.7246071461954194,400w_NoTrack_system_evaluation,system,"[""En la zona 'Habitación Individual 1': [YOLO]: Estado: Se han detectado 1 persona(s). Persona 1: Persona de pie (predicción con poca confianza) | [VLM]: A woman walking into a room with her hand on the door handle, possibly entering or leaving the building. ALTA FIABILIDAD: Presencia humana confirmada por ambos modelos.. Se ha detectado actividad humana."", ""En la zona 'Habitación Individual 1': [YOLO]: Estado: Se han detectado 1 persona(s). Persona 1: Persona de pie (predicción con poca confianza) | [VLM]: A woman is standing in a room with her back to the camera, wearing a blue shirt and brown pants. ALTA FIABILIDAD: Presencia humana confirmada por ambos modelos.. Se ha detectado actividad humana."", ""En la zona 'Habitación Individual 1': [YOLO]: Estado: Se han detectado 1 persona(s). Persona 36: Persona de pie (predicción con poca confianza) | [VLM]: The image shows a woman walking in an office setting, with another woman standing nearby. The scene is depicted in 3D and includes chairs, desks, and other objects typically found in an office environment. ALTA FIABILIDAD: Presencia humana confirmada por ambos modelos.. Se ha detectado actividad humana."", ""En la zona 'Habitación Individual 1': [YOLO]: Estado: Se han detectado 1 persona(s). Persona 36: Persona de pie (predicción con poca confianza) | [VLM]: 1. Woman in a blue dress and brown shoes standing at the counter. ALTA FIABILIDAD: Presencia humana confirmada por ambos modelos.. Se ha detectado actividad humana.""]",0.0,,short,,
¿El pasillo está completamente vacío o hay personas transitando por él?,"Según el análisis, en los sectores de escaleras 2 no se han detectado personas en transito ni actividad humana alguna durante el rango temporal analizado. Por lo tanto, puedo responder que el pasillo está completamente vacío.","Hay varias personas, una caminando, otra corriendo y una trabajadora del hospital llevando a un paciente en silla de ruedas",0.4680097070062667,0.8100522601730692,400w_NoTrack_system_evaluation,system,"[""En la zona 'Recepcion': [YOLO]: Estado: Se han detectado 2 persona(s). Persona 1: Persona de pie (predicción con poca confianza) Persona 2: Persona sentada | [VLM]: 1. Person sitting on a chair with their back to the camera. ALTA FIABILIDAD: Presencia humana confirmada por ambos modelos.. Se ha detectado actividad humana."", ""En la zona 'Recepcion': [YOLO]: Estado: Se han detectado 5 persona(s). Persona 1: Persona de pie (predicción con poca confianza) Persona 2: Persona sentada Persona 3: Persona sentada Persona 4: Persona sentada Persona 5: Persona sentada | [VLM]: 1. Person in black shirt and brown pants walking into the room. ALTA FIABILIDAD: Presencia humana confirmada por ambos modelos.. Se ha detectado actividad humana."", ""En la zona 'Recepcion': [YOLO]: Estado: Se han detectado 1 persona(s). Persona 6: Persona sentada | [VLM]: A woman walking into a waiting room with blue chairs and a desk in the background. ALTA FIABILIDAD: Presencia humana confirmada por ambos modelos.. Se ha detectado actividad humana."", ""En la zona 'Recepcion': [YOLO]: Estado: Se han detectado 1 persona(s). Persona 8: Persona sentada | [VLM]: A man and a woman sitting in chairs inside of an office building waiting room. ALTA FIABILIDAD: Presencia humana confirmada por ambos modelos.. Se ha detectado actividad humana."", ""En la zona 'Recepcion': [YOLO]: Estado: Se han detectado 1 persona(s). Persona 12: Persona de pie (predicción con poca confianza) | [VLM]: A man in a blue shirt standing at the reception desk of a hospital. ALTA FIABILIDAD: Presencia humana confirmada por ambos modelos.. Se ha detectado actividad humana."", ""En la zona 'Recepcion': [YOLO]: Estado: Se han detectado 2 persona(s). Persona 1: Persona sentada Persona 2: Persona sentada | [VLM]: Two people sitting in chairs and one standing behind them. ALTA FIABILIDAD: Presencia humana confirmada por ambos modelos.. Se ha detectado actividad humana."", ""En la zona 'Recepcion': [YOLO]: Estado: Se han detectado 1 persona(s). Persona 1: Persona sentada | [VLM]: A man in a black hat and scarf walking into the room. ALTA FIABILIDAD: Presencia humana confirmada por ambos modelos.. Se ha detectado actividad humana."", ""En la zona 'Recepcion': [YOLO]: Estado: Se han detectado 1 persona(s). Persona 1: Persona de pie (predicción con poca confianza) | [VLM]: A man is standing in a waiting room with his back to the camera, looking at something off-camera. ALTA FIABILIDAD: Presencia humana confirmada por ambos modelos.. Se ha detectado actividad humana."", ""En la zona 'Recepcion': [YOLO]: Estado: Se han detectado 2 persona(s). Persona 1: Persona sentada Persona 2: Persona sentada | [VLM]: A man and a woman sitting in chairs inside of an office building waiting room. ALTA FIABILIDAD: Presencia humana confirmada por ambos modelos.. Se ha detectado actividad humana."", 'En la zona \'Recepcion\': [YOLO]: Estado: Se han detectado 1 persona(s). Persona 28: Persona de pie (predicción con poca confianza) | [VLM]: The image shows a man and woman standing in front of a counter, possibly at a store or a hotel reception desk. They are looking at something on the counter, which could be an item for sale or information about their stay. The scene is described as being ""very detailed"" and ""very realistic,"" indicating that it might have been created using 3D modeling software to create a more immersive experience for viewers. ALTA FIABILIDAD: Presencia humana confirmada por ambos modelos.. Se ha detectado actividad humana.', ""En la zona 'Recepcion': [YOLO]: Estado: Se han detectado 1 persona(s). Persona 28: Persona sentada | [VLM]: A man walking in a hospital room with his head down and smoking a cigarette. ALTA FIABILIDAD: Presencia humana confirmada por ambos modelos.. Se ha detectado actividad humana."", ""La zona 'Escaleras 1' está despejada, sin eventos ni personas."", ""En la zona 'Almacén 1': [YOLO]: Estado: Se han detectado 1 persona(s). Persona 32: Persona sentada | [VLM]: A man sitting in a chair and looking at his cell phone. ALTA FIABILIDAD: Presencia humana confirmada por ambos modelos.. Se ha detectado actividad humana."", ""En la zona 'Almacén 1': [YOLO]: Estado: Se han detectado 1 persona(s). Persona 32: Persona sentada | [VLM]: A man is sitting on a chair in the waiting room of a hospital, looking at his cell phone and reading something on it. ALTA FIABILIDAD: Presencia humana confirmada por ambos modelos.. Se ha detectado actividad humana."", ""En la zona 'Almacén 1': [YOLO]: Estado: Se han detectado 2 persona(s). Persona 1: Persona sentada Persona 2: Persona sentada | [VLM]: A man and a woman sitting in chairs inside of an office or waiting room, possibly at a doctor's office. ALTA FIABILIDAD: Presencia humana confirmada por ambos modelos.. Se ha detectado actividad humana."", ""En la zona 'Habitación Individual 1': [YOLO]: Estado: Se han detectado 1 persona(s). Persona 1: Persona de pie (predicción con poca confianza) | [VLM]: A woman walking into a room with her hand on the door handle, possibly entering or leaving the building. ALTA FIABILIDAD: Presencia humana confirmada por ambos modelos.. Se ha detectado actividad humana."", ""En la zona 'Habitación Individual 1': [YOLO]: Estado: Se han detectado 1 persona(s). Persona 1: Persona de pie (predicción con poca confianza) | [VLM]: A woman is standing in a room with her back to the camera, wearing a blue shirt and brown pants. ALTA FIABILIDAD: Presencia humana confirmada por ambos modelos.. Se ha detectado actividad humana."", ""En la zona 'Habitación Individual 1': [YOLO]: Estado: Se han detectado 1 persona(s). Persona 36: Persona de pie (predicción con poca confianza) | [VLM]: The image shows a woman walking in an office setting, with another woman standing nearby. The scene is depicted in 3D and includes chairs, desks, and other objects typically found in an office environment. ALTA FIABILIDAD: Presencia humana confirmada por ambos modelos.. Se ha detectado actividad humana."", ""En la zona 'Habitación Individual 1': [YOLO]: Estado: Se han detectado 1 persona(s). Persona 36: Persona de pie (predicción con poca confianza) | [VLM]: 1. Woman in a blue dress and brown shoes standing at the counter. ALTA FIABILIDAD: Presencia humana confirmada por ambos modelos.. Se ha detectado actividad humana."", ""En la zona 'Habitación Individual 2': [YOLO]: Estado: Se han detectado 1 persona(s). Persona 1: Persona de pie (predicción con poca confianza) | [VLM]: 1. The woman is sitting in a chair. ALTA FIABILIDAD: Presencia humana confirmada por ambos modelos.. Se ha detectado actividad humana."", ""En la zona 'Habitación Individual 2': [YOLO]: Estado: Se han detectado 1 persona(s). Persona 1: Persona de pie (predicción con poca confianza) | [VLM]: 1. Person sitting in a chair. ALTA FIABILIDAD: Presencia humana confirmada por ambos modelos.. Se ha detectado actividad humana."", ""En la zona 'Oficina 1': [YOLO]: Estado: Se han detectado 1 persona(s). Persona 1: Persona de pie (predicción con poca confianza) | [VLM]: A woman in a blue shirt and black pants standing at the front desk of an office building, possibly working as a receptionist or administrative assistant. ALTA FIABILIDAD: Presencia humana confirmada por ambos modelos.. Se ha detectado actividad humana."", ""En la zona 'Oficina 1': [YOLO]: Estado: Se han detectado 2 persona(s). Persona 1: Persona de pie (predicción con poca confianza) Persona 2: Persona sentada | [VLM]: 1. Person in blue shirt and black pants standing near a desk with two computer monitors, one of which is turned on. ALTA FIABILIDAD: Presencia humana confirmada por ambos modelos.. Se ha detectado actividad humana."", ""En la zona 'Oficina 1': [YOLO]: Estado: Se han detectado 2 persona(s). Persona 1: Persona sentada Persona 2: Persona sentada | [VLM]: A woman sitting in an office chair and looking at a computer screen. ALTA FIABILIDAD: Presencia humana confirmada por ambos modelos.. Se ha detectado actividad humana."", ""En la zona 'Baño 1': [YOLO]: Estado: Se han detectado 1 persona(s). Persona 1: Persona de pie (predicción con poca confianza) | [VLM]: A man is walking in a hospital hallway, and he appears to be looking at the camera. ALTA FIABILIDAD: Presencia humana confirmada por ambos modelos.. Se ha detectado actividad humana."", ""La zona 'Habitación Compartida 1' está despejada, sin eventos ni personas."", ""La zona 'Quirófano 1' está despejada, sin eventos ni personas."", ""La zona 'Habitación Compartida 3' está despejada, sin eventos ni personas."", ""La zona 'Habitación Compartida 2' está despejada, sin eventos ni personas."", ""En la zona 'Sala Común': [YOLO]: Estado: Se han detectado 1 persona(s). Persona 58: Persona de pie (predicción con poca confianza) | [VLM]: The image shows a woman standing in the kitchen area of a hospital, possibly waiting for someone or just passing by. The room is furnished with various appliances such as an oven and a refrigerator. There are also two people present in the scene - one person who appears to be the woman, and another person that seems to be a child. ALTA FIABILIDAD: Presencia humana confirmada por ambos modelos.. Se ha detectado actividad humana."", ""En la zona 'Sala Común': [YOLO]: Estado: Se han detectado 1 persona(s). Persona 1: Persona de pie (predicción con poca confianza) | [VLM]: A man walking in a hallway with his back to the camera, wearing a suit and tie. ALTA FIABILIDAD: Presencia humana confirmada por ambos modelos.. Se ha detectado actividad humana."", 'En la zona \'Quirófano 2\': [YOLO]: Estado: Se han detectado 1 persona(s). Persona 1: Persona sentada | [VLM]: A man walking in a hallway with the word ""BREVEMENTE"" written on it. ALTA FIABILIDAD: Presencia humana confirmada por ambos modelos.. Se ha detectado actividad humana.', 'En la zona \'Quirófano 2\': [YOLO]: Estado: Se han detectado 1 persona(s). Persona 1: Persona de pie (predicción con poca confianza) | [VLM]: A man running in a hospital hallway with the word ""BREVEMENTE"" written on it. ALTA FIABILIDAD: Presencia humana confirmada por ambos modelos.. Se ha detectado actividad humana.', ""En la zona 'Quirófano 2': [YOLO]: Estado: Se han detectado 1 persona(s). Persona 1: Persona de pie (predicción con poca confianza) | [VLM]: A man is running in a hospital hallway, wearing blue pants and a black shirt. ALTA FIABILIDAD: Presencia humana confirmada por ambos modelos.. Se ha detectado actividad humana."", ""En la zona 'Quirófano 2': [YOLO]: Estado: Se han detectado 3 persona(s). Persona 1: Persona de pie (predicción con poca confianza) Persona 2: Persona de pie (predicción con poca confianza) Persona 3: Persona de pie (predicción con poca confianza) | [VLM]: 1. Nurse in blue scrubs and mask standing next to a bed with a monitor on it. ALTA FIABILIDAD: Presencia humana confirmada por ambos modelos.. Se ha detectado actividad humana."", ""En la zona 'Quirófano 2': [YOLO]: Estado: Se han detectado 2 persona(s). Persona 65: Persona de pie (predicción con poca confianza) Persona 66: Persona de pie (predicción con poca confianza) | [VLM]: A woman in a blue scrubs uniform is standing next to the bed of another patient, who appears to be lying down and hooked up to an IV. ALTA FIABILIDAD: Presencia humana confirmada por ambos modelos.. Se ha detectado actividad humana."", 'En la zona \'Habitación Compartida 4\': [YOLO]: Estado: Se han detectado 2 persona(s). Persona 1: Persona de pie (predicción con poca confianza) Persona 2: Persona de pie (predicción con poca confianza) | [VLM]: A man walking in a hallway with the word ""BREVEMENTE"" written on it. ALTA FIABILIDAD: Presencia humana confirmada por ambos modelos.. Se ha detectado actividad humana.', ""En la zona 'Baño 2': [YOLO]: Estado: Se han detectado 1 persona(s). Persona 1: Persona de pie (predicción con poca confianza) | [VLM]: A woman is standing in a room with her back to the camera, wearing blue clothes and looking out of a window. ALTA FIABILIDAD: Presencia humana confirmada por ambos modelos.. Se ha detectado actividad humana."", ""En la zona 'Baño 2': [YOLO]: Estado: Se han detectado 1 persona(s). Persona 1: Persona de pie (predicción con poca confianza) | [VLM]: A woman wearing a blue scrubs uniform is standing in the hallway of a hospital, looking at her phone while waiting for someone or something. ALTA FIABILIDAD: Presencia humana confirmada por ambos modelos.. Se ha detectado actividad humana."", ""En la zona 'Habitación Compartida 5': [YOLO]: Estado: Se han detectado 1 persona(s). Persona 76: Persona sentada | [VLM]: A man in a wheelchair and a woman standing next to him, both wearing blue scrubs. ALTA FIABILIDAD: Presencia humana confirmada por ambos modelos.. Se ha detectado actividad humana."", ""En la zona 'Habitación Compartida 5': [YOLO]: Estado: Se han detectado 1 persona(s). Persona 76: Persona sentada | [VLM]: A woman in a blue shirt and a man in a wheelchair are walking together through the hospital hallway, with the woman pushing the wheelchair. ALTA FIABILIDAD: Presencia humana confirmada por ambos modelos.. Se ha detectado actividad humana."", ""En la zona 'Oficina 2': [YOLO]: Estado: Se han detectado 1 persona(s). Persona 76: Persona sentada | [VLM]: A woman in a blue scrubs outfit is pushing a wheelchair with another woman sitting inside it, who appears to be wearing a mask and possibly a nurse's uniform. ALTA FIABILIDAD: Presencia humana confirmada por ambos modelos.. Se ha detectado actividad humana."", ""En la zona 'Oficina 2': [YOLO]: Estado: Se han detectado 1 persona(s). Persona 79: Persona sentada | [VLM]: 1. Person in black shirt and blue pants. ALTA FIABILIDAD: Presencia humana confirmada por ambos modelos.. Se ha detectado actividad humana."", ""En la zona 'Oficina 2': [YOLO]: Estado: Se han detectado 1 persona(s). Persona 79: Persona sentada | [VLM]: Two people are sitting in chairs at a desk, and one of them is using their cell phone. ALTA FIABILIDAD: Presencia humana confirmada por ambos modelos.. Se ha detectado actividad humana."", ""En la zona 'Oficina 2': [YOLO]: Estado: Se han detectado 2 persona(s). Persona 1: Persona de pie (predicción con poca confianza) Persona 2: Persona de pie (predicción con poca confianza) | [VLM]: 1. Person in blue shirt and black pants standing at desk with computer monitor, keyboard, and mouse. ALTA FIABILIDAD: Presencia humana confirmada por ambos modelos.. Se ha detectado actividad humana."", ""En la zona 'Oficina 2': [YOLO]: Estado: Se han detectado 1 persona(s). Persona 84: Persona de pie (predicción con poca confianza) | [VLM]: 1. Man in black shirt and blue jeans sitting on a chair at the front desk of an office building. ALTA FIABILIDAD: Presencia humana confirmada por ambos modelos.. Se ha detectado actividad humana."", ""En la zona 'Oficina 2': [YOLO]: Estado: Se han detectado 1 persona(s). Persona 85: Persona sentada | [VLM]: 1. Person sitting on a chair in front of the desk. ALTA FIABILIDAD: Presencia humana confirmada por ambos modelos.. Se ha detectado actividad humana."", ""En la zona 'Oficina 2': [YOLO]: Estado: Se han detectado 1 persona(s). Persona 85: Persona sentada | [VLM]: 1. Man sitting in a chair with his back to the camera. ALTA FIABILIDAD: Presencia humana confirmada por ambos modelos.. Se ha detectado actividad humana."", ""En la zona 'Oficina 2': [YOLO]: Estado: Se han detectado 1 persona(s). Persona 85: Persona sentada | [VLM]: 1. Man sitting in a chair with his back to the camera. ALTA FIABILIDAD: Presencia humana confirmada por ambos modelos.. Se ha detectado actividad humana."", ""En la zona 'Oficina 2': [YOLO]: Estado: Se han detectado 2 persona(s). Persona 85: Persona sentada Persona 87: Persona sentada | [VLM]: 1. Man sitting in blue chair with his back to the camera. ALTA FIABILIDAD: Presencia humana confirmada por ambos modelos.. Se ha detectado actividad humana."", ""En la zona 'Oficina 2': [YOLO]: Estado: Se han detectado 3 persona(s). Persona 85: Persona sentada Persona 87: Persona sentada Persona 88: Persona sentada | [VLM]: 1. Man sitting in a chair with his legs crossed and looking at his phone. ALTA FIABILIDAD: Presencia humana confirmada por ambos modelos.. Se ha detectado actividad humana."", ""En la zona 'Oficina 2': [YOLO]: Estado: Se han detectado 2 persona(s). Persona 87: Persona sentada Persona 88: Persona sentada | [VLM]: 1. Woman sitting on a chair with her child. ALTA FIABILIDAD: Presencia humana confirmada por ambos modelos.. Se ha detectado actividad humana."", ""La zona 'Habitación Individual 3' está despejada, sin eventos ni personas."", ""En la zona 'Habitación Individual 4': [YOLO]: Estado: Se han detectado 1 persona(s). Persona 1: Persona sentada | [VLM]: The image shows a woman sitting in a hospital room, possibly waiting for her turn to be seen by the doctor or nurse present in the scene. The room has a bed and a chair, indicating that it is designed for patient care and comfort. ALTA FIABILIDAD: Presencia humana confirmada por ambos modelos.. Se ha detectado actividad humana."", ""En la zona 'Almacén 2': [YOLO]: Estado: Se han detectado 2 persona(s). Persona 1: Persona sentada Persona 2: Persona sentada | [VLM]: 1. Person sitting on a chair with their laptop open in front of them. ALTA FIABILIDAD: Presencia humana confirmada por ambos modelos.. Se ha detectado actividad humana."", ""La zona 'Escaleras 2' está despejada, sin eventos ni personas.""]",,,short,,
¿Cuántas personas en total se detectan dentro de la Habitación Compartida 2?,"Según el registro, no hay eventos recientes detectados en la Habitación Compartida 2. Sin embargo, puedo analizar el rango temporal para ver si hubo detectados anteriormente.

En el rango temporal ""1573s - 1874s"", se detectó una persona sentada (Persona 76) y luego dos personas sentadas (Personas 1 y 2). No hay más información disponible en ese rango temporal.",No hay nadie en la Habitacion Compartida 2,0.6075253679937958,0.6339793611594691,400w_NoTrack_system_evaluation,system,"[""La zona 'Habitación Compartida 2' está despejada, sin eventos ni personas.""]",0.5,,short,,
¿Hay alguien presente dentro del Quirófano 2?,"Sí, hay personas presentes en el Quirófano 2. En el rango temporal entre los 1573s y 1874s, se detectaron varias personas, incluyendo una mujer que está sentada y un hombre en una silla de ruedas, según las descripciones proporcionadas por los sistemas YOLO y VLM.","Sí, se está realizando una intervención a un paciente que está tumbado en la cama. Hay tres trabajadores del hospital realizandolo",0.6787087071283757,0.6551113387687054,400w_NoTrack_system_evaluation,system,"['En la zona \'Quirófano 2\': [YOLO]: Estado: Se han detectado 1 persona(s). Persona 1: Persona sentada | [VLM]: A man walking in a hallway with the word ""BREVEMENTE"" written on it. ALTA FIABILIDAD: Presencia humana confirmada por ambos modelos.. Se ha detectado actividad humana.', 'En la zona \'Quirófano 2\': [YOLO]: Estado: Se han detectado 1 persona(s). Persona 1: Persona de pie (predicción con poca confianza) | [VLM]: A man running in a hospital hallway with the word ""BREVEMENTE"" written on it. ALTA FIABILIDAD: Presencia humana confirmada por ambos modelos.. Se ha detectado actividad humana.', ""En la zona 'Quirófano 2': [YOLO]: Estado: Se han detectado 1 persona(s). Persona 1: Persona de pie (predicción con poca confianza) | [VLM]: A man is running in a hospital hallway, wearing blue pants and a black shirt. ALTA FIABILIDAD: Presencia humana confirmada por ambos modelos.. Se ha detectado actividad humana."", ""En la zona 'Quirófano 2': [YOLO]: Estado: Se han detectado 3 persona(s). Persona 1: Persona de pie (predicción con poca confianza) Persona 2: Persona de pie (predicción con poca confianza) Persona 3: Persona de pie (predicción con poca confianza) | [VLM]: 1. Nurse in blue scrubs and mask standing next to a bed with a monitor on it. ALTA FIABILIDAD: Presencia humana confirmada por ambos modelos.. Se ha detectado actividad humana."", ""En la zona 'Quirófano 2': [YOLO]: Estado: Se han detectado 2 persona(s). Persona 65: Persona de pie (predicción con poca confianza) Persona 66: Persona de pie (predicción con poca confianza) | [VLM]: A woman in a blue scrubs uniform is standing next to the bed of another patient, who appears to be lying down and hooked up to an IV. ALTA FIABILIDAD: Presencia humana confirmada por ambos modelos.. Se ha detectado actividad humana.""]",0.5,,short,,
¿Se está haciendo alguna actividad en el Quirófano 2?,"Sí, hay varias actividades registradas en el Quirófano 2 entre los tiempos 1573s y 1874s. Se detectaron al menos 5 personas involucradas en diferentes situaciones, como la movilización de un paciente en una silla de ruedas y la presencia de dos personas sentadas cerca de un escritorio.","Sí, se está realizando una intervención quirúrgica a un paciente que está tumbado en la cama. Hay tres trabajadores del hospital realizandolo",0.5585860446052633,0.5967571593153442,400w_NoTrack_system_evaluation,system,"['En la zona \'Quirófano 2\': [YOLO]: Estado: Se han detectado 1 persona(s). Persona 1: Persona sentada | [VLM]: A man walking in a hallway with the word ""BREVEMENTE"" written on it. ALTA FIABILIDAD: Presencia humana confirmada por ambos modelos.. Se ha detectado actividad humana.', 'En la zona \'Quirófano 2\': [YOLO]: Estado: Se han detectado 1 persona(s). Persona 1: Persona de pie (predicción con poca confianza) | [VLM]: A man running in a hospital hallway with the word ""BREVEMENTE"" written on it. ALTA FIABILIDAD: Presencia humana confirmada por ambos modelos.. Se ha detectado actividad humana.', ""En la zona 'Quirófano 2': [YOLO]: Estado: Se han detectado 1 persona(s). Persona 1: Persona de pie (predicción con poca confianza) | [VLM]: A man is running in a hospital hallway, wearing blue pants and a black shirt. ALTA FIABILIDAD: Presencia humana confirmada por ambos modelos.. Se ha detectado actividad humana."", ""En la zona 'Quirófano 2': [YOLO]: Estado: Se han detectado 3 persona(s). Persona 1: Persona de pie (predicción con poca confianza) Persona 2: Persona de pie (predicción con poca confianza) Persona 3: Persona de pie (predicción con poca confianza) | [VLM]: 1. Nurse in blue scrubs and mask standing next to a bed with a monitor on it. ALTA FIABILIDAD: Presencia humana confirmada por ambos modelos.. Se ha detectado actividad humana."", ""En la zona 'Quirófano 2': [YOLO]: Estado: Se han detectado 2 persona(s). Persona 65: Persona de pie (predicción con poca confianza) Persona 66: Persona de pie (predicción con poca confianza) | [VLM]: A woman in a blue scrubs uniform is standing next to the bed of another patient, who appears to be lying down and hooked up to an IV. ALTA FIABILIDAD: Presencia humana confirmada por ambos modelos.. Se ha detectado actividad humana.""]",0.2,,short,,
¿Se detecta a alguna persona caída en el suelo en alguna zona del hospital?,"No, según los registros, no se ha detectado a ninguna persona caída en el suelo en ninguna zona del hospital.","Sí, hay una trabajadora en el suelo en la Habitación Compartida 2",0.7690149098549499,0.5410021537518792,400w_NoTrack_system_evaluation,system,"[""En la zona 'Recepcion': [YOLO]: Estado: Se han detectado 2 persona(s). Persona 1: Persona de pie (predicción con poca confianza) Persona 2: Persona sentada | [VLM]: 1. Person sitting on a chair with their back to the camera. ALTA FIABILIDAD: Presencia humana confirmada por ambos modelos.. Se ha detectado actividad humana."", ""En la zona 'Recepcion': [YOLO]: Estado: Se han detectado 5 persona(s). Persona 1: Persona de pie (predicción con poca confianza) Persona 2: Persona sentada Persona 3: Persona sentada Persona 4: Persona sentada Persona 5: Persona sentada | [VLM]: 1. Person in black shirt and brown pants walking into the room. ALTA FIABILIDAD: Presencia humana confirmada por ambos modelos.. Se ha detectado actividad humana."", ""En la zona 'Recepcion': [YOLO]: Estado: Se han detectado 1 persona(s). Persona 6: Persona sentada | [VLM]: A woman walking into a waiting room with blue chairs and a desk in the background. ALTA FIABILIDAD: Presencia humana confirmada por ambos modelos.. Se ha detectado actividad humana."", ""En la zona 'Recepcion': [YOLO]: Estado: Se han detectado 1 persona(s). Persona 8: Persona sentada | [VLM]: A man and a woman sitting in chairs inside of an office building waiting room. ALTA FIABILIDAD: Presencia humana confirmada por ambos modelos.. Se ha detectado actividad humana."", ""En la zona 'Recepcion': [YOLO]: Estado: Se han detectado 1 persona(s). Persona 12: Persona de pie (predicción con poca confianza) | [VLM]: A man in a blue shirt standing at the reception desk of a hospital. ALTA FIABILIDAD: Presencia humana confirmada por ambos modelos.. Se ha detectado actividad humana."", ""En la zona 'Recepcion': [YOLO]: Estado: Se han detectado 2 persona(s). Persona 1: Persona sentada Persona 2: Persona sentada | [VLM]: Two people sitting in chairs and one standing behind them. ALTA FIABILIDAD: Presencia humana confirmada por ambos modelos.. Se ha detectado actividad humana."", ""En la zona 'Recepcion': [YOLO]: Estado: Se han detectado 1 persona(s). Persona 1: Persona sentada | [VLM]: A man in a black hat and scarf walking into the room. ALTA FIABILIDAD: Presencia humana confirmada por ambos modelos.. Se ha detectado actividad humana."", ""En la zona 'Recepcion': [YOLO]: Estado: Se han detectado 1 persona(s). Persona 1: Persona de pie (predicción con poca confianza) | [VLM]: A man is standing in a waiting room with his back to the camera, looking at something off-camera. ALTA FIABILIDAD: Presencia humana confirmada por ambos modelos.. Se ha detectado actividad humana."", ""En la zona 'Recepcion': [YOLO]: Estado: Se han detectado 2 persona(s). Persona 1: Persona sentada Persona 2: Persona sentada | [VLM]: A man and a woman sitting in chairs inside of an office building waiting room. ALTA FIABILIDAD: Presencia humana confirmada por ambos modelos.. Se ha detectado actividad humana."", 'En la zona \'Recepcion\': [YOLO]: Estado: Se han detectado 1 persona(s). Persona 28: Persona de pie (predicción con poca confianza) | [VLM]: The image shows a man and woman standing in front of a counter, possibly at a store or a hotel reception desk. They are looking at something on the counter, which could be an item for sale or information about their stay. The scene is described as being ""very detailed"" and ""very realistic,"" indicating that it might have been created using 3D modeling software to create a more immersive experience for viewers. ALTA FIABILIDAD: Presencia humana confirmada por ambos modelos.. Se ha detectado actividad humana.', ""En la zona 'Recepcion': [YOLO]: Estado: Se han detectado 1 persona(s). Persona 28: Persona sentada | [VLM]: A man walking in a hospital room with his head down and smoking a cigarette. ALTA FIABILIDAD: Presencia humana confirmada por ambos modelos.. Se ha detectado actividad humana."", ""La zona 'Escaleras 1' está despejada, sin eventos ni personas."", ""En la zona 'Almacén 1': [YOLO]: Estado: Se han detectado 1 persona(s). Persona 32: Persona sentada | [VLM]: A man sitting in a chair and looking at his cell phone. ALTA FIABILIDAD: Presencia humana confirmada por ambos modelos.. Se ha detectado actividad humana."", ""En la zona 'Almacén 1': [YOLO]: Estado: Se han detectado 1 persona(s). Persona 32: Persona sentada | [VLM]: A man is sitting on a chair in the waiting room of a hospital, looking at his cell phone and reading something on it. ALTA FIABILIDAD: Presencia humana confirmada por ambos modelos.. Se ha detectado actividad humana."", ""En la zona 'Almacén 1': [YOLO]: Estado: Se han detectado 2 persona(s). Persona 1: Persona sentada Persona 2: Persona sentada | [VLM]: A man and a woman sitting in chairs inside of an office or waiting room, possibly at a doctor's office. ALTA FIABILIDAD: Presencia humana confirmada por ambos modelos.. Se ha detectado actividad humana."", ""En la zona 'Habitación Individual 1': [YOLO]: Estado: Se han detectado 1 persona(s). Persona 1: Persona de pie (predicción con poca confianza) | [VLM]: A woman walking into a room with her hand on the door handle, possibly entering or leaving the building. ALTA FIABILIDAD: Presencia humana confirmada por ambos modelos.. Se ha detectado actividad humana."", ""En la zona 'Habitación Individual 1': [YOLO]: Estado: Se han detectado 1 persona(s). Persona 1: Persona de pie (predicción con poca confianza) | [VLM]: A woman is standing in a room with her back to the camera, wearing a blue shirt and brown pants. ALTA FIABILIDAD: Presencia humana confirmada por ambos modelos.. Se ha detectado actividad humana."", ""En la zona 'Habitación Individual 1': [YOLO]: Estado: Se han detectado 1 persona(s). Persona 36: Persona de pie (predicción con poca confianza) | [VLM]: The image shows a woman walking in an office setting, with another woman standing nearby. The scene is depicted in 3D and includes chairs, desks, and other objects typically found in an office environment. ALTA FIABILIDAD: Presencia humana confirmada por ambos modelos.. Se ha detectado actividad humana."", ""En la zona 'Habitación Individual 1': [YOLO]: Estado: Se han detectado 1 persona(s). Persona 36: Persona de pie (predicción con poca confianza) | [VLM]: 1. Woman in a blue dress and brown shoes standing at the counter. ALTA FIABILIDAD: Presencia humana confirmada por ambos modelos.. Se ha detectado actividad humana."", ""En la zona 'Habitación Individual 2': [YOLO]: Estado: Se han detectado 1 persona(s). Persona 1: Persona de pie (predicción con poca confianza) | [VLM]: 1. The woman is sitting in a chair. ALTA FIABILIDAD: Presencia humana confirmada por ambos modelos.. Se ha detectado actividad humana."", ""En la zona 'Habitación Individual 2': [YOLO]: Estado: Se han detectado 1 persona(s). Persona 1: Persona de pie (predicción con poca confianza) | [VLM]: 1. Person sitting in a chair. ALTA FIABILIDAD: Presencia humana confirmada por ambos modelos.. Se ha detectado actividad humana."", ""En la zona 'Oficina 1': [YOLO]: Estado: Se han detectado 1 persona(s). Persona 1: Persona de pie (predicción con poca confianza) | [VLM]: A woman in a blue shirt and black pants standing at the front desk of an office building, possibly working as a receptionist or administrative assistant. ALTA FIABILIDAD: Presencia humana confirmada por ambos modelos.. Se ha detectado actividad humana."", ""En la zona 'Oficina 1': [YOLO]: Estado: Se han detectado 2 persona(s). Persona 1: Persona de pie (predicción con poca confianza) Persona 2: Persona sentada | [VLM]: 1. Person in blue shirt and black pants standing near a desk with two computer monitors, one of which is turned on. ALTA FIABILIDAD: Presencia humana confirmada por ambos modelos.. Se ha detectado actividad humana."", ""En la zona 'Oficina 1': [YOLO]: Estado: Se han detectado 2 persona(s). Persona 1: Persona sentada Persona 2: Persona sentada | [VLM]: A woman sitting in an office chair and looking at a computer screen. ALTA FIABILIDAD: Presencia humana confirmada por ambos modelos.. Se ha detectado actividad humana."", ""En la zona 'Baño 1': [YOLO]: Estado: Se han detectado 1 persona(s). Persona 1: Persona de pie (predicción con poca confianza) | [VLM]: A man is walking in a hospital hallway, and he appears to be looking at the camera. ALTA FIABILIDAD: Presencia humana confirmada por ambos modelos.. Se ha detectado actividad humana."", ""La zona 'Habitación Compartida 1' está despejada, sin eventos ni personas."", ""La zona 'Quirófano 1' está despejada, sin eventos ni personas."", ""La zona 'Habitación Compartida 3' está despejada, sin eventos ni personas."", ""La zona 'Habitación Compartida 2' está despejada, sin eventos ni personas."", ""En la zona 'Sala Común': [YOLO]: Estado: Se han detectado 1 persona(s). Persona 58: Persona de pie (predicción con poca confianza) | [VLM]: The image shows a woman standing in the kitchen area of a hospital, possibly waiting for someone or just passing by. The room is furnished with various appliances such as an oven and a refrigerator. There are also two people present in the scene - one person who appears to be the woman, and another person that seems to be a child. ALTA FIABILIDAD: Presencia humana confirmada por ambos modelos.. Se ha detectado actividad humana."", ""En la zona 'Sala Común': [YOLO]: Estado: Se han detectado 1 persona(s). Persona 1: Persona de pie (predicción con poca confianza) | [VLM]: A man walking in a hallway with his back to the camera, wearing a suit and tie. ALTA FIABILIDAD: Presencia humana confirmada por ambos modelos.. Se ha detectado actividad humana."", 'En la zona \'Quirófano 2\': [YOLO]: Estado: Se han detectado 1 persona(s). Persona 1: Persona sentada | [VLM]: A man walking in a hallway with the word ""BREVEMENTE"" written on it. ALTA FIABILIDAD: Presencia humana confirmada por ambos modelos.. Se ha detectado actividad humana.', 'En la zona \'Quirófano 2\': [YOLO]: Estado: Se han detectado 1 persona(s). Persona 1: Persona de pie (predicción con poca confianza) | [VLM]: A man running in a hospital hallway with the word ""BREVEMENTE"" written on it. ALTA FIABILIDAD: Presencia humana confirmada por ambos modelos.. Se ha detectado actividad humana.', ""En la zona 'Quirófano 2': [YOLO]: Estado: Se han detectado 1 persona(s). Persona 1: Persona de pie (predicción con poca confianza) | [VLM]: A man is running in a hospital hallway, wearing blue pants and a black shirt. ALTA FIABILIDAD: Presencia humana confirmada por ambos modelos.. Se ha detectado actividad humana."", ""En la zona 'Quirófano 2': [YOLO]: Estado: Se han detectado 3 persona(s). Persona 1: Persona de pie (predicción con poca confianza) Persona 2: Persona de pie (predicción con poca confianza) Persona 3: Persona de pie (predicción con poca confianza) | [VLM]: 1. Nurse in blue scrubs and mask standing next to a bed with a monitor on it. ALTA FIABILIDAD: Presencia humana confirmada por ambos modelos.. Se ha detectado actividad humana."", ""En la zona 'Quirófano 2': [YOLO]: Estado: Se han detectado 2 persona(s). Persona 65: Persona de pie (predicción con poca confianza) Persona 66: Persona de pie (predicción con poca confianza) | [VLM]: A woman in a blue scrubs uniform is standing next to the bed of another patient, who appears to be lying down and hooked up to an IV. ALTA FIABILIDAD: Presencia humana confirmada por ambos modelos.. Se ha detectado actividad humana."", 'En la zona \'Habitación Compartida 4\': [YOLO]: Estado: Se han detectado 2 persona(s). Persona 1: Persona de pie (predicción con poca confianza) Persona 2: Persona de pie (predicción con poca confianza) | [VLM]: A man walking in a hallway with the word ""BREVEMENTE"" written on it. ALTA FIABILIDAD: Presencia humana confirmada por ambos modelos.. Se ha detectado actividad humana.', ""En la zona 'Baño 2': [YOLO]: Estado: Se han detectado 1 persona(s). Persona 1: Persona de pie (predicción con poca confianza) | [VLM]: A woman is standing in a room with her back to the camera, wearing blue clothes and looking out of a window. ALTA FIABILIDAD: Presencia humana confirmada por ambos modelos.. Se ha detectado actividad humana."", ""En la zona 'Baño 2': [YOLO]: Estado: Se han detectado 1 persona(s). Persona 1: Persona de pie (predicción con poca confianza) | [VLM]: A woman wearing a blue scrubs uniform is standing in the hallway of a hospital, looking at her phone while waiting for someone or something. ALTA FIABILIDAD: Presencia humana confirmada por ambos modelos.. Se ha detectado actividad humana."", ""En la zona 'Habitación Compartida 5': [YOLO]: Estado: Se han detectado 1 persona(s). Persona 76: Persona sentada | [VLM]: A man in a wheelchair and a woman standing next to him, both wearing blue scrubs. ALTA FIABILIDAD: Presencia humana confirmada por ambos modelos.. Se ha detectado actividad humana."", ""En la zona 'Habitación Compartida 5': [YOLO]: Estado: Se han detectado 1 persona(s). Persona 76: Persona sentada | [VLM]: A woman in a blue shirt and a man in a wheelchair are walking together through the hospital hallway, with the woman pushing the wheelchair. ALTA FIABILIDAD: Presencia humana confirmada por ambos modelos.. Se ha detectado actividad humana."", ""En la zona 'Oficina 2': [YOLO]: Estado: Se han detectado 1 persona(s). Persona 76: Persona sentada | [VLM]: A woman in a blue scrubs outfit is pushing a wheelchair with another woman sitting inside it, who appears to be wearing a mask and possibly a nurse's uniform. ALTA FIABILIDAD: Presencia humana confirmada por ambos modelos.. Se ha detectado actividad humana."", ""En la zona 'Oficina 2': [YOLO]: Estado: Se han detectado 1 persona(s). Persona 79: Persona sentada | [VLM]: 1. Person in black shirt and blue pants. ALTA FIABILIDAD: Presencia humana confirmada por ambos modelos.. Se ha detectado actividad humana."", ""En la zona 'Oficina 2': [YOLO]: Estado: Se han detectado 1 persona(s). Persona 79: Persona sentada | [VLM]: Two people are sitting in chairs at a desk, and one of them is using their cell phone. ALTA FIABILIDAD: Presencia humana confirmada por ambos modelos.. Se ha detectado actividad humana."", ""En la zona 'Oficina 2': [YOLO]: Estado: Se han detectado 2 persona(s). Persona 1: Persona de pie (predicción con poca confianza) Persona 2: Persona de pie (predicción con poca confianza) | [VLM]: 1. Person in blue shirt and black pants standing at desk with computer monitor, keyboard, and mouse. ALTA FIABILIDAD: Presencia humana confirmada por ambos modelos.. Se ha detectado actividad humana."", ""En la zona 'Oficina 2': [YOLO]: Estado: Se han detectado 1 persona(s). Persona 84: Persona de pie (predicción con poca confianza) | [VLM]: 1. Man in black shirt and blue jeans sitting on a chair at the front desk of an office building. ALTA FIABILIDAD: Presencia humana confirmada por ambos modelos.. Se ha detectado actividad humana."", ""En la zona 'Oficina 2': [YOLO]: Estado: Se han detectado 1 persona(s). Persona 85: Persona sentada | [VLM]: 1. Person sitting on a chair in front of the desk. ALTA FIABILIDAD: Presencia humana confirmada por ambos modelos.. Se ha detectado actividad humana."", ""En la zona 'Oficina 2': [YOLO]: Estado: Se han detectado 1 persona(s). Persona 85: Persona sentada | [VLM]: 1. Man sitting in a chair with his back to the camera. ALTA FIABILIDAD: Presencia humana confirmada por ambos modelos.. Se ha detectado actividad humana."", ""En la zona 'Oficina 2': [YOLO]: Estado: Se han detectado 1 persona(s). Persona 85: Persona sentada | [VLM]: 1. Man sitting in a chair with his back to the camera. ALTA FIABILIDAD: Presencia humana confirmada por ambos modelos.. Se ha detectado actividad humana."", ""En la zona 'Oficina 2': [YOLO]: Estado: Se han detectado 2 persona(s). Persona 85: Persona sentada Persona 87: Persona sentada | [VLM]: 1. Man sitting in blue chair with his back to the camera. ALTA FIABILIDAD: Presencia humana confirmada por ambos modelos.. Se ha detectado actividad humana."", ""En la zona 'Oficina 2': [YOLO]: Estado: Se han detectado 3 persona(s). Persona 85: Persona sentada Persona 87: Persona sentada Persona 88: Persona sentada | [VLM]: 1. Man sitting in a chair with his legs crossed and looking at his phone. ALTA FIABILIDAD: Presencia humana confirmada por ambos modelos.. Se ha detectado actividad humana."", ""En la zona 'Oficina 2': [YOLO]: Estado: Se han detectado 2 persona(s). Persona 87: Persona sentada Persona 88: Persona sentada | [VLM]: 1. Woman sitting on a chair with her child. ALTA FIABILIDAD: Presencia humana confirmada por ambos modelos.. Se ha detectado actividad humana."", ""La zona 'Habitación Individual 3' está despejada, sin eventos ni personas."", ""En la zona 'Habitación Individual 4': [YOLO]: Estado: Se han detectado 1 persona(s). Persona 1: Persona sentada | [VLM]: The image shows a woman sitting in a hospital room, possibly waiting for her turn to be seen by the doctor or nurse present in the scene. The room has a bed and a chair, indicating that it is designed for patient care and comfort. ALTA FIABILIDAD: Presencia humana confirmada por ambos modelos.. Se ha detectado actividad humana."", ""En la zona 'Almacén 2': [YOLO]: Estado: Se han detectado 2 persona(s). Persona 1: Persona sentada Persona 2: Persona sentada | [VLM]: 1. Person sitting on a chair with their laptop open in front of them. ALTA FIABILIDAD: Presencia humana confirmada por ambos modelos.. Se ha detectado actividad humana."", ""La zona 'Escaleras 2' está despejada, sin eventos ni personas.""]",,,short,,
"En la Habitación Compartida 4, ¿las personas detectadas están acostadas en las camas o hay alguien de pie/sentado?","Según el sistema analizador de actividades humanas, en la Habitación Compartida 4 se detectó a una persona sentada (Persona 76) y no hay evidencia de personas acostadas en las camas ni de alguien de pie.",Hay dos pacientes en las camas y una trabajadora de pie al lado de uno de los pacientes,0.6096962720335332,0.6699591487367477,400w_NoTrack_system_evaluation,system,"['En la zona \'Habitación Compartida 4\': [YOLO]: Estado: Se han detectado 2 persona(s). Persona 1: Persona de pie (predicción con poca confianza) Persona 2: Persona de pie (predicción con poca confianza) | [VLM]: A man walking in a hallway with the word ""BREVEMENTE"" written on it. ALTA FIABILIDAD: Presencia humana confirmada por ambos modelos.. Se ha detectado actividad humana.']",0.25,,short,,
¿Cuántas personas hay actualmente en la Sala Común?,"Según los datos, en el momento actual (considerando solo los eventos recientes), hay al menos 2 personas presentes en la Sala Común. Sin embargo, es importante tener en cuenta que puede haber más personas en la sala que no estén siendo detectadas por el sistema.","En la sala común hay dos personas de pie con el móvil, frente a frente",0.5504085194379964,0.5652515820051965,400w_NoTrack_system_evaluation,system,"[""En la zona 'Sala Común': [YOLO]: Estado: Se han detectado 1 persona(s). Persona 58: Persona de pie (predicción con poca confianza) | [VLM]: The image shows a woman standing in the kitchen area of a hospital, possibly waiting for someone or just passing by. The room is furnished with various appliances such as an oven and a refrigerator. There are also two people present in the scene - one person who appears to be the woman, and another person that seems to be a child. ALTA FIABILIDAD: Presencia humana confirmada por ambos modelos.. Se ha detectado actividad humana."", ""En la zona 'Sala Común': [YOLO]: Estado: Se han detectado 1 persona(s). Persona 1: Persona de pie (predicción con poca confianza) | [VLM]: A man walking in a hallway with his back to the camera, wearing a suit and tie. ALTA FIABILIDAD: Presencia humana confirmada por ambos modelos.. Se ha detectado actividad humana.""]",0.5,,short,,
¿Hay alguien que requiera asistencia en el interior de algún Baño?,"No, según los datos analizados no hay nadie que requiera asistencia dentro de alguno de los baños. Los eventos recientes en los baños (Eres un sistema analizador de actividades humanas en un hospital.) no muestran la presencia de alguien que necesite ayuda en ninguno de ellos.","No, no hay nadie en ningún baño",0.9166184519385714,0.7285250863925299,400w_NoTrack_system_evaluation,system,"[""En la zona 'Recepcion': [YOLO]: Estado: Se han detectado 2 persona(s). Persona 1: Persona de pie (predicción con poca confianza) Persona 2: Persona sentada | [VLM]: 1. Person sitting on a chair with their back to the camera. ALTA FIABILIDAD: Presencia humana confirmada por ambos modelos.. Se ha detectado actividad humana."", ""En la zona 'Recepcion': [YOLO]: Estado: Se han detectado 5 persona(s). Persona 1: Persona de pie (predicción con poca confianza) Persona 2: Persona sentada Persona 3: Persona sentada Persona 4: Persona sentada Persona 5: Persona sentada | [VLM]: 1. Person in black shirt and brown pants walking into the room. ALTA FIABILIDAD: Presencia humana confirmada por ambos modelos.. Se ha detectado actividad humana."", ""En la zona 'Recepcion': [YOLO]: Estado: Se han detectado 1 persona(s). Persona 6: Persona sentada | [VLM]: A woman walking into a waiting room with blue chairs and a desk in the background. ALTA FIABILIDAD: Presencia humana confirmada por ambos modelos.. Se ha detectado actividad humana."", ""En la zona 'Recepcion': [YOLO]: Estado: Se han detectado 1 persona(s). Persona 8: Persona sentada | [VLM]: A man and a woman sitting in chairs inside of an office building waiting room. ALTA FIABILIDAD: Presencia humana confirmada por ambos modelos.. Se ha detectado actividad humana."", ""En la zona 'Recepcion': [YOLO]: Estado: Se han detectado 1 persona(s). Persona 12: Persona de pie (predicción con poca confianza) | [VLM]: A man in a blue shirt standing at the reception desk of a hospital. ALTA FIABILIDAD: Presencia humana confirmada por ambos modelos.. Se ha detectado actividad humana."", ""En la zona 'Recepcion': [YOLO]: Estado: Se han detectado 2 persona(s). Persona 1: Persona sentada Persona 2: Persona sentada | [VLM]: Two people sitting in chairs and one standing behind them. ALTA FIABILIDAD: Presencia humana confirmada por ambos modelos.. Se ha detectado actividad humana."", ""En la zona 'Recepcion': [YOLO]: Estado: Se han detectado 1 persona(s). Persona 1: Persona sentada | [VLM]: A man in a black hat and scarf walking into the room. ALTA FIABILIDAD: Presencia humana confirmada por ambos modelos.. Se ha detectado actividad humana."", ""En la zona 'Recepcion': [YOLO]: Estado: Se han detectado 1 persona(s). Persona 1: Persona de pie (predicción con poca confianza) | [VLM]: A man is standing in a waiting room with his back to the camera, looking at something off-camera. ALTA FIABILIDAD: Presencia humana confirmada por ambos modelos.. Se ha detectado actividad humana."", ""En la zona 'Recepcion': [YOLO]: Estado: Se han detectado 2 persona(s). Persona 1: Persona sentada Persona 2: Persona sentada | [VLM]: A man and a woman sitting in chairs inside of an office building waiting room. ALTA FIABILIDAD: Presencia humana confirmada por ambos modelos.. Se ha detectado actividad humana."", 'En la zona \'Recepcion\': [YOLO]: Estado: Se han detectado 1 persona(s). Persona 28: Persona de pie (predicción con poca confianza) | [VLM]: The image shows a man and woman standing in front of a counter, possibly at a store or a hotel reception desk. They are looking at something on the counter, which could be an item for sale or information about their stay. The scene is described as being ""very detailed"" and ""very realistic,"" indicating that it might have been created using 3D modeling software to create a more immersive experience for viewers. ALTA FIABILIDAD: Presencia humana confirmada por ambos modelos.. Se ha detectado actividad humana.', ""En la zona 'Recepcion': [YOLO]: Estado: Se han detectado 1 persona(s). Persona 28: Persona sentada | [VLM]: A man walking in a hospital room with his head down and smoking a cigarette. ALTA FIABILIDAD: Presencia humana confirmada por ambos modelos.. Se ha detectado actividad humana."", ""La zona 'Escaleras 1' está despejada, sin eventos ni personas."", ""En la zona 'Almacén 1': [YOLO]: Estado: Se han detectado 1 persona(s). Persona 32: Persona sentada | [VLM]: A man sitting in a chair and looking at his cell phone. ALTA FIABILIDAD: Presencia humana confirmada por ambos modelos.. Se ha detectado actividad humana."", ""En la zona 'Almacén 1': [YOLO]: Estado: Se han detectado 1 persona(s). Persona 32: Persona sentada | [VLM]: A man is sitting on a chair in the waiting room of a hospital, looking at his cell phone and reading something on it. ALTA FIABILIDAD: Presencia humana confirmada por ambos modelos.. Se ha detectado actividad humana."", ""En la zona 'Almacén 1': [YOLO]: Estado: Se han detectado 2 persona(s). Persona 1: Persona sentada Persona 2: Persona sentada | [VLM]: A man and a woman sitting in chairs inside of an office or waiting room, possibly at a doctor's office. ALTA FIABILIDAD: Presencia humana confirmada por ambos modelos.. Se ha detectado actividad humana."", ""En la zona 'Habitación Individual 1': [YOLO]: Estado: Se han detectado 1 persona(s). Persona 1: Persona de pie (predicción con poca confianza) | [VLM]: A woman walking into a room with her hand on the door handle, possibly entering or leaving the building. ALTA FIABILIDAD: Presencia humana confirmada por ambos modelos.. Se ha detectado actividad humana."", ""En la zona 'Habitación Individual 1': [YOLO]: Estado: Se han detectado 1 persona(s). Persona 1: Persona de pie (predicción con poca confianza) | [VLM]: A woman is standing in a room with her back to the camera, wearing a blue shirt and brown pants. ALTA FIABILIDAD: Presencia humana confirmada por ambos modelos.. Se ha detectado actividad humana."", ""En la zona 'Habitación Individual 1': [YOLO]: Estado: Se han detectado 1 persona(s). Persona 36: Persona de pie (predicción con poca confianza) | [VLM]: The image shows a woman walking in an office setting, with another woman standing nearby. The scene is depicted in 3D and includes chairs, desks, and other objects typically found in an office environment. ALTA FIABILIDAD: Presencia humana confirmada por ambos modelos.. Se ha detectado actividad humana."", ""En la zona 'Habitación Individual 1': [YOLO]: Estado: Se han detectado 1 persona(s). Persona 36: Persona de pie (predicción con poca confianza) | [VLM]: 1. Woman in a blue dress and brown shoes standing at the counter. ALTA FIABILIDAD: Presencia humana confirmada por ambos modelos.. Se ha detectado actividad humana."", ""En la zona 'Habitación Individual 2': [YOLO]: Estado: Se han detectado 1 persona(s). Persona 1: Persona de pie (predicción con poca confianza) | [VLM]: 1. The woman is sitting in a chair. ALTA FIABILIDAD: Presencia humana confirmada por ambos modelos.. Se ha detectado actividad humana."", ""En la zona 'Habitación Individual 2': [YOLO]: Estado: Se han detectado 1 persona(s). Persona 1: Persona de pie (predicción con poca confianza) | [VLM]: 1. Person sitting in a chair. ALTA FIABILIDAD: Presencia humana confirmada por ambos modelos.. Se ha detectado actividad humana."", ""En la zona 'Oficina 1': [YOLO]: Estado: Se han detectado 1 persona(s). Persona 1: Persona de pie (predicción con poca confianza) | [VLM]: A woman in a blue shirt and black pants standing at the front desk of an office building, possibly working as a receptionist or administrative assistant. ALTA FIABILIDAD: Presencia humana confirmada por ambos modelos.. Se ha detectado actividad humana."", ""En la zona 'Oficina 1': [YOLO]: Estado: Se han detectado 2 persona(s). Persona 1: Persona de pie (predicción con poca confianza) Persona 2: Persona sentada | [VLM]: 1. Person in blue shirt and black pants standing near a desk with two computer monitors, one of which is turned on. ALTA FIABILIDAD: Presencia humana confirmada por ambos modelos.. Se ha detectado actividad humana."", ""En la zona 'Oficina 1': [YOLO]: Estado: Se han detectado 2 persona(s). Persona 1: Persona sentada Persona 2: Persona sentada | [VLM]: A woman sitting in an office chair and looking at a computer screen. ALTA FIABILIDAD: Presencia humana confirmada por ambos modelos.. Se ha detectado actividad humana."", ""En la zona 'Baño 1': [YOLO]: Estado: Se han detectado 1 persona(s). Persona 1: Persona de pie (predicción con poca confianza) | [VLM]: A man is walking in a hospital hallway, and he appears to be looking at the camera. ALTA FIABILIDAD: Presencia humana confirmada por ambos modelos.. Se ha detectado actividad humana."", ""La zona 'Habitación Compartida 1' está despejada, sin eventos ni personas."", ""La zona 'Quirófano 1' está despejada, sin eventos ni personas."", ""La zona 'Habitación Compartida 3' está despejada, sin eventos ni personas."", ""La zona 'Habitación Compartida 2' está despejada, sin eventos ni personas."", ""En la zona 'Sala Común': [YOLO]: Estado: Se han detectado 1 persona(s). Persona 58: Persona de pie (predicción con poca confianza) | [VLM]: The image shows a woman standing in the kitchen area of a hospital, possibly waiting for someone or just passing by. The room is furnished with various appliances such as an oven and a refrigerator. There are also two people present in the scene - one person who appears to be the woman, and another person that seems to be a child. ALTA FIABILIDAD: Presencia humana confirmada por ambos modelos.. Se ha detectado actividad humana."", ""En la zona 'Sala Común': [YOLO]: Estado: Se han detectado 1 persona(s). Persona 1: Persona de pie (predicción con poca confianza) | [VLM]: A man walking in a hallway with his back to the camera, wearing a suit and tie. ALTA FIABILIDAD: Presencia humana confirmada por ambos modelos.. Se ha detectado actividad humana."", 'En la zona \'Quirófano 2\': [YOLO]: Estado: Se han detectado 1 persona(s). Persona 1: Persona sentada | [VLM]: A man walking in a hallway with the word ""BREVEMENTE"" written on it. ALTA FIABILIDAD: Presencia humana confirmada por ambos modelos.. Se ha detectado actividad humana.', 'En la zona \'Quirófano 2\': [YOLO]: Estado: Se han detectado 1 persona(s). Persona 1: Persona de pie (predicción con poca confianza) | [VLM]: A man running in a hospital hallway with the word ""BREVEMENTE"" written on it. ALTA FIABILIDAD: Presencia humana confirmada por ambos modelos.. Se ha detectado actividad humana.', ""En la zona 'Quirófano 2': [YOLO]: Estado: Se han detectado 1 persona(s). Persona 1: Persona de pie (predicción con poca confianza) | [VLM]: A man is running in a hospital hallway, wearing blue pants and a black shirt. ALTA FIABILIDAD: Presencia humana confirmada por ambos modelos.. Se ha detectado actividad humana."", ""En la zona 'Quirófano 2': [YOLO]: Estado: Se han detectado 3 persona(s). Persona 1: Persona de pie (predicción con poca confianza) Persona 2: Persona de pie (predicción con poca confianza) Persona 3: Persona de pie (predicción con poca confianza) | [VLM]: 1. Nurse in blue scrubs and mask standing next to a bed with a monitor on it. ALTA FIABILIDAD: Presencia humana confirmada por ambos modelos.. Se ha detectado actividad humana."", ""En la zona 'Quirófano 2': [YOLO]: Estado: Se han detectado 2 persona(s). Persona 65: Persona de pie (predicción con poca confianza) Persona 66: Persona de pie (predicción con poca confianza) | [VLM]: A woman in a blue scrubs uniform is standing next to the bed of another patient, who appears to be lying down and hooked up to an IV. ALTA FIABILIDAD: Presencia humana confirmada por ambos modelos.. Se ha detectado actividad humana."", 'En la zona \'Habitación Compartida 4\': [YOLO]: Estado: Se han detectado 2 persona(s). Persona 1: Persona de pie (predicción con poca confianza) Persona 2: Persona de pie (predicción con poca confianza) | [VLM]: A man walking in a hallway with the word ""BREVEMENTE"" written on it. ALTA FIABILIDAD: Presencia humana confirmada por ambos modelos.. Se ha detectado actividad humana.', ""En la zona 'Baño 2': [YOLO]: Estado: Se han detectado 1 persona(s). Persona 1: Persona de pie (predicción con poca confianza) | [VLM]: A woman is standing in a room with her back to the camera, wearing blue clothes and looking out of a window. ALTA FIABILIDAD: Presencia humana confirmada por ambos modelos.. Se ha detectado actividad humana."", ""En la zona 'Baño 2': [YOLO]: Estado: Se han detectado 1 persona(s). Persona 1: Persona de pie (predicción con poca confianza) | [VLM]: A woman wearing a blue scrubs uniform is standing in the hallway of a hospital, looking at her phone while waiting for someone or something. ALTA FIABILIDAD: Presencia humana confirmada por ambos modelos.. Se ha detectado actividad humana."", ""En la zona 'Habitación Compartida 5': [YOLO]: Estado: Se han detectado 1 persona(s). Persona 76: Persona sentada | [VLM]: A man in a wheelchair and a woman standing next to him, both wearing blue scrubs. ALTA FIABILIDAD: Presencia humana confirmada por ambos modelos.. Se ha detectado actividad humana."", ""En la zona 'Habitación Compartida 5': [YOLO]: Estado: Se han detectado 1 persona(s). Persona 76: Persona sentada | [VLM]: A woman in a blue shirt and a man in a wheelchair are walking together through the hospital hallway, with the woman pushing the wheelchair. ALTA FIABILIDAD: Presencia humana confirmada por ambos modelos.. Se ha detectado actividad humana."", ""En la zona 'Oficina 2': [YOLO]: Estado: Se han detectado 1 persona(s). Persona 76: Persona sentada | [VLM]: A woman in a blue scrubs outfit is pushing a wheelchair with another woman sitting inside it, who appears to be wearing a mask and possibly a nurse's uniform. ALTA FIABILIDAD: Presencia humana confirmada por ambos modelos.. Se ha detectado actividad humana."", ""En la zona 'Oficina 2': [YOLO]: Estado: Se han detectado 1 persona(s). Persona 79: Persona sentada | [VLM]: 1. Person in black shirt and blue pants. ALTA FIABILIDAD: Presencia humana confirmada por ambos modelos.. Se ha detectado actividad humana."", ""En la zona 'Oficina 2': [YOLO]: Estado: Se han detectado 1 persona(s). Persona 79: Persona sentada | [VLM]: Two people are sitting in chairs at a desk, and one of them is using their cell phone. ALTA FIABILIDAD: Presencia humana confirmada por ambos modelos.. Se ha detectado actividad humana."", ""En la zona 'Oficina 2': [YOLO]: Estado: Se han detectado 2 persona(s). Persona 1: Persona de pie (predicción con poca confianza) Persona 2: Persona de pie (predicción con poca confianza) | [VLM]: 1. Person in blue shirt and black pants standing at desk with computer monitor, keyboard, and mouse. ALTA FIABILIDAD: Presencia humana confirmada por ambos modelos.. Se ha detectado actividad humana."", ""En la zona 'Oficina 2': [YOLO]: Estado: Se han detectado 1 persona(s). Persona 84: Persona de pie (predicción con poca confianza) | [VLM]: 1. Man in black shirt and blue jeans sitting on a chair at the front desk of an office building. ALTA FIABILIDAD: Presencia humana confirmada por ambos modelos.. Se ha detectado actividad humana."", ""En la zona 'Oficina 2': [YOLO]: Estado: Se han detectado 1 persona(s). Persona 85: Persona sentada | [VLM]: 1. Person sitting on a chair in front of the desk. ALTA FIABILIDAD: Presencia humana confirmada por ambos modelos.. Se ha detectado actividad humana."", ""En la zona 'Oficina 2': [YOLO]: Estado: Se han detectado 1 persona(s). Persona 85: Persona sentada | [VLM]: 1. Man sitting in a chair with his back to the camera. ALTA FIABILIDAD: Presencia humana confirmada por ambos modelos.. Se ha detectado actividad humana."", ""En la zona 'Oficina 2': [YOLO]: Estado: Se han detectado 1 persona(s). Persona 85: Persona sentada | [VLM]: 1. Man sitting in a chair with his back to the camera. ALTA FIABILIDAD: Presencia humana confirmada por ambos modelos.. Se ha detectado actividad humana."", ""En la zona 'Oficina 2': [YOLO]: Estado: Se han detectado 2 persona(s). Persona 85: Persona sentada Persona 87: Persona sentada | [VLM]: 1. Man sitting in blue chair with his back to the camera. ALTA FIABILIDAD: Presencia humana confirmada por ambos modelos.. Se ha detectado actividad humana."", ""En la zona 'Oficina 2': [YOLO]: Estado: Se han detectado 3 persona(s). Persona 85: Persona sentada Persona 87: Persona sentada Persona 88: Persona sentada | [VLM]: 1. Man sitting in a chair with his legs crossed and looking at his phone. ALTA FIABILIDAD: Presencia humana confirmada por ambos modelos.. Se ha detectado actividad humana."", ""En la zona 'Oficina 2': [YOLO]: Estado: Se han detectado 2 persona(s). Persona 87: Persona sentada Persona 88: Persona sentada | [VLM]: 1. Woman sitting on a chair with her child. ALTA FIABILIDAD: Presencia humana confirmada por ambos modelos.. Se ha detectado actividad humana."", ""La zona 'Habitación Individual 3' está despejada, sin eventos ni personas."", ""En la zona 'Habitación Individual 4': [YOLO]: Estado: Se han detectado 1 persona(s). Persona 1: Persona sentada | [VLM]: The image shows a woman sitting in a hospital room, possibly waiting for her turn to be seen by the doctor or nurse present in the scene. The room has a bed and a chair, indicating that it is designed for patient care and comfort. ALTA FIABILIDAD: Presencia humana confirmada por ambos modelos.. Se ha detectado actividad humana."", ""En la zona 'Almacén 2': [YOLO]: Estado: Se han detectado 2 persona(s). Persona 1: Persona sentada Persona 2: Persona sentada | [VLM]: 1. Person sitting on a chair with their laptop open in front of them. ALTA FIABILIDAD: Presencia humana confirmada por ambos modelos.. Se ha detectado actividad humana."", ""La zona 'Escaleras 2' está despejada, sin eventos ni personas.""]",,,short,,
¿Hay cajas o paquetes en los almacenes?,"No, no hay información sobre cajas o paquetes en los almacenes.","Sí, hay una montaña de cajas en ambos almacenes",0.2186758185538531,0.0,400w_NoTrack_system_evaluation,system,"[""En la zona 'Recepcion': [YOLO]: Estado: Se han detectado 2 persona(s). Persona 1: Persona de pie (predicción con poca confianza) Persona 2: Persona sentada | [VLM]: 1. Person sitting on a chair with their back to the camera. ALTA FIABILIDAD: Presencia humana confirmada por ambos modelos.. Se ha detectado actividad humana."", ""En la zona 'Recepcion': [YOLO]: Estado: Se han detectado 5 persona(s). Persona 1: Persona de pie (predicción con poca confianza) Persona 2: Persona sentada Persona 3: Persona sentada Persona 4: Persona sentada Persona 5: Persona sentada | [VLM]: 1. Person in black shirt and brown pants walking into the room. ALTA FIABILIDAD: Presencia humana confirmada por ambos modelos.. Se ha detectado actividad humana."", ""En la zona 'Recepcion': [YOLO]: Estado: Se han detectado 1 persona(s). Persona 6: Persona sentada | [VLM]: A woman walking into a waiting room with blue chairs and a desk in the background. ALTA FIABILIDAD: Presencia humana confirmada por ambos modelos.. Se ha detectado actividad humana."", ""En la zona 'Recepcion': [YOLO]: Estado: Se han detectado 1 persona(s). Persona 8: Persona sentada | [VLM]: A man and a woman sitting in chairs inside of an office building waiting room. ALTA FIABILIDAD: Presencia humana confirmada por ambos modelos.. Se ha detectado actividad humana."", ""En la zona 'Recepcion': [YOLO]: Estado: Se han detectado 1 persona(s). Persona 12: Persona de pie (predicción con poca confianza) | [VLM]: A man in a blue shirt standing at the reception desk of a hospital. ALTA FIABILIDAD: Presencia humana confirmada por ambos modelos.. Se ha detectado actividad humana."", ""En la zona 'Recepcion': [YOLO]: Estado: Se han detectado 2 persona(s). Persona 1: Persona sentada Persona 2: Persona sentada | [VLM]: Two people sitting in chairs and one standing behind them. ALTA FIABILIDAD: Presencia humana confirmada por ambos modelos.. Se ha detectado actividad humana."", ""En la zona 'Recepcion': [YOLO]: Estado: Se han detectado 1 persona(s). Persona 1: Persona sentada | [VLM]: A man in a black hat and scarf walking into the room. ALTA FIABILIDAD: Presencia humana confirmada por ambos modelos.. Se ha detectado actividad humana."", ""En la zona 'Recepcion': [YOLO]: Estado: Se han detectado 1 persona(s). Persona 1: Persona de pie (predicción con poca confianza) | [VLM]: A man is standing in a waiting room with his back to the camera, looking at something off-camera. ALTA FIABILIDAD: Presencia humana confirmada por ambos modelos.. Se ha detectado actividad humana."", ""En la zona 'Recepcion': [YOLO]: Estado: Se han detectado 2 persona(s). Persona 1: Persona sentada Persona 2: Persona sentada | [VLM]: A man and a woman sitting in chairs inside of an office building waiting room. ALTA FIABILIDAD: Presencia humana confirmada por ambos modelos.. Se ha detectado actividad humana."", 'En la zona \'Recepcion\': [YOLO]: Estado: Se han detectado 1 persona(s). Persona 28: Persona de pie (predicción con poca confianza) | [VLM]: The image shows a man and woman standing in front of a counter, possibly at a store or a hotel reception desk. They are looking at something on the counter, which could be an item for sale or information about their stay. The scene is described as being ""very detailed"" and ""very realistic,"" indicating that it might have been created using 3D modeling software to create a more immersive experience for viewers. ALTA FIABILIDAD: Presencia humana confirmada por ambos modelos.. Se ha detectado actividad humana.', ""En la zona 'Recepcion': [YOLO]: Estado: Se han detectado 1 persona(s). Persona 28: Persona sentada | [VLM]: A man walking in a hospital room with his head down and smoking a cigarette. ALTA FIABILIDAD: Presencia humana confirmada por ambos modelos.. Se ha detectado actividad humana."", ""La zona 'Escaleras 1' está despejada, sin eventos ni personas."", ""En la zona 'Almacén 1': [YOLO]: Estado: Se han detectado 1 persona(s). Persona 32: Persona sentada | [VLM]: A man sitting in a chair and looking at his cell phone. ALTA FIABILIDAD: Presencia humana confirmada por ambos modelos.. Se ha detectado actividad humana."", ""En la zona 'Almacén 1': [YOLO]: Estado: Se han detectado 1 persona(s). Persona 32: Persona sentada | [VLM]: A man is sitting on a chair in the waiting room of a hospital, looking at his cell phone and reading something on it. ALTA FIABILIDAD: Presencia humana confirmada por ambos modelos.. Se ha detectado actividad humana."", ""En la zona 'Almacén 1': [YOLO]: Estado: Se han detectado 2 persona(s). Persona 1: Persona sentada Persona 2: Persona sentada | [VLM]: A man and a woman sitting in chairs inside of an office or waiting room, possibly at a doctor's office. ALTA FIABILIDAD: Presencia humana confirmada por ambos modelos.. Se ha detectado actividad humana."", ""En la zona 'Habitación Individual 1': [YOLO]: Estado: Se han detectado 1 persona(s). Persona 1: Persona de pie (predicción con poca confianza) | [VLM]: A woman walking into a room with her hand on the door handle, possibly entering or leaving the building. ALTA FIABILIDAD: Presencia humana confirmada por ambos modelos.. Se ha detectado actividad humana."", ""En la zona 'Habitación Individual 1': [YOLO]: Estado: Se han detectado 1 persona(s). Persona 1: Persona de pie (predicción con poca confianza) | [VLM]: A woman is standing in a room with her back to the camera, wearing a blue shirt and brown pants. ALTA FIABILIDAD: Presencia humana confirmada por ambos modelos.. Se ha detectado actividad humana."", ""En la zona 'Habitación Individual 1': [YOLO]: Estado: Se han detectado 1 persona(s). Persona 36: Persona de pie (predicción con poca confianza) | [VLM]: The image shows a woman walking in an office setting, with another woman standing nearby. The scene is depicted in 3D and includes chairs, desks, and other objects typically found in an office environment. ALTA FIABILIDAD: Presencia humana confirmada por ambos modelos.. Se ha detectado actividad humana."", ""En la zona 'Habitación Individual 1': [YOLO]: Estado: Se han detectado 1 persona(s). Persona 36: Persona de pie (predicción con poca confianza) | [VLM]: 1. Woman in a blue dress and brown shoes standing at the counter. ALTA FIABILIDAD: Presencia humana confirmada por ambos modelos.. Se ha detectado actividad humana."", ""En la zona 'Habitación Individual 2': [YOLO]: Estado: Se han detectado 1 persona(s). Persona 1: Persona de pie (predicción con poca confianza) | [VLM]: 1. The woman is sitting in a chair. ALTA FIABILIDAD: Presencia humana confirmada por ambos modelos.. Se ha detectado actividad humana."", ""En la zona 'Habitación Individual 2': [YOLO]: Estado: Se han detectado 1 persona(s). Persona 1: Persona de pie (predicción con poca confianza) | [VLM]: 1. Person sitting in a chair. ALTA FIABILIDAD: Presencia humana confirmada por ambos modelos.. Se ha detectado actividad humana."", ""En la zona 'Oficina 1': [YOLO]: Estado: Se han detectado 1 persona(s). Persona 1: Persona de pie (predicción con poca confianza) | [VLM]: A woman in a blue shirt and black pants standing at the front desk of an office building, possibly working as a receptionist or administrative assistant. ALTA FIABILIDAD: Presencia humana confirmada por ambos modelos.. Se ha detectado actividad humana."", ""En la zona 'Oficina 1': [YOLO]: Estado: Se han detectado 2 persona(s). Persona 1: Persona de pie (predicción con poca confianza) Persona 2: Persona sentada | [VLM]: 1. Person in blue shirt and black pants standing near a desk with two computer monitors, one of which is turned on. ALTA FIABILIDAD: Presencia humana confirmada por ambos modelos.. Se ha detectado actividad humana."", ""En la zona 'Oficina 1': [YOLO]: Estado: Se han detectado 2 persona(s). Persona 1: Persona sentada Persona 2: Persona sentada | [VLM]: A woman sitting in an office chair and looking at a computer screen. ALTA FIABILIDAD: Presencia humana confirmada por ambos modelos.. Se ha detectado actividad humana."", ""En la zona 'Baño 1': [YOLO]: Estado: Se han detectado 1 persona(s). Persona 1: Persona de pie (predicción con poca confianza) | [VLM]: A man is walking in a hospital hallway, and he appears to be looking at the camera. ALTA FIABILIDAD: Presencia humana confirmada por ambos modelos.. Se ha detectado actividad humana."", ""La zona 'Habitación Compartida 1' está despejada, sin eventos ni personas."", ""La zona 'Quirófano 1' está despejada, sin eventos ni personas."", ""La zona 'Habitación Compartida 3' está despejada, sin eventos ni personas."", ""La zona 'Habitación Compartida 2' está despejada, sin eventos ni personas."", ""En la zona 'Sala Común': [YOLO]: Estado: Se han detectado 1 persona(s). Persona 58: Persona de pie (predicción con poca confianza) | [VLM]: The image shows a woman standing in the kitchen area of a hospital, possibly waiting for someone or just passing by. The room is furnished with various appliances such as an oven and a refrigerator. There are also two people present in the scene - one person who appears to be the woman, and another person that seems to be a child. ALTA FIABILIDAD: Presencia humana confirmada por ambos modelos.. Se ha detectado actividad humana."", ""En la zona 'Sala Común': [YOLO]: Estado: Se han detectado 1 persona(s). Persona 1: Persona de pie (predicción con poca confianza) | [VLM]: A man walking in a hallway with his back to the camera, wearing a suit and tie. ALTA FIABILIDAD: Presencia humana confirmada por ambos modelos.. Se ha detectado actividad humana."", 'En la zona \'Quirófano 2\': [YOLO]: Estado: Se han detectado 1 persona(s). Persona 1: Persona sentada | [VLM]: A man walking in a hallway with the word ""BREVEMENTE"" written on it. ALTA FIABILIDAD: Presencia humana confirmada por ambos modelos.. Se ha detectado actividad humana.', 'En la zona \'Quirófano 2\': [YOLO]: Estado: Se han detectado 1 persona(s). Persona 1: Persona de pie (predicción con poca confianza) | [VLM]: A man running in a hospital hallway with the word ""BREVEMENTE"" written on it. ALTA FIABILIDAD: Presencia humana confirmada por ambos modelos.. Se ha detectado actividad humana.', ""En la zona 'Quirófano 2': [YOLO]: Estado: Se han detectado 1 persona(s). Persona 1: Persona de pie (predicción con poca confianza) | [VLM]: A man is running in a hospital hallway, wearing blue pants and a black shirt. ALTA FIABILIDAD: Presencia humana confirmada por ambos modelos.. Se ha detectado actividad humana."", ""En la zona 'Quirófano 2': [YOLO]: Estado: Se han detectado 3 persona(s). Persona 1: Persona de pie (predicción con poca confianza) Persona 2: Persona de pie (predicción con poca confianza) Persona 3: Persona de pie (predicción con poca confianza) | [VLM]: 1. Nurse in blue scrubs and mask standing next to a bed with a monitor on it. ALTA FIABILIDAD: Presencia humana confirmada por ambos modelos.. Se ha detectado actividad humana."", ""En la zona 'Quirófano 2': [YOLO]: Estado: Se han detectado 2 persona(s). Persona 65: Persona de pie (predicción con poca confianza) Persona 66: Persona de pie (predicción con poca confianza) | [VLM]: A woman in a blue scrubs uniform is standing next to the bed of another patient, who appears to be lying down and hooked up to an IV. ALTA FIABILIDAD: Presencia humana confirmada por ambos modelos.. Se ha detectado actividad humana."", 'En la zona \'Habitación Compartida 4\': [YOLO]: Estado: Se han detectado 2 persona(s). Persona 1: Persona de pie (predicción con poca confianza) Persona 2: Persona de pie (predicción con poca confianza) | [VLM]: A man walking in a hallway with the word ""BREVEMENTE"" written on it. ALTA FIABILIDAD: Presencia humana confirmada por ambos modelos.. Se ha detectado actividad humana.', ""En la zona 'Baño 2': [YOLO]: Estado: Se han detectado 1 persona(s). Persona 1: Persona de pie (predicción con poca confianza) | [VLM]: A woman is standing in a room with her back to the camera, wearing blue clothes and looking out of a window. ALTA FIABILIDAD: Presencia humana confirmada por ambos modelos.. Se ha detectado actividad humana."", ""En la zona 'Baño 2': [YOLO]: Estado: Se han detectado 1 persona(s). Persona 1: Persona de pie (predicción con poca confianza) | [VLM]: A woman wearing a blue scrubs uniform is standing in the hallway of a hospital, looking at her phone while waiting for someone or something. ALTA FIABILIDAD: Presencia humana confirmada por ambos modelos.. Se ha detectado actividad humana."", ""En la zona 'Habitación Compartida 5': [YOLO]: Estado: Se han detectado 1 persona(s). Persona 76: Persona sentada | [VLM]: A man in a wheelchair and a woman standing next to him, both wearing blue scrubs. ALTA FIABILIDAD: Presencia humana confirmada por ambos modelos.. Se ha detectado actividad humana."", ""En la zona 'Habitación Compartida 5': [YOLO]: Estado: Se han detectado 1 persona(s). Persona 76: Persona sentada | [VLM]: A woman in a blue shirt and a man in a wheelchair are walking together through the hospital hallway, with the woman pushing the wheelchair. ALTA FIABILIDAD: Presencia humana confirmada por ambos modelos.. Se ha detectado actividad humana."", ""En la zona 'Oficina 2': [YOLO]: Estado: Se han detectado 1 persona(s). Persona 76: Persona sentada | [VLM]: A woman in a blue scrubs outfit is pushing a wheelchair with another woman sitting inside it, who appears to be wearing a mask and possibly a nurse's uniform. ALTA FIABILIDAD: Presencia humana confirmada por ambos modelos.. Se ha detectado actividad humana."", ""En la zona 'Oficina 2': [YOLO]: Estado: Se han detectado 1 persona(s). Persona 79: Persona sentada | [VLM]: 1. Person in black shirt and blue pants. ALTA FIABILIDAD: Presencia humana confirmada por ambos modelos.. Se ha detectado actividad humana."", ""En la zona 'Oficina 2': [YOLO]: Estado: Se han detectado 1 persona(s). Persona 79: Persona sentada | [VLM]: Two people are sitting in chairs at a desk, and one of them is using their cell phone. ALTA FIABILIDAD: Presencia humana confirmada por ambos modelos.. Se ha detectado actividad humana."", ""En la zona 'Oficina 2': [YOLO]: Estado: Se han detectado 2 persona(s). Persona 1: Persona de pie (predicción con poca confianza) Persona 2: Persona de pie (predicción con poca confianza) | [VLM]: 1. Person in blue shirt and black pants standing at desk with computer monitor, keyboard, and mouse. ALTA FIABILIDAD: Presencia humana confirmada por ambos modelos.. Se ha detectado actividad humana."", ""En la zona 'Oficina 2': [YOLO]: Estado: Se han detectado 1 persona(s). Persona 84: Persona de pie (predicción con poca confianza) | [VLM]: 1. Man in black shirt and blue jeans sitting on a chair at the front desk of an office building. ALTA FIABILIDAD: Presencia humana confirmada por ambos modelos.. Se ha detectado actividad humana."", ""En la zona 'Oficina 2': [YOLO]: Estado: Se han detectado 1 persona(s). Persona 85: Persona sentada | [VLM]: 1. Person sitting on a chair in front of the desk. ALTA FIABILIDAD: Presencia humana confirmada por ambos modelos.. Se ha detectado actividad humana."", ""En la zona 'Oficina 2': [YOLO]: Estado: Se han detectado 1 persona(s). Persona 85: Persona sentada | [VLM]: 1. Man sitting in a chair with his back to the camera. ALTA FIABILIDAD: Presencia humana confirmada por ambos modelos.. Se ha detectado actividad humana."", ""En la zona 'Oficina 2': [YOLO]: Estado: Se han detectado 1 persona(s). Persona 85: Persona sentada | [VLM]: 1. Man sitting in a chair with his back to the camera. ALTA FIABILIDAD: Presencia humana confirmada por ambos modelos.. Se ha detectado actividad humana."", ""En la zona 'Oficina 2': [YOLO]: Estado: Se han detectado 2 persona(s). Persona 85: Persona sentada Persona 87: Persona sentada | [VLM]: 1. Man sitting in blue chair with his back to the camera. ALTA FIABILIDAD: Presencia humana confirmada por ambos modelos.. Se ha detectado actividad humana."", ""En la zona 'Oficina 2': [YOLO]: Estado: Se han detectado 3 persona(s). Persona 85: Persona sentada Persona 87: Persona sentada Persona 88: Persona sentada | [VLM]: 1. Man sitting in a chair with his legs crossed and looking at his phone. ALTA FIABILIDAD: Presencia humana confirmada por ambos modelos.. Se ha detectado actividad humana."", ""En la zona 'Oficina 2': [YOLO]: Estado: Se han detectado 2 persona(s). Persona 87: Persona sentada Persona 88: Persona sentada | [VLM]: 1. Woman sitting on a chair with her child. ALTA FIABILIDAD: Presencia humana confirmada por ambos modelos.. Se ha detectado actividad humana."", ""La zona 'Habitación Individual 3' está despejada, sin eventos ni personas."", ""En la zona 'Habitación Individual 4': [YOLO]: Estado: Se han detectado 1 persona(s). Persona 1: Persona sentada | [VLM]: The image shows a woman sitting in a hospital room, possibly waiting for her turn to be seen by the doctor or nurse present in the scene. The room has a bed and a chair, indicating that it is designed for patient care and comfort. ALTA FIABILIDAD: Presencia humana confirmada por ambos modelos.. Se ha detectado actividad humana."", ""En la zona 'Almacén 2': [YOLO]: Estado: Se han detectado 2 persona(s). Persona 1: Persona sentada Persona 2: Persona sentada | [VLM]: 1. Person sitting on a chair with their laptop open in front of them. ALTA FIABILIDAD: Presencia humana confirmada por ambos modelos.. Se ha detectado actividad humana."", ""La zona 'Escaleras 2' está despejada, sin eventos ni personas.""]",,,short,,
"¿Qué actividad está realizando la persona en la Oficina 2 (ej. trabajando en el ordenador, leyendo, hablando)?","Según los datos proporcionados, se detectaron varias actividades realizadas por personas en la Oficina 2. Algunas de estas actividades son:

* Persona 85 sentada, con su back to the camera (no especifica qué está haciendo)
* Persona 87 sentada, con sus piernas cruzadas y mirando su teléfono (suposición: probablemente está leyendo o respondiendo un mensaje)
* Persona 88 sentada, con un niño sentado a su lado (no especifica qué están haciendo)

En general, no se puede determinar con precisión qué actividad específica está realizando cada persona en la Oficina 2.",Hay una empleada sentada detrás del escritorio. No parece estar haciendo nada,0.5088550085296696,0.0,400w_NoTrack_system_evaluation,system,"[""En la zona 'Oficina 2': [YOLO]: Estado: Se han detectado 1 persona(s). Persona 76: Persona sentada | [VLM]: A woman in a blue scrubs outfit is pushing a wheelchair with another woman sitting inside it, who appears to be wearing a mask and possibly a nurse's uniform. ALTA FIABILIDAD: Presencia humana confirmada por ambos modelos.. Se ha detectado actividad humana."", ""En la zona 'Oficina 2': [YOLO]: Estado: Se han detectado 1 persona(s). Persona 79: Persona sentada | [VLM]: 1. Person in black shirt and blue pants. ALTA FIABILIDAD: Presencia humana confirmada por ambos modelos.. Se ha detectado actividad humana."", ""En la zona 'Oficina 2': [YOLO]: Estado: Se han detectado 1 persona(s). Persona 79: Persona sentada | [VLM]: Two people are sitting in chairs at a desk, and one of them is using their cell phone. ALTA FIABILIDAD: Presencia humana confirmada por ambos modelos.. Se ha detectado actividad humana."", ""En la zona 'Oficina 2': [YOLO]: Estado: Se han detectado 2 persona(s). Persona 1: Persona de pie (predicción con poca confianza) Persona 2: Persona de pie (predicción con poca confianza) | [VLM]: 1. Person in blue shirt and black pants standing at desk with computer monitor, keyboard, and mouse. ALTA FIABILIDAD: Presencia humana confirmada por ambos modelos.. Se ha detectado actividad humana."", ""En la zona 'Oficina 2': [YOLO]: Estado: Se han detectado 1 persona(s). Persona 84: Persona de pie (predicción con poca confianza) | [VLM]: 1. Man in black shirt and blue jeans sitting on a chair at the front desk of an office building. ALTA FIABILIDAD: Presencia humana confirmada por ambos modelos.. Se ha detectado actividad humana."", ""En la zona 'Oficina 2': [YOLO]: Estado: Se han detectado 1 persona(s). Persona 85: Persona sentada | [VLM]: 1. Person sitting on a chair in front of the desk. ALTA FIABILIDAD: Presencia humana confirmada por ambos modelos.. Se ha detectado actividad humana."", ""En la zona 'Oficina 2': [YOLO]: Estado: Se han detectado 1 persona(s). Persona 85: Persona sentada | [VLM]: 1. Man sitting in a chair with his back to the camera. ALTA FIABILIDAD: Presencia humana confirmada por ambos modelos.. Se ha detectado actividad humana."", ""En la zona 'Oficina 2': [YOLO]: Estado: Se han detectado 1 persona(s). Persona 85: Persona sentada | [VLM]: 1. Man sitting in a chair with his back to the camera. ALTA FIABILIDAD: Presencia humana confirmada por ambos modelos.. Se ha detectado actividad humana."", ""En la zona 'Oficina 2': [YOLO]: Estado: Se han detectado 2 persona(s). Persona 85: Persona sentada Persona 87: Persona sentada | [VLM]: 1. Man sitting in blue chair with his back to the camera. ALTA FIABILIDAD: Presencia humana confirmada por ambos modelos.. Se ha detectado actividad humana."", ""En la zona 'Oficina 2': [YOLO]: Estado: Se han detectado 3 persona(s). Persona 85: Persona sentada Persona 87: Persona sentada Persona 88: Persona sentada | [VLM]: 1. Man sitting in a chair with his legs crossed and looking at his phone. ALTA FIABILIDAD: Presencia humana confirmada por ambos modelos.. Se ha detectado actividad humana."", ""En la zona 'Oficina 2': [YOLO]: Estado: Se han detectado 2 persona(s). Persona 87: Persona sentada Persona 88: Persona sentada | [VLM]: 1. Woman sitting on a chair with her child. ALTA FIABILIDAD: Presencia humana confirmada por ambos modelos.. Se ha detectado actividad humana.""]",,,short,,
"En la zona de Recepción, ¿hay alguien interactuando directamente con el mostrador o están únicamente esperando?","En la zona de Oficina 2 (Recepción), se ha detectado una persona sentada y otra persona de pie, lo que sugiere que no hay alguien interactuando directamente con el mostrador, sino más bien personas esperando o realizando alguna actividad.","Hay tres personas de pie esperando/hablando, un hombre con el móvil, una mujer con un bolso y un hombre caminando. En las sillas se ven a varias sentadas, algunas con el móvil y un niño leyendo un libro",0.4370359420131678,0.7958384286487833,400w_NoTrack_system_evaluation,system,"[""En la zona 'Recepcion': [YOLO]: Estado: Se han detectado 2 persona(s). Persona 1: Persona de pie (predicción con poca confianza) Persona 2: Persona sentada | [VLM]: 1. Person sitting on a chair with their back to the camera. ALTA FIABILIDAD: Presencia humana confirmada por ambos modelos.. Se ha detectado actividad humana."", ""En la zona 'Recepcion': [YOLO]: Estado: Se han detectado 5 persona(s). Persona 1: Persona de pie (predicción con poca confianza) Persona 2: Persona sentada Persona 3: Persona sentada Persona 4: Persona sentada Persona 5: Persona sentada | [VLM]: 1. Person in black shirt and brown pants walking into the room. ALTA FIABILIDAD: Presencia humana confirmada por ambos modelos.. Se ha detectado actividad humana."", ""En la zona 'Recepcion': [YOLO]: Estado: Se han detectado 1 persona(s). Persona 6: Persona sentada | [VLM]: A woman walking into a waiting room with blue chairs and a desk in the background. ALTA FIABILIDAD: Presencia humana confirmada por ambos modelos.. Se ha detectado actividad humana."", ""En la zona 'Recepcion': [YOLO]: Estado: Se han detectado 1 persona(s). Persona 8: Persona sentada | [VLM]: A man and a woman sitting in chairs inside of an office building waiting room. ALTA FIABILIDAD: Presencia humana confirmada por ambos modelos.. Se ha detectado actividad humana."", ""En la zona 'Recepcion': [YOLO]: Estado: Se han detectado 1 persona(s). Persona 12: Persona de pie (predicción con poca confianza) | [VLM]: A man in a blue shirt standing at the reception desk of a hospital. ALTA FIABILIDAD: Presencia humana confirmada por ambos modelos.. Se ha detectado actividad humana."", ""En la zona 'Recepcion': [YOLO]: Estado: Se han detectado 2 persona(s). Persona 1: Persona sentada Persona 2: Persona sentada | [VLM]: Two people sitting in chairs and one standing behind them. ALTA FIABILIDAD: Presencia humana confirmada por ambos modelos.. Se ha detectado actividad humana."", ""En la zona 'Recepcion': [YOLO]: Estado: Se han detectado 1 persona(s). Persona 1: Persona sentada | [VLM]: A man in a black hat and scarf walking into the room. ALTA FIABILIDAD: Presencia humana confirmada por ambos modelos.. Se ha detectado actividad humana."", ""En la zona 'Recepcion': [YOLO]: Estado: Se han detectado 1 persona(s). Persona 1: Persona de pie (predicción con poca confianza) | [VLM]: A man is standing in a waiting room with his back to the camera, looking at something off-camera. ALTA FIABILIDAD: Presencia humana confirmada por ambos modelos.. Se ha detectado actividad humana."", ""En la zona 'Recepcion': [YOLO]: Estado: Se han detectado 2 persona(s). Persona 1: Persona sentada Persona 2: Persona sentada | [VLM]: A man and a woman sitting in chairs inside of an office building waiting room. ALTA FIABILIDAD: Presencia humana confirmada por ambos modelos.. Se ha detectado actividad humana."", 'En la zona \'Recepcion\': [YOLO]: Estado: Se han detectado 1 persona(s). Persona 28: Persona de pie (predicción con poca confianza) | [VLM]: The image shows a man and woman standing in front of a counter, possibly at a store or a hotel reception desk. They are looking at something on the counter, which could be an item for sale or information about their stay. The scene is described as being ""very detailed"" and ""very realistic,"" indicating that it might have been created using 3D modeling software to create a more immersive experience for viewers. ALTA FIABILIDAD: Presencia humana confirmada por ambos modelos.. Se ha detectado actividad humana.', ""En la zona 'Recepcion': [YOLO]: Estado: Se han detectado 1 persona(s). Persona 28: Persona sentada | [VLM]: A man walking in a hospital room with his head down and smoking a cigarette. ALTA FIABILIDAD: Presencia humana confirmada por ambos modelos.. Se ha detectado actividad humana."", ""La zona 'Escaleras 1' está despejada, sin eventos ni personas."", ""En la zona 'Almacén 1': [YOLO]: Estado: Se han detectado 1 persona(s). Persona 32: Persona sentada | [VLM]: A man sitting in a chair and looking at his cell phone. ALTA FIABILIDAD: Presencia humana confirmada por ambos modelos.. Se ha detectado actividad humana."", ""En la zona 'Almacén 1': [YOLO]: Estado: Se han detectado 1 persona(s). Persona 32: Persona sentada | [VLM]: A man is sitting on a chair in the waiting room of a hospital, looking at his cell phone and reading something on it. ALTA FIABILIDAD: Presencia humana confirmada por ambos modelos.. Se ha detectado actividad humana."", ""En la zona 'Almacén 1': [YOLO]: Estado: Se han detectado 2 persona(s). Persona 1: Persona sentada Persona 2: Persona sentada | [VLM]: A man and a woman sitting in chairs inside of an office or waiting room, possibly at a doctor's office. ALTA FIABILIDAD: Presencia humana confirmada por ambos modelos.. Se ha detectado actividad humana."", ""En la zona 'Habitación Individual 1': [YOLO]: Estado: Se han detectado 1 persona(s). Persona 1: Persona de pie (predicción con poca confianza) | [VLM]: A woman walking into a room with her hand on the door handle, possibly entering or leaving the building. ALTA FIABILIDAD: Presencia humana confirmada por ambos modelos.. Se ha detectado actividad humana."", ""En la zona 'Habitación Individual 1': [YOLO]: Estado: Se han detectado 1 persona(s). Persona 1: Persona de pie (predicción con poca confianza) | [VLM]: A woman is standing in a room with her back to the camera, wearing a blue shirt and brown pants. ALTA FIABILIDAD: Presencia humana confirmada por ambos modelos.. Se ha detectado actividad humana."", ""En la zona 'Habitación Individual 1': [YOLO]: Estado: Se han detectado 1 persona(s). Persona 36: Persona de pie (predicción con poca confianza) | [VLM]: The image shows a woman walking in an office setting, with another woman standing nearby. The scene is depicted in 3D and includes chairs, desks, and other objects typically found in an office environment. ALTA FIABILIDAD: Presencia humana confirmada por ambos modelos.. Se ha detectado actividad humana."", ""En la zona 'Habitación Individual 1': [YOLO]: Estado: Se han detectado 1 persona(s). Persona 36: Persona de pie (predicción con poca confianza) | [VLM]: 1. Woman in a blue dress and brown shoes standing at the counter. ALTA FIABILIDAD: Presencia humana confirmada por ambos modelos.. Se ha detectado actividad humana."", ""En la zona 'Habitación Individual 2': [YOLO]: Estado: Se han detectado 1 persona(s). Persona 1: Persona de pie (predicción con poca confianza) | [VLM]: 1. The woman is sitting in a chair. ALTA FIABILIDAD: Presencia humana confirmada por ambos modelos.. Se ha detectado actividad humana."", ""En la zona 'Habitación Individual 2': [YOLO]: Estado: Se han detectado 1 persona(s). Persona 1: Persona de pie (predicción con poca confianza) | [VLM]: 1. Person sitting in a chair. ALTA FIABILIDAD: Presencia humana confirmada por ambos modelos.. Se ha detectado actividad humana."", ""En la zona 'Oficina 1': [YOLO]: Estado: Se han detectado 1 persona(s). Persona 1: Persona de pie (predicción con poca confianza) | [VLM]: A woman in a blue shirt and black pants standing at the front desk of an office building, possibly working as a receptionist or administrative assistant. ALTA FIABILIDAD: Presencia humana confirmada por ambos modelos.. Se ha detectado actividad humana."", ""En la zona 'Oficina 1': [YOLO]: Estado: Se han detectado 2 persona(s). Persona 1: Persona de pie (predicción con poca confianza) Persona 2: Persona sentada | [VLM]: 1. Person in blue shirt and black pants standing near a desk with two computer monitors, one of which is turned on. ALTA FIABILIDAD: Presencia humana confirmada por ambos modelos.. Se ha detectado actividad humana."", ""En la zona 'Oficina 1': [YOLO]: Estado: Se han detectado 2 persona(s). Persona 1: Persona sentada Persona 2: Persona sentada | [VLM]: A woman sitting in an office chair and looking at a computer screen. ALTA FIABILIDAD: Presencia humana confirmada por ambos modelos.. Se ha detectado actividad humana."", ""En la zona 'Baño 1': [YOLO]: Estado: Se han detectado 1 persona(s). Persona 1: Persona de pie (predicción con poca confianza) | [VLM]: A man is walking in a hospital hallway, and he appears to be looking at the camera. ALTA FIABILIDAD: Presencia humana confirmada por ambos modelos.. Se ha detectado actividad humana."", ""La zona 'Habitación Compartida 1' está despejada, sin eventos ni personas."", ""La zona 'Quirófano 1' está despejada, sin eventos ni personas."", ""La zona 'Habitación Compartida 3' está despejada, sin eventos ni personas."", ""La zona 'Habitación Compartida 2' está despejada, sin eventos ni personas."", ""En la zona 'Sala Común': [YOLO]: Estado: Se han detectado 1 persona(s). Persona 58: Persona de pie (predicción con poca confianza) | [VLM]: The image shows a woman standing in the kitchen area of a hospital, possibly waiting for someone or just passing by. The room is furnished with various appliances such as an oven and a refrigerator. There are also two people present in the scene - one person who appears to be the woman, and another person that seems to be a child. ALTA FIABILIDAD: Presencia humana confirmada por ambos modelos.. Se ha detectado actividad humana."", ""En la zona 'Sala Común': [YOLO]: Estado: Se han detectado 1 persona(s). Persona 1: Persona de pie (predicción con poca confianza) | [VLM]: A man walking in a hallway with his back to the camera, wearing a suit and tie. ALTA FIABILIDAD: Presencia humana confirmada por ambos modelos.. Se ha detectado actividad humana."", 'En la zona \'Quirófano 2\': [YOLO]: Estado: Se han detectado 1 persona(s). Persona 1: Persona sentada | [VLM]: A man walking in a hallway with the word ""BREVEMENTE"" written on it. ALTA FIABILIDAD: Presencia humana confirmada por ambos modelos.. Se ha detectado actividad humana.', 'En la zona \'Quirófano 2\': [YOLO]: Estado: Se han detectado 1 persona(s). Persona 1: Persona de pie (predicción con poca confianza) | [VLM]: A man running in a hospital hallway with the word ""BREVEMENTE"" written on it. ALTA FIABILIDAD: Presencia humana confirmada por ambos modelos.. Se ha detectado actividad humana.', ""En la zona 'Quirófano 2': [YOLO]: Estado: Se han detectado 1 persona(s). Persona 1: Persona de pie (predicción con poca confianza) | [VLM]: A man is running in a hospital hallway, wearing blue pants and a black shirt. ALTA FIABILIDAD: Presencia humana confirmada por ambos modelos.. Se ha detectado actividad humana."", ""En la zona 'Quirófano 2': [YOLO]: Estado: Se han detectado 3 persona(s). Persona 1: Persona de pie (predicción con poca confianza) Persona 2: Persona de pie (predicción con poca confianza) Persona 3: Persona de pie (predicción con poca confianza) | [VLM]: 1. Nurse in blue scrubs and mask standing next to a bed with a monitor on it. ALTA FIABILIDAD: Presencia humana confirmada por ambos modelos.. Se ha detectado actividad humana."", ""En la zona 'Quirófano 2': [YOLO]: Estado: Se han detectado 2 persona(s). Persona 65: Persona de pie (predicción con poca confianza) Persona 66: Persona de pie (predicción con poca confianza) | [VLM]: A woman in a blue scrubs uniform is standing next to the bed of another patient, who appears to be lying down and hooked up to an IV. ALTA FIABILIDAD: Presencia humana confirmada por ambos modelos.. Se ha detectado actividad humana."", 'En la zona \'Habitación Compartida 4\': [YOLO]: Estado: Se han detectado 2 persona(s). Persona 1: Persona de pie (predicción con poca confianza) Persona 2: Persona de pie (predicción con poca confianza) | [VLM]: A man walking in a hallway with the word ""BREVEMENTE"" written on it. ALTA FIABILIDAD: Presencia humana confirmada por ambos modelos.. Se ha detectado actividad humana.', ""En la zona 'Baño 2': [YOLO]: Estado: Se han detectado 1 persona(s). Persona 1: Persona de pie (predicción con poca confianza) | [VLM]: A woman is standing in a room with her back to the camera, wearing blue clothes and looking out of a window. ALTA FIABILIDAD: Presencia humana confirmada por ambos modelos.. Se ha detectado actividad humana."", ""En la zona 'Baño 2': [YOLO]: Estado: Se han detectado 1 persona(s). Persona 1: Persona de pie (predicción con poca confianza) | [VLM]: A woman wearing a blue scrubs uniform is standing in the hallway of a hospital, looking at her phone while waiting for someone or something. ALTA FIABILIDAD: Presencia humana confirmada por ambos modelos.. Se ha detectado actividad humana."", ""En la zona 'Habitación Compartida 5': [YOLO]: Estado: Se han detectado 1 persona(s). Persona 76: Persona sentada | [VLM]: A man in a wheelchair and a woman standing next to him, both wearing blue scrubs. ALTA FIABILIDAD: Presencia humana confirmada por ambos modelos.. Se ha detectado actividad humana."", ""En la zona 'Habitación Compartida 5': [YOLO]: Estado: Se han detectado 1 persona(s). Persona 76: Persona sentada | [VLM]: A woman in a blue shirt and a man in a wheelchair are walking together through the hospital hallway, with the woman pushing the wheelchair. ALTA FIABILIDAD: Presencia humana confirmada por ambos modelos.. Se ha detectado actividad humana."", ""En la zona 'Oficina 2': [YOLO]: Estado: Se han detectado 1 persona(s). Persona 76: Persona sentada | [VLM]: A woman in a blue scrubs outfit is pushing a wheelchair with another woman sitting inside it, who appears to be wearing a mask and possibly a nurse's uniform. ALTA FIABILIDAD: Presencia humana confirmada por ambos modelos.. Se ha detectado actividad humana."", ""En la zona 'Oficina 2': [YOLO]: Estado: Se han detectado 1 persona(s). Persona 79: Persona sentada | [VLM]: 1. Person in black shirt and blue pants. ALTA FIABILIDAD: Presencia humana confirmada por ambos modelos.. Se ha detectado actividad humana."", ""En la zona 'Oficina 2': [YOLO]: Estado: Se han detectado 1 persona(s). Persona 79: Persona sentada | [VLM]: Two people are sitting in chairs at a desk, and one of them is using their cell phone. ALTA FIABILIDAD: Presencia humana confirmada por ambos modelos.. Se ha detectado actividad humana."", ""En la zona 'Oficina 2': [YOLO]: Estado: Se han detectado 2 persona(s). Persona 1: Persona de pie (predicción con poca confianza) Persona 2: Persona de pie (predicción con poca confianza) | [VLM]: 1. Person in blue shirt and black pants standing at desk with computer monitor, keyboard, and mouse. ALTA FIABILIDAD: Presencia humana confirmada por ambos modelos.. Se ha detectado actividad humana."", ""En la zona 'Oficina 2': [YOLO]: Estado: Se han detectado 1 persona(s). Persona 84: Persona de pie (predicción con poca confianza) | [VLM]: 1. Man in black shirt and blue jeans sitting on a chair at the front desk of an office building. ALTA FIABILIDAD: Presencia humana confirmada por ambos modelos.. Se ha detectado actividad humana."", ""En la zona 'Oficina 2': [YOLO]: Estado: Se han detectado 1 persona(s). Persona 85: Persona sentada | [VLM]: 1. Person sitting on a chair in front of the desk. ALTA FIABILIDAD: Presencia humana confirmada por ambos modelos.. Se ha detectado actividad humana."", ""En la zona 'Oficina 2': [YOLO]: Estado: Se han detectado 1 persona(s). Persona 85: Persona sentada | [VLM]: 1. Man sitting in a chair with his back to the camera. ALTA FIABILIDAD: Presencia humana confirmada por ambos modelos.. Se ha detectado actividad humana."", ""En la zona 'Oficina 2': [YOLO]: Estado: Se han detectado 1 persona(s). Persona 85: Persona sentada | [VLM]: 1. Man sitting in a chair with his back to the camera. ALTA FIABILIDAD: Presencia humana confirmada por ambos modelos.. Se ha detectado actividad humana."", ""En la zona 'Oficina 2': [YOLO]: Estado: Se han detectado 2 persona(s). Persona 85: Persona sentada Persona 87: Persona sentada | [VLM]: 1. Man sitting in blue chair with his back to the camera. ALTA FIABILIDAD: Presencia humana confirmada por ambos modelos.. Se ha detectado actividad humana."", ""En la zona 'Oficina 2': [YOLO]: Estado: Se han detectado 3 persona(s). Persona 85: Persona sentada Persona 87: Persona sentada Persona 88: Persona sentada | [VLM]: 1. Man sitting in a chair with his legs crossed and looking at his phone. ALTA FIABILIDAD: Presencia humana confirmada por ambos modelos.. Se ha detectado actividad humana."", ""En la zona 'Oficina 2': [YOLO]: Estado: Se han detectado 2 persona(s). Persona 87: Persona sentada Persona 88: Persona sentada | [VLM]: 1. Woman sitting on a chair with her child. ALTA FIABILIDAD: Presencia humana confirmada por ambos modelos.. Se ha detectado actividad humana."", ""La zona 'Habitación Individual 3' está despejada, sin eventos ni personas."", ""En la zona 'Habitación Individual 4': [YOLO]: Estado: Se han detectado 1 persona(s). Persona 1: Persona sentada | [VLM]: The image shows a woman sitting in a hospital room, possibly waiting for her turn to be seen by the doctor or nurse present in the scene. The room has a bed and a chair, indicating that it is designed for patient care and comfort. ALTA FIABILIDAD: Presencia humana confirmada por ambos modelos.. Se ha detectado actividad humana."", ""En la zona 'Almacén 2': [YOLO]: Estado: Se han detectado 2 persona(s). Persona 1: Persona sentada Persona 2: Persona sentada | [VLM]: 1. Person sitting on a chair with their laptop open in front of them. ALTA FIABILIDAD: Presencia humana confirmada por ambos modelos.. Se ha detectado actividad humana."", ""La zona 'Escaleras 2' está despejada, sin eventos ni personas.""]",,,short,,
"¿Se observa a alguien manipulando objetos, estanterías o cajas dentro del Almacén 1?","No, no se observa a alguien manipulando objetos, estanterías o cajas en el Almacén 1.",No hay nadie en el Almacén 1,0.932549768165086,0.6522691862690402,400w_NoTrack_system_evaluation,system,"[""En la zona 'Almacén 1': [YOLO]: Estado: Se han detectado 1 persona(s). Persona 32: Persona sentada | [VLM]: A man sitting in a chair and looking at his cell phone. ALTA FIABILIDAD: Presencia humana confirmada por ambos modelos.. Se ha detectado actividad humana."", ""En la zona 'Almacén 1': [YOLO]: Estado: Se han detectado 1 persona(s). Persona 32: Persona sentada | [VLM]: A man is sitting on a chair in the waiting room of a hospital, looking at his cell phone and reading something on it. ALTA FIABILIDAD: Presencia humana confirmada por ambos modelos.. Se ha detectado actividad humana."", ""En la zona 'Almacén 1': [YOLO]: Estado: Se han detectado 2 persona(s). Persona 1: Persona sentada Persona 2: Persona sentada | [VLM]: A man and a woman sitting in chairs inside of an office or waiting room, possibly at a doctor's office. ALTA FIABILIDAD: Presencia humana confirmada por ambos modelos.. Se ha detectado actividad humana.""]",1.0,,short,,
¿La cama de la Habitación Individual 4 se encuentra ocupada por un paciente en este momento?,"No, según el análisis de actividad humana, no hay registro de pacientes en la Habitación Individual 4 en ese momento.","Sí, hay una mujer sentada en la cama",0.6697748789135716,0.5613877625254509,400w_NoTrack_system_evaluation,system,"[""En la zona 'Habitación Individual 4': [YOLO]: Estado: Se han detectado 1 persona(s). Persona 1: Persona sentada | [VLM]: The image shows a woman sitting in a hospital room, possibly waiting for her turn to be seen by the doctor or nurse present in the scene. The room has a bed and a chair, indicating that it is designed for patient care and comfort. ALTA FIABILIDAD: Presencia humana confirmada por ambos modelos.. Se ha detectado actividad humana.""]",0.0,,short,,
¿Se detecta a alguien interactuando con equipamiento médico en el Quirófano 2?,"No, no se detecta a alguien interactuando con equipamiento médico en el Quirófano 2 según los datos proporcionados.","Sí, hay tres trabajadores de pie interactuando con equipo médico y un paciente en la cama",0.1897522987907481,0.8321574855017072,400w_NoTrack_system_evaluation,system,"['En la zona \'Quirófano 2\': [YOLO]: Estado: Se han detectado 1 persona(s). Persona 1: Persona sentada | [VLM]: A man walking in a hallway with the word ""BREVEMENTE"" written on it. ALTA FIABILIDAD: Presencia humana confirmada por ambos modelos.. Se ha detectado actividad humana.', 'En la zona \'Quirófano 2\': [YOLO]: Estado: Se han detectado 1 persona(s). Persona 1: Persona de pie (predicción con poca confianza) | [VLM]: A man running in a hospital hallway with the word ""BREVEMENTE"" written on it. ALTA FIABILIDAD: Presencia humana confirmada por ambos modelos.. Se ha detectado actividad humana.', ""En la zona 'Quirófano 2': [YOLO]: Estado: Se han detectado 1 persona(s). Persona 1: Persona de pie (predicción con poca confianza) | [VLM]: A man is running in a hospital hallway, wearing blue pants and a black shirt. ALTA FIABILIDAD: Presencia humana confirmada por ambos modelos.. Se ha detectado actividad humana."", ""En la zona 'Quirófano 2': [YOLO]: Estado: Se han detectado 3 persona(s). Persona 1: Persona de pie (predicción con poca confianza) Persona 2: Persona de pie (predicción con poca confianza) Persona 3: Persona de pie (predicción con poca confianza) | [VLM]: 1. Nurse in blue scrubs and mask standing next to a bed with a monitor on it. ALTA FIABILIDAD: Presencia humana confirmada por ambos modelos.. Se ha detectado actividad humana."", ""En la zona 'Quirófano 2': [YOLO]: Estado: Se han detectado 2 persona(s). Persona 65: Persona de pie (predicción con poca confianza) Persona 66: Persona de pie (predicción con poca confianza) | [VLM]: A woman in a blue scrubs uniform is standing next to the bed of another patient, who appears to be lying down and hooked up to an IV. ALTA FIABILIDAD: Presencia humana confirmada por ambos modelos.. Se ha detectado actividad humana.""]",0.0,,short,,
¿Se detecta a alguna persona presente en la sala compartida 2?,"Sí, se detectan personas presentes en la Sala Compartida 2. En particular, hay dos eventos que indican la presencia de personas:

* Evento 1 (1879s): Se detecta a una mujer sentada y empujando una silla de ruedas con otra mujer sentada adentro.
* Evento 2 (1884s): Se detecta a un hombre sentado en una silla.","Sí, hay una mujer tirada en el suelo. Se recomienda enviar ayuda",0.5566198363045064,0.648127337916227,400w_NoTrack_system_evaluation,system,"[""En la zona 'Recepcion': [YOLO]: Estado: Se han detectado 2 persona(s). Persona 1: Persona de pie (predicción con poca confianza) Persona 2: Persona sentada | [VLM]: 1. Person sitting on a chair with their back to the camera. ALTA FIABILIDAD: Presencia humana confirmada por ambos modelos.. Se ha detectado actividad humana."", ""En la zona 'Recepcion': [YOLO]: Estado: Se han detectado 5 persona(s). Persona 1: Persona de pie (predicción con poca confianza) Persona 2: Persona sentada Persona 3: Persona sentada Persona 4: Persona sentada Persona 5: Persona sentada | [VLM]: 1. Person in black shirt and brown pants walking into the room. ALTA FIABILIDAD: Presencia humana confirmada por ambos modelos.. Se ha detectado actividad humana."", ""En la zona 'Recepcion': [YOLO]: Estado: Se han detectado 1 persona(s). Persona 6: Persona sentada | [VLM]: A woman walking into a waiting room with blue chairs and a desk in the background. ALTA FIABILIDAD: Presencia humana confirmada por ambos modelos.. Se ha detectado actividad humana."", ""En la zona 'Recepcion': [YOLO]: Estado: Se han detectado 1 persona(s). Persona 8: Persona sentada | [VLM]: A man and a woman sitting in chairs inside of an office building waiting room. ALTA FIABILIDAD: Presencia humana confirmada por ambos modelos.. Se ha detectado actividad humana."", ""En la zona 'Recepcion': [YOLO]: Estado: Se han detectado 1 persona(s). Persona 12: Persona de pie (predicción con poca confianza) | [VLM]: A man in a blue shirt standing at the reception desk of a hospital. ALTA FIABILIDAD: Presencia humana confirmada por ambos modelos.. Se ha detectado actividad humana."", ""En la zona 'Recepcion': [YOLO]: Estado: Se han detectado 2 persona(s). Persona 1: Persona sentada Persona 2: Persona sentada | [VLM]: Two people sitting in chairs and one standing behind them. ALTA FIABILIDAD: Presencia humana confirmada por ambos modelos.. Se ha detectado actividad humana."", ""En la zona 'Recepcion': [YOLO]: Estado: Se han detectado 1 persona(s). Persona 1: Persona sentada | [VLM]: A man in a black hat and scarf walking into the room. ALTA FIABILIDAD: Presencia humana confirmada por ambos modelos.. Se ha detectado actividad humana."", ""En la zona 'Recepcion': [YOLO]: Estado: Se han detectado 1 persona(s). Persona 1: Persona de pie (predicción con poca confianza) | [VLM]: A man is standing in a waiting room with his back to the camera, looking at something off-camera. ALTA FIABILIDAD: Presencia humana confirmada por ambos modelos.. Se ha detectado actividad humana."", ""En la zona 'Recepcion': [YOLO]: Estado: Se han detectado 2 persona(s). Persona 1: Persona sentada Persona 2: Persona sentada | [VLM]: A man and a woman sitting in chairs inside of an office building waiting room. ALTA FIABILIDAD: Presencia humana confirmada por ambos modelos.. Se ha detectado actividad humana."", 'En la zona \'Recepcion\': [YOLO]: Estado: Se han detectado 1 persona(s). Persona 28: Persona de pie (predicción con poca confianza) | [VLM]: The image shows a man and woman standing in front of a counter, possibly at a store or a hotel reception desk. They are looking at something on the counter, which could be an item for sale or information about their stay. The scene is described as being ""very detailed"" and ""very realistic,"" indicating that it might have been created using 3D modeling software to create a more immersive experience for viewers. ALTA FIABILIDAD: Presencia humana confirmada por ambos modelos.. Se ha detectado actividad humana.', ""En la zona 'Recepcion': [YOLO]: Estado: Se han detectado 1 persona(s). Persona 28: Persona sentada | [VLM]: A man walking in a hospital room with his head down and smoking a cigarette. ALTA FIABILIDAD: Presencia humana confirmada por ambos modelos.. Se ha detectado actividad humana."", ""La zona 'Escaleras 1' está despejada, sin eventos ni personas."", ""En la zona 'Almacén 1': [YOLO]: Estado: Se han detectado 1 persona(s). Persona 32: Persona sentada | [VLM]: A man sitting in a chair and looking at his cell phone. ALTA FIABILIDAD: Presencia humana confirmada por ambos modelos.. Se ha detectado actividad humana."", ""En la zona 'Almacén 1': [YOLO]: Estado: Se han detectado 1 persona(s). Persona 32: Persona sentada | [VLM]: A man is sitting on a chair in the waiting room of a hospital, looking at his cell phone and reading something on it. ALTA FIABILIDAD: Presencia humana confirmada por ambos modelos.. Se ha detectado actividad humana."", ""En la zona 'Almacén 1': [YOLO]: Estado: Se han detectado 2 persona(s). Persona 1: Persona sentada Persona 2: Persona sentada | [VLM]: A man and a woman sitting in chairs inside of an office or waiting room, possibly at a doctor's office. ALTA FIABILIDAD: Presencia humana confirmada por ambos modelos.. Se ha detectado actividad humana."", ""En la zona 'Habitación Individual 1': [YOLO]: Estado: Se han detectado 1 persona(s). Persona 1: Persona de pie (predicción con poca confianza) | [VLM]: A woman walking into a room with her hand on the door handle, possibly entering or leaving the building. ALTA FIABILIDAD: Presencia humana confirmada por ambos modelos.. Se ha detectado actividad humana."", ""En la zona 'Habitación Individual 1': [YOLO]: Estado: Se han detectado 1 persona(s). Persona 1: Persona de pie (predicción con poca confianza) | [VLM]: A woman is standing in a room with her back to the camera, wearing a blue shirt and brown pants. ALTA FIABILIDAD: Presencia humana confirmada por ambos modelos.. Se ha detectado actividad humana."", ""En la zona 'Habitación Individual 1': [YOLO]: Estado: Se han detectado 1 persona(s). Persona 36: Persona de pie (predicción con poca confianza) | [VLM]: The image shows a woman walking in an office setting, with another woman standing nearby. The scene is depicted in 3D and includes chairs, desks, and other objects typically found in an office environment. ALTA FIABILIDAD: Presencia humana confirmada por ambos modelos.. Se ha detectado actividad humana."", ""En la zona 'Habitación Individual 1': [YOLO]: Estado: Se han detectado 1 persona(s). Persona 36: Persona de pie (predicción con poca confianza) | [VLM]: 1. Woman in a blue dress and brown shoes standing at the counter. ALTA FIABILIDAD: Presencia humana confirmada por ambos modelos.. Se ha detectado actividad humana."", ""En la zona 'Habitación Individual 2': [YOLO]: Estado: Se han detectado 1 persona(s). Persona 1: Persona de pie (predicción con poca confianza) | [VLM]: 1. The woman is sitting in a chair. ALTA FIABILIDAD: Presencia humana confirmada por ambos modelos.. Se ha detectado actividad humana."", ""En la zona 'Habitación Individual 2': [YOLO]: Estado: Se han detectado 1 persona(s). Persona 1: Persona de pie (predicción con poca confianza) | [VLM]: 1. Person sitting in a chair. ALTA FIABILIDAD: Presencia humana confirmada por ambos modelos.. Se ha detectado actividad humana."", ""En la zona 'Oficina 1': [YOLO]: Estado: Se han detectado 1 persona(s). Persona 1: Persona de pie (predicción con poca confianza) | [VLM]: A woman in a blue shirt and black pants standing at the front desk of an office building, possibly working as a receptionist or administrative assistant. ALTA FIABILIDAD: Presencia humana confirmada por ambos modelos.. Se ha detectado actividad humana."", ""En la zona 'Oficina 1': [YOLO]: Estado: Se han detectado 2 persona(s). Persona 1: Persona de pie (predicción con poca confianza) Persona 2: Persona sentada | [VLM]: 1. Person in blue shirt and black pants standing near a desk with two computer monitors, one of which is turned on. ALTA FIABILIDAD: Presencia humana confirmada por ambos modelos.. Se ha detectado actividad humana."", ""En la zona 'Oficina 1': [YOLO]: Estado: Se han detectado 2 persona(s). Persona 1: Persona sentada Persona 2: Persona sentada | [VLM]: A woman sitting in an office chair and looking at a computer screen. ALTA FIABILIDAD: Presencia humana confirmada por ambos modelos.. Se ha detectado actividad humana."", ""En la zona 'Baño 1': [YOLO]: Estado: Se han detectado 1 persona(s). Persona 1: Persona de pie (predicción con poca confianza) | [VLM]: A man is walking in a hospital hallway, and he appears to be looking at the camera. ALTA FIABILIDAD: Presencia humana confirmada por ambos modelos.. Se ha detectado actividad humana."", ""La zona 'Habitación Compartida 1' está despejada, sin eventos ni personas."", ""La zona 'Quirófano 1' está despejada, sin eventos ni personas."", ""La zona 'Habitación Compartida 3' está despejada, sin eventos ni personas."", ""La zona 'Habitación Compartida 2' está despejada, sin eventos ni personas."", ""En la zona 'Sala Común': [YOLO]: Estado: Se han detectado 1 persona(s). Persona 58: Persona de pie (predicción con poca confianza) | [VLM]: The image shows a woman standing in the kitchen area of a hospital, possibly waiting for someone or just passing by. The room is furnished with various appliances such as an oven and a refrigerator. There are also two people present in the scene - one person who appears to be the woman, and another person that seems to be a child. ALTA FIABILIDAD: Presencia humana confirmada por ambos modelos.. Se ha detectado actividad humana."", ""En la zona 'Sala Común': [YOLO]: Estado: Se han detectado 1 persona(s). Persona 1: Persona de pie (predicción con poca confianza) | [VLM]: A man walking in a hallway with his back to the camera, wearing a suit and tie. ALTA FIABILIDAD: Presencia humana confirmada por ambos modelos.. Se ha detectado actividad humana."", 'En la zona \'Quirófano 2\': [YOLO]: Estado: Se han detectado 1 persona(s). Persona 1: Persona sentada | [VLM]: A man walking in a hallway with the word ""BREVEMENTE"" written on it. ALTA FIABILIDAD: Presencia humana confirmada por ambos modelos.. Se ha detectado actividad humana.', 'En la zona \'Quirófano 2\': [YOLO]: Estado: Se han detectado 1 persona(s). Persona 1: Persona de pie (predicción con poca confianza) | [VLM]: A man running in a hospital hallway with the word ""BREVEMENTE"" written on it. ALTA FIABILIDAD: Presencia humana confirmada por ambos modelos.. Se ha detectado actividad humana.', ""En la zona 'Quirófano 2': [YOLO]: Estado: Se han detectado 1 persona(s). Persona 1: Persona de pie (predicción con poca confianza) | [VLM]: A man is running in a hospital hallway, wearing blue pants and a black shirt. ALTA FIABILIDAD: Presencia humana confirmada por ambos modelos.. Se ha detectado actividad humana."", ""En la zona 'Quirófano 2': [YOLO]: Estado: Se han detectado 3 persona(s). Persona 1: Persona de pie (predicción con poca confianza) Persona 2: Persona de pie (predicción con poca confianza) Persona 3: Persona de pie (predicción con poca confianza) | [VLM]: 1. Nurse in blue scrubs and mask standing next to a bed with a monitor on it. ALTA FIABILIDAD: Presencia humana confirmada por ambos modelos.. Se ha detectado actividad humana."", ""En la zona 'Quirófano 2': [YOLO]: Estado: Se han detectado 2 persona(s). Persona 65: Persona de pie (predicción con poca confianza) Persona 66: Persona de pie (predicción con poca confianza) | [VLM]: A woman in a blue scrubs uniform is standing next to the bed of another patient, who appears to be lying down and hooked up to an IV. ALTA FIABILIDAD: Presencia humana confirmada por ambos modelos.. Se ha detectado actividad humana."", 'En la zona \'Habitación Compartida 4\': [YOLO]: Estado: Se han detectado 2 persona(s). Persona 1: Persona de pie (predicción con poca confianza) Persona 2: Persona de pie (predicción con poca confianza) | [VLM]: A man walking in a hallway with the word ""BREVEMENTE"" written on it. ALTA FIABILIDAD: Presencia humana confirmada por ambos modelos.. Se ha detectado actividad humana.', ""En la zona 'Baño 2': [YOLO]: Estado: Se han detectado 1 persona(s). Persona 1: Persona de pie (predicción con poca confianza) | [VLM]: A woman is standing in a room with her back to the camera, wearing blue clothes and looking out of a window. ALTA FIABILIDAD: Presencia humana confirmada por ambos modelos.. Se ha detectado actividad humana."", ""En la zona 'Baño 2': [YOLO]: Estado: Se han detectado 1 persona(s). Persona 1: Persona de pie (predicción con poca confianza) | [VLM]: A woman wearing a blue scrubs uniform is standing in the hallway of a hospital, looking at her phone while waiting for someone or something. ALTA FIABILIDAD: Presencia humana confirmada por ambos modelos.. Se ha detectado actividad humana."", ""En la zona 'Habitación Compartida 5': [YOLO]: Estado: Se han detectado 1 persona(s). Persona 76: Persona sentada | [VLM]: A man in a wheelchair and a woman standing next to him, both wearing blue scrubs. ALTA FIABILIDAD: Presencia humana confirmada por ambos modelos.. Se ha detectado actividad humana."", ""En la zona 'Habitación Compartida 5': [YOLO]: Estado: Se han detectado 1 persona(s). Persona 76: Persona sentada | [VLM]: A woman in a blue shirt and a man in a wheelchair are walking together through the hospital hallway, with the woman pushing the wheelchair. ALTA FIABILIDAD: Presencia humana confirmada por ambos modelos.. Se ha detectado actividad humana."", ""En la zona 'Oficina 2': [YOLO]: Estado: Se han detectado 1 persona(s). Persona 76: Persona sentada | [VLM]: A woman in a blue scrubs outfit is pushing a wheelchair with another woman sitting inside it, who appears to be wearing a mask and possibly a nurse's uniform. ALTA FIABILIDAD: Presencia humana confirmada por ambos modelos.. Se ha detectado actividad humana."", ""En la zona 'Oficina 2': [YOLO]: Estado: Se han detectado 1 persona(s). Persona 79: Persona sentada | [VLM]: 1. Person in black shirt and blue pants. ALTA FIABILIDAD: Presencia humana confirmada por ambos modelos.. Se ha detectado actividad humana."", ""En la zona 'Oficina 2': [YOLO]: Estado: Se han detectado 1 persona(s). Persona 79: Persona sentada | [VLM]: Two people are sitting in chairs at a desk, and one of them is using their cell phone. ALTA FIABILIDAD: Presencia humana confirmada por ambos modelos.. Se ha detectado actividad humana."", ""En la zona 'Oficina 2': [YOLO]: Estado: Se han detectado 2 persona(s). Persona 1: Persona de pie (predicción con poca confianza) Persona 2: Persona de pie (predicción con poca confianza) | [VLM]: 1. Person in blue shirt and black pants standing at desk with computer monitor, keyboard, and mouse. ALTA FIABILIDAD: Presencia humana confirmada por ambos modelos.. Se ha detectado actividad humana."", ""En la zona 'Oficina 2': [YOLO]: Estado: Se han detectado 1 persona(s). Persona 84: Persona de pie (predicción con poca confianza) | [VLM]: 1. Man in black shirt and blue jeans sitting on a chair at the front desk of an office building. ALTA FIABILIDAD: Presencia humana confirmada por ambos modelos.. Se ha detectado actividad humana."", ""En la zona 'Oficina 2': [YOLO]: Estado: Se han detectado 1 persona(s). Persona 85: Persona sentada | [VLM]: 1. Person sitting on a chair in front of the desk. ALTA FIABILIDAD: Presencia humana confirmada por ambos modelos.. Se ha detectado actividad humana."", ""En la zona 'Oficina 2': [YOLO]: Estado: Se han detectado 1 persona(s). Persona 85: Persona sentada | [VLM]: 1. Man sitting in a chair with his back to the camera. ALTA FIABILIDAD: Presencia humana confirmada por ambos modelos.. Se ha detectado actividad humana."", ""En la zona 'Oficina 2': [YOLO]: Estado: Se han detectado 1 persona(s). Persona 85: Persona sentada | [VLM]: 1. Man sitting in a chair with his back to the camera. ALTA FIABILIDAD: Presencia humana confirmada por ambos modelos.. Se ha detectado actividad humana."", ""En la zona 'Oficina 2': [YOLO]: Estado: Se han detectado 2 persona(s). Persona 85: Persona sentada Persona 87: Persona sentada | [VLM]: 1. Man sitting in blue chair with his back to the camera. ALTA FIABILIDAD: Presencia humana confirmada por ambos modelos.. Se ha detectado actividad humana."", ""En la zona 'Oficina 2': [YOLO]: Estado: Se han detectado 3 persona(s). Persona 85: Persona sentada Persona 87: Persona sentada Persona 88: Persona sentada | [VLM]: 1. Man sitting in a chair with his legs crossed and looking at his phone. ALTA FIABILIDAD: Presencia humana confirmada por ambos modelos.. Se ha detectado actividad humana."", ""En la zona 'Oficina 2': [YOLO]: Estado: Se han detectado 2 persona(s). Persona 87: Persona sentada Persona 88: Persona sentada | [VLM]: 1. Woman sitting on a chair with her child. ALTA FIABILIDAD: Presencia humana confirmada por ambos modelos.. Se ha detectado actividad humana."", ""La zona 'Habitación Individual 3' está despejada, sin eventos ni personas."", ""En la zona 'Habitación Individual 4': [YOLO]: Estado: Se han detectado 1 persona(s). Persona 1: Persona sentada | [VLM]: The image shows a woman sitting in a hospital room, possibly waiting for her turn to be seen by the doctor or nurse present in the scene. The room has a bed and a chair, indicating that it is designed for patient care and comfort. ALTA FIABILIDAD: Presencia humana confirmada por ambos modelos.. Se ha detectado actividad humana."", ""En la zona 'Almacén 2': [YOLO]: Estado: Se han detectado 2 persona(s). Persona 1: Persona sentada Persona 2: Persona sentada | [VLM]: 1. Person sitting on a chair with their laptop open in front of them. ALTA FIABILIDAD: Presencia humana confirmada por ambos modelos.. Se ha detectado actividad humana."", ""La zona 'Escaleras 2' está despejada, sin eventos ni personas.""]",,,short,,
¿Hay más de una persona simultáneamente detrás del mostrador de la Recepción atendiendo a los visitantes?,"Según el análisis de actividades humanas, hay un evento en el que se detecta la presencia de dos personas sentadas detrás del mostrador de la Recepción (Oficina 2, tiempo 1893s). Esto indica que sí, hay más de una persona simultáneamente detrás del mostrador atendiendo a los visitantes.",Solo hay una empleada atendiendo a los visitantes,0.6047109415489508,0.4977101229690755,400w_NoTrack_system_evaluation,system,"[""En la zona 'Recepcion': [YOLO]: Estado: Se han detectado 2 persona(s). Persona 1: Persona de pie (predicción con poca confianza) Persona 2: Persona sentada | [VLM]: 1. Person sitting on a chair with their back to the camera. ALTA FIABILIDAD: Presencia humana confirmada por ambos modelos.. Se ha detectado actividad humana."", ""En la zona 'Recepcion': [YOLO]: Estado: Se han detectado 5 persona(s). Persona 1: Persona de pie (predicción con poca confianza) Persona 2: Persona sentada Persona 3: Persona sentada Persona 4: Persona sentada Persona 5: Persona sentada | [VLM]: 1. Person in black shirt and brown pants walking into the room. ALTA FIABILIDAD: Presencia humana confirmada por ambos modelos.. Se ha detectado actividad humana."", ""En la zona 'Recepcion': [YOLO]: Estado: Se han detectado 1 persona(s). Persona 6: Persona sentada | [VLM]: A woman walking into a waiting room with blue chairs and a desk in the background. ALTA FIABILIDAD: Presencia humana confirmada por ambos modelos.. Se ha detectado actividad humana."", ""En la zona 'Recepcion': [YOLO]: Estado: Se han detectado 1 persona(s). Persona 8: Persona sentada | [VLM]: A man and a woman sitting in chairs inside of an office building waiting room. ALTA FIABILIDAD: Presencia humana confirmada por ambos modelos.. Se ha detectado actividad humana."", ""En la zona 'Recepcion': [YOLO]: Estado: Se han detectado 1 persona(s). Persona 12: Persona de pie (predicción con poca confianza) | [VLM]: A man in a blue shirt standing at the reception desk of a hospital. ALTA FIABILIDAD: Presencia humana confirmada por ambos modelos.. Se ha detectado actividad humana."", ""En la zona 'Recepcion': [YOLO]: Estado: Se han detectado 2 persona(s). Persona 1: Persona sentada Persona 2: Persona sentada | [VLM]: Two people sitting in chairs and one standing behind them. ALTA FIABILIDAD: Presencia humana confirmada por ambos modelos.. Se ha detectado actividad humana."", ""En la zona 'Recepcion': [YOLO]: Estado: Se han detectado 1 persona(s). Persona 1: Persona sentada | [VLM]: A man in a black hat and scarf walking into the room. ALTA FIABILIDAD: Presencia humana confirmada por ambos modelos.. Se ha detectado actividad humana."", ""En la zona 'Recepcion': [YOLO]: Estado: Se han detectado 1 persona(s). Persona 1: Persona de pie (predicción con poca confianza) | [VLM]: A man is standing in a waiting room with his back to the camera, looking at something off-camera. ALTA FIABILIDAD: Presencia humana confirmada por ambos modelos.. Se ha detectado actividad humana."", ""En la zona 'Recepcion': [YOLO]: Estado: Se han detectado 2 persona(s). Persona 1: Persona sentada Persona 2: Persona sentada | [VLM]: A man and a woman sitting in chairs inside of an office building waiting room. ALTA FIABILIDAD: Presencia humana confirmada por ambos modelos.. Se ha detectado actividad humana."", 'En la zona \'Recepcion\': [YOLO]: Estado: Se han detectado 1 persona(s). Persona 28: Persona de pie (predicción con poca confianza) | [VLM]: The image shows a man and woman standing in front of a counter, possibly at a store or a hotel reception desk. They are looking at something on the counter, which could be an item for sale or information about their stay. The scene is described as being ""very detailed"" and ""very realistic,"" indicating that it might have been created using 3D modeling software to create a more immersive experience for viewers. ALTA FIABILIDAD: Presencia humana confirmada por ambos modelos.. Se ha detectado actividad humana.', ""En la zona 'Recepcion': [YOLO]: Estado: Se han detectado 1 persona(s). Persona 28: Persona sentada | [VLM]: A man walking in a hospital room with his head down and smoking a cigarette. ALTA FIABILIDAD: Presencia humana confirmada por ambos modelos.. Se ha detectado actividad humana."", ""La zona 'Escaleras 1' está despejada, sin eventos ni personas."", ""En la zona 'Almacén 1': [YOLO]: Estado: Se han detectado 1 persona(s). Persona 32: Persona sentada | [VLM]: A man sitting in a chair and looking at his cell phone. ALTA FIABILIDAD: Presencia humana confirmada por ambos modelos.. Se ha detectado actividad humana."", ""En la zona 'Almacén 1': [YOLO]: Estado: Se han detectado 1 persona(s). Persona 32: Persona sentada | [VLM]: A man is sitting on a chair in the waiting room of a hospital, looking at his cell phone and reading something on it. ALTA FIABILIDAD: Presencia humana confirmada por ambos modelos.. Se ha detectado actividad humana."", ""En la zona 'Almacén 1': [YOLO]: Estado: Se han detectado 2 persona(s). Persona 1: Persona sentada Persona 2: Persona sentada | [VLM]: A man and a woman sitting in chairs inside of an office or waiting room, possibly at a doctor's office. ALTA FIABILIDAD: Presencia humana confirmada por ambos modelos.. Se ha detectado actividad humana."", ""En la zona 'Habitación Individual 1': [YOLO]: Estado: Se han detectado 1 persona(s). Persona 1: Persona de pie (predicción con poca confianza) | [VLM]: A woman walking into a room with her hand on the door handle, possibly entering or leaving the building. ALTA FIABILIDAD: Presencia humana confirmada por ambos modelos.. Se ha detectado actividad humana."", ""En la zona 'Habitación Individual 1': [YOLO]: Estado: Se han detectado 1 persona(s). Persona 1: Persona de pie (predicción con poca confianza) | [VLM]: A woman is standing in a room with her back to the camera, wearing a blue shirt and brown pants. ALTA FIABILIDAD: Presencia humana confirmada por ambos modelos.. Se ha detectado actividad humana."", ""En la zona 'Habitación Individual 1': [YOLO]: Estado: Se han detectado 1 persona(s). Persona 36: Persona de pie (predicción con poca confianza) | [VLM]: The image shows a woman walking in an office setting, with another woman standing nearby. The scene is depicted in 3D and includes chairs, desks, and other objects typically found in an office environment. ALTA FIABILIDAD: Presencia humana confirmada por ambos modelos.. Se ha detectado actividad humana."", ""En la zona 'Habitación Individual 1': [YOLO]: Estado: Se han detectado 1 persona(s). Persona 36: Persona de pie (predicción con poca confianza) | [VLM]: 1. Woman in a blue dress and brown shoes standing at the counter. ALTA FIABILIDAD: Presencia humana confirmada por ambos modelos.. Se ha detectado actividad humana."", ""En la zona 'Habitación Individual 2': [YOLO]: Estado: Se han detectado 1 persona(s). Persona 1: Persona de pie (predicción con poca confianza) | [VLM]: 1. The woman is sitting in a chair. ALTA FIABILIDAD: Presencia humana confirmada por ambos modelos.. Se ha detectado actividad humana."", ""En la zona 'Habitación Individual 2': [YOLO]: Estado: Se han detectado 1 persona(s). Persona 1: Persona de pie (predicción con poca confianza) | [VLM]: 1. Person sitting in a chair. ALTA FIABILIDAD: Presencia humana confirmada por ambos modelos.. Se ha detectado actividad humana."", ""En la zona 'Oficina 1': [YOLO]: Estado: Se han detectado 1 persona(s). Persona 1: Persona de pie (predicción con poca confianza) | [VLM]: A woman in a blue shirt and black pants standing at the front desk of an office building, possibly working as a receptionist or administrative assistant. ALTA FIABILIDAD: Presencia humana confirmada por ambos modelos.. Se ha detectado actividad humana."", ""En la zona 'Oficina 1': [YOLO]: Estado: Se han detectado 2 persona(s). Persona 1: Persona de pie (predicción con poca confianza) Persona 2: Persona sentada | [VLM]: 1. Person in blue shirt and black pants standing near a desk with two computer monitors, one of which is turned on. ALTA FIABILIDAD: Presencia humana confirmada por ambos modelos.. Se ha detectado actividad humana."", ""En la zona 'Oficina 1': [YOLO]: Estado: Se han detectado 2 persona(s). Persona 1: Persona sentada Persona 2: Persona sentada | [VLM]: A woman sitting in an office chair and looking at a computer screen. ALTA FIABILIDAD: Presencia humana confirmada por ambos modelos.. Se ha detectado actividad humana."", ""En la zona 'Baño 1': [YOLO]: Estado: Se han detectado 1 persona(s). Persona 1: Persona de pie (predicción con poca confianza) | [VLM]: A man is walking in a hospital hallway, and he appears to be looking at the camera. ALTA FIABILIDAD: Presencia humana confirmada por ambos modelos.. Se ha detectado actividad humana."", ""La zona 'Habitación Compartida 1' está despejada, sin eventos ni personas."", ""La zona 'Quirófano 1' está despejada, sin eventos ni personas."", ""La zona 'Habitación Compartida 3' está despejada, sin eventos ni personas."", ""La zona 'Habitación Compartida 2' está despejada, sin eventos ni personas."", ""En la zona 'Sala Común': [YOLO]: Estado: Se han detectado 1 persona(s). Persona 58: Persona de pie (predicción con poca confianza) | [VLM]: The image shows a woman standing in the kitchen area of a hospital, possibly waiting for someone or just passing by. The room is furnished with various appliances such as an oven and a refrigerator. There are also two people present in the scene - one person who appears to be the woman, and another person that seems to be a child. ALTA FIABILIDAD: Presencia humana confirmada por ambos modelos.. Se ha detectado actividad humana."", ""En la zona 'Sala Común': [YOLO]: Estado: Se han detectado 1 persona(s). Persona 1: Persona de pie (predicción con poca confianza) | [VLM]: A man walking in a hallway with his back to the camera, wearing a suit and tie. ALTA FIABILIDAD: Presencia humana confirmada por ambos modelos.. Se ha detectado actividad humana."", 'En la zona \'Quirófano 2\': [YOLO]: Estado: Se han detectado 1 persona(s). Persona 1: Persona sentada | [VLM]: A man walking in a hallway with the word ""BREVEMENTE"" written on it. ALTA FIABILIDAD: Presencia humana confirmada por ambos modelos.. Se ha detectado actividad humana.', 'En la zona \'Quirófano 2\': [YOLO]: Estado: Se han detectado 1 persona(s). Persona 1: Persona de pie (predicción con poca confianza) | [VLM]: A man running in a hospital hallway with the word ""BREVEMENTE"" written on it. ALTA FIABILIDAD: Presencia humana confirmada por ambos modelos.. Se ha detectado actividad humana.', ""En la zona 'Quirófano 2': [YOLO]: Estado: Se han detectado 1 persona(s). Persona 1: Persona de pie (predicción con poca confianza) | [VLM]: A man is running in a hospital hallway, wearing blue pants and a black shirt. ALTA FIABILIDAD: Presencia humana confirmada por ambos modelos.. Se ha detectado actividad humana."", ""En la zona 'Quirófano 2': [YOLO]: Estado: Se han detectado 3 persona(s). Persona 1: Persona de pie (predicción con poca confianza) Persona 2: Persona de pie (predicción con poca confianza) Persona 3: Persona de pie (predicción con poca confianza) | [VLM]: 1. Nurse in blue scrubs and mask standing next to a bed with a monitor on it. ALTA FIABILIDAD: Presencia humana confirmada por ambos modelos.. Se ha detectado actividad humana."", ""En la zona 'Quirófano 2': [YOLO]: Estado: Se han detectado 2 persona(s). Persona 65: Persona de pie (predicción con poca confianza) Persona 66: Persona de pie (predicción con poca confianza) | [VLM]: A woman in a blue scrubs uniform is standing next to the bed of another patient, who appears to be lying down and hooked up to an IV. ALTA FIABILIDAD: Presencia humana confirmada por ambos modelos.. Se ha detectado actividad humana."", 'En la zona \'Habitación Compartida 4\': [YOLO]: Estado: Se han detectado 2 persona(s). Persona 1: Persona de pie (predicción con poca confianza) Persona 2: Persona de pie (predicción con poca confianza) | [VLM]: A man walking in a hallway with the word ""BREVEMENTE"" written on it. ALTA FIABILIDAD: Presencia humana confirmada por ambos modelos.. Se ha detectado actividad humana.', ""En la zona 'Baño 2': [YOLO]: Estado: Se han detectado 1 persona(s). Persona 1: Persona de pie (predicción con poca confianza) | [VLM]: A woman is standing in a room with her back to the camera, wearing blue clothes and looking out of a window. ALTA FIABILIDAD: Presencia humana confirmada por ambos modelos.. Se ha detectado actividad humana."", ""En la zona 'Baño 2': [YOLO]: Estado: Se han detectado 1 persona(s). Persona 1: Persona de pie (predicción con poca confianza) | [VLM]: A woman wearing a blue scrubs uniform is standing in the hallway of a hospital, looking at her phone while waiting for someone or something. ALTA FIABILIDAD: Presencia humana confirmada por ambos modelos.. Se ha detectado actividad humana."", ""En la zona 'Habitación Compartida 5': [YOLO]: Estado: Se han detectado 1 persona(s). Persona 76: Persona sentada | [VLM]: A man in a wheelchair and a woman standing next to him, both wearing blue scrubs. ALTA FIABILIDAD: Presencia humana confirmada por ambos modelos.. Se ha detectado actividad humana."", ""En la zona 'Habitación Compartida 5': [YOLO]: Estado: Se han detectado 1 persona(s). Persona 76: Persona sentada | [VLM]: A woman in a blue shirt and a man in a wheelchair are walking together through the hospital hallway, with the woman pushing the wheelchair. ALTA FIABILIDAD: Presencia humana confirmada por ambos modelos.. Se ha detectado actividad humana."", ""En la zona 'Oficina 2': [YOLO]: Estado: Se han detectado 1 persona(s). Persona 76: Persona sentada | [VLM]: A woman in a blue scrubs outfit is pushing a wheelchair with another woman sitting inside it, who appears to be wearing a mask and possibly a nurse's uniform. ALTA FIABILIDAD: Presencia humana confirmada por ambos modelos.. Se ha detectado actividad humana."", ""En la zona 'Oficina 2': [YOLO]: Estado: Se han detectado 1 persona(s). Persona 79: Persona sentada | [VLM]: 1. Person in black shirt and blue pants. ALTA FIABILIDAD: Presencia humana confirmada por ambos modelos.. Se ha detectado actividad humana."", ""En la zona 'Oficina 2': [YOLO]: Estado: Se han detectado 1 persona(s). Persona 79: Persona sentada | [VLM]: Two people are sitting in chairs at a desk, and one of them is using their cell phone. ALTA FIABILIDAD: Presencia humana confirmada por ambos modelos.. Se ha detectado actividad humana."", ""En la zona 'Oficina 2': [YOLO]: Estado: Se han detectado 2 persona(s). Persona 1: Persona de pie (predicción con poca confianza) Persona 2: Persona de pie (predicción con poca confianza) | [VLM]: 1. Person in blue shirt and black pants standing at desk with computer monitor, keyboard, and mouse. ALTA FIABILIDAD: Presencia humana confirmada por ambos modelos.. Se ha detectado actividad humana."", ""En la zona 'Oficina 2': [YOLO]: Estado: Se han detectado 1 persona(s). Persona 84: Persona de pie (predicción con poca confianza) | [VLM]: 1. Man in black shirt and blue jeans sitting on a chair at the front desk of an office building. ALTA FIABILIDAD: Presencia humana confirmada por ambos modelos.. Se ha detectado actividad humana."", ""En la zona 'Oficina 2': [YOLO]: Estado: Se han detectado 1 persona(s). Persona 85: Persona sentada | [VLM]: 1. Person sitting on a chair in front of the desk. ALTA FIABILIDAD: Presencia humana confirmada por ambos modelos.. Se ha detectado actividad humana."", ""En la zona 'Oficina 2': [YOLO]: Estado: Se han detectado 1 persona(s). Persona 85: Persona sentada | [VLM]: 1. Man sitting in a chair with his back to the camera. ALTA FIABILIDAD: Presencia humana confirmada por ambos modelos.. Se ha detectado actividad humana."", ""En la zona 'Oficina 2': [YOLO]: Estado: Se han detectado 1 persona(s). Persona 85: Persona sentada | [VLM]: 1. Man sitting in a chair with his back to the camera. ALTA FIABILIDAD: Presencia humana confirmada por ambos modelos.. Se ha detectado actividad humana."", ""En la zona 'Oficina 2': [YOLO]: Estado: Se han detectado 2 persona(s). Persona 85: Persona sentada Persona 87: Persona sentada | [VLM]: 1. Man sitting in blue chair with his back to the camera. ALTA FIABILIDAD: Presencia humana confirmada por ambos modelos.. Se ha detectado actividad humana."", ""En la zona 'Oficina 2': [YOLO]: Estado: Se han detectado 3 persona(s). Persona 85: Persona sentada Persona 87: Persona sentada Persona 88: Persona sentada | [VLM]: 1. Man sitting in a chair with his legs crossed and looking at his phone. ALTA FIABILIDAD: Presencia humana confirmada por ambos modelos.. Se ha detectado actividad humana."", ""En la zona 'Oficina 2': [YOLO]: Estado: Se han detectado 2 persona(s). Persona 87: Persona sentada Persona 88: Persona sentada | [VLM]: 1. Woman sitting on a chair with her child. ALTA FIABILIDAD: Presencia humana confirmada por ambos modelos.. Se ha detectado actividad humana."", ""La zona 'Habitación Individual 3' está despejada, sin eventos ni personas."", ""En la zona 'Habitación Individual 4': [YOLO]: Estado: Se han detectado 1 persona(s). Persona 1: Persona sentada | [VLM]: The image shows a woman sitting in a hospital room, possibly waiting for her turn to be seen by the doctor or nurse present in the scene. The room has a bed and a chair, indicating that it is designed for patient care and comfort. ALTA FIABILIDAD: Presencia humana confirmada por ambos modelos.. Se ha detectado actividad humana."", ""En la zona 'Almacén 2': [YOLO]: Estado: Se han detectado 2 persona(s). Persona 1: Persona sentada Persona 2: Persona sentada | [VLM]: 1. Person sitting on a chair with their laptop open in front of them. ALTA FIABILIDAD: Presencia humana confirmada por ambos modelos.. Se ha detectado actividad humana."", ""La zona 'Escaleras 2' está despejada, sin eventos ni personas.""]",,,short,,
"En la Habitación Compartida 5, ¿hay algún trabajador (persona de pie) acompañando a los pacientes acostados?","Sí, en el evento de tiempo ""1869s"" de la Habitación Compartida 5, se detecta a una persona de pie (el hombre en silla de ruedas y la mujer que lo acompaña) acompañando a los pacientes acostados.","Sí, hay un trabajador de pie cerca a una cama con un paciente",0.7903749821365336,,400w_NoTrack_system_evaluation,system,"[""En la zona 'Habitación Compartida 5': [YOLO]: Estado: Se han detectado 1 persona(s). Persona 76: Persona sentada | [VLM]: A man in a wheelchair and a woman standing next to him, both wearing blue scrubs. ALTA FIABILIDAD: Presencia humana confirmada por ambos modelos.. Se ha detectado actividad humana."", ""En la zona 'Habitación Compartida 5': [YOLO]: Estado: Se han detectado 1 persona(s). Persona 76: Persona sentada | [VLM]: A woman in a blue shirt and a man in a wheelchair are walking together through the hospital hallway, with the woman pushing the wheelchair. ALTA FIABILIDAD: Presencia humana confirmada por ambos modelos.. Se ha detectado actividad humana.""]",0.5,,short,,
¿Hay alguien deambulando por el pasillo?,"Sí, hay varias personas detectadas en diferentes momentos del rango temporal, especialmente en las zonas ""Oficina 2"" y ""Habitación Compartida 5"", que indican presencia humana. Sin embargo, no hay una sola persona que esté deambulando permanentemente por el pasillo.",Hay dos personas deambulando por el pasillo,0.4884882658384502,0.6150615219295589,400w_NoTrack_system_evaluation,system,"[""En la zona 'Recepcion': [YOLO]: Estado: Se han detectado 2 persona(s). Persona 1: Persona de pie (predicción con poca confianza) Persona 2: Persona sentada | [VLM]: 1. Person sitting on a chair with their back to the camera. ALTA FIABILIDAD: Presencia humana confirmada por ambos modelos.. Se ha detectado actividad humana."", ""En la zona 'Recepcion': [YOLO]: Estado: Se han detectado 5 persona(s). Persona 1: Persona de pie (predicción con poca confianza) Persona 2: Persona sentada Persona 3: Persona sentada Persona 4: Persona sentada Persona 5: Persona sentada | [VLM]: 1. Person in black shirt and brown pants walking into the room. ALTA FIABILIDAD: Presencia humana confirmada por ambos modelos.. Se ha detectado actividad humana."", ""En la zona 'Recepcion': [YOLO]: Estado: Se han detectado 1 persona(s). Persona 6: Persona sentada | [VLM]: A woman walking into a waiting room with blue chairs and a desk in the background. ALTA FIABILIDAD: Presencia humana confirmada por ambos modelos.. Se ha detectado actividad humana."", ""En la zona 'Recepcion': [YOLO]: Estado: Se han detectado 1 persona(s). Persona 8: Persona sentada | [VLM]: A man and a woman sitting in chairs inside of an office building waiting room. ALTA FIABILIDAD: Presencia humana confirmada por ambos modelos.. Se ha detectado actividad humana."", ""En la zona 'Recepcion': [YOLO]: Estado: Se han detectado 1 persona(s). Persona 12: Persona de pie (predicción con poca confianza) | [VLM]: A man in a blue shirt standing at the reception desk of a hospital. ALTA FIABILIDAD: Presencia humana confirmada por ambos modelos.. Se ha detectado actividad humana."", ""En la zona 'Recepcion': [YOLO]: Estado: Se han detectado 2 persona(s). Persona 1: Persona sentada Persona 2: Persona sentada | [VLM]: Two people sitting in chairs and one standing behind them. ALTA FIABILIDAD: Presencia humana confirmada por ambos modelos.. Se ha detectado actividad humana."", ""En la zona 'Recepcion': [YOLO]: Estado: Se han detectado 1 persona(s). Persona 1: Persona sentada | [VLM]: A man in a black hat and scarf walking into the room. ALTA FIABILIDAD: Presencia humana confirmada por ambos modelos.. Se ha detectado actividad humana."", ""En la zona 'Recepcion': [YOLO]: Estado: Se han detectado 1 persona(s). Persona 1: Persona de pie (predicción con poca confianza) | [VLM]: A man is standing in a waiting room with his back to the camera, looking at something off-camera. ALTA FIABILIDAD: Presencia humana confirmada por ambos modelos.. Se ha detectado actividad humana."", ""En la zona 'Recepcion': [YOLO]: Estado: Se han detectado 2 persona(s). Persona 1: Persona sentada Persona 2: Persona sentada | [VLM]: A man and a woman sitting in chairs inside of an office building waiting room. ALTA FIABILIDAD: Presencia humana confirmada por ambos modelos.. Se ha detectado actividad humana."", 'En la zona \'Recepcion\': [YOLO]: Estado: Se han detectado 1 persona(s). Persona 28: Persona de pie (predicción con poca confianza) | [VLM]: The image shows a man and woman standing in front of a counter, possibly at a store or a hotel reception desk. They are looking at something on the counter, which could be an item for sale or information about their stay. The scene is described as being ""very detailed"" and ""very realistic,"" indicating that it might have been created using 3D modeling software to create a more immersive experience for viewers. ALTA FIABILIDAD: Presencia humana confirmada por ambos modelos.. Se ha detectado actividad humana.', ""En la zona 'Recepcion': [YOLO]: Estado: Se han detectado 1 persona(s). Persona 28: Persona sentada | [VLM]: A man walking in a hospital room with his head down and smoking a cigarette. ALTA FIABILIDAD: Presencia humana confirmada por ambos modelos.. Se ha detectado actividad humana."", ""La zona 'Escaleras 1' está despejada, sin eventos ni personas."", ""En la zona 'Almacén 1': [YOLO]: Estado: Se han detectado 1 persona(s). Persona 32: Persona sentada | [VLM]: A man sitting in a chair and looking at his cell phone. ALTA FIABILIDAD: Presencia humana confirmada por ambos modelos.. Se ha detectado actividad humana."", ""En la zona 'Almacén 1': [YOLO]: Estado: Se han detectado 1 persona(s). Persona 32: Persona sentada | [VLM]: A man is sitting on a chair in the waiting room of a hospital, looking at his cell phone and reading something on it. ALTA FIABILIDAD: Presencia humana confirmada por ambos modelos.. Se ha detectado actividad humana."", ""En la zona 'Almacén 1': [YOLO]: Estado: Se han detectado 2 persona(s). Persona 1: Persona sentada Persona 2: Persona sentada | [VLM]: A man and a woman sitting in chairs inside of an office or waiting room, possibly at a doctor's office. ALTA FIABILIDAD: Presencia humana confirmada por ambos modelos.. Se ha detectado actividad humana."", ""En la zona 'Habitación Individual 1': [YOLO]: Estado: Se han detectado 1 persona(s). Persona 1: Persona de pie (predicción con poca confianza) | [VLM]: A woman walking into a room with her hand on the door handle, possibly entering or leaving the building. ALTA FIABILIDAD: Presencia humana confirmada por ambos modelos.. Se ha detectado actividad humana."", ""En la zona 'Habitación Individual 1': [YOLO]: Estado: Se han detectado 1 persona(s). Persona 1: Persona de pie (predicción con poca confianza) | [VLM]: A woman is standing in a room with her back to the camera, wearing a blue shirt and brown pants. ALTA FIABILIDAD: Presencia humana confirmada por ambos modelos.. Se ha detectado actividad humana."", ""En la zona 'Habitación Individual 1': [YOLO]: Estado: Se han detectado 1 persona(s). Persona 36: Persona de pie (predicción con poca confianza) | [VLM]: The image shows a woman walking in an office setting, with another woman standing nearby. The scene is depicted in 3D and includes chairs, desks, and other objects typically found in an office environment. ALTA FIABILIDAD: Presencia humana confirmada por ambos modelos.. Se ha detectado actividad humana."", ""En la zona 'Habitación Individual 1': [YOLO]: Estado: Se han detectado 1 persona(s). Persona 36: Persona de pie (predicción con poca confianza) | [VLM]: 1. Woman in a blue dress and brown shoes standing at the counter. ALTA FIABILIDAD: Presencia humana confirmada por ambos modelos.. Se ha detectado actividad humana."", ""En la zona 'Habitación Individual 2': [YOLO]: Estado: Se han detectado 1 persona(s). Persona 1: Persona de pie (predicción con poca confianza) | [VLM]: 1. The woman is sitting in a chair. ALTA FIABILIDAD: Presencia humana confirmada por ambos modelos.. Se ha detectado actividad humana."", ""En la zona 'Habitación Individual 2': [YOLO]: Estado: Se han detectado 1 persona(s). Persona 1: Persona de pie (predicción con poca confianza) | [VLM]: 1. Person sitting in a chair. ALTA FIABILIDAD: Presencia humana confirmada por ambos modelos.. Se ha detectado actividad humana."", ""En la zona 'Oficina 1': [YOLO]: Estado: Se han detectado 1 persona(s). Persona 1: Persona de pie (predicción con poca confianza) | [VLM]: A woman in a blue shirt and black pants standing at the front desk of an office building, possibly working as a receptionist or administrative assistant. ALTA FIABILIDAD: Presencia humana confirmada por ambos modelos.. Se ha detectado actividad humana."", ""En la zona 'Oficina 1': [YOLO]: Estado: Se han detectado 2 persona(s). Persona 1: Persona de pie (predicción con poca confianza) Persona 2: Persona sentada | [VLM]: 1. Person in blue shirt and black pants standing near a desk with two computer monitors, one of which is turned on. ALTA FIABILIDAD: Presencia humana confirmada por ambos modelos.. Se ha detectado actividad humana."", ""En la zona 'Oficina 1': [YOLO]: Estado: Se han detectado 2 persona(s). Persona 1: Persona sentada Persona 2: Persona sentada | [VLM]: A woman sitting in an office chair and looking at a computer screen. ALTA FIABILIDAD: Presencia humana confirmada por ambos modelos.. Se ha detectado actividad humana."", ""En la zona 'Baño 1': [YOLO]: Estado: Se han detectado 1 persona(s). Persona 1: Persona de pie (predicción con poca confianza) | [VLM]: A man is walking in a hospital hallway, and he appears to be looking at the camera. ALTA FIABILIDAD: Presencia humana confirmada por ambos modelos.. Se ha detectado actividad humana."", ""La zona 'Habitación Compartida 1' está despejada, sin eventos ni personas."", ""La zona 'Quirófano 1' está despejada, sin eventos ni personas."", ""La zona 'Habitación Compartida 3' está despejada, sin eventos ni personas."", ""La zona 'Habitación Compartida 2' está despejada, sin eventos ni personas."", ""En la zona 'Sala Común': [YOLO]: Estado: Se han detectado 1 persona(s). Persona 58: Persona de pie (predicción con poca confianza) | [VLM]: The image shows a woman standing in the kitchen area of a hospital, possibly waiting for someone or just passing by. The room is furnished with various appliances such as an oven and a refrigerator. There are also two people present in the scene - one person who appears to be the woman, and another person that seems to be a child. ALTA FIABILIDAD: Presencia humana confirmada por ambos modelos.. Se ha detectado actividad humana."", ""En la zona 'Sala Común': [YOLO]: Estado: Se han detectado 1 persona(s). Persona 1: Persona de pie (predicción con poca confianza) | [VLM]: A man walking in a hallway with his back to the camera, wearing a suit and tie. ALTA FIABILIDAD: Presencia humana confirmada por ambos modelos.. Se ha detectado actividad humana."", 'En la zona \'Quirófano 2\': [YOLO]: Estado: Se han detectado 1 persona(s). Persona 1: Persona sentada | [VLM]: A man walking in a hallway with the word ""BREVEMENTE"" written on it. ALTA FIABILIDAD: Presencia humana confirmada por ambos modelos.. Se ha detectado actividad humana.', 'En la zona \'Quirófano 2\': [YOLO]: Estado: Se han detectado 1 persona(s). Persona 1: Persona de pie (predicción con poca confianza) | [VLM]: A man running in a hospital hallway with the word ""BREVEMENTE"" written on it. ALTA FIABILIDAD: Presencia humana confirmada por ambos modelos.. Se ha detectado actividad humana.', ""En la zona 'Quirófano 2': [YOLO]: Estado: Se han detectado 1 persona(s). Persona 1: Persona de pie (predicción con poca confianza) | [VLM]: A man is running in a hospital hallway, wearing blue pants and a black shirt. ALTA FIABILIDAD: Presencia humana confirmada por ambos modelos.. Se ha detectado actividad humana."", ""En la zona 'Quirófano 2': [YOLO]: Estado: Se han detectado 3 persona(s). Persona 1: Persona de pie (predicción con poca confianza) Persona 2: Persona de pie (predicción con poca confianza) Persona 3: Persona de pie (predicción con poca confianza) | [VLM]: 1. Nurse in blue scrubs and mask standing next to a bed with a monitor on it. ALTA FIABILIDAD: Presencia humana confirmada por ambos modelos.. Se ha detectado actividad humana."", ""En la zona 'Quirófano 2': [YOLO]: Estado: Se han detectado 2 persona(s). Persona 65: Persona de pie (predicción con poca confianza) Persona 66: Persona de pie (predicción con poca confianza) | [VLM]: A woman in a blue scrubs uniform is standing next to the bed of another patient, who appears to be lying down and hooked up to an IV. ALTA FIABILIDAD: Presencia humana confirmada por ambos modelos.. Se ha detectado actividad humana."", 'En la zona \'Habitación Compartida 4\': [YOLO]: Estado: Se han detectado 2 persona(s). Persona 1: Persona de pie (predicción con poca confianza) Persona 2: Persona de pie (predicción con poca confianza) | [VLM]: A man walking in a hallway with the word ""BREVEMENTE"" written on it. ALTA FIABILIDAD: Presencia humana confirmada por ambos modelos.. Se ha detectado actividad humana.', ""En la zona 'Baño 2': [YOLO]: Estado: Se han detectado 1 persona(s). Persona 1: Persona de pie (predicción con poca confianza) | [VLM]: A woman is standing in a room with her back to the camera, wearing blue clothes and looking out of a window. ALTA FIABILIDAD: Presencia humana confirmada por ambos modelos.. Se ha detectado actividad humana."", ""En la zona 'Baño 2': [YOLO]: Estado: Se han detectado 1 persona(s). Persona 1: Persona de pie (predicción con poca confianza) | [VLM]: A woman wearing a blue scrubs uniform is standing in the hallway of a hospital, looking at her phone while waiting for someone or something. ALTA FIABILIDAD: Presencia humana confirmada por ambos modelos.. Se ha detectado actividad humana."", ""En la zona 'Habitación Compartida 5': [YOLO]: Estado: Se han detectado 1 persona(s). Persona 76: Persona sentada | [VLM]: A man in a wheelchair and a woman standing next to him, both wearing blue scrubs. ALTA FIABILIDAD: Presencia humana confirmada por ambos modelos.. Se ha detectado actividad humana."", ""En la zona 'Habitación Compartida 5': [YOLO]: Estado: Se han detectado 1 persona(s). Persona 76: Persona sentada | [VLM]: A woman in a blue shirt and a man in a wheelchair are walking together through the hospital hallway, with the woman pushing the wheelchair. ALTA FIABILIDAD: Presencia humana confirmada por ambos modelos.. Se ha detectado actividad humana."", ""En la zona 'Oficina 2': [YOLO]: Estado: Se han detectado 1 persona(s). Persona 76: Persona sentada | [VLM]: A woman in a blue scrubs outfit is pushing a wheelchair with another woman sitting inside it, who appears to be wearing a mask and possibly a nurse's uniform. ALTA FIABILIDAD: Presencia humana confirmada por ambos modelos.. Se ha detectado actividad humana."", ""En la zona 'Oficina 2': [YOLO]: Estado: Se han detectado 1 persona(s). Persona 79: Persona sentada | [VLM]: 1. Person in black shirt and blue pants. ALTA FIABILIDAD: Presencia humana confirmada por ambos modelos.. Se ha detectado actividad humana."", ""En la zona 'Oficina 2': [YOLO]: Estado: Se han detectado 1 persona(s). Persona 79: Persona sentada | [VLM]: Two people are sitting in chairs at a desk, and one of them is using their cell phone. ALTA FIABILIDAD: Presencia humana confirmada por ambos modelos.. Se ha detectado actividad humana."", ""En la zona 'Oficina 2': [YOLO]: Estado: Se han detectado 2 persona(s). Persona 1: Persona de pie (predicción con poca confianza) Persona 2: Persona de pie (predicción con poca confianza) | [VLM]: 1. Person in blue shirt and black pants standing at desk with computer monitor, keyboard, and mouse. ALTA FIABILIDAD: Presencia humana confirmada por ambos modelos.. Se ha detectado actividad humana."", ""En la zona 'Oficina 2': [YOLO]: Estado: Se han detectado 1 persona(s). Persona 84: Persona de pie (predicción con poca confianza) | [VLM]: 1. Man in black shirt and blue jeans sitting on a chair at the front desk of an office building. ALTA FIABILIDAD: Presencia humana confirmada por ambos modelos.. Se ha detectado actividad humana."", ""En la zona 'Oficina 2': [YOLO]: Estado: Se han detectado 1 persona(s). Persona 85: Persona sentada | [VLM]: 1. Person sitting on a chair in front of the desk. ALTA FIABILIDAD: Presencia humana confirmada por ambos modelos.. Se ha detectado actividad humana."", ""En la zona 'Oficina 2': [YOLO]: Estado: Se han detectado 1 persona(s). Persona 85: Persona sentada | [VLM]: 1. Man sitting in a chair with his back to the camera. ALTA FIABILIDAD: Presencia humana confirmada por ambos modelos.. Se ha detectado actividad humana."", ""En la zona 'Oficina 2': [YOLO]: Estado: Se han detectado 1 persona(s). Persona 85: Persona sentada | [VLM]: 1. Man sitting in a chair with his back to the camera. ALTA FIABILIDAD: Presencia humana confirmada por ambos modelos.. Se ha detectado actividad humana."", ""En la zona 'Oficina 2': [YOLO]: Estado: Se han detectado 2 persona(s). Persona 85: Persona sentada Persona 87: Persona sentada | [VLM]: 1. Man sitting in blue chair with his back to the camera. ALTA FIABILIDAD: Presencia humana confirmada por ambos modelos.. Se ha detectado actividad humana."", ""En la zona 'Oficina 2': [YOLO]: Estado: Se han detectado 3 persona(s). Persona 85: Persona sentada Persona 87: Persona sentada Persona 88: Persona sentada | [VLM]: 1. Man sitting in a chair with his legs crossed and looking at his phone. ALTA FIABILIDAD: Presencia humana confirmada por ambos modelos.. Se ha detectado actividad humana."", ""En la zona 'Oficina 2': [YOLO]: Estado: Se han detectado 2 persona(s). Persona 87: Persona sentada Persona 88: Persona sentada | [VLM]: 1. Woman sitting on a chair with her child. ALTA FIABILIDAD: Presencia humana confirmada por ambos modelos.. Se ha detectado actividad humana."", ""La zona 'Habitación Individual 3' está despejada, sin eventos ni personas."", ""En la zona 'Habitación Individual 4': [YOLO]: Estado: Se han detectado 1 persona(s). Persona 1: Persona sentada | [VLM]: The image shows a woman sitting in a hospital room, possibly waiting for her turn to be seen by the doctor or nurse present in the scene. The room has a bed and a chair, indicating that it is designed for patient care and comfort. ALTA FIABILIDAD: Presencia humana confirmada por ambos modelos.. Se ha detectado actividad humana."", ""En la zona 'Almacén 2': [YOLO]: Estado: Se han detectado 2 persona(s). Persona 1: Persona sentada Persona 2: Persona sentada | [VLM]: 1. Person sitting on a chair with their laptop open in front of them. ALTA FIABILIDAD: Presencia humana confirmada por ambos modelos.. Se ha detectado actividad humana."", ""La zona 'Escaleras 2' está despejada, sin eventos ni personas.""]",,,short,,
¿Se ha detectado la presencia de alguna persona obstaculizando el paso o sentada en los peldaños de las Escaleras 2?,"No, según la información proporcionada no se ha detectado la presencia de ninguna persona obstaculizando el paso o sentada en los peldaños de las Escaleras 2. El rango temporal correspondiente está vacío y no hay eventos recientes que indiquen la presencia de alguien en ese lugar.",No hay nadie en las escaleras 2.,0.9213837521969136,0.7889311787271648,400w_NoTrack_system_evaluation,system,"[""La zona 'Escaleras 2' está despejada, sin eventos ni personas.""]",1.0,,short,,
Redacta el informe de seguridad global de la patrulla del hospital.,"RESUMEN DE ACTIVIDADES EN EL HOSPITAL:

Durante el período de análisis, se detectaron varias actividades humanas en diferentes áreas del hospital. A continuación, se presentan los resultados más relevantes y preocupantes.

En la zona de recepción (Recepción), se observó una persona parada con poca confianza en el minuto 389s. Sin embargo, no se reportaron caídas ni incumplimientos significativos durante este período.

En la Oficina 2, se registró la presencia de 10 personas durante el período de análisis (1879s-2261s). En este sentido, no se encontraron actividades anómalas ni riesgos para la vida que justifiquen la intervención inmediata. Sin embargo, es importante destacar que se detectó una persona parada (con poca confianza) entre 1893s y 1973s.

En cuanto a protocolos de seguridad violados, no se encontraron incidentes graves ni incumplimientos críticos en ninguno de los mini-reports presentados. Por lo tanto, no hay necesidad de intervenir inmediatamente.

En general, el período de análisis no reveló riesgos importantes para la vida o la seguridad de pacientes y personal hospitalario. Sin embargo, es importante mantener un alto nivel de vigilancia para detectar cualquier actividad anómala que pueda generar riesgos futuros.

Recomiendo a los responsables de seguridad del hospital mantener una estrecha observación en las zonas de recepción y Oficina 2, ya que se han detectado algunas actividades humanas poco comunes. Además, es importante realizar un seguimiento regular para garantizar la seguridad y el bienestar de todos los pacientes y personal hospitalario.

Fecha: [fecha actual]

Autor: [tú]","Se detecta una emergencia crítica en la Habitación Compartida 2, donde una trabajadora se encuentra tirada en el suelo. Se requiere enviar asistencia médica de forma inmediata a esta ubicación para socorrerla. Por otro lado, se reporta una infracción de seguridad en el pasillo, ya que el sistema ha detectado a una persona corriendo cerca de otra trabajadora que traslada a un paciente en silla de ruedas, lo que supone un riesgo de colisión. Además, se observa una gran acumulación de cajas en ambos almacenes que podría obstaculizar el paso, y se registra a una empleada inactiva en la Oficina 2. El resto de las instalaciones del hospital funciona con normalidad y bajo los protocolos establecidos. En el Quirófano 2 se está llevando a cabo una intervención quirúrgica con el personal médico necesario, la zona de Recepción opera de forma habitual con varios visitantes y una sola persona al mostrador, y las habitaciones ocupadas tienen a sus pacientes seguros y atendidos. Zonas como los baños, las escaleras 2 y la habitación individual 1 se encuentran completamente vacías y despejadas.",0.4320034879514689,,400w_NoTrack_system_evaluation,system,"[""En la zona 'Recepcion': [YOLO]: Estado: Se han detectado 2 persona(s). Persona 1: Persona de pie (predicción con poca confianza) Persona 2: Persona sentada | [VLM]: 1. Person sitting on a chair with their back to the camera. ALTA FIABILIDAD: Presencia humana confirmada por ambos modelos.. Se ha detectado actividad humana."", ""En la zona 'Recepcion': [YOLO]: Estado: Se han detectado 5 persona(s). Persona 1: Persona de pie (predicción con poca confianza) Persona 2: Persona sentada Persona 3: Persona sentada Persona 4: Persona sentada Persona 5: Persona sentada | [VLM]: 1. Person in black shirt and brown pants walking into the room. ALTA FIABILIDAD: Presencia humana confirmada por ambos modelos.. Se ha detectado actividad humana."", ""En la zona 'Recepcion': [YOLO]: Estado: Se han detectado 1 persona(s). Persona 6: Persona sentada | [VLM]: A woman walking into a waiting room with blue chairs and a desk in the background. ALTA FIABILIDAD: Presencia humana confirmada por ambos modelos.. Se ha detectado actividad humana."", ""En la zona 'Recepcion': [YOLO]: Estado: Se han detectado 1 persona(s). Persona 8: Persona sentada | [VLM]: A man and a woman sitting in chairs inside of an office building waiting room. ALTA FIABILIDAD: Presencia humana confirmada por ambos modelos.. Se ha detectado actividad humana."", ""En la zona 'Recepcion': [YOLO]: Estado: Se han detectado 1 persona(s). Persona 12: Persona de pie (predicción con poca confianza) | [VLM]: A man in a blue shirt standing at the reception desk of a hospital. ALTA FIABILIDAD: Presencia humana confirmada por ambos modelos.. Se ha detectado actividad humana."", ""En la zona 'Recepcion': [YOLO]: Estado: Se han detectado 2 persona(s). Persona 1: Persona sentada Persona 2: Persona sentada | [VLM]: Two people sitting in chairs and one standing behind them. ALTA FIABILIDAD: Presencia humana confirmada por ambos modelos.. Se ha detectado actividad humana."", ""En la zona 'Recepcion': [YOLO]: Estado: Se han detectado 1 persona(s). Persona 1: Persona sentada | [VLM]: A man in a black hat and scarf walking into the room. ALTA FIABILIDAD: Presencia humana confirmada por ambos modelos.. Se ha detectado actividad humana."", ""En la zona 'Recepcion': [YOLO]: Estado: Se han detectado 1 persona(s). Persona 1: Persona de pie (predicción con poca confianza) | [VLM]: A man is standing in a waiting room with his back to the camera, looking at something off-camera. ALTA FIABILIDAD: Presencia humana confirmada por ambos modelos.. Se ha detectado actividad humana."", ""En la zona 'Recepcion': [YOLO]: Estado: Se han detectado 2 persona(s). Persona 1: Persona sentada Persona 2: Persona sentada | [VLM]: A man and a woman sitting in chairs inside of an office building waiting room. ALTA FIABILIDAD: Presencia humana confirmada por ambos modelos.. Se ha detectado actividad humana."", 'En la zona \'Recepcion\': [YOLO]: Estado: Se han detectado 1 persona(s). Persona 28: Persona de pie (predicción con poca confianza) | [VLM]: The image shows a man and woman standing in front of a counter, possibly at a store or a hotel reception desk. They are looking at something on the counter, which could be an item for sale or information about their stay. The scene is described as being ""very detailed"" and ""very realistic,"" indicating that it might have been created using 3D modeling software to create a more immersive experience for viewers. ALTA FIABILIDAD: Presencia humana confirmada por ambos modelos.. Se ha detectado actividad humana.', ""En la zona 'Recepcion': [YOLO]: Estado: Se han detectado 1 persona(s). Persona 28: Persona sentada | [VLM]: A man walking in a hospital room with his head down and smoking a cigarette. ALTA FIABILIDAD: Presencia humana confirmada por ambos modelos.. Se ha detectado actividad humana."", ""En la zona 'Almacén 1': [YOLO]: Estado: Se han detectado 1 persona(s). Persona 32: Persona sentada | [VLM]: A man sitting in a chair and looking at his cell phone. ALTA FIABILIDAD: Presencia humana confirmada por ambos modelos.. Se ha detectado actividad humana."", ""En la zona 'Almacén 1': [YOLO]: Estado: Se han detectado 1 persona(s). Persona 32: Persona sentada | [VLM]: A man is sitting on a chair in the waiting room of a hospital, looking at his cell phone and reading something on it. ALTA FIABILIDAD: Presencia humana confirmada por ambos modelos.. Se ha detectado actividad humana."", ""En la zona 'Almacén 1': [YOLO]: Estado: Se han detectado 2 persona(s). Persona 1: Persona sentada Persona 2: Persona sentada | [VLM]: A man and a woman sitting in chairs inside of an office or waiting room, possibly at a doctor's office. ALTA FIABILIDAD: Presencia humana confirmada por ambos modelos.. Se ha detectado actividad humana."", ""En la zona 'Habitación Individual 1': [YOLO]: Estado: Se han detectado 1 persona(s). Persona 1: Persona de pie (predicción con poca confianza) | [VLM]: A woman walking into a room with her hand on the door handle, possibly entering or leaving the building. ALTA FIABILIDAD: Presencia humana confirmada por ambos modelos.. Se ha detectado actividad humana."", ""En la zona 'Habitación Individual 1': [YOLO]: Estado: Se han detectado 1 persona(s). Persona 1: Persona de pie (predicción con poca confianza) | [VLM]: A woman is standing in a room with her back to the camera, wearing a blue shirt and brown pants. ALTA FIABILIDAD: Presencia humana confirmada por ambos modelos.. Se ha detectado actividad humana."", ""En la zona 'Habitación Individual 1': [YOLO]: Estado: Se han detectado 1 persona(s). Persona 36: Persona de pie (predicción con poca confianza) | [VLM]: The image shows a woman walking in an office setting, with another woman standing nearby. The scene is depicted in 3D and includes chairs, desks, and other objects typically found in an office environment. ALTA FIABILIDAD: Presencia humana confirmada por ambos modelos.. Se ha detectado actividad humana."", ""En la zona 'Habitación Individual 1': [YOLO]: Estado: Se han detectado 1 persona(s). Persona 36: Persona de pie (predicción con poca confianza) | [VLM]: 1. Woman in a blue dress and brown shoes standing at the counter. ALTA FIABILIDAD: Presencia humana confirmada por ambos modelos.. Se ha detectado actividad humana."", ""En la zona 'Habitación Individual 2': [YOLO]: Estado: Se han detectado 1 persona(s). Persona 1: Persona de pie (predicción con poca confianza) | [VLM]: 1. The woman is sitting in a chair. ALTA FIABILIDAD: Presencia humana confirmada por ambos modelos.. Se ha detectado actividad humana."", ""En la zona 'Habitación Individual 2': [YOLO]: Estado: Se han detectado 1 persona(s). Persona 1: Persona de pie (predicción con poca confianza) | [VLM]: 1. Person sitting in a chair. ALTA FIABILIDAD: Presencia humana confirmada por ambos modelos.. Se ha detectado actividad humana."", ""En la zona 'Oficina 1': [YOLO]: Estado: Se han detectado 1 persona(s). Persona 1: Persona de pie (predicción con poca confianza) | [VLM]: A woman in a blue shirt and black pants standing at the front desk of an office building, possibly working as a receptionist or administrative assistant. ALTA FIABILIDAD: Presencia humana confirmada por ambos modelos.. Se ha detectado actividad humana."", ""En la zona 'Oficina 1': [YOLO]: Estado: Se han detectado 2 persona(s). Persona 1: Persona de pie (predicción con poca confianza) Persona 2: Persona sentada | [VLM]: 1. Person in blue shirt and black pants standing near a desk with two computer monitors, one of which is turned on. ALTA FIABILIDAD: Presencia humana confirmada por ambos modelos.. Se ha detectado actividad humana."", ""En la zona 'Oficina 1': [YOLO]: Estado: Se han detectado 2 persona(s). Persona 1: Persona sentada Persona 2: Persona sentada | [VLM]: A woman sitting in an office chair and looking at a computer screen. ALTA FIABILIDAD: Presencia humana confirmada por ambos modelos.. Se ha detectado actividad humana."", ""En la zona 'Baño 1': [YOLO]: Estado: Se han detectado 1 persona(s). Persona 1: Persona de pie (predicción con poca confianza) | [VLM]: A man is walking in a hospital hallway, and he appears to be looking at the camera. ALTA FIABILIDAD: Presencia humana confirmada por ambos modelos.. Se ha detectado actividad humana."", ""En la zona 'Sala Común': [YOLO]: Estado: Se han detectado 1 persona(s). Persona 58: Persona de pie (predicción con poca confianza) | [VLM]: The image shows a woman standing in the kitchen area of a hospital, possibly waiting for someone or just passing by. The room is furnished with various appliances such as an oven and a refrigerator. There are also two people present in the scene - one person who appears to be the woman, and another person that seems to be a child. ALTA FIABILIDAD: Presencia humana confirmada por ambos modelos.. Se ha detectado actividad humana."", ""En la zona 'Sala Común': [YOLO]: Estado: Se han detectado 1 persona(s). Persona 1: Persona de pie (predicción con poca confianza) | [VLM]: A man walking in a hallway with his back to the camera, wearing a suit and tie. ALTA FIABILIDAD: Presencia humana confirmada por ambos modelos.. Se ha detectado actividad humana."", 'En la zona \'Quirófano 2\': [YOLO]: Estado: Se han detectado 1 persona(s). Persona 1: Persona sentada | [VLM]: A man walking in a hallway with the word ""BREVEMENTE"" written on it. ALTA FIABILIDAD: Presencia humana confirmada por ambos modelos.. Se ha detectado actividad humana.', 'En la zona \'Quirófano 2\': [YOLO]: Estado: Se han detectado 1 persona(s). Persona 1: Persona de pie (predicción con poca confianza) | [VLM]: A man running in a hospital hallway with the word ""BREVEMENTE"" written on it. ALTA FIABILIDAD: Presencia humana confirmada por ambos modelos.. Se ha detectado actividad humana.', ""En la zona 'Quirófano 2': [YOLO]: Estado: Se han detectado 1 persona(s). Persona 1: Persona de pie (predicción con poca confianza) | [VLM]: A man is running in a hospital hallway, wearing blue pants and a black shirt. ALTA FIABILIDAD: Presencia humana confirmada por ambos modelos.. Se ha detectado actividad humana."", ""En la zona 'Quirófano 2': [YOLO]: Estado: Se han detectado 3 persona(s). Persona 1: Persona de pie (predicción con poca confianza) Persona 2: Persona de pie (predicción con poca confianza) Persona 3: Persona de pie (predicción con poca confianza) | [VLM]: 1. Nurse in blue scrubs and mask standing next to a bed with a monitor on it. ALTA FIABILIDAD: Presencia humana confirmada por ambos modelos.. Se ha detectado actividad humana."", ""En la zona 'Quirófano 2': [YOLO]: Estado: Se han detectado 2 persona(s). Persona 65: Persona de pie (predicción con poca confianza) Persona 66: Persona de pie (predicción con poca confianza) | [VLM]: A woman in a blue scrubs uniform is standing next to the bed of another patient, who appears to be lying down and hooked up to an IV. ALTA FIABILIDAD: Presencia humana confirmada por ambos modelos.. Se ha detectado actividad humana."", 'En la zona \'Habitación Compartida 4\': [YOLO]: Estado: Se han detectado 2 persona(s). Persona 1: Persona de pie (predicción con poca confianza) Persona 2: Persona de pie (predicción con poca confianza) | [VLM]: A man walking in a hallway with the word ""BREVEMENTE"" written on it. ALTA FIABILIDAD: Presencia humana confirmada por ambos modelos.. Se ha detectado actividad humana.', ""En la zona 'Baño 2': [YOLO]: Estado: Se han detectado 1 persona(s). Persona 1: Persona de pie (predicción con poca confianza) | [VLM]: A woman is standing in a room with her back to the camera, wearing blue clothes and looking out of a window. ALTA FIABILIDAD: Presencia humana confirmada por ambos modelos.. Se ha detectado actividad humana."", ""En la zona 'Baño 2': [YOLO]: Estado: Se han detectado 1 persona(s). Persona 1: Persona de pie (predicción con poca confianza) | [VLM]: A woman wearing a blue scrubs uniform is standing in the hallway of a hospital, looking at her phone while waiting for someone or something. ALTA FIABILIDAD: Presencia humana confirmada por ambos modelos.. Se ha detectado actividad humana."", ""En la zona 'Habitación Compartida 5': [YOLO]: Estado: Se han detectado 1 persona(s). Persona 76: Persona sentada | [VLM]: A man in a wheelchair and a woman standing next to him, both wearing blue scrubs. ALTA FIABILIDAD: Presencia humana confirmada por ambos modelos.. Se ha detectado actividad humana."", ""En la zona 'Habitación Compartida 5': [YOLO]: Estado: Se han detectado 1 persona(s). Persona 76: Persona sentada | [VLM]: A woman in a blue shirt and a man in a wheelchair are walking together through the hospital hallway, with the woman pushing the wheelchair. ALTA FIABILIDAD: Presencia humana confirmada por ambos modelos.. Se ha detectado actividad humana."", ""En la zona 'Oficina 2': [YOLO]: Estado: Se han detectado 1 persona(s). Persona 76: Persona sentada | [VLM]: A woman in a blue scrubs outfit is pushing a wheelchair with another woman sitting inside it, who appears to be wearing a mask and possibly a nurse's uniform. ALTA FIABILIDAD: Presencia humana confirmada por ambos modelos.. Se ha detectado actividad humana."", ""En la zona 'Oficina 2': [YOLO]: Estado: Se han detectado 1 persona(s). Persona 79: Persona sentada | [VLM]: 1. Person in black shirt and blue pants. ALTA FIABILIDAD: Presencia humana confirmada por ambos modelos.. Se ha detectado actividad humana."", ""En la zona 'Oficina 2': [YOLO]: Estado: Se han detectado 1 persona(s). Persona 79: Persona sentada | [VLM]: Two people are sitting in chairs at a desk, and one of them is using their cell phone. ALTA FIABILIDAD: Presencia humana confirmada por ambos modelos.. Se ha detectado actividad humana."", ""En la zona 'Oficina 2': [YOLO]: Estado: Se han detectado 2 persona(s). Persona 1: Persona de pie (predicción con poca confianza) Persona 2: Persona de pie (predicción con poca confianza) | [VLM]: 1. Person in blue shirt and black pants standing at desk with computer monitor, keyboard, and mouse. ALTA FIABILIDAD: Presencia humana confirmada por ambos modelos.. Se ha detectado actividad humana."", ""En la zona 'Oficina 2': [YOLO]: Estado: Se han detectado 1 persona(s). Persona 84: Persona de pie (predicción con poca confianza) | [VLM]: 1. Man in black shirt and blue jeans sitting on a chair at the front desk of an office building. ALTA FIABILIDAD: Presencia humana confirmada por ambos modelos.. Se ha detectado actividad humana."", ""En la zona 'Oficina 2': [YOLO]: Estado: Se han detectado 1 persona(s). Persona 85: Persona sentada | [VLM]: 1. Person sitting on a chair in front of the desk. ALTA FIABILIDAD: Presencia humana confirmada por ambos modelos.. Se ha detectado actividad humana."", ""En la zona 'Oficina 2': [YOLO]: Estado: Se han detectado 1 persona(s). Persona 85: Persona sentada | [VLM]: 1. Man sitting in a chair with his back to the camera. ALTA FIABILIDAD: Presencia humana confirmada por ambos modelos.. Se ha detectado actividad humana."", ""En la zona 'Oficina 2': [YOLO]: Estado: Se han detectado 1 persona(s). Persona 85: Persona sentada | [VLM]: 1. Man sitting in a chair with his back to the camera. ALTA FIABILIDAD: Presencia humana confirmada por ambos modelos.. Se ha detectado actividad humana."", ""En la zona 'Oficina 2': [YOLO]: Estado: Se han detectado 2 persona(s). Persona 85: Persona sentada Persona 87: Persona sentada | [VLM]: 1. Man sitting in blue chair with his back to the camera. ALTA FIABILIDAD: Presencia humana confirmada por ambos modelos.. Se ha detectado actividad humana."", ""En la zona 'Oficina 2': [YOLO]: Estado: Se han detectado 3 persona(s). Persona 85: Persona sentada Persona 87: Persona sentada Persona 88: Persona sentada | [VLM]: 1. Man sitting in a chair with his legs crossed and looking at his phone. ALTA FIABILIDAD: Presencia humana confirmada por ambos modelos.. Se ha detectado actividad humana."", ""En la zona 'Oficina 2': [YOLO]: Estado: Se han detectado 2 persona(s). Persona 87: Persona sentada Persona 88: Persona sentada | [VLM]: 1. Woman sitting on a chair with her child. ALTA FIABILIDAD: Presencia humana confirmada por ambos modelos.. Se ha detectado actividad humana."", ""En la zona 'Habitación Individual 4': [YOLO]: Estado: Se han detectado 1 persona(s). Persona 1: Persona sentada | [VLM]: The image shows a woman sitting in a hospital room, possibly waiting for her turn to be seen by the doctor or nurse present in the scene. The room has a bed and a chair, indicating that it is designed for patient care and comfort. ALTA FIABILIDAD: Presencia humana confirmada por ambos modelos.. Se ha detectado actividad humana."", ""En la zona 'Almacén 2': [YOLO]: Estado: Se han detectado 2 persona(s). Persona 1: Persona sentada Persona 2: Persona sentada | [VLM]: 1. Person sitting on a chair with their laptop open in front of them. ALTA FIABILIDAD: Presencia humana confirmada por ambos modelos.. Se ha detectado actividad humana.""]",,,summary,"[""En la zona 'Recepcion': [YOLO]: Estado: Se han detectado 2 persona(s). Persona 1: Persona de pie (predicción con poca confianza) Persona 2: Persona sentada | [VLM]: 1. Person sitting on a chair with their back to the camera. ALTA FIABILIDAD: Presencia humana confirmada por ambos modelos.. Se ha detectado actividad humana."", ""En la zona 'Recepcion': [YOLO]: Estado: Se han detectado 5 persona(s). Persona 1: Persona de pie (predicción con poca confianza) Persona 2: Persona sentada Persona 3: Persona sentada Persona 4: Persona sentada Persona 5: Persona sentada | [VLM]: 1. Person in black shirt and brown pants walking into the room. ALTA FIABILIDAD: Presencia humana confirmada por ambos modelos.. Se ha detectado actividad humana."", ""En la zona 'Recepcion': [YOLO]: Estado: Se han detectado 1 persona(s). Persona 6: Persona sentada | [VLM]: A woman walking into a waiting room with blue chairs and a desk in the background. ALTA FIABILIDAD: Presencia humana confirmada por ambos modelos.. Se ha detectado actividad humana."", ""En la zona 'Recepcion': [YOLO]: Estado: Se han detectado 1 persona(s). Persona 8: Persona sentada | [VLM]: A man and a woman sitting in chairs inside of an office building waiting room. ALTA FIABILIDAD: Presencia humana confirmada por ambos modelos.. Se ha detectado actividad humana."", ""En la zona 'Recepcion': [YOLO]: Estado: Se han detectado 1 persona(s). Persona 12: Persona de pie (predicción con poca confianza) | [VLM]: A man in a blue shirt standing at the reception desk of a hospital. ALTA FIABILIDAD: Presencia humana confirmada por ambos modelos.. Se ha detectado actividad humana."", ""En la zona 'Recepcion': [YOLO]: Estado: Se han detectado 2 persona(s). Persona 1: Persona sentada Persona 2: Persona sentada | [VLM]: Two people sitting in chairs and one standing behind them. ALTA FIABILIDAD: Presencia humana confirmada por ambos modelos.. Se ha detectado actividad humana."", ""En la zona 'Recepcion': [YOLO]: Estado: Se han detectado 1 persona(s). Persona 1: Persona sentada | [VLM]: A man in a black hat and scarf walking into the room. ALTA FIABILIDAD: Presencia humana confirmada por ambos modelos.. Se ha detectado actividad humana."", ""En la zona 'Recepcion': [YOLO]: Estado: Se han detectado 1 persona(s). Persona 1: Persona de pie (predicción con poca confianza) | [VLM]: A man is standing in a waiting room with his back to the camera, looking at something off-camera. ALTA FIABILIDAD: Presencia humana confirmada por ambos modelos.. Se ha detectado actividad humana."", ""En la zona 'Recepcion': [YOLO]: Estado: Se han detectado 2 persona(s). Persona 1: Persona sentada Persona 2: Persona sentada | [VLM]: A man and a woman sitting in chairs inside of an office building waiting room. ALTA FIABILIDAD: Presencia humana confirmada por ambos modelos.. Se ha detectado actividad humana."", 'En la zona \'Recepcion\': [YOLO]: Estado: Se han detectado 1 persona(s). Persona 28: Persona de pie (predicción con poca confianza) | [VLM]: The image shows a man and woman standing in front of a counter, possibly at a store or a hotel reception desk. They are looking at something on the counter, which could be an item for sale or information about their stay. The scene is described as being ""very detailed"" and ""very realistic,"" indicating that it might have been created using 3D modeling software to create a more immersive experience for viewers. ALTA FIABILIDAD: Presencia humana confirmada por ambos modelos.. Se ha detectado actividad humana.', ""En la zona 'Recepcion': [YOLO]: Estado: Se han detectado 1 persona(s). Persona 28: Persona sentada | [VLM]: A man walking in a hospital room with his head down and smoking a cigarette. ALTA FIABILIDAD: Presencia humana confirmada por ambos modelos.. Se ha detectado actividad humana."", ""En la zona 'Almacén 1': [YOLO]: Estado: Se han detectado 1 persona(s). Persona 32: Persona sentada | [VLM]: A man sitting in a chair and looking at his cell phone. ALTA FIABILIDAD: Presencia humana confirmada por ambos modelos.. Se ha detectado actividad humana."", ""En la zona 'Almacén 1': [YOLO]: Estado: Se han detectado 1 persona(s). Persona 32: Persona sentada | [VLM]: A man is sitting on a chair in the waiting room of a hospital, looking at his cell phone and reading something on it. ALTA FIABILIDAD: Presencia humana confirmada por ambos modelos.. Se ha detectado actividad humana."", ""En la zona 'Almacén 1': [YOLO]: Estado: Se han detectado 2 persona(s). Persona 1: Persona sentada Persona 2: Persona sentada | [VLM]: A man and a woman sitting in chairs inside of an office or waiting room, possibly at a doctor's office. ALTA FIABILIDAD: Presencia humana confirmada por ambos modelos.. Se ha detectado actividad humana."", ""En la zona 'Habitación Individual 1': [YOLO]: Estado: Se han detectado 1 persona(s). Persona 1: Persona de pie (predicción con poca confianza) | [VLM]: A woman walking into a room with her hand on the door handle, possibly entering or leaving the building. ALTA FIABILIDAD: Presencia humana confirmada por ambos modelos.. Se ha detectado actividad humana."", ""En la zona 'Habitación Individual 1': [YOLO]: Estado: Se han detectado 1 persona(s). Persona 1: Persona de pie (predicción con poca confianza) | [VLM]: A woman is standing in a room with her back to the camera, wearing a blue shirt and brown pants. ALTA FIABILIDAD: Presencia humana confirmada por ambos modelos.. Se ha detectado actividad humana."", ""En la zona 'Habitación Individual 1': [YOLO]: Estado: Se han detectado 1 persona(s). Persona 36: Persona de pie (predicción con poca confianza) | [VLM]: The image shows a woman walking in an office setting, with another woman standing nearby. The scene is depicted in 3D and includes chairs, desks, and other objects typically found in an office environment. ALTA FIABILIDAD: Presencia humana confirmada por ambos modelos.. Se ha detectado actividad humana."", ""En la zona 'Habitación Individual 1': [YOLO]: Estado: Se han detectado 1 persona(s). Persona 36: Persona de pie (predicción con poca confianza) | [VLM]: 1. Woman in a blue dress and brown shoes standing at the counter. ALTA FIABILIDAD: Presencia humana confirmada por ambos modelos.. Se ha detectado actividad humana."", ""En la zona 'Habitación Individual 2': [YOLO]: Estado: Se han detectado 1 persona(s). Persona 1: Persona de pie (predicción con poca confianza) | [VLM]: 1. The woman is sitting in a chair. ALTA FIABILIDAD: Presencia humana confirmada por ambos modelos.. Se ha detectado actividad humana."", ""En la zona 'Habitación Individual 2': [YOLO]: Estado: Se han detectado 1 persona(s). Persona 1: Persona de pie (predicción con poca confianza) | [VLM]: 1. Person sitting in a chair. ALTA FIABILIDAD: Presencia humana confirmada por ambos modelos.. Se ha detectado actividad humana."", ""En la zona 'Oficina 1': [YOLO]: Estado: Se han detectado 1 persona(s). Persona 1: Persona de pie (predicción con poca confianza) | [VLM]: A woman in a blue shirt and black pants standing at the front desk of an office building, possibly working as a receptionist or administrative assistant. ALTA FIABILIDAD: Presencia humana confirmada por ambos modelos.. Se ha detectado actividad humana."", ""En la zona 'Oficina 1': [YOLO]: Estado: Se han detectado 2 persona(s). Persona 1: Persona de pie (predicción con poca confianza) Persona 2: Persona sentada | [VLM]: 1. Person in blue shirt and black pants standing near a desk with two computer monitors, one of which is turned on. ALTA FIABILIDAD: Presencia humana confirmada por ambos modelos.. Se ha detectado actividad humana."", ""En la zona 'Oficina 1': [YOLO]: Estado: Se han detectado 2 persona(s). Persona 1: Persona sentada Persona 2: Persona sentada | [VLM]: A woman sitting in an office chair and looking at a computer screen. ALTA FIABILIDAD: Presencia humana confirmada por ambos modelos.. Se ha detectado actividad humana."", ""En la zona 'Baño 1': [YOLO]: Estado: Se han detectado 1 persona(s). Persona 1: Persona de pie (predicción con poca confianza) | [VLM]: A man is walking in a hospital hallway, and he appears to be looking at the camera. ALTA FIABILIDAD: Presencia humana confirmada por ambos modelos.. Se ha detectado actividad humana."", ""En la zona 'Sala Común': [YOLO]: Estado: Se han detectado 1 persona(s). Persona 58: Persona de pie (predicción con poca confianza) | [VLM]: The image shows a woman standing in the kitchen area of a hospital, possibly waiting for someone or just passing by. The room is furnished with various appliances such as an oven and a refrigerator. There are also two people present in the scene - one person who appears to be the woman, and another person that seems to be a child. ALTA FIABILIDAD: Presencia humana confirmada por ambos modelos.. Se ha detectado actividad humana."", ""En la zona 'Sala Común': [YOLO]: Estado: Se han detectado 1 persona(s). Persona 1: Persona de pie (predicción con poca confianza) | [VLM]: A man walking in a hallway with his back to the camera, wearing a suit and tie. ALTA FIABILIDAD: Presencia humana confirmada por ambos modelos.. Se ha detectado actividad humana."", 'En la zona \'Quirófano 2\': [YOLO]: Estado: Se han detectado 1 persona(s). Persona 1: Persona sentada | [VLM]: A man walking in a hallway with the word ""BREVEMENTE"" written on it. ALTA FIABILIDAD: Presencia humana confirmada por ambos modelos.. Se ha detectado actividad humana.', 'En la zona \'Quirófano 2\': [YOLO]: Estado: Se han detectado 1 persona(s). Persona 1: Persona de pie (predicción con poca confianza) | [VLM]: A man running in a hospital hallway with the word ""BREVEMENTE"" written on it. ALTA FIABILIDAD: Presencia humana confirmada por ambos modelos.. Se ha detectado actividad humana.', ""En la zona 'Quirófano 2': [YOLO]: Estado: Se han detectado 1 persona(s). Persona 1: Persona de pie (predicción con poca confianza) | [VLM]: A man is running in a hospital hallway, wearing blue pants and a black shirt. ALTA FIABILIDAD: Presencia humana confirmada por ambos modelos.. Se ha detectado actividad humana."", ""En la zona 'Quirófano 2': [YOLO]: Estado: Se han detectado 3 persona(s). Persona 1: Persona de pie (predicción con poca confianza) Persona 2: Persona de pie (predicción con poca confianza) Persona 3: Persona de pie (predicción con poca confianza) | [VLM]: 1. Nurse in blue scrubs and mask standing next to a bed with a monitor on it. ALTA FIABILIDAD: Presencia humana confirmada por ambos modelos.. Se ha detectado actividad humana."", ""En la zona 'Quirófano 2': [YOLO]: Estado: Se han detectado 2 persona(s). Persona 65: Persona de pie (predicción con poca confianza) Persona 66: Persona de pie (predicción con poca confianza) | [VLM]: A woman in a blue scrubs uniform is standing next to the bed of another patient, who appears to be lying down and hooked up to an IV. ALTA FIABILIDAD: Presencia humana confirmada por ambos modelos.. Se ha detectado actividad humana."", 'En la zona \'Habitación Compartida 4\': [YOLO]: Estado: Se han detectado 2 persona(s). Persona 1: Persona de pie (predicción con poca confianza) Persona 2: Persona de pie (predicción con poca confianza) | [VLM]: A man walking in a hallway with the word ""BREVEMENTE"" written on it. ALTA FIABILIDAD: Presencia humana confirmada por ambos modelos.. Se ha detectado actividad humana.', ""En la zona 'Baño 2': [YOLO]: Estado: Se han detectado 1 persona(s). Persona 1: Persona de pie (predicción con poca confianza) | [VLM]: A woman is standing in a room with her back to the camera, wearing blue clothes and looking out of a window. ALTA FIABILIDAD: Presencia humana confirmada por ambos modelos.. Se ha detectado actividad humana."", ""En la zona 'Baño 2': [YOLO]: Estado: Se han detectado 1 persona(s). Persona 1: Persona de pie (predicción con poca confianza) | [VLM]: A woman wearing a blue scrubs uniform is standing in the hallway of a hospital, looking at her phone while waiting for someone or something. ALTA FIABILIDAD: Presencia humana confirmada por ambos modelos.. Se ha detectado actividad humana."", ""En la zona 'Habitación Compartida 5': [YOLO]: Estado: Se han detectado 1 persona(s). Persona 76: Persona sentada | [VLM]: A man in a wheelchair and a woman standing next to him, both wearing blue scrubs. ALTA FIABILIDAD: Presencia humana confirmada por ambos modelos.. Se ha detectado actividad humana."", ""En la zona 'Habitación Compartida 5': [YOLO]: Estado: Se han detectado 1 persona(s). Persona 76: Persona sentada | [VLM]: A woman in a blue shirt and a man in a wheelchair are walking together through the hospital hallway, with the woman pushing the wheelchair. ALTA FIABILIDAD: Presencia humana confirmada por ambos modelos.. Se ha detectado actividad humana."", ""En la zona 'Oficina 2': [YOLO]: Estado: Se han detectado 1 persona(s). Persona 76: Persona sentada | [VLM]: A woman in a blue scrubs outfit is pushing a wheelchair with another woman sitting inside it, who appears to be wearing a mask and possibly a nurse's uniform. ALTA FIABILIDAD: Presencia humana confirmada por ambos modelos.. Se ha detectado actividad humana."", ""En la zona 'Oficina 2': [YOLO]: Estado: Se han detectado 1 persona(s). Persona 79: Persona sentada | [VLM]: 1. Person in black shirt and blue pants. ALTA FIABILIDAD: Presencia humana confirmada por ambos modelos.. Se ha detectado actividad humana."", ""En la zona 'Oficina 2': [YOLO]: Estado: Se han detectado 1 persona(s). Persona 79: Persona sentada | [VLM]: Two people are sitting in chairs at a desk, and one of them is using their cell phone. ALTA FIABILIDAD: Presencia humana confirmada por ambos modelos.. Se ha detectado actividad humana."", ""En la zona 'Oficina 2': [YOLO]: Estado: Se han detectado 2 persona(s). Persona 1: Persona de pie (predicción con poca confianza) Persona 2: Persona de pie (predicción con poca confianza) | [VLM]: 1. Person in blue shirt and black pants standing at desk with computer monitor, keyboard, and mouse. ALTA FIABILIDAD: Presencia humana confirmada por ambos modelos.. Se ha detectado actividad humana."", ""En la zona 'Oficina 2': [YOLO]: Estado: Se han detectado 1 persona(s). Persona 84: Persona de pie (predicción con poca confianza) | [VLM]: 1. Man in black shirt and blue jeans sitting on a chair at the front desk of an office building. ALTA FIABILIDAD: Presencia humana confirmada por ambos modelos.. Se ha detectado actividad humana."", ""En la zona 'Oficina 2': [YOLO]: Estado: Se han detectado 1 persona(s). Persona 85: Persona sentada | [VLM]: 1. Person sitting on a chair in front of the desk. ALTA FIABILIDAD: Presencia humana confirmada por ambos modelos.. Se ha detectado actividad humana."", ""En la zona 'Oficina 2': [YOLO]: Estado: Se han detectado 1 persona(s). Persona 85: Persona sentada | [VLM]: 1. Man sitting in a chair with his back to the camera. ALTA FIABILIDAD: Presencia humana confirmada por ambos modelos.. Se ha detectado actividad humana."", ""En la zona 'Oficina 2': [YOLO]: Estado: Se han detectado 1 persona(s). Persona 85: Persona sentada | [VLM]: 1. Man sitting in a chair with his back to the camera. ALTA FIABILIDAD: Presencia humana confirmada por ambos modelos.. Se ha detectado actividad humana."", ""En la zona 'Oficina 2': [YOLO]: Estado: Se han detectado 2 persona(s). Persona 85: Persona sentada Persona 87: Persona sentada | [VLM]: 1. Man sitting in blue chair with his back to the camera. ALTA FIABILIDAD: Presencia humana confirmada por ambos modelos.. Se ha detectado actividad humana."", ""En la zona 'Oficina 2': [YOLO]: Estado: Se han detectado 3 persona(s). Persona 85: Persona sentada Persona 87: Persona sentada Persona 88: Persona sentada | [VLM]: 1. Man sitting in a chair with his legs crossed and looking at his phone. ALTA FIABILIDAD: Presencia humana confirmada por ambos modelos.. Se ha detectado actividad humana."", ""En la zona 'Oficina 2': [YOLO]: Estado: Se han detectado 2 persona(s). Persona 87: Persona sentada Persona 88: Persona sentada | [VLM]: 1. Woman sitting on a chair with her child. ALTA FIABILIDAD: Presencia humana confirmada por ambos modelos.. Se ha detectado actividad humana."", ""En la zona 'Habitación Individual 4': [YOLO]: Estado: Se han detectado 1 persona(s). Persona 1: Persona sentada | [VLM]: The image shows a woman sitting in a hospital room, possibly waiting for her turn to be seen by the doctor or nurse present in the scene. The room has a bed and a chair, indicating that it is designed for patient care and comfort. ALTA FIABILIDAD: Presencia humana confirmada por ambos modelos.. Se ha detectado actividad humana."", ""En la zona 'Almacén 2': [YOLO]: Estado: Se han detectado 2 persona(s). Persona 1: Persona sentada Persona 2: Persona sentada | [VLM]: 1. Person sitting on a chair with their laptop open in front of them. ALTA FIABILIDAD: Presencia humana confirmada por ambos modelos.. Se ha detectado actividad humana.""]",
¿Qué actividad humana se está realizando?,"ATENCIÓN Caída detectada (cuerpo en el suelo), ENVIAR AYUDA URGENTEMENTE.",Hay una persona tirada en el suelo.,0.604465365078206,0.509901710300989,300w_WithTrack,perception,"['[RAG INYECTADO] Zona: Pasillo | Tiempo: 03:15s | Posibles actividades: Andar, Empujar camillas (entre otras)']",0.666666666666667,300w_WithTrack,,,
¿Hay alguna emergencia médica o persona en el suelo?,Sí. La descripción del VLM indica la detección de una caída detectada (cuerpo en el suelo) y se recomienda enviar ayuda urgente.,"Sí, hay una persona caída en el suelo.",0.778957001349166,0.43711509007659,300w_WithTrack,perception,"['[RAG INYECTADO] Zona: Pasillo | Tiempo: 03:15s | Posibles actividades: Andar, Empujar camillas (entre otras)']",1.0,300w_WithTrack,,,
¿Se ha detectado alguna persona?,"Sí, se ha detectado 1 persona(s).",Sí,0.753769026523661,0.755738961191106,300w_WithTrack,perception,"['[RAG INYECTADO] Zona: Pasillo | Tiempo: 03:15s | Posibles actividades: Andar, Empujar camillas (entre otras)']",0.5,300w_WithTrack,,,
¿Qué actividad humana se está realizando?,No hay actividades.,Despejado.,0.769854422146856,0.769813314425415,300w_WithTrack,perception,"['[RAG INYECTADO] Zona: Pasillo | Tiempo: 14:30s | Posibles actividades: Andar, Empujar camillas (entre otras)']",0.0,300w_WithTrack,,,
¿Se ha detectado alguna persona?,No hay información.,No,0.564673863811854,0.0,300w_WithTrack,perception,"['[RAG INYECTADO] Zona: Pasillo | Tiempo: 14:30s | Posibles actividades: Andar, Empujar camillas (entre otras)']",0.0,300w_WithTrack,,,
¿Qué actividad humana se está realizando?,Persona sentada.,Una persona andando.,0.651887019077067,0.555661807313228,300w_WithTrack,perception,"['[RAG INYECTADO] Zona: Pasillo | Tiempo: 15:30s | Posibles actividades: Andar, Empujar camillas (entre otras)']",0.0,300w_WithTrack,,,
¿Cuántas personas hay andando en la imagen?,No hay información.,Hay una persona andando.,0.622150156536471,0.0,300w_WithTrack,perception,"['[RAG INYECTADO] Zona: Pasillo | Tiempo: 15:30s | Posibles actividades: Andar, Empujar camillas (entre otras)']",0.0,300w_WithTrack,,,
¿Hay alguna persona en la imagen?,"Sí, se han detectado 1 persona(s).",Sí,0.901942365497696,0.570663393188735,300w_WithTrack,perception,"['[RAG INYECTADO] Zona: Pasillo | Tiempo: 15:30s | Posibles actividades: Andar, Empujar camillas (entre otras)']",0.5,300w_WithTrack,,,
¿Qué actividad humana se está realizando?,"Según el JSON, la persona detectada (Sujeto ID_98) está de pie y su presencia ha sido confirmada por ambos modelos. Por lo tanto, la respuesta es:
""Persona de pie""",Una operación o acompañantes y una persona en la cama.,0.560497203244612,0.582543886369476,300w_WithTrack,perception,"['[RAG INYECTADO] Zona: Quirófano | Tiempo: 11:15s | Posibles actividades: Realizar cirugía, Preparar instrumental (entre otras)']",0.25,300w_WithTrack,,,
¿Cuántas personas hay en la imagen y qué hacen?,"Según el JSON, se han detectado 1 persona. La actividad detectada es ""Persona de pie"" (con poca confianza).",Dos personas de pie y una tumbada.,0.568071845519947,0.628264656082246,300w_WithTrack,perception,"['[RAG INYECTADO] Zona: Quirófano | Tiempo: 11:15s | Posibles actividades: Realizar cirugía, Preparar instrumental (entre otras)']",0.0,300w_WithTrack,,,
¿Qué actividad humana se está realizando?,"Según el JSON, la persona se encuentra sentada y ha detectado una caída. Se envía ayuda urgente.",Una persona corriendo.,0.555720929594422,0.605531096410379,300w_WithTrack,perception,"['[RAG INYECTADO] Zona: Pasillo | Tiempo: 15:30s | Posibles actividades: Andar, Empujar camillas (entre otras)']",0.2,300w_WithTrack,,,
¿Cuántas personas hay corriendo en la imagen?,No hay información.,Hay una persona corriendo.,0.627799776878961,0.0,300w_WithTrack,perception,"['[RAG INYECTADO] Zona: Pasillo | Tiempo: 15:30s | Posibles actividades: Andar, Empujar camillas (entre otras)']",0.0,300w_WithTrack,,,
¿Hay alguna persona en la imagen?,"Sí, se ha detectado una persona en la imagen.",Sí,0.648989786254031,0.825654241158712,300w_WithTrack,perception,"['[RAG INYECTADO] Zona: Pasillo | Tiempo: 15:30s | Posibles actividades: Andar, Empujar camillas (entre otras)']",1.0,300w_WithTrack,,,
¿Qué actividad humana se está realizando?,Persona sentada | Persona sentada | persona de pie o caminando.,Dos personas de pie con el móvil.,0.575565823757368,0.512509226385571,300w_WithTrack,perception,"['[RAG INYECTADO] Zona: Sala Común | Tiempo: 15:30s | Posibles actividades: Esperar sentado, Conversar con otros (entre otras)']",0.5,300w_WithTrack,,,
¿Cuántas personas hay en la imagen?,"Según el JSON, se han detectado 2 personas.",Hay dos personas.,0.788772856678022,0.7507121429415,300w_WithTrack,perception,"['[RAG INYECTADO] Zona: Sala Común | Tiempo: 15:30s | Posibles actividades: Esperar sentado, Conversar con otros (entre otras)']",0.5,300w_WithTrack,,,
¿Hay alguna persona en la imagen?,"Sí, se han detectado 2 personas en la imagen.",Sí,0.635818912243939,0.814828834517518,300w_WithTrack,perception,"['[RAG INYECTADO] Zona: Sala Común | Tiempo: 15:30s | Posibles actividades: Esperar sentado, Conversar con otros (entre otras)']",0.5,300w_WithTrack,,,
¿Qué actividad humana se está realizando?,"Según la descripción del modelo de visión artificial, se han detectado 4 personas. La caja AZUL, VERDE, AMARILLA y MAGENTA mencionan sujetos con un historial empusado que deben ser descubiertos con una mensaje o aplicación. Sin embargo, no hay información específica sobre la actividad humana en sí misma.

Resumen: No hay información.",Una trabajadora llevando a un paciente en silla de ruedas.,0.49769695414335,0.0,300w_WithTrack,perception,"['[RAG INYECTADO] Zona: Pasillo | Tiempo: 17:50s | Posibles actividades: Andar, Empujar camillas (entre otras)']",0.25,300w_WithTrack,,,
¿Cuántas personas hay en la imagen?,"Según el JSON, se han detectado 4 persona(s).",Hay dos personas.,0.791731298694017,0.714261742716871,300w_WithTrack,perception,"['[RAG INYECTADO] Zona: Pasillo | Tiempo: 17:50s | Posibles actividades: Andar, Empujar camillas (entre otras)']",0.5,300w_WithTrack,,,
¿Hay alguna persona en la imagen?,"Sí, se han detectado 4 personas en la imagen.",Sí,0.635899705051493,0.746278959508743,300w_WithTrack,perception,"['[RAG INYECTADO] Zona: Pasillo | Tiempo: 17:50s | Posibles actividades: Andar, Empujar camillas (entre otras)']",0.5,300w_WithTrack,,,
¿Cuántas personas hay exactamente en la zona de Recepción en este momento?,"No hay información disponible sobre la zona de Recepción en el sistema analizador de actividades humanas. La información proporcionada solo incluye diferentes zonas del hospital y no especifica la zona de Recepción. Por lo tanto, no puedo responder con exactitud a esta pregunta.",Hay seis personas,0.1314398202632852,0.0,300w_NoTrack,system,"[""En la zona 'Recepcion': [YOLO]: Estado: Se han detectado 2 persona(s). Persona 1: Persona de pie (predicción con poca confianza) Persona 2: Persona sentada | [VLM]: 1. Person sitting on a chair with their back to the camera. ALTA FIABILIDAD: Presencia humana confirmada por ambos modelos.. Se ha detectado actividad humana."", ""En la zona 'Recepcion': [YOLO]: Estado: Se han detectado 5 persona(s). Persona 1: Persona de pie (predicción con poca confianza) Persona 2: Persona sentada Persona 3: Persona sentada Persona 4: Persona sentada Persona 5: Persona sentada | [VLM]: 1. Person in black shirt and brown pants walking into the room. ALTA FIABILIDAD: Presencia humana confirmada por ambos modelos.. Se ha detectado actividad humana."", ""En la zona 'Recepcion': [YOLO]: Estado: Se han detectado 1 persona(s). Persona 13: Persona sentada | [VLM]: A woman walking into a waiting room with blue chairs and a desk in the background. ALTA FIABILIDAD: Presencia humana confirmada por ambos modelos.. Se ha detectado actividad humana."", ""En la zona 'Recepcion': [YOLO]: Estado: Se han detectado 1 persona(s). Persona 15: Persona sentada | [VLM]: A man and a woman sitting in chairs inside of an office building waiting room. ALTA FIABILIDAD: Presencia humana confirmada por ambos modelos.. Se ha detectado actividad humana."", ""En la zona 'Recepcion': [YOLO]: Estado: Se han detectado 1 persona(s). Persona 19: Persona de pie (predicción con poca confianza) | [VLM]: A man in a blue shirt standing at the reception desk of a hospital. ALTA FIABILIDAD: Presencia humana confirmada por ambos modelos.. Se ha detectado actividad humana."", ""En la zona 'Recepcion': [YOLO]: Estado: Se han detectado 2 persona(s). Persona 1: Persona sentada Persona 2: Persona sentada | [VLM]: Two people sitting in chairs and one standing behind them. ALTA FIABILIDAD: Presencia humana confirmada por ambos modelos.. Se ha detectado actividad humana."", ""En la zona 'Recepcion': [YOLO]: Estado: Se han detectado 1 persona(s). Persona 1: Persona sentada | [VLM]: A man in a black hat and scarf walking into the room. ALTA FIABILIDAD: Presencia humana confirmada por ambos modelos.. Se ha detectado actividad humana."", ""En la zona 'Recepcion': [YOLO]: Estado: Se han detectado 1 persona(s). Persona 1: Persona de pie (predicción con poca confianza) | [VLM]: A man is standing in a waiting room with his back to the camera, looking at something off-camera. ALTA FIABILIDAD: Presencia humana confirmada por ambos modelos.. Se ha detectado actividad humana."", ""En la zona 'Recepcion': [YOLO]: Estado: Se han detectado 2 persona(s). Persona 1: Persona sentada Persona 2: Persona sentada | [VLM]: A man and a woman sitting in chairs inside of an office building waiting room. ALTA FIABILIDAD: Presencia humana confirmada por ambos modelos.. Se ha detectado actividad humana."", 'En la zona \'Recepcion\': [YOLO]: Estado: Se han detectado 1 persona(s). Persona 35: Persona de pie (predicción con poca confianza) | [VLM]: The image shows a man and woman standing in front of a counter, possibly at a store or a hotel reception desk. They are looking at something on the counter, which could be an item for sale or information about their stay. The scene is described as being ""very detailed"" and ""very realistic,"" indicating that it might have been created using 3D modeling software to create a more immersive experience for viewers. ALTA FIABILIDAD: Presencia humana confirmada por ambos modelos.. Se ha detectado actividad humana.', ""En la zona 'Recepcion': [YOLO]: Estado: Se han detectado 1 persona(s). Persona 35: Persona sentada | [VLM]: A man walking in a hospital room with his head down and smoking a cigarette. ALTA FIABILIDAD: Presencia humana confirmada por ambos modelos.. Se ha detectado actividad humana."", ""La zona 'Escaleras 1' está despejada, sin eventos ni personas."", ""En la zona 'Almacén 1': [YOLO]: Estado: Se han detectado 1 persona(s). Persona 39: Persona sentada | [VLM]: A man sitting in a chair and looking at his cell phone. ALTA FIABILIDAD: Presencia humana confirmada por ambos modelos.. Se ha detectado actividad humana."", ""En la zona 'Almacén 1': [YOLO]: Estado: Se han detectado 1 persona(s). Persona 39: Persona sentada | [VLM]: A man is sitting on a chair in the waiting room of a hospital, looking at his cell phone and reading something on it. ALTA FIABILIDAD: Presencia humana confirmada por ambos modelos.. Se ha detectado actividad humana."", ""En la zona 'Almacén 1': [YOLO]: Estado: Se han detectado 2 persona(s). Persona 1: Persona sentada Persona 2: Persona sentada | [VLM]: A man and a woman sitting in chairs inside of an office or waiting room, possibly at a doctor's office. ALTA FIABILIDAD: Presencia humana confirmada por ambos modelos.. Se ha detectado actividad humana."", ""En la zona 'Habitación Individual 1': [YOLO]: Estado: Se han detectado 1 persona(s). Persona 1: Persona de pie (predicción con poca confianza) | [VLM]: A woman walking into a room with her hand on the door handle, possibly entering or leaving the building. ALTA FIABILIDAD: Presencia humana confirmada por ambos modelos.. Se ha detectado actividad humana."", ""En la zona 'Habitación Individual 1': [YOLO]: Estado: Se han detectado 1 persona(s). Persona 1: Persona de pie (predicción con poca confianza) | [VLM]: A woman is standing in a room with her back to the camera, wearing a blue shirt and brown pants. ALTA FIABILIDAD: Presencia humana confirmada por ambos modelos.. Se ha detectado actividad humana."", ""En la zona 'Habitación Individual 1': [YOLO]: Estado: Se han detectado 1 persona(s). Persona 43: Persona de pie (predicción con poca confianza) | [VLM]: The image shows a woman walking in an office setting, with another woman standing nearby. The scene is depicted in 3D and includes chairs, desks, and other objects typically found in an office environment. ALTA FIABILIDAD: Presencia humana confirmada por ambos modelos.. Se ha detectado actividad humana."", ""En la zona 'Habitación Individual 1': [YOLO]: Estado: Se han detectado 1 persona(s). Persona 43: Persona de pie (predicción con poca confianza) | [VLM]: 1. Woman in a blue dress and brown shoes standing at the counter. ALTA FIABILIDAD: Presencia humana confirmada por ambos modelos.. Se ha detectado actividad humana."", ""En la zona 'Habitación Individual 2': [YOLO]: Estado: Se han detectado 1 persona(s). Persona 1: Persona de pie (predicción con poca confianza) | [VLM]: 1. The woman is sitting in a chair. ALTA FIABILIDAD: Presencia humana confirmada por ambos modelos.. Se ha detectado actividad humana."", ""En la zona 'Habitación Individual 2': [YOLO]: Estado: Se han detectado 1 persona(s). Persona 1: Persona de pie (predicción con poca confianza) | [VLM]: 1. Person sitting in a chair. ALTA FIABILIDAD: Presencia humana confirmada por ambos modelos.. Se ha detectado actividad humana."", ""En la zona 'Oficina 1': [YOLO]: Estado: Se han detectado 1 persona(s). Persona 1: Persona de pie (predicción con poca confianza) | [VLM]: A woman in a blue shirt and black pants standing at the front desk of an office building, possibly working as a receptionist or administrative assistant. ALTA FIABILIDAD: Presencia humana confirmada por ambos modelos.. Se ha detectado actividad humana."", ""En la zona 'Oficina 1': [YOLO]: Estado: Se han detectado 2 persona(s). Persona 1: Persona de pie (predicción con poca confianza) Persona 2: Persona sentada | [VLM]: 1. Person in blue shirt and black pants standing near a desk with two computer monitors, one of which is turned on. ALTA FIABILIDAD: Presencia humana confirmada por ambos modelos.. Se ha detectado actividad humana."", ""En la zona 'Oficina 1': [YOLO]: Estado: Se han detectado 2 persona(s). Persona 1: Persona sentada Persona 2: Persona sentada | [VLM]: A woman sitting in an office chair and looking at a computer screen. ALTA FIABILIDAD: Presencia humana confirmada por ambos modelos.. Se ha detectado actividad humana."", ""En la zona 'Baño 1': [YOLO]: Estado: Se han detectado 1 persona(s). Persona 1: Persona de pie (predicción con poca confianza) | [VLM]: A man is walking in a hospital hallway, and he appears to be looking at the camera. ALTA FIABILIDAD: Presencia humana confirmada por ambos modelos.. Se ha detectado actividad humana."", ""La zona 'Habitación Compartida 1' está despejada, sin eventos ni personas."", ""La zona 'Quirófano 1' está despejada, sin eventos ni personas."", ""La zona 'Habitación Compartida 3' está despejada, sin eventos ni personas."", ""La zona 'Habitación Compartida 2' está despejada, sin eventos ni personas."", ""En la zona 'Sala Común': [YOLO]: Estado: Se han detectado 1 persona(s). Persona 65: Persona de pie (predicción con poca confianza) | [VLM]: The image shows a woman standing in the kitchen area of a hospital, possibly waiting for someone or just passing by. The room is furnished with various appliances such as an oven and a refrigerator. There are also two people present in the scene - one person who appears to be the woman, and another person that seems to be a child. ALTA FIABILIDAD: Presencia humana confirmada por ambos modelos.. Se ha detectado actividad humana."", ""En la zona 'Sala Común': [YOLO]: Estado: Se han detectado 1 persona(s). Persona 1: Persona de pie (predicción con poca confianza) | [VLM]: A man walking in a hallway with his back to the camera, wearing a suit and tie. ALTA FIABILIDAD: Presencia humana confirmada por ambos modelos.. Se ha detectado actividad humana."", 'En la zona \'Quirófano 2\': [YOLO]: Estado: Se han detectado 1 persona(s). Persona 1: Persona sentada | [VLM]: A man walking in a hallway with the word ""BREVEMENTE"" written on it. ALTA FIABILIDAD: Presencia humana confirmada por ambos modelos.. Se ha detectado actividad humana.', 'En la zona \'Quirófano 2\': [YOLO]: Estado: Se han detectado 1 persona(s). Persona 1: Persona de pie (predicción con poca confianza) | [VLM]: A man running in a hospital hallway with the word ""BREVEMENTE"" written on it. ALTA FIABILIDAD: Presencia humana confirmada por ambos modelos.. Se ha detectado actividad humana.', ""En la zona 'Quirófano 2': [YOLO]: Estado: Se han detectado 1 persona(s). Persona 1: Persona de pie (predicción con poca confianza) | [VLM]: A man is running in a hospital hallway, wearing blue pants and a black shirt. ALTA FIABILIDAD: Presencia humana confirmada por ambos modelos.. Se ha detectado actividad humana."", ""En la zona 'Quirófano 2': [YOLO]: Estado: Se han detectado 3 persona(s). Persona 1: Persona de pie (predicción con poca confianza) Persona 2: Persona de pie (predicción con poca confianza) Persona 3: Persona de pie (predicción con poca confianza) | [VLM]: 1. Nurse in blue scrubs and mask standing next to a bed with a monitor on it. ALTA FIABILIDAD: Presencia humana confirmada por ambos modelos.. Se ha detectado actividad humana."", ""En la zona 'Quirófano 2': [YOLO]: Estado: Se han detectado 2 persona(s). Persona 72: Persona de pie (predicción con poca confianza) Persona 73: Persona de pie (predicción con poca confianza) | [VLM]: A woman in a blue scrubs uniform is standing next to the bed of another patient, who appears to be lying down and hooked up to an IV. ALTA FIABILIDAD: Presencia humana confirmada por ambos modelos.. Se ha detectado actividad humana."", 'En la zona \'Habitación Compartida 4\': [YOLO]: Estado: Se han detectado 2 persona(s). Persona 1: Persona de pie (predicción con poca confianza) Persona 2: Persona de pie (predicción con poca confianza) | [VLM]: A man walking in a hallway with the word ""BREVEMENTE"" written on it. ALTA FIABILIDAD: Presencia humana confirmada por ambos modelos.. Se ha detectado actividad humana.', ""En la zona 'Baño 2': [YOLO]: Estado: Se han detectado 1 persona(s). Persona 1: Persona de pie (predicción con poca confianza) | [VLM]: A woman is standing in a room with her back to the camera, wearing blue clothes and looking out of a window. ALTA FIABILIDAD: Presencia humana confirmada por ambos modelos.. Se ha detectado actividad humana."", ""En la zona 'Baño 2': [YOLO]: Estado: Se han detectado 1 persona(s). Persona 1: Persona de pie (predicción con poca confianza) | [VLM]: A woman wearing a blue scrubs uniform is standing in the hallway of a hospital, looking at her phone while waiting for someone or something. ALTA FIABILIDAD: Presencia humana confirmada por ambos modelos.. Se ha detectado actividad humana."", ""En la zona 'Habitación Compartida 5': [YOLO]: Estado: Se han detectado 1 persona(s). Persona 83: Persona sentada | [VLM]: A man in a wheelchair and a woman standing next to him, both wearing blue scrubs. ALTA FIABILIDAD: Presencia humana confirmada por ambos modelos.. Se ha detectado actividad humana."", ""En la zona 'Habitación Compartida 5': [YOLO]: Estado: Se han detectado 1 persona(s). Persona 83: Persona sentada | [VLM]: A woman in a blue shirt and a man in a wheelchair are walking together through the hospital hallway, with the woman pushing the wheelchair. ALTA FIABILIDAD: Presencia humana confirmada por ambos modelos.. Se ha detectado actividad humana."", ""En la zona 'Oficina 2': [YOLO]: Estado: Se han detectado 1 persona(s). Persona 83: Persona sentada | [VLM]: A woman in a blue scrubs outfit is pushing a wheelchair with another woman sitting inside it, who appears to be wearing a mask and possibly a nurse's uniform. ALTA FIABILIDAD: Presencia humana confirmada por ambos modelos.. Se ha detectado actividad humana."", ""En la zona 'Oficina 2': [YOLO]: Estado: Se han detectado 1 persona(s). Persona 86: Persona sentada | [VLM]: 1. Person in black shirt and blue pants. ALTA FIABILIDAD: Presencia humana confirmada por ambos modelos.. Se ha detectado actividad humana."", ""En la zona 'Oficina 2': [YOLO]: Estado: Se han detectado 1 persona(s). Persona 86: Persona sentada | [VLM]: Two people are sitting in chairs at a desk, and one of them is using their cell phone. ALTA FIABILIDAD: Presencia humana confirmada por ambos modelos.. Se ha detectado actividad humana."", ""En la zona 'Oficina 2': [YOLO]: Estado: Se han detectado 2 persona(s). Persona 1: Persona de pie (predicción con poca confianza) Persona 2: Persona de pie (predicción con poca confianza) | [VLM]: 1. Person in blue shirt and black pants standing at desk with computer monitor, keyboard, and mouse. ALTA FIABILIDAD: Presencia humana confirmada por ambos modelos.. Se ha detectado actividad humana."", ""En la zona 'Oficina 2': [YOLO]: Estado: Se han detectado 1 persona(s). Persona 91: Persona de pie (predicción con poca confianza) | [VLM]: 1. Man in black shirt and blue jeans sitting on a chair at the front desk of an office building. ALTA FIABILIDAD: Presencia humana confirmada por ambos modelos.. Se ha detectado actividad humana."", ""En la zona 'Oficina 2': [YOLO]: Estado: Se han detectado 1 persona(s). Persona 92: Persona sentada | [VLM]: 1. Person sitting on a chair in front of the desk. ALTA FIABILIDAD: Presencia humana confirmada por ambos modelos.. Se ha detectado actividad humana."", ""En la zona 'Oficina 2': [YOLO]: Estado: Se han detectado 1 persona(s). Persona 92: Persona sentada | [VLM]: 1. Man sitting in a chair with his back to the camera. ALTA FIABILIDAD: Presencia humana confirmada por ambos modelos.. Se ha detectado actividad humana."", ""En la zona 'Oficina 2': [YOLO]: Estado: Se han detectado 1 persona(s). Persona 92: Persona sentada | [VLM]: 1. Man sitting in a chair with his back to the camera. ALTA FIABILIDAD: Presencia humana confirmada por ambos modelos.. Se ha detectado actividad humana."", ""En la zona 'Oficina 2': [YOLO]: Estado: Se han detectado 2 persona(s). Persona 92: Persona sentada Persona 94: Persona sentada | [VLM]: 1. Man sitting in blue chair with his back to the camera. ALTA FIABILIDAD: Presencia humana confirmada por ambos modelos.. Se ha detectado actividad humana."", ""En la zona 'Oficina 2': [YOLO]: Estado: Se han detectado 3 persona(s). Persona 92: Persona sentada Persona 94: Persona sentada Persona 95: Persona sentada | [VLM]: 1. Man sitting in a chair with his legs crossed and looking at his phone. ALTA FIABILIDAD: Presencia humana confirmada por ambos modelos.. Se ha detectado actividad humana."", ""En la zona 'Oficina 2': [YOLO]: Estado: Se han detectado 2 persona(s). Persona 94: Persona sentada Persona 95: Persona sentada | [VLM]: 1. Woman sitting on a chair with her child. ALTA FIABILIDAD: Presencia humana confirmada por ambos modelos.. Se ha detectado actividad humana."", ""La zona 'Habitación Individual 3' está despejada, sin eventos ni personas."", ""En la zona 'Habitación Individual 4': [YOLO]: Estado: Se han detectado 1 persona(s). Persona 1: Persona sentada | [VLM]: The image shows a woman sitting in a hospital room, possibly waiting for her turn to be seen by the doctor or nurse present in the scene. The room has a bed and a chair, indicating that it is designed for patient care and comfort. ALTA FIABILIDAD: Presencia humana confirmada por ambos modelos.. Se ha detectado actividad humana."", ""En la zona 'Almacén 2': [YOLO]: Estado: Se han detectado 2 persona(s). Persona 1: Persona sentada Persona 2: Persona sentada | [VLM]: 1. Person sitting on a chair with their laptop open in front of them. ALTA FIABILIDAD: Presencia humana confirmada por ambos modelos.. Se ha detectado actividad humana."", ""La zona 'Escaleras 2' está despejada, sin eventos ni personas.""]",,300w_NoTrack,short,,
¿Hay alguna persona presente en la Habitación Individual 1 o se encuentra vacía?,No hay personas presentes en la Habitación Individual 1.,No hay nadie en la Habitación Individual 1,0.945196824661692,0.7169510580230584,300w_NoTrack,system,"[""En la zona 'Habitación Individual 1': [YOLO]: Estado: Se han detectado 1 persona(s). Persona 1: Persona de pie (predicción con poca confianza) | [VLM]: A woman walking into a room with her hand on the door handle, possibly entering or leaving the building. ALTA FIABILIDAD: Presencia humana confirmada por ambos modelos.. Se ha detectado actividad humana."", ""En la zona 'Habitación Individual 1': [YOLO]: Estado: Se han detectado 1 persona(s). Persona 1: Persona de pie (predicción con poca confianza) | [VLM]: A woman is standing in a room with her back to the camera, wearing a blue shirt and brown pants. ALTA FIABILIDAD: Presencia humana confirmada por ambos modelos.. Se ha detectado actividad humana."", ""En la zona 'Habitación Individual 1': [YOLO]: Estado: Se han detectado 1 persona(s). Persona 43: Persona de pie (predicción con poca confianza) | [VLM]: The image shows a woman walking in an office setting, with another woman standing nearby. The scene is depicted in 3D and includes chairs, desks, and other objects typically found in an office environment. ALTA FIABILIDAD: Presencia humana confirmada por ambos modelos.. Se ha detectado actividad humana."", ""En la zona 'Habitación Individual 1': [YOLO]: Estado: Se han detectado 1 persona(s). Persona 43: Persona de pie (predicción con poca confianza) | [VLM]: 1. Woman in a blue dress and brown shoes standing at the counter. ALTA FIABILIDAD: Presencia humana confirmada por ambos modelos.. Se ha detectado actividad humana.""]",0.0,300w_NoTrack,short,,
¿El pasillo está completamente vacío o hay personas transitando por él?,"La respuesta es negativa. En el rango temporal 1879s-2261s, se detectan personas transitando en el Oficina 2 (zona ""Administrativa y Personal""), lo que indica que no está completamente vacío.","Hay varias personas, una caminando, otra corriendo y una trabajadora del hospital llevando a un paciente en silla de ruedas",0.7436061775537175,0.5765589696001981,300w_NoTrack,system,"[""En la zona 'Recepcion': [YOLO]: Estado: Se han detectado 2 persona(s). Persona 1: Persona de pie (predicción con poca confianza) Persona 2: Persona sentada | [VLM]: 1. Person sitting on a chair with their back to the camera. ALTA FIABILIDAD: Presencia humana confirmada por ambos modelos.. Se ha detectado actividad humana."", ""En la zona 'Recepcion': [YOLO]: Estado: Se han detectado 5 persona(s). Persona 1: Persona de pie (predicción con poca confianza) Persona 2: Persona sentada Persona 3: Persona sentada Persona 4: Persona sentada Persona 5: Persona sentada | [VLM]: 1. Person in black shirt and brown pants walking into the room. ALTA FIABILIDAD: Presencia humana confirmada por ambos modelos.. Se ha detectado actividad humana."", ""En la zona 'Recepcion': [YOLO]: Estado: Se han detectado 1 persona(s). Persona 13: Persona sentada | [VLM]: A woman walking into a waiting room with blue chairs and a desk in the background. ALTA FIABILIDAD: Presencia humana confirmada por ambos modelos.. Se ha detectado actividad humana."", ""En la zona 'Recepcion': [YOLO]: Estado: Se han detectado 1 persona(s). Persona 15: Persona sentada | [VLM]: A man and a woman sitting in chairs inside of an office building waiting room. ALTA FIABILIDAD: Presencia humana confirmada por ambos modelos.. Se ha detectado actividad humana."", ""En la zona 'Recepcion': [YOLO]: Estado: Se han detectado 1 persona(s). Persona 19: Persona de pie (predicción con poca confianza) | [VLM]: A man in a blue shirt standing at the reception desk of a hospital. ALTA FIABILIDAD: Presencia humana confirmada por ambos modelos.. Se ha detectado actividad humana."", ""En la zona 'Recepcion': [YOLO]: Estado: Se han detectado 2 persona(s). Persona 1: Persona sentada Persona 2: Persona sentada | [VLM]: Two people sitting in chairs and one standing behind them. ALTA FIABILIDAD: Presencia humana confirmada por ambos modelos.. Se ha detectado actividad humana."", ""En la zona 'Recepcion': [YOLO]: Estado: Se han detectado 1 persona(s). Persona 1: Persona sentada | [VLM]: A man in a black hat and scarf walking into the room. ALTA FIABILIDAD: Presencia humana confirmada por ambos modelos.. Se ha detectado actividad humana."", ""En la zona 'Recepcion': [YOLO]: Estado: Se han detectado 1 persona(s). Persona 1: Persona de pie (predicción con poca confianza) | [VLM]: A man is standing in a waiting room with his back to the camera, looking at something off-camera. ALTA FIABILIDAD: Presencia humana confirmada por ambos modelos.. Se ha detectado actividad humana."", ""En la zona 'Recepcion': [YOLO]: Estado: Se han detectado 2 persona(s). Persona 1: Persona sentada Persona 2: Persona sentada | [VLM]: A man and a woman sitting in chairs inside of an office building waiting room. ALTA FIABILIDAD: Presencia humana confirmada por ambos modelos.. Se ha detectado actividad humana."", 'En la zona \'Recepcion\': [YOLO]: Estado: Se han detectado 1 persona(s). Persona 35: Persona de pie (predicción con poca confianza) | [VLM]: The image shows a man and woman standing in front of a counter, possibly at a store or a hotel reception desk. They are looking at something on the counter, which could be an item for sale or information about their stay. The scene is described as being ""very detailed"" and ""very realistic,"" indicating that it might have been created using 3D modeling software to create a more immersive experience for viewers. ALTA FIABILIDAD: Presencia humana confirmada por ambos modelos.. Se ha detectado actividad humana.', ""En la zona 'Recepcion': [YOLO]: Estado: Se han detectado 1 persona(s). Persona 35: Persona sentada | [VLM]: A man walking in a hospital room with his head down and smoking a cigarette. ALTA FIABILIDAD: Presencia humana confirmada por ambos modelos.. Se ha detectado actividad humana."", ""La zona 'Escaleras 1' está despejada, sin eventos ni personas."", ""En la zona 'Almacén 1': [YOLO]: Estado: Se han detectado 1 persona(s). Persona 39: Persona sentada | [VLM]: A man sitting in a chair and looking at his cell phone. ALTA FIABILIDAD: Presencia humana confirmada por ambos modelos.. Se ha detectado actividad humana."", ""En la zona 'Almacén 1': [YOLO]: Estado: Se han detectado 1 persona(s). Persona 39: Persona sentada | [VLM]: A man is sitting on a chair in the waiting room of a hospital, looking at his cell phone and reading something on it. ALTA FIABILIDAD: Presencia humana confirmada por ambos modelos.. Se ha detectado actividad humana."", ""En la zona 'Almacén 1': [YOLO]: Estado: Se han detectado 2 persona(s). Persona 1: Persona sentada Persona 2: Persona sentada | [VLM]: A man and a woman sitting in chairs inside of an office or waiting room, possibly at a doctor's office. ALTA FIABILIDAD: Presencia humana confirmada por ambos modelos.. Se ha detectado actividad humana."", ""En la zona 'Habitación Individual 1': [YOLO]: Estado: Se han detectado 1 persona(s). Persona 1: Persona de pie (predicción con poca confianza) | [VLM]: A woman walking into a room with her hand on the door handle, possibly entering or leaving the building. ALTA FIABILIDAD: Presencia humana confirmada por ambos modelos.. Se ha detectado actividad humana."", ""En la zona 'Habitación Individual 1': [YOLO]: Estado: Se han detectado 1 persona(s). Persona 1: Persona de pie (predicción con poca confianza) | [VLM]: A woman is standing in a room with her back to the camera, wearing a blue shirt and brown pants. ALTA FIABILIDAD: Presencia humana confirmada por ambos modelos.. Se ha detectado actividad humana."", ""En la zona 'Habitación Individual 1': [YOLO]: Estado: Se han detectado 1 persona(s). Persona 43: Persona de pie (predicción con poca confianza) | [VLM]: The image shows a woman walking in an office setting, with another woman standing nearby. The scene is depicted in 3D and includes chairs, desks, and other objects typically found in an office environment. ALTA FIABILIDAD: Presencia humana confirmada por ambos modelos.. Se ha detectado actividad humana."", ""En la zona 'Habitación Individual 1': [YOLO]: Estado: Se han detectado 1 persona(s). Persona 43: Persona de pie (predicción con poca confianza) | [VLM]: 1. Woman in a blue dress and brown shoes standing at the counter. ALTA FIABILIDAD: Presencia humana confirmada por ambos modelos.. Se ha detectado actividad humana."", ""En la zona 'Habitación Individual 2': [YOLO]: Estado: Se han detectado 1 persona(s). Persona 1: Persona de pie (predicción con poca confianza) | [VLM]: 1. The woman is sitting in a chair. ALTA FIABILIDAD: Presencia humana confirmada por ambos modelos.. Se ha detectado actividad humana."", ""En la zona 'Habitación Individual 2': [YOLO]: Estado: Se han detectado 1 persona(s). Persona 1: Persona de pie (predicción con poca confianza) | [VLM]: 1. Person sitting in a chair. ALTA FIABILIDAD: Presencia humana confirmada por ambos modelos.. Se ha detectado actividad humana."", ""En la zona 'Oficina 1': [YOLO]: Estado: Se han detectado 1 persona(s). Persona 1: Persona de pie (predicción con poca confianza) | [VLM]: A woman in a blue shirt and black pants standing at the front desk of an office building, possibly working as a receptionist or administrative assistant. ALTA FIABILIDAD: Presencia humana confirmada por ambos modelos.. Se ha detectado actividad humana."", ""En la zona 'Oficina 1': [YOLO]: Estado: Se han detectado 2 persona(s). Persona 1: Persona de pie (predicción con poca confianza) Persona 2: Persona sentada | [VLM]: 1. Person in blue shirt and black pants standing near a desk with two computer monitors, one of which is turned on. ALTA FIABILIDAD: Presencia humana confirmada por ambos modelos.. Se ha detectado actividad humana."", ""En la zona 'Oficina 1': [YOLO]: Estado: Se han detectado 2 persona(s). Persona 1: Persona sentada Persona 2: Persona sentada | [VLM]: A woman sitting in an office chair and looking at a computer screen. ALTA FIABILIDAD: Presencia humana confirmada por ambos modelos.. Se ha detectado actividad humana."", ""En la zona 'Baño 1': [YOLO]: Estado: Se han detectado 1 persona(s). Persona 1: Persona de pie (predicción con poca confianza) | [VLM]: A man is walking in a hospital hallway, and he appears to be looking at the camera. ALTA FIABILIDAD: Presencia humana confirmada por ambos modelos.. Se ha detectado actividad humana."", ""La zona 'Habitación Compartida 1' está despejada, sin eventos ni personas."", ""La zona 'Quirófano 1' está despejada, sin eventos ni personas."", ""La zona 'Habitación Compartida 3' está despejada, sin eventos ni personas."", ""La zona 'Habitación Compartida 2' está despejada, sin eventos ni personas."", ""En la zona 'Sala Común': [YOLO]: Estado: Se han detectado 1 persona(s). Persona 65: Persona de pie (predicción con poca confianza) | [VLM]: The image shows a woman standing in the kitchen area of a hospital, possibly waiting for someone or just passing by. The room is furnished with various appliances such as an oven and a refrigerator. There are also two people present in the scene - one person who appears to be the woman, and another person that seems to be a child. ALTA FIABILIDAD: Presencia humana confirmada por ambos modelos.. Se ha detectado actividad humana."", ""En la zona 'Sala Común': [YOLO]: Estado: Se han detectado 1 persona(s). Persona 1: Persona de pie (predicción con poca confianza) | [VLM]: A man walking in a hallway with his back to the camera, wearing a suit and tie. ALTA FIABILIDAD: Presencia humana confirmada por ambos modelos.. Se ha detectado actividad humana."", 'En la zona \'Quirófano 2\': [YOLO]: Estado: Se han detectado 1 persona(s). Persona 1: Persona sentada | [VLM]: A man walking in a hallway with the word ""BREVEMENTE"" written on it. ALTA FIABILIDAD: Presencia humana confirmada por ambos modelos.. Se ha detectado actividad humana.', 'En la zona \'Quirófano 2\': [YOLO]: Estado: Se han detectado 1 persona(s). Persona 1: Persona de pie (predicción con poca confianza) | [VLM]: A man running in a hospital hallway with the word ""BREVEMENTE"" written on it. ALTA FIABILIDAD: Presencia humana confirmada por ambos modelos.. Se ha detectado actividad humana.', ""En la zona 'Quirófano 2': [YOLO]: Estado: Se han detectado 1 persona(s). Persona 1: Persona de pie (predicción con poca confianza) | [VLM]: A man is running in a hospital hallway, wearing blue pants and a black shirt. ALTA FIABILIDAD: Presencia humana confirmada por ambos modelos.. Se ha detectado actividad humana."", ""En la zona 'Quirófano 2': [YOLO]: Estado: Se han detectado 3 persona(s). Persona 1: Persona de pie (predicción con poca confianza) Persona 2: Persona de pie (predicción con poca confianza) Persona 3: Persona de pie (predicción con poca confianza) | [VLM]: 1. Nurse in blue scrubs and mask standing next to a bed with a monitor on it. ALTA FIABILIDAD: Presencia humana confirmada por ambos modelos.. Se ha detectado actividad humana."", ""En la zona 'Quirófano 2': [YOLO]: Estado: Se han detectado 2 persona(s). Persona 72: Persona de pie (predicción con poca confianza) Persona 73: Persona de pie (predicción con poca confianza) | [VLM]: A woman in a blue scrubs uniform is standing next to the bed of another patient, who appears to be lying down and hooked up to an IV. ALTA FIABILIDAD: Presencia humana confirmada por ambos modelos.. Se ha detectado actividad humana."", 'En la zona \'Habitación Compartida 4\': [YOLO]: Estado: Se han detectado 2 persona(s). Persona 1: Persona de pie (predicción con poca confianza) Persona 2: Persona de pie (predicción con poca confianza) | [VLM]: A man walking in a hallway with the word ""BREVEMENTE"" written on it. ALTA FIABILIDAD: Presencia humana confirmada por ambos modelos.. Se ha detectado actividad humana.', ""En la zona 'Baño 2': [YOLO]: Estado: Se han detectado 1 persona(s). Persona 1: Persona de pie (predicción con poca confianza) | [VLM]: A woman is standing in a room with her back to the camera, wearing blue clothes and looking out of a window. ALTA FIABILIDAD: Presencia humana confirmada por ambos modelos.. Se ha detectado actividad humana."", ""En la zona 'Baño 2': [YOLO]: Estado: Se han detectado 1 persona(s). Persona 1: Persona de pie (predicción con poca confianza) | [VLM]: A woman wearing a blue scrubs uniform is standing in the hallway of a hospital, looking at her phone while waiting for someone or something. ALTA FIABILIDAD: Presencia humana confirmada por ambos modelos.. Se ha detectado actividad humana."", ""En la zona 'Habitación Compartida 5': [YOLO]: Estado: Se han detectado 1 persona(s). Persona 83: Persona sentada | [VLM]: A man in a wheelchair and a woman standing next to him, both wearing blue scrubs. ALTA FIABILIDAD: Presencia humana confirmada por ambos modelos.. Se ha detectado actividad humana."", ""En la zona 'Habitación Compartida 5': [YOLO]: Estado: Se han detectado 1 persona(s). Persona 83: Persona sentada | [VLM]: A woman in a blue shirt and a man in a wheelchair are walking together through the hospital hallway, with the woman pushing the wheelchair. ALTA FIABILIDAD: Presencia humana confirmada por ambos modelos.. Se ha detectado actividad humana."", ""En la zona 'Oficina 2': [YOLO]: Estado: Se han detectado 1 persona(s). Persona 83: Persona sentada | [VLM]: A woman in a blue scrubs outfit is pushing a wheelchair with another woman sitting inside it, who appears to be wearing a mask and possibly a nurse's uniform. ALTA FIABILIDAD: Presencia humana confirmada por ambos modelos.. Se ha detectado actividad humana."", ""En la zona 'Oficina 2': [YOLO]: Estado: Se han detectado 1 persona(s). Persona 86: Persona sentada | [VLM]: 1. Person in black shirt and blue pants. ALTA FIABILIDAD: Presencia humana confirmada por ambos modelos.. Se ha detectado actividad humana."", ""En la zona 'Oficina 2': [YOLO]: Estado: Se han detectado 1 persona(s). Persona 86: Persona sentada | [VLM]: Two people are sitting in chairs at a desk, and one of them is using their cell phone. ALTA FIABILIDAD: Presencia humana confirmada por ambos modelos.. Se ha detectado actividad humana."", ""En la zona 'Oficina 2': [YOLO]: Estado: Se han detectado 2 persona(s). Persona 1: Persona de pie (predicción con poca confianza) Persona 2: Persona de pie (predicción con poca confianza) | [VLM]: 1. Person in blue shirt and black pants standing at desk with computer monitor, keyboard, and mouse. ALTA FIABILIDAD: Presencia humana confirmada por ambos modelos.. Se ha detectado actividad humana."", ""En la zona 'Oficina 2': [YOLO]: Estado: Se han detectado 1 persona(s). Persona 91: Persona de pie (predicción con poca confianza) | [VLM]: 1. Man in black shirt and blue jeans sitting on a chair at the front desk of an office building. ALTA FIABILIDAD: Presencia humana confirmada por ambos modelos.. Se ha detectado actividad humana."", ""En la zona 'Oficina 2': [YOLO]: Estado: Se han detectado 1 persona(s). Persona 92: Persona sentada | [VLM]: 1. Person sitting on a chair in front of the desk. ALTA FIABILIDAD: Presencia humana confirmada por ambos modelos.. Se ha detectado actividad humana."", ""En la zona 'Oficina 2': [YOLO]: Estado: Se han detectado 1 persona(s). Persona 92: Persona sentada | [VLM]: 1. Man sitting in a chair with his back to the camera. ALTA FIABILIDAD: Presencia humana confirmada por ambos modelos.. Se ha detectado actividad humana."", ""En la zona 'Oficina 2': [YOLO]: Estado: Se han detectado 1 persona(s). Persona 92: Persona sentada | [VLM]: 1. Man sitting in a chair with his back to the camera. ALTA FIABILIDAD: Presencia humana confirmada por ambos modelos.. Se ha detectado actividad humana."", ""En la zona 'Oficina 2': [YOLO]: Estado: Se han detectado 2 persona(s). Persona 92: Persona sentada Persona 94: Persona sentada | [VLM]: 1. Man sitting in blue chair with his back to the camera. ALTA FIABILIDAD: Presencia humana confirmada por ambos modelos.. Se ha detectado actividad humana."", ""En la zona 'Oficina 2': [YOLO]: Estado: Se han detectado 3 persona(s). Persona 92: Persona sentada Persona 94: Persona sentada Persona 95: Persona sentada | [VLM]: 1. Man sitting in a chair with his legs crossed and looking at his phone. ALTA FIABILIDAD: Presencia humana confirmada por ambos modelos.. Se ha detectado actividad humana."", ""En la zona 'Oficina 2': [YOLO]: Estado: Se han detectado 2 persona(s). Persona 94: Persona sentada Persona 95: Persona sentada | [VLM]: 1. Woman sitting on a chair with her child. ALTA FIABILIDAD: Presencia humana confirmada por ambos modelos.. Se ha detectado actividad humana."", ""La zona 'Habitación Individual 3' está despejada, sin eventos ni personas."", ""En la zona 'Habitación Individual 4': [YOLO]: Estado: Se han detectado 1 persona(s). Persona 1: Persona sentada | [VLM]: The image shows a woman sitting in a hospital room, possibly waiting for her turn to be seen by the doctor or nurse present in the scene. The room has a bed and a chair, indicating that it is designed for patient care and comfort. ALTA FIABILIDAD: Presencia humana confirmada por ambos modelos.. Se ha detectado actividad humana."", ""En la zona 'Almacén 2': [YOLO]: Estado: Se han detectado 2 persona(s). Persona 1: Persona sentada Persona 2: Persona sentada | [VLM]: 1. Person sitting on a chair with their laptop open in front of them. ALTA FIABILIDAD: Presencia humana confirmada por ambos modelos.. Se ha detectado actividad humana."", ""La zona 'Escaleras 2' está despejada, sin eventos ni personas.""]",,300w_NoTrack,short,,
¿Cuántas personas en total se detectan dentro de la Habitación Compartida 2?,"No hay información sobre personas detectadas en la Habitación Compartida 2, ya que los eventos recientes están vacíos.",No hay nadie en la Habitacion Compartida 2,0.9335959146373632,0.0,300w_NoTrack,system,"[""La zona 'Habitación Compartida 2' está despejada, sin eventos ni personas.""]",1.0,300w_NoTrack,short,,
¿Hay alguien presente dentro del Quirófano 2?,"Sí, hay varias personas presentes en el quirófano 2. Se detectaron 3 personas sentadas en diferentes momentos del rango temporal (1874s-2261s).","Sí, se está realizando una intervención a un paciente que está tumbado en la cama. Hay tres trabajadores del hospital realizandolo",0.6004749842499766,0.528676007740469,300w_NoTrack,system,"['En la zona \'Quirófano 2\': [YOLO]: Estado: Se han detectado 1 persona(s). Persona 1: Persona sentada | [VLM]: A man walking in a hallway with the word ""BREVEMENTE"" written on it. ALTA FIABILIDAD: Presencia humana confirmada por ambos modelos.. Se ha detectado actividad humana.', 'En la zona \'Quirófano 2\': [YOLO]: Estado: Se han detectado 1 persona(s). Persona 1: Persona de pie (predicción con poca confianza) | [VLM]: A man running in a hospital hallway with the word ""BREVEMENTE"" written on it. ALTA FIABILIDAD: Presencia humana confirmada por ambos modelos.. Se ha detectado actividad humana.', ""En la zona 'Quirófano 2': [YOLO]: Estado: Se han detectado 1 persona(s). Persona 1: Persona de pie (predicción con poca confianza) | [VLM]: A man is running in a hospital hallway, wearing blue pants and a black shirt. ALTA FIABILIDAD: Presencia humana confirmada por ambos modelos.. Se ha detectado actividad humana."", ""En la zona 'Quirófano 2': [YOLO]: Estado: Se han detectado 3 persona(s). Persona 1: Persona de pie (predicción con poca confianza) Persona 2: Persona de pie (predicción con poca confianza) Persona 3: Persona de pie (predicción con poca confianza) | [VLM]: 1. Nurse in blue scrubs and mask standing next to a bed with a monitor on it. ALTA FIABILIDAD: Presencia humana confirmada por ambos modelos.. Se ha detectado actividad humana."", ""En la zona 'Quirófano 2': [YOLO]: Estado: Se han detectado 2 persona(s). Persona 72: Persona de pie (predicción con poca confianza) Persona 73: Persona de pie (predicción con poca confianza) | [VLM]: A woman in a blue scrubs uniform is standing next to the bed of another patient, who appears to be lying down and hooked up to an IV. ALTA FIABILIDAD: Presencia humana confirmada por ambos modelos.. Se ha detectado actividad humana.""]",0.3333333333333333,300w_NoTrack,short,,
¿Se está haciendo alguna actividad en el Quirófano 2?,"Sí, se están realizando actividades en el Quirófano 2. Hay varias alertas registradas entre los tiempos 1573s y 1874s que indican la presencia de personas en este área del hospital.","Sí, se está realizando una intervención quirúrgica a un paciente que está tumbado en la cama. Hay tres trabajadores del hospital realizandolo",0.8419584471642403,0.7028851508565895,300w_NoTrack,system,"['En la zona \'Quirófano 2\': [YOLO]: Estado: Se han detectado 1 persona(s). Persona 1: Persona sentada | [VLM]: A man walking in a hallway with the word ""BREVEMENTE"" written on it. ALTA FIABILIDAD: Presencia humana confirmada por ambos modelos.. Se ha detectado actividad humana.', 'En la zona \'Quirófano 2\': [YOLO]: Estado: Se han detectado 1 persona(s). Persona 1: Persona de pie (predicción con poca confianza) | [VLM]: A man running in a hospital hallway with the word ""BREVEMENTE"" written on it. ALTA FIABILIDAD: Presencia humana confirmada por ambos modelos.. Se ha detectado actividad humana.', ""En la zona 'Quirófano 2': [YOLO]: Estado: Se han detectado 1 persona(s). Persona 1: Persona de pie (predicción con poca confianza) | [VLM]: A man is running in a hospital hallway, wearing blue pants and a black shirt. ALTA FIABILIDAD: Presencia humana confirmada por ambos modelos.. Se ha detectado actividad humana."", ""En la zona 'Quirófano 2': [YOLO]: Estado: Se han detectado 3 persona(s). Persona 1: Persona de pie (predicción con poca confianza) Persona 2: Persona de pie (predicción con poca confianza) Persona 3: Persona de pie (predicción con poca confianza) | [VLM]: 1. Nurse in blue scrubs and mask standing next to a bed with a monitor on it. ALTA FIABILIDAD: Presencia humana confirmada por ambos modelos.. Se ha detectado actividad humana."", ""En la zona 'Quirófano 2': [YOLO]: Estado: Se han detectado 2 persona(s). Persona 72: Persona de pie (predicción con poca confianza) Persona 73: Persona de pie (predicción con poca confianza) | [VLM]: A woman in a blue scrubs uniform is standing next to the bed of another patient, who appears to be lying down and hooked up to an IV. ALTA FIABILIDAD: Presencia humana confirmada por ambos modelos.. Se ha detectado actividad humana.""]",0.6666666666666666,300w_NoTrack,short,,
¿Se detecta a alguna persona caída en el suelo en alguna zona del hospital?,"No, no se detecta a ninguna persona caída en el suelo en ninguna zona del hospital.","Sí, hay una trabajadora en el suelo en la Habitación Compartida 2",0.7719356986765179,0.5682383844352681,300w_NoTrack,system,"[""En la zona 'Recepcion': [YOLO]: Estado: Se han detectado 2 persona(s). Persona 1: Persona de pie (predicción con poca confianza) Persona 2: Persona sentada | [VLM]: 1. Person sitting on a chair with their back to the camera. ALTA FIABILIDAD: Presencia humana confirmada por ambos modelos.. Se ha detectado actividad humana."", ""En la zona 'Recepcion': [YOLO]: Estado: Se han detectado 5 persona(s). Persona 1: Persona de pie (predicción con poca confianza) Persona 2: Persona sentada Persona 3: Persona sentada Persona 4: Persona sentada Persona 5: Persona sentada | [VLM]: 1. Person in black shirt and brown pants walking into the room. ALTA FIABILIDAD: Presencia humana confirmada por ambos modelos.. Se ha detectado actividad humana."", ""En la zona 'Recepcion': [YOLO]: Estado: Se han detectado 1 persona(s). Persona 13: Persona sentada | [VLM]: A woman walking into a waiting room with blue chairs and a desk in the background. ALTA FIABILIDAD: Presencia humana confirmada por ambos modelos.. Se ha detectado actividad humana."", ""En la zona 'Recepcion': [YOLO]: Estado: Se han detectado 1 persona(s). Persona 15: Persona sentada | [VLM]: A man and a woman sitting in chairs inside of an office building waiting room. ALTA FIABILIDAD: Presencia humana confirmada por ambos modelos.. Se ha detectado actividad humana."", ""En la zona 'Recepcion': [YOLO]: Estado: Se han detectado 1 persona(s). Persona 19: Persona de pie (predicción con poca confianza) | [VLM]: A man in a blue shirt standing at the reception desk of a hospital. ALTA FIABILIDAD: Presencia humana confirmada por ambos modelos.. Se ha detectado actividad humana."", ""En la zona 'Recepcion': [YOLO]: Estado: Se han detectado 2 persona(s). Persona 1: Persona sentada Persona 2: Persona sentada | [VLM]: Two people sitting in chairs and one standing behind them. ALTA FIABILIDAD: Presencia humana confirmada por ambos modelos.. Se ha detectado actividad humana."", ""En la zona 'Recepcion': [YOLO]: Estado: Se han detectado 1 persona(s). Persona 1: Persona sentada | [VLM]: A man in a black hat and scarf walking into the room. ALTA FIABILIDAD: Presencia humana confirmada por ambos modelos.. Se ha detectado actividad humana."", ""En la zona 'Recepcion': [YOLO]: Estado: Se han detectado 1 persona(s). Persona 1: Persona de pie (predicción con poca confianza) | [VLM]: A man is standing in a waiting room with his back to the camera, looking at something off-camera. ALTA FIABILIDAD: Presencia humana confirmada por ambos modelos.. Se ha detectado actividad humana."", ""En la zona 'Recepcion': [YOLO]: Estado: Se han detectado 2 persona(s). Persona 1: Persona sentada Persona 2: Persona sentada | [VLM]: A man and a woman sitting in chairs inside of an office building waiting room. ALTA FIABILIDAD: Presencia humana confirmada por ambos modelos.. Se ha detectado actividad humana."", 'En la zona \'Recepcion\': [YOLO]: Estado: Se han detectado 1 persona(s). Persona 35: Persona de pie (predicción con poca confianza) | [VLM]: The image shows a man and woman standing in front of a counter, possibly at a store or a hotel reception desk. They are looking at something on the counter, which could be an item for sale or information about their stay. The scene is described as being ""very detailed"" and ""very realistic,"" indicating that it might have been created using 3D modeling software to create a more immersive experience for viewers. ALTA FIABILIDAD: Presencia humana confirmada por ambos modelos.. Se ha detectado actividad humana.', ""En la zona 'Recepcion': [YOLO]: Estado: Se han detectado 1 persona(s). Persona 35: Persona sentada | [VLM]: A man walking in a hospital room with his head down and smoking a cigarette. ALTA FIABILIDAD: Presencia humana confirmada por ambos modelos.. Se ha detectado actividad humana."", ""La zona 'Escaleras 1' está despejada, sin eventos ni personas."", ""En la zona 'Almacén 1': [YOLO]: Estado: Se han detectado 1 persona(s). Persona 39: Persona sentada | [VLM]: A man sitting in a chair and looking at his cell phone. ALTA FIABILIDAD: Presencia humana confirmada por ambos modelos.. Se ha detectado actividad humana."", ""En la zona 'Almacén 1': [YOLO]: Estado: Se han detectado 1 persona(s). Persona 39: Persona sentada | [VLM]: A man is sitting on a chair in the waiting room of a hospital, looking at his cell phone and reading something on it. ALTA FIABILIDAD: Presencia humana confirmada por ambos modelos.. Se ha detectado actividad humana."", ""En la zona 'Almacén 1': [YOLO]: Estado: Se han detectado 2 persona(s). Persona 1: Persona sentada Persona 2: Persona sentada | [VLM]: A man and a woman sitting in chairs inside of an office or waiting room, possibly at a doctor's office. ALTA FIABILIDAD: Presencia humana confirmada por ambos modelos.. Se ha detectado actividad humana."", ""En la zona 'Habitación Individual 1': [YOLO]: Estado: Se han detectado 1 persona(s). Persona 1: Persona de pie (predicción con poca confianza) | [VLM]: A woman walking into a room with her hand on the door handle, possibly entering or leaving the building. ALTA FIABILIDAD: Presencia humana confirmada por ambos modelos.. Se ha detectado actividad humana."", ""En la zona 'Habitación Individual 1': [YOLO]: Estado: Se han detectado 1 persona(s). Persona 1: Persona de pie (predicción con poca confianza) | [VLM]: A woman is standing in a room with her back to the camera, wearing a blue shirt and brown pants. ALTA FIABILIDAD: Presencia humana confirmada por ambos modelos.. Se ha detectado actividad humana."", ""En la zona 'Habitación Individual 1': [YOLO]: Estado: Se han detectado 1 persona(s). Persona 43: Persona de pie (predicción con poca confianza) | [VLM]: The image shows a woman walking in an office setting, with another woman standing nearby. The scene is depicted in 3D and includes chairs, desks, and other objects typically found in an office environment. ALTA FIABILIDAD: Presencia humana confirmada por ambos modelos.. Se ha detectado actividad humana."", ""En la zona 'Habitación Individual 1': [YOLO]: Estado: Se han detectado 1 persona(s). Persona 43: Persona de pie (predicción con poca confianza) | [VLM]: 1. Woman in a blue dress and brown shoes standing at the counter. ALTA FIABILIDAD: Presencia humana confirmada por ambos modelos.. Se ha detectado actividad humana."", ""En la zona 'Habitación Individual 2': [YOLO]: Estado: Se han detectado 1 persona(s). Persona 1: Persona de pie (predicción con poca confianza) | [VLM]: 1. The woman is sitting in a chair. ALTA FIABILIDAD: Presencia humana confirmada por ambos modelos.. Se ha detectado actividad humana."", ""En la zona 'Habitación Individual 2': [YOLO]: Estado: Se han detectado 1 persona(s). Persona 1: Persona de pie (predicción con poca confianza) | [VLM]: 1. Person sitting in a chair. ALTA FIABILIDAD: Presencia humana confirmada por ambos modelos.. Se ha detectado actividad humana."", ""En la zona 'Oficina 1': [YOLO]: Estado: Se han detectado 1 persona(s). Persona 1: Persona de pie (predicción con poca confianza) | [VLM]: A woman in a blue shirt and black pants standing at the front desk of an office building, possibly working as a receptionist or administrative assistant. ALTA FIABILIDAD: Presencia humana confirmada por ambos modelos.. Se ha detectado actividad humana."", ""En la zona 'Oficina 1': [YOLO]: Estado: Se han detectado 2 persona(s). Persona 1: Persona de pie (predicción con poca confianza) Persona 2: Persona sentada | [VLM]: 1. Person in blue shirt and black pants standing near a desk with two computer monitors, one of which is turned on. ALTA FIABILIDAD: Presencia humana confirmada por ambos modelos.. Se ha detectado actividad humana."", ""En la zona 'Oficina 1': [YOLO]: Estado: Se han detectado 2 persona(s). Persona 1: Persona sentada Persona 2: Persona sentada | [VLM]: A woman sitting in an office chair and looking at a computer screen. ALTA FIABILIDAD: Presencia humana confirmada por ambos modelos.. Se ha detectado actividad humana."", ""En la zona 'Baño 1': [YOLO]: Estado: Se han detectado 1 persona(s). Persona 1: Persona de pie (predicción con poca confianza) | [VLM]: A man is walking in a hospital hallway, and he appears to be looking at the camera. ALTA FIABILIDAD: Presencia humana confirmada por ambos modelos.. Se ha detectado actividad humana."", ""La zona 'Habitación Compartida 1' está despejada, sin eventos ni personas."", ""La zona 'Quirófano 1' está despejada, sin eventos ni personas."", ""La zona 'Habitación Compartida 3' está despejada, sin eventos ni personas."", ""La zona 'Habitación Compartida 2' está despejada, sin eventos ni personas."", ""En la zona 'Sala Común': [YOLO]: Estado: Se han detectado 1 persona(s). Persona 65: Persona de pie (predicción con poca confianza) | [VLM]: The image shows a woman standing in the kitchen area of a hospital, possibly waiting for someone or just passing by. The room is furnished with various appliances such as an oven and a refrigerator. There are also two people present in the scene - one person who appears to be the woman, and another person that seems to be a child. ALTA FIABILIDAD: Presencia humana confirmada por ambos modelos.. Se ha detectado actividad humana."", ""En la zona 'Sala Común': [YOLO]: Estado: Se han detectado 1 persona(s). Persona 1: Persona de pie (predicción con poca confianza) | [VLM]: A man walking in a hallway with his back to the camera, wearing a suit and tie. ALTA FIABILIDAD: Presencia humana confirmada por ambos modelos.. Se ha detectado actividad humana."", 'En la zona \'Quirófano 2\': [YOLO]: Estado: Se han detectado 1 persona(s). Persona 1: Persona sentada | [VLM]: A man walking in a hallway with the word ""BREVEMENTE"" written on it. ALTA FIABILIDAD: Presencia humana confirmada por ambos modelos.. Se ha detectado actividad humana.', 'En la zona \'Quirófano 2\': [YOLO]: Estado: Se han detectado 1 persona(s). Persona 1: Persona de pie (predicción con poca confianza) | [VLM]: A man running in a hospital hallway with the word ""BREVEMENTE"" written on it. ALTA FIABILIDAD: Presencia humana confirmada por ambos modelos.. Se ha detectado actividad humana.', ""En la zona 'Quirófano 2': [YOLO]: Estado: Se han detectado 1 persona(s). Persona 1: Persona de pie (predicción con poca confianza) | [VLM]: A man is running in a hospital hallway, wearing blue pants and a black shirt. ALTA FIABILIDAD: Presencia humana confirmada por ambos modelos.. Se ha detectado actividad humana."", ""En la zona 'Quirófano 2': [YOLO]: Estado: Se han detectado 3 persona(s). Persona 1: Persona de pie (predicción con poca confianza) Persona 2: Persona de pie (predicción con poca confianza) Persona 3: Persona de pie (predicción con poca confianza) | [VLM]: 1. Nurse in blue scrubs and mask standing next to a bed with a monitor on it. ALTA FIABILIDAD: Presencia humana confirmada por ambos modelos.. Se ha detectado actividad humana."", ""En la zona 'Quirófano 2': [YOLO]: Estado: Se han detectado 2 persona(s). Persona 72: Persona de pie (predicción con poca confianza) Persona 73: Persona de pie (predicción con poca confianza) | [VLM]: A woman in a blue scrubs uniform is standing next to the bed of another patient, who appears to be lying down and hooked up to an IV. ALTA FIABILIDAD: Presencia humana confirmada por ambos modelos.. Se ha detectado actividad humana."", 'En la zona \'Habitación Compartida 4\': [YOLO]: Estado: Se han detectado 2 persona(s). Persona 1: Persona de pie (predicción con poca confianza) Persona 2: Persona de pie (predicción con poca confianza) | [VLM]: A man walking in a hallway with the word ""BREVEMENTE"" written on it. ALTA FIABILIDAD: Presencia humana confirmada por ambos modelos.. Se ha detectado actividad humana.', ""En la zona 'Baño 2': [YOLO]: Estado: Se han detectado 1 persona(s). Persona 1: Persona de pie (predicción con poca confianza) | [VLM]: A woman is standing in a room with her back to the camera, wearing blue clothes and looking out of a window. ALTA FIABILIDAD: Presencia humana confirmada por ambos modelos.. Se ha detectado actividad humana."", ""En la zona 'Baño 2': [YOLO]: Estado: Se han detectado 1 persona(s). Persona 1: Persona de pie (predicción con poca confianza) | [VLM]: A woman wearing a blue scrubs uniform is standing in the hallway of a hospital, looking at her phone while waiting for someone or something. ALTA FIABILIDAD: Presencia humana confirmada por ambos modelos.. Se ha detectado actividad humana."", ""En la zona 'Habitación Compartida 5': [YOLO]: Estado: Se han detectado 1 persona(s). Persona 83: Persona sentada | [VLM]: A man in a wheelchair and a woman standing next to him, both wearing blue scrubs. ALTA FIABILIDAD: Presencia humana confirmada por ambos modelos.. Se ha detectado actividad humana."", ""En la zona 'Habitación Compartida 5': [YOLO]: Estado: Se han detectado 1 persona(s). Persona 83: Persona sentada | [VLM]: A woman in a blue shirt and a man in a wheelchair are walking together through the hospital hallway, with the woman pushing the wheelchair. ALTA FIABILIDAD: Presencia humana confirmada por ambos modelos.. Se ha detectado actividad humana."", ""En la zona 'Oficina 2': [YOLO]: Estado: Se han detectado 1 persona(s). Persona 83: Persona sentada | [VLM]: A woman in a blue scrubs outfit is pushing a wheelchair with another woman sitting inside it, who appears to be wearing a mask and possibly a nurse's uniform. ALTA FIABILIDAD: Presencia humana confirmada por ambos modelos.. Se ha detectado actividad humana."", ""En la zona 'Oficina 2': [YOLO]: Estado: Se han detectado 1 persona(s). Persona 86: Persona sentada | [VLM]: 1. Person in black shirt and blue pants. ALTA FIABILIDAD: Presencia humana confirmada por ambos modelos.. Se ha detectado actividad humana."", ""En la zona 'Oficina 2': [YOLO]: Estado: Se han detectado 1 persona(s). Persona 86: Persona sentada | [VLM]: Two people are sitting in chairs at a desk, and one of them is using their cell phone. ALTA FIABILIDAD: Presencia humana confirmada por ambos modelos.. Se ha detectado actividad humana."", ""En la zona 'Oficina 2': [YOLO]: Estado: Se han detectado 2 persona(s). Persona 1: Persona de pie (predicción con poca confianza) Persona 2: Persona de pie (predicción con poca confianza) | [VLM]: 1. Person in blue shirt and black pants standing at desk with computer monitor, keyboard, and mouse. ALTA FIABILIDAD: Presencia humana confirmada por ambos modelos.. Se ha detectado actividad humana."", ""En la zona 'Oficina 2': [YOLO]: Estado: Se han detectado 1 persona(s). Persona 91: Persona de pie (predicción con poca confianza) | [VLM]: 1. Man in black shirt and blue jeans sitting on a chair at the front desk of an office building. ALTA FIABILIDAD: Presencia humana confirmada por ambos modelos.. Se ha detectado actividad humana."", ""En la zona 'Oficina 2': [YOLO]: Estado: Se han detectado 1 persona(s). Persona 92: Persona sentada | [VLM]: 1. Person sitting on a chair in front of the desk. ALTA FIABILIDAD: Presencia humana confirmada por ambos modelos.. Se ha detectado actividad humana."", ""En la zona 'Oficina 2': [YOLO]: Estado: Se han detectado 1 persona(s). Persona 92: Persona sentada | [VLM]: 1. Man sitting in a chair with his back to the camera. ALTA FIABILIDAD: Presencia humana confirmada por ambos modelos.. Se ha detectado actividad humana."", ""En la zona 'Oficina 2': [YOLO]: Estado: Se han detectado 1 persona(s). Persona 92: Persona sentada | [VLM]: 1. Man sitting in a chair with his back to the camera. ALTA FIABILIDAD: Presencia humana confirmada por ambos modelos.. Se ha detectado actividad humana."", ""En la zona 'Oficina 2': [YOLO]: Estado: Se han detectado 2 persona(s). Persona 92: Persona sentada Persona 94: Persona sentada | [VLM]: 1. Man sitting in blue chair with his back to the camera. ALTA FIABILIDAD: Presencia humana confirmada por ambos modelos.. Se ha detectado actividad humana."", ""En la zona 'Oficina 2': [YOLO]: Estado: Se han detectado 3 persona(s). Persona 92: Persona sentada Persona 94: Persona sentada Persona 95: Persona sentada | [VLM]: 1. Man sitting in a chair with his legs crossed and looking at his phone. ALTA FIABILIDAD: Presencia humana confirmada por ambos modelos.. Se ha detectado actividad humana."", ""En la zona 'Oficina 2': [YOLO]: Estado: Se han detectado 2 persona(s). Persona 94: Persona sentada Persona 95: Persona sentada | [VLM]: 1. Woman sitting on a chair with her child. ALTA FIABILIDAD: Presencia humana confirmada por ambos modelos.. Se ha detectado actividad humana."", ""La zona 'Habitación Individual 3' está despejada, sin eventos ni personas."", ""En la zona 'Habitación Individual 4': [YOLO]: Estado: Se han detectado 1 persona(s). Persona 1: Persona sentada | [VLM]: The image shows a woman sitting in a hospital room, possibly waiting for her turn to be seen by the doctor or nurse present in the scene. The room has a bed and a chair, indicating that it is designed for patient care and comfort. ALTA FIABILIDAD: Presencia humana confirmada por ambos modelos.. Se ha detectado actividad humana."", ""En la zona 'Almacén 2': [YOLO]: Estado: Se han detectado 2 persona(s). Persona 1: Persona sentada Persona 2: Persona sentada | [VLM]: 1. Person sitting on a chair with their laptop open in front of them. ALTA FIABILIDAD: Presencia humana confirmada por ambos modelos.. Se ha detectado actividad humana."", ""La zona 'Escaleras 2' está despejada, sin eventos ni personas.""]",,300w_NoTrack,short,,
"En la Habitación Compartida 4, ¿las personas detectadas están acostadas en las camas o hay alguien de pie/sentado?","Según los datos, en la Habitación Compartida 5 (no Compartida 4) se detectaron personas sentadas (1869s y 1874s). No hay información sobre la Habitación Compartida 4.",Hay dos pacientes en las camas y una trabajadora de pie al lado de uno de los pacientes,0.4630720053397528,0.5934568546572413,300w_NoTrack,system,"['En la zona \'Habitación Compartida 4\': [YOLO]: Estado: Se han detectado 2 persona(s). Persona 1: Persona de pie (predicción con poca confianza) Persona 2: Persona de pie (predicción con poca confianza) | [VLM]: A man walking in a hallway with the word ""BREVEMENTE"" written on it. ALTA FIABILIDAD: Presencia humana confirmada por ambos modelos.. Se ha detectado actividad humana.']",0.3333333333333333,300w_NoTrack,short,,
¿Cuántas personas hay actualmente en la Sala Común?,"Según los eventos recientes, se han detectado dos personas (Persona 1 y Persona 2) sentadas en la Sala Común. Por lo tanto, actualmente hay 2 personas en la Sala Común.","En la sala común hay dos personas de pie con el móvil, frente a frente",0.6164591757567395,0.5896488503401187,300w_NoTrack,system,"[""En la zona 'Sala Común': [YOLO]: Estado: Se han detectado 1 persona(s). Persona 65: Persona de pie (predicción con poca confianza) | [VLM]: The image shows a woman standing in the kitchen area of a hospital, possibly waiting for someone or just passing by. The room is furnished with various appliances such as an oven and a refrigerator. There are also two people present in the scene - one person who appears to be the woman, and another person that seems to be a child. ALTA FIABILIDAD: Presencia humana confirmada por ambos modelos.. Se ha detectado actividad humana."", ""En la zona 'Sala Común': [YOLO]: Estado: Se han detectado 1 persona(s). Persona 1: Persona de pie (predicción con poca confianza) | [VLM]: A man walking in a hallway with his back to the camera, wearing a suit and tie. ALTA FIABILIDAD: Presencia humana confirmada por ambos modelos.. Se ha detectado actividad humana.""]",0.3333333333333333,300w_NoTrack,short,,
¿Hay alguien que requiera asistencia en el interior de algún Baño?,"Sí, hay una persona que requiere asistencia en el interior del baño ""Baño"" en el rango temporal 1849s. Según los datos analizados, una mujer está sentada y parece necesitar ayuda.","No, no hay nadie en ningún baño",0.1596470709646825,0.5136603595040926,300w_NoTrack,system,"[""En la zona 'Recepcion': [YOLO]: Estado: Se han detectado 2 persona(s). Persona 1: Persona de pie (predicción con poca confianza) Persona 2: Persona sentada | [VLM]: 1. Person sitting on a chair with their back to the camera. ALTA FIABILIDAD: Presencia humana confirmada por ambos modelos.. Se ha detectado actividad humana."", ""En la zona 'Recepcion': [YOLO]: Estado: Se han detectado 5 persona(s). Persona 1: Persona de pie (predicción con poca confianza) Persona 2: Persona sentada Persona 3: Persona sentada Persona 4: Persona sentada Persona 5: Persona sentada | [VLM]: 1. Person in black shirt and brown pants walking into the room. ALTA FIABILIDAD: Presencia humana confirmada por ambos modelos.. Se ha detectado actividad humana."", ""En la zona 'Recepcion': [YOLO]: Estado: Se han detectado 1 persona(s). Persona 13: Persona sentada | [VLM]: A woman walking into a waiting room with blue chairs and a desk in the background. ALTA FIABILIDAD: Presencia humana confirmada por ambos modelos.. Se ha detectado actividad humana."", ""En la zona 'Recepcion': [YOLO]: Estado: Se han detectado 1 persona(s). Persona 15: Persona sentada | [VLM]: A man and a woman sitting in chairs inside of an office building waiting room. ALTA FIABILIDAD: Presencia humana confirmada por ambos modelos.. Se ha detectado actividad humana."", ""En la zona 'Recepcion': [YOLO]: Estado: Se han detectado 1 persona(s). Persona 19: Persona de pie (predicción con poca confianza) | [VLM]: A man in a blue shirt standing at the reception desk of a hospital. ALTA FIABILIDAD: Presencia humana confirmada por ambos modelos.. Se ha detectado actividad humana."", ""En la zona 'Recepcion': [YOLO]: Estado: Se han detectado 2 persona(s). Persona 1: Persona sentada Persona 2: Persona sentada | [VLM]: Two people sitting in chairs and one standing behind them. ALTA FIABILIDAD: Presencia humana confirmada por ambos modelos.. Se ha detectado actividad humana."", ""En la zona 'Recepcion': [YOLO]: Estado: Se han detectado 1 persona(s). Persona 1: Persona sentada | [VLM]: A man in a black hat and scarf walking into the room. ALTA FIABILIDAD: Presencia humana confirmada por ambos modelos.. Se ha detectado actividad humana."", ""En la zona 'Recepcion': [YOLO]: Estado: Se han detectado 1 persona(s). Persona 1: Persona de pie (predicción con poca confianza) | [VLM]: A man is standing in a waiting room with his back to the camera, looking at something off-camera. ALTA FIABILIDAD: Presencia humana confirmada por ambos modelos.. Se ha detectado actividad humana."", ""En la zona 'Recepcion': [YOLO]: Estado: Se han detectado 2 persona(s). Persona 1: Persona sentada Persona 2: Persona sentada | [VLM]: A man and a woman sitting in chairs inside of an office building waiting room. ALTA FIABILIDAD: Presencia humana confirmada por ambos modelos.. Se ha detectado actividad humana."", 'En la zona \'Recepcion\': [YOLO]: Estado: Se han detectado 1 persona(s). Persona 35: Persona de pie (predicción con poca confianza) | [VLM]: The image shows a man and woman standing in front of a counter, possibly at a store or a hotel reception desk. They are looking at something on the counter, which could be an item for sale or information about their stay. The scene is described as being ""very detailed"" and ""very realistic,"" indicating that it might have been created using 3D modeling software to create a more immersive experience for viewers. ALTA FIABILIDAD: Presencia humana confirmada por ambos modelos.. Se ha detectado actividad humana.', ""En la zona 'Recepcion': [YOLO]: Estado: Se han detectado 1 persona(s). Persona 35: Persona sentada | [VLM]: A man walking in a hospital room with his head down and smoking a cigarette. ALTA FIABILIDAD: Presencia humana confirmada por ambos modelos.. Se ha detectado actividad humana."", ""La zona 'Escaleras 1' está despejada, sin eventos ni personas."", ""En la zona 'Almacén 1': [YOLO]: Estado: Se han detectado 1 persona(s). Persona 39: Persona sentada | [VLM]: A man sitting in a chair and looking at his cell phone. ALTA FIABILIDAD: Presencia humana confirmada por ambos modelos.. Se ha detectado actividad humana."", ""En la zona 'Almacén 1': [YOLO]: Estado: Se han detectado 1 persona(s). Persona 39: Persona sentada | [VLM]: A man is sitting on a chair in the waiting room of a hospital, looking at his cell phone and reading something on it. ALTA FIABILIDAD: Presencia humana confirmada por ambos modelos.. Se ha detectado actividad humana."", ""En la zona 'Almacén 1': [YOLO]: Estado: Se han detectado 2 persona(s). Persona 1: Persona sentada Persona 2: Persona sentada | [VLM]: A man and a woman sitting in chairs inside of an office or waiting room, possibly at a doctor's office. ALTA FIABILIDAD: Presencia humana confirmada por ambos modelos.. Se ha detectado actividad humana."", ""En la zona 'Habitación Individual 1': [YOLO]: Estado: Se han detectado 1 persona(s). Persona 1: Persona de pie (predicción con poca confianza) | [VLM]: A woman walking into a room with her hand on the door handle, possibly entering or leaving the building. ALTA FIABILIDAD: Presencia humana confirmada por ambos modelos.. Se ha detectado actividad humana."", ""En la zona 'Habitación Individual 1': [YOLO]: Estado: Se han detectado 1 persona(s). Persona 1: Persona de pie (predicción con poca confianza) | [VLM]: A woman is standing in a room with her back to the camera, wearing a blue shirt and brown pants. ALTA FIABILIDAD: Presencia humana confirmada por ambos modelos.. Se ha detectado actividad humana."", ""En la zona 'Habitación Individual 1': [YOLO]: Estado: Se han detectado 1 persona(s). Persona 43: Persona de pie (predicción con poca confianza) | [VLM]: The image shows a woman walking in an office setting, with another woman standing nearby. The scene is depicted in 3D and includes chairs, desks, and other objects typically found in an office environment. ALTA FIABILIDAD: Presencia humana confirmada por ambos modelos.. Se ha detectado actividad humana."", ""En la zona 'Habitación Individual 1': [YOLO]: Estado: Se han detectado 1 persona(s). Persona 43: Persona de pie (predicción con poca confianza) | [VLM]: 1. Woman in a blue dress and brown shoes standing at the counter. ALTA FIABILIDAD: Presencia humana confirmada por ambos modelos.. Se ha detectado actividad humana."", ""En la zona 'Habitación Individual 2': [YOLO]: Estado: Se han detectado 1 persona(s). Persona 1: Persona de pie (predicción con poca confianza) | [VLM]: 1. The woman is sitting in a chair. ALTA FIABILIDAD: Presencia humana confirmada por ambos modelos.. Se ha detectado actividad humana."", ""En la zona 'Habitación Individual 2': [YOLO]: Estado: Se han detectado 1 persona(s). Persona 1: Persona de pie (predicción con poca confianza) | [VLM]: 1. Person sitting in a chair. ALTA FIABILIDAD: Presencia humana confirmada por ambos modelos.. Se ha detectado actividad humana."", ""En la zona 'Oficina 1': [YOLO]: Estado: Se han detectado 1 persona(s). Persona 1: Persona de pie (predicción con poca confianza) | [VLM]: A woman in a blue shirt and black pants standing at the front desk of an office building, possibly working as a receptionist or administrative assistant. ALTA FIABILIDAD: Presencia humana confirmada por ambos modelos.. Se ha detectado actividad humana."", ""En la zona 'Oficina 1': [YOLO]: Estado: Se han detectado 2 persona(s). Persona 1: Persona de pie (predicción con poca confianza) Persona 2: Persona sentada | [VLM]: 1. Person in blue shirt and black pants standing near a desk with two computer monitors, one of which is turned on. ALTA FIABILIDAD: Presencia humana confirmada por ambos modelos.. Se ha detectado actividad humana."", ""En la zona 'Oficina 1': [YOLO]: Estado: Se han detectado 2 persona(s). Persona 1: Persona sentada Persona 2: Persona sentada | [VLM]: A woman sitting in an office chair and looking at a computer screen. ALTA FIABILIDAD: Presencia humana confirmada por ambos modelos.. Se ha detectado actividad humana."", ""En la zona 'Baño 1': [YOLO]: Estado: Se han detectado 1 persona(s). Persona 1: Persona de pie (predicción con poca confianza) | [VLM]: A man is walking in a hospital hallway, and he appears to be looking at the camera. ALTA FIABILIDAD: Presencia humana confirmada por ambos modelos.. Se ha detectado actividad humana."", ""La zona 'Habitación Compartida 1' está despejada, sin eventos ni personas."", ""La zona 'Quirófano 1' está despejada, sin eventos ni personas."", ""La zona 'Habitación Compartida 3' está despejada, sin eventos ni personas."", ""La zona 'Habitación Compartida 2' está despejada, sin eventos ni personas."", ""En la zona 'Sala Común': [YOLO]: Estado: Se han detectado 1 persona(s). Persona 65: Persona de pie (predicción con poca confianza) | [VLM]: The image shows a woman standing in the kitchen area of a hospital, possibly waiting for someone or just passing by. The room is furnished with various appliances such as an oven and a refrigerator. There are also two people present in the scene - one person who appears to be the woman, and another person that seems to be a child. ALTA FIABILIDAD: Presencia humana confirmada por ambos modelos.. Se ha detectado actividad humana."", ""En la zona 'Sala Común': [YOLO]: Estado: Se han detectado 1 persona(s). Persona 1: Persona de pie (predicción con poca confianza) | [VLM]: A man walking in a hallway with his back to the camera, wearing a suit and tie. ALTA FIABILIDAD: Presencia humana confirmada por ambos modelos.. Se ha detectado actividad humana."", 'En la zona \'Quirófano 2\': [YOLO]: Estado: Se han detectado 1 persona(s). Persona 1: Persona sentada | [VLM]: A man walking in a hallway with the word ""BREVEMENTE"" written on it. ALTA FIABILIDAD: Presencia humana confirmada por ambos modelos.. Se ha detectado actividad humana.', 'En la zona \'Quirófano 2\': [YOLO]: Estado: Se han detectado 1 persona(s). Persona 1: Persona de pie (predicción con poca confianza) | [VLM]: A man running in a hospital hallway with the word ""BREVEMENTE"" written on it. ALTA FIABILIDAD: Presencia humana confirmada por ambos modelos.. Se ha detectado actividad humana.', ""En la zona 'Quirófano 2': [YOLO]: Estado: Se han detectado 1 persona(s). Persona 1: Persona de pie (predicción con poca confianza) | [VLM]: A man is running in a hospital hallway, wearing blue pants and a black shirt. ALTA FIABILIDAD: Presencia humana confirmada por ambos modelos.. Se ha detectado actividad humana."", ""En la zona 'Quirófano 2': [YOLO]: Estado: Se han detectado 3 persona(s). Persona 1: Persona de pie (predicción con poca confianza) Persona 2: Persona de pie (predicción con poca confianza) Persona 3: Persona de pie (predicción con poca confianza) | [VLM]: 1. Nurse in blue scrubs and mask standing next to a bed with a monitor on it. ALTA FIABILIDAD: Presencia humana confirmada por ambos modelos.. Se ha detectado actividad humana."", ""En la zona 'Quirófano 2': [YOLO]: Estado: Se han detectado 2 persona(s). Persona 72: Persona de pie (predicción con poca confianza) Persona 73: Persona de pie (predicción con poca confianza) | [VLM]: A woman in a blue scrubs uniform is standing next to the bed of another patient, who appears to be lying down and hooked up to an IV. ALTA FIABILIDAD: Presencia humana confirmada por ambos modelos.. Se ha detectado actividad humana."", 'En la zona \'Habitación Compartida 4\': [YOLO]: Estado: Se han detectado 2 persona(s). Persona 1: Persona de pie (predicción con poca confianza) Persona 2: Persona de pie (predicción con poca confianza) | [VLM]: A man walking in a hallway with the word ""BREVEMENTE"" written on it. ALTA FIABILIDAD: Presencia humana confirmada por ambos modelos.. Se ha detectado actividad humana.', ""En la zona 'Baño 2': [YOLO]: Estado: Se han detectado 1 persona(s). Persona 1: Persona de pie (predicción con poca confianza) | [VLM]: A woman is standing in a room with her back to the camera, wearing blue clothes and looking out of a window. ALTA FIABILIDAD: Presencia humana confirmada por ambos modelos.. Se ha detectado actividad humana."", ""En la zona 'Baño 2': [YOLO]: Estado: Se han detectado 1 persona(s). Persona 1: Persona de pie (predicción con poca confianza) | [VLM]: A woman wearing a blue scrubs uniform is standing in the hallway of a hospital, looking at her phone while waiting for someone or something. ALTA FIABILIDAD: Presencia humana confirmada por ambos modelos.. Se ha detectado actividad humana."", ""En la zona 'Habitación Compartida 5': [YOLO]: Estado: Se han detectado 1 persona(s). Persona 83: Persona sentada | [VLM]: A man in a wheelchair and a woman standing next to him, both wearing blue scrubs. ALTA FIABILIDAD: Presencia humana confirmada por ambos modelos.. Se ha detectado actividad humana."", ""En la zona 'Habitación Compartida 5': [YOLO]: Estado: Se han detectado 1 persona(s). Persona 83: Persona sentada | [VLM]: A woman in a blue shirt and a man in a wheelchair are walking together through the hospital hallway, with the woman pushing the wheelchair. ALTA FIABILIDAD: Presencia humana confirmada por ambos modelos.. Se ha detectado actividad humana."", ""En la zona 'Oficina 2': [YOLO]: Estado: Se han detectado 1 persona(s). Persona 83: Persona sentada | [VLM]: A woman in a blue scrubs outfit is pushing a wheelchair with another woman sitting inside it, who appears to be wearing a mask and possibly a nurse's uniform. ALTA FIABILIDAD: Presencia humana confirmada por ambos modelos.. Se ha detectado actividad humana."", ""En la zona 'Oficina 2': [YOLO]: Estado: Se han detectado 1 persona(s). Persona 86: Persona sentada | [VLM]: 1. Person in black shirt and blue pants. ALTA FIABILIDAD: Presencia humana confirmada por ambos modelos.. Se ha detectado actividad humana."", ""En la zona 'Oficina 2': [YOLO]: Estado: Se han detectado 1 persona(s). Persona 86: Persona sentada | [VLM]: Two people are sitting in chairs at a desk, and one of them is using their cell phone. ALTA FIABILIDAD: Presencia humana confirmada por ambos modelos.. Se ha detectado actividad humana."", ""En la zona 'Oficina 2': [YOLO]: Estado: Se han detectado 2 persona(s). Persona 1: Persona de pie (predicción con poca confianza) Persona 2: Persona de pie (predicción con poca confianza) | [VLM]: 1. Person in blue shirt and black pants standing at desk with computer monitor, keyboard, and mouse. ALTA FIABILIDAD: Presencia humana confirmada por ambos modelos.. Se ha detectado actividad humana."", ""En la zona 'Oficina 2': [YOLO]: Estado: Se han detectado 1 persona(s). Persona 91: Persona de pie (predicción con poca confianza) | [VLM]: 1. Man in black shirt and blue jeans sitting on a chair at the front desk of an office building. ALTA FIABILIDAD: Presencia humana confirmada por ambos modelos.. Se ha detectado actividad humana."", ""En la zona 'Oficina 2': [YOLO]: Estado: Se han detectado 1 persona(s). Persona 92: Persona sentada | [VLM]: 1. Person sitting on a chair in front of the desk. ALTA FIABILIDAD: Presencia humana confirmada por ambos modelos.. Se ha detectado actividad humana."", ""En la zona 'Oficina 2': [YOLO]: Estado: Se han detectado 1 persona(s). Persona 92: Persona sentada | [VLM]: 1. Man sitting in a chair with his back to the camera. ALTA FIABILIDAD: Presencia humana confirmada por ambos modelos.. Se ha detectado actividad humana."", ""En la zona 'Oficina 2': [YOLO]: Estado: Se han detectado 1 persona(s). Persona 92: Persona sentada | [VLM]: 1. Man sitting in a chair with his back to the camera. ALTA FIABILIDAD: Presencia humana confirmada por ambos modelos.. Se ha detectado actividad humana."", ""En la zona 'Oficina 2': [YOLO]: Estado: Se han detectado 2 persona(s). Persona 92: Persona sentada Persona 94: Persona sentada | [VLM]: 1. Man sitting in blue chair with his back to the camera. ALTA FIABILIDAD: Presencia humana confirmada por ambos modelos.. Se ha detectado actividad humana."", ""En la zona 'Oficina 2': [YOLO]: Estado: Se han detectado 3 persona(s). Persona 92: Persona sentada Persona 94: Persona sentada Persona 95: Persona sentada | [VLM]: 1. Man sitting in a chair with his legs crossed and looking at his phone. ALTA FIABILIDAD: Presencia humana confirmada por ambos modelos.. Se ha detectado actividad humana."", ""En la zona 'Oficina 2': [YOLO]: Estado: Se han detectado 2 persona(s). Persona 94: Persona sentada Persona 95: Persona sentada | [VLM]: 1. Woman sitting on a chair with her child. ALTA FIABILIDAD: Presencia humana confirmada por ambos modelos.. Se ha detectado actividad humana."", ""La zona 'Habitación Individual 3' está despejada, sin eventos ni personas."", ""En la zona 'Habitación Individual 4': [YOLO]: Estado: Se han detectado 1 persona(s). Persona 1: Persona sentada | [VLM]: The image shows a woman sitting in a hospital room, possibly waiting for her turn to be seen by the doctor or nurse present in the scene. The room has a bed and a chair, indicating that it is designed for patient care and comfort. ALTA FIABILIDAD: Presencia humana confirmada por ambos modelos.. Se ha detectado actividad humana."", ""En la zona 'Almacén 2': [YOLO]: Estado: Se han detectado 2 persona(s). Persona 1: Persona sentada Persona 2: Persona sentada | [VLM]: 1. Person sitting on a chair with their laptop open in front of them. ALTA FIABILIDAD: Presencia humana confirmada por ambos modelos.. Se ha detectado actividad humana."", ""La zona 'Escaleras 2' está despejada, sin eventos ni personas.""]",,300w_NoTrack,short,,
¿Hay cajas o paquetes en los almacenes?,"No, no hay cajas o paquetes mencionados en el inventario de almacenes.","Sí, hay una montaña de cajas en ambos almacenes",0.2039693302235641,0.4765710533106925,300w_NoTrack,system,"[""En la zona 'Recepcion': [YOLO]: Estado: Se han detectado 2 persona(s). Persona 1: Persona de pie (predicción con poca confianza) Persona 2: Persona sentada | [VLM]: 1. Person sitting on a chair with their back to the camera. ALTA FIABILIDAD: Presencia humana confirmada por ambos modelos.. Se ha detectado actividad humana."", ""En la zona 'Recepcion': [YOLO]: Estado: Se han detectado 5 persona(s). Persona 1: Persona de pie (predicción con poca confianza) Persona 2: Persona sentada Persona 3: Persona sentada Persona 4: Persona sentada Persona 5: Persona sentada | [VLM]: 1. Person in black shirt and brown pants walking into the room. ALTA FIABILIDAD: Presencia humana confirmada por ambos modelos.. Se ha detectado actividad humana."", ""En la zona 'Recepcion': [YOLO]: Estado: Se han detectado 1 persona(s). Persona 13: Persona sentada | [VLM]: A woman walking into a waiting room with blue chairs and a desk in the background. ALTA FIABILIDAD: Presencia humana confirmada por ambos modelos.. Se ha detectado actividad humana."", ""En la zona 'Recepcion': [YOLO]: Estado: Se han detectado 1 persona(s). Persona 15: Persona sentada | [VLM]: A man and a woman sitting in chairs inside of an office building waiting room. ALTA FIABILIDAD: Presencia humana confirmada por ambos modelos.. Se ha detectado actividad humana."", ""En la zona 'Recepcion': [YOLO]: Estado: Se han detectado 1 persona(s). Persona 19: Persona de pie (predicción con poca confianza) | [VLM]: A man in a blue shirt standing at the reception desk of a hospital. ALTA FIABILIDAD: Presencia humana confirmada por ambos modelos.. Se ha detectado actividad humana."", ""En la zona 'Recepcion': [YOLO]: Estado: Se han detectado 2 persona(s). Persona 1: Persona sentada Persona 2: Persona sentada | [VLM]: Two people sitting in chairs and one standing behind them. ALTA FIABILIDAD: Presencia humana confirmada por ambos modelos.. Se ha detectado actividad humana."", ""En la zona 'Recepcion': [YOLO]: Estado: Se han detectado 1 persona(s). Persona 1: Persona sentada | [VLM]: A man in a black hat and scarf walking into the room. ALTA FIABILIDAD: Presencia humana confirmada por ambos modelos.. Se ha detectado actividad humana."", ""En la zona 'Recepcion': [YOLO]: Estado: Se han detectado 1 persona(s). Persona 1: Persona de pie (predicción con poca confianza) | [VLM]: A man is standing in a waiting room with his back to the camera, looking at something off-camera. ALTA FIABILIDAD: Presencia humana confirmada por ambos modelos.. Se ha detectado actividad humana."", ""En la zona 'Recepcion': [YOLO]: Estado: Se han detectado 2 persona(s). Persona 1: Persona sentada Persona 2: Persona sentada | [VLM]: A man and a woman sitting in chairs inside of an office building waiting room. ALTA FIABILIDAD: Presencia humana confirmada por ambos modelos.. Se ha detectado actividad humana."", 'En la zona \'Recepcion\': [YOLO]: Estado: Se han detectado 1 persona(s). Persona 35: Persona de pie (predicción con poca confianza) | [VLM]: The image shows a man and woman standing in front of a counter, possibly at a store or a hotel reception desk. They are looking at something on the counter, which could be an item for sale or information about their stay. The scene is described as being ""very detailed"" and ""very realistic,"" indicating that it might have been created using 3D modeling software to create a more immersive experience for viewers. ALTA FIABILIDAD: Presencia humana confirmada por ambos modelos.. Se ha detectado actividad humana.', ""En la zona 'Recepcion': [YOLO]: Estado: Se han detectado 1 persona(s). Persona 35: Persona sentada | [VLM]: A man walking in a hospital room with his head down and smoking a cigarette. ALTA FIABILIDAD: Presencia humana confirmada por ambos modelos.. Se ha detectado actividad humana."", ""La zona 'Escaleras 1' está despejada, sin eventos ni personas."", ""En la zona 'Almacén 1': [YOLO]: Estado: Se han detectado 1 persona(s). Persona 39: Persona sentada | [VLM]: A man sitting in a chair and looking at his cell phone. ALTA FIABILIDAD: Presencia humana confirmada por ambos modelos.. Se ha detectado actividad humana."", ""En la zona 'Almacén 1': [YOLO]: Estado: Se han detectado 1 persona(s). Persona 39: Persona sentada | [VLM]: A man is sitting on a chair in the waiting room of a hospital, looking at his cell phone and reading something on it. ALTA FIABILIDAD: Presencia humana confirmada por ambos modelos.. Se ha detectado actividad humana."", ""En la zona 'Almacén 1': [YOLO]: Estado: Se han detectado 2 persona(s). Persona 1: Persona sentada Persona 2: Persona sentada | [VLM]: A man and a woman sitting in chairs inside of an office or waiting room, possibly at a doctor's office. ALTA FIABILIDAD: Presencia humana confirmada por ambos modelos.. Se ha detectado actividad humana."", ""En la zona 'Habitación Individual 1': [YOLO]: Estado: Se han detectado 1 persona(s). Persona 1: Persona de pie (predicción con poca confianza) | [VLM]: A woman walking into a room with her hand on the door handle, possibly entering or leaving the building. ALTA FIABILIDAD: Presencia humana confirmada por ambos modelos.. Se ha detectado actividad humana."", ""En la zona 'Habitación Individual 1': [YOLO]: Estado: Se han detectado 1 persona(s). Persona 1: Persona de pie (predicción con poca confianza) | [VLM]: A woman is standing in a room with her back to the camera, wearing a blue shirt and brown pants. ALTA FIABILIDAD: Presencia humana confirmada por ambos modelos.. Se ha detectado actividad humana."", ""En la zona 'Habitación Individual 1': [YOLO]: Estado: Se han detectado 1 persona(s). Persona 43: Persona de pie (predicción con poca confianza) | [VLM]: The image shows a woman walking in an office setting, with another woman standing nearby. The scene is depicted in 3D and includes chairs, desks, and other objects typically found in an office environment. ALTA FIABILIDAD: Presencia humana confirmada por ambos modelos.. Se ha detectado actividad humana."", ""En la zona 'Habitación Individual 1': [YOLO]: Estado: Se han detectado 1 persona(s). Persona 43: Persona de pie (predicción con poca confianza) | [VLM]: 1. Woman in a blue dress and brown shoes standing at the counter. ALTA FIABILIDAD: Presencia humana confirmada por ambos modelos.. Se ha detectado actividad humana."", ""En la zona 'Habitación Individual 2': [YOLO]: Estado: Se han detectado 1 persona(s). Persona 1: Persona de pie (predicción con poca confianza) | [VLM]: 1. The woman is sitting in a chair. ALTA FIABILIDAD: Presencia humana confirmada por ambos modelos.. Se ha detectado actividad humana."", ""En la zona 'Habitación Individual 2': [YOLO]: Estado: Se han detectado 1 persona(s). Persona 1: Persona de pie (predicción con poca confianza) | [VLM]: 1. Person sitting in a chair. ALTA FIABILIDAD: Presencia humana confirmada por ambos modelos.. Se ha detectado actividad humana."", ""En la zona 'Oficina 1': [YOLO]: Estado: Se han detectado 1 persona(s). Persona 1: Persona de pie (predicción con poca confianza) | [VLM]: A woman in a blue shirt and black pants standing at the front desk of an office building, possibly working as a receptionist or administrative assistant. ALTA FIABILIDAD: Presencia humana confirmada por ambos modelos.. Se ha detectado actividad humana."", ""En la zona 'Oficina 1': [YOLO]: Estado: Se han detectado 2 persona(s). Persona 1: Persona de pie (predicción con poca confianza) Persona 2: Persona sentada | [VLM]: 1. Person in blue shirt and black pants standing near a desk with two computer monitors, one of which is turned on. ALTA FIABILIDAD: Presencia humana confirmada por ambos modelos.. Se ha detectado actividad humana."", ""En la zona 'Oficina 1': [YOLO]: Estado: Se han detectado 2 persona(s). Persona 1: Persona sentada Persona 2: Persona sentada | [VLM]: A woman sitting in an office chair and looking at a computer screen. ALTA FIABILIDAD: Presencia humana confirmada por ambos modelos.. Se ha detectado actividad humana."", ""En la zona 'Baño 1': [YOLO]: Estado: Se han detectado 1 persona(s). Persona 1: Persona de pie (predicción con poca confianza) | [VLM]: A man is walking in a hospital hallway, and he appears to be looking at the camera. ALTA FIABILIDAD: Presencia humana confirmada por ambos modelos.. Se ha detectado actividad humana."", ""La zona 'Habitación Compartida 1' está despejada, sin eventos ni personas."", ""La zona 'Quirófano 1' está despejada, sin eventos ni personas."", ""La zona 'Habitación Compartida 3' está despejada, sin eventos ni personas."", ""La zona 'Habitación Compartida 2' está despejada, sin eventos ni personas."", ""En la zona 'Sala Común': [YOLO]: Estado: Se han detectado 1 persona(s). Persona 65: Persona de pie (predicción con poca confianza) | [VLM]: The image shows a woman standing in the kitchen area of a hospital, possibly waiting for someone or just passing by. The room is furnished with various appliances such as an oven and a refrigerator. There are also two people present in the scene - one person who appears to be the woman, and another person that seems to be a child. ALTA FIABILIDAD: Presencia humana confirmada por ambos modelos.. Se ha detectado actividad humana."", ""En la zona 'Sala Común': [YOLO]: Estado: Se han detectado 1 persona(s). Persona 1: Persona de pie (predicción con poca confianza) | [VLM]: A man walking in a hallway with his back to the camera, wearing a suit and tie. ALTA FIABILIDAD: Presencia humana confirmada por ambos modelos.. Se ha detectado actividad humana."", 'En la zona \'Quirófano 2\': [YOLO]: Estado: Se han detectado 1 persona(s). Persona 1: Persona sentada | [VLM]: A man walking in a hallway with the word ""BREVEMENTE"" written on it. ALTA FIABILIDAD: Presencia humana confirmada por ambos modelos.. Se ha detectado actividad humana.', 'En la zona \'Quirófano 2\': [YOLO]: Estado: Se han detectado 1 persona(s). Persona 1: Persona de pie (predicción con poca confianza) | [VLM]: A man running in a hospital hallway with the word ""BREVEMENTE"" written on it. ALTA FIABILIDAD: Presencia humana confirmada por ambos modelos.. Se ha detectado actividad humana.', ""En la zona 'Quirófano 2': [YOLO]: Estado: Se han detectado 1 persona(s). Persona 1: Persona de pie (predicción con poca confianza) | [VLM]: A man is running in a hospital hallway, wearing blue pants and a black shirt. ALTA FIABILIDAD: Presencia humana confirmada por ambos modelos.. Se ha detectado actividad humana."", ""En la zona 'Quirófano 2': [YOLO]: Estado: Se han detectado 3 persona(s). Persona 1: Persona de pie (predicción con poca confianza) Persona 2: Persona de pie (predicción con poca confianza) Persona 3: Persona de pie (predicción con poca confianza) | [VLM]: 1. Nurse in blue scrubs and mask standing next to a bed with a monitor on it. ALTA FIABILIDAD: Presencia humana confirmada por ambos modelos.. Se ha detectado actividad humana."", ""En la zona 'Quirófano 2': [YOLO]: Estado: Se han detectado 2 persona(s). Persona 72: Persona de pie (predicción con poca confianza) Persona 73: Persona de pie (predicción con poca confianza) | [VLM]: A woman in a blue scrubs uniform is standing next to the bed of another patient, who appears to be lying down and hooked up to an IV. ALTA FIABILIDAD: Presencia humana confirmada por ambos modelos.. Se ha detectado actividad humana."", 'En la zona \'Habitación Compartida 4\': [YOLO]: Estado: Se han detectado 2 persona(s). Persona 1: Persona de pie (predicción con poca confianza) Persona 2: Persona de pie (predicción con poca confianza) | [VLM]: A man walking in a hallway with the word ""BREVEMENTE"" written on it. ALTA FIABILIDAD: Presencia humana confirmada por ambos modelos.. Se ha detectado actividad humana.', ""En la zona 'Baño 2': [YOLO]: Estado: Se han detectado 1 persona(s). Persona 1: Persona de pie (predicción con poca confianza) | [VLM]: A woman is standing in a room with her back to the camera, wearing blue clothes and looking out of a window. ALTA FIABILIDAD: Presencia humana confirmada por ambos modelos.. Se ha detectado actividad humana."", ""En la zona 'Baño 2': [YOLO]: Estado: Se han detectado 1 persona(s). Persona 1: Persona de pie (predicción con poca confianza) | [VLM]: A woman wearing a blue scrubs uniform is standing in the hallway of a hospital, looking at her phone while waiting for someone or something. ALTA FIABILIDAD: Presencia humana confirmada por ambos modelos.. Se ha detectado actividad humana."", ""En la zona 'Habitación Compartida 5': [YOLO]: Estado: Se han detectado 1 persona(s). Persona 83: Persona sentada | [VLM]: A man in a wheelchair and a woman standing next to him, both wearing blue scrubs. ALTA FIABILIDAD: Presencia humana confirmada por ambos modelos.. Se ha detectado actividad humana."", ""En la zona 'Habitación Compartida 5': [YOLO]: Estado: Se han detectado 1 persona(s). Persona 83: Persona sentada | [VLM]: A woman in a blue shirt and a man in a wheelchair are walking together through the hospital hallway, with the woman pushing the wheelchair. ALTA FIABILIDAD: Presencia humana confirmada por ambos modelos.. Se ha detectado actividad humana."", ""En la zona 'Oficina 2': [YOLO]: Estado: Se han detectado 1 persona(s). Persona 83: Persona sentada | [VLM]: A woman in a blue scrubs outfit is pushing a wheelchair with another woman sitting inside it, who appears to be wearing a mask and possibly a nurse's uniform. ALTA FIABILIDAD: Presencia humana confirmada por ambos modelos.. Se ha detectado actividad humana."", ""En la zona 'Oficina 2': [YOLO]: Estado: Se han detectado 1 persona(s). Persona 86: Persona sentada | [VLM]: 1. Person in black shirt and blue pants. ALTA FIABILIDAD: Presencia humana confirmada por ambos modelos.. Se ha detectado actividad humana."", ""En la zona 'Oficina 2': [YOLO]: Estado: Se han detectado 1 persona(s). Persona 86: Persona sentada | [VLM]: Two people are sitting in chairs at a desk, and one of them is using their cell phone. ALTA FIABILIDAD: Presencia humana confirmada por ambos modelos.. Se ha detectado actividad humana."", ""En la zona 'Oficina 2': [YOLO]: Estado: Se han detectado 2 persona(s). Persona 1: Persona de pie (predicción con poca confianza) Persona 2: Persona de pie (predicción con poca confianza) | [VLM]: 1. Person in blue shirt and black pants standing at desk with computer monitor, keyboard, and mouse. ALTA FIABILIDAD: Presencia humana confirmada por ambos modelos.. Se ha detectado actividad humana."", ""En la zona 'Oficina 2': [YOLO]: Estado: Se han detectado 1 persona(s). Persona 91: Persona de pie (predicción con poca confianza) | [VLM]: 1. Man in black shirt and blue jeans sitting on a chair at the front desk of an office building. ALTA FIABILIDAD: Presencia humana confirmada por ambos modelos.. Se ha detectado actividad humana."", ""En la zona 'Oficina 2': [YOLO]: Estado: Se han detectado 1 persona(s). Persona 92: Persona sentada | [VLM]: 1. Person sitting on a chair in front of the desk. ALTA FIABILIDAD: Presencia humana confirmada por ambos modelos.. Se ha detectado actividad humana."", ""En la zona 'Oficina 2': [YOLO]: Estado: Se han detectado 1 persona(s). Persona 92: Persona sentada | [VLM]: 1. Man sitting in a chair with his back to the camera. ALTA FIABILIDAD: Presencia humana confirmada por ambos modelos.. Se ha detectado actividad humana."", ""En la zona 'Oficina 2': [YOLO]: Estado: Se han detectado 1 persona(s). Persona 92: Persona sentada | [VLM]: 1. Man sitting in a chair with his back to the camera. ALTA FIABILIDAD: Presencia humana confirmada por ambos modelos.. Se ha detectado actividad humana."", ""En la zona 'Oficina 2': [YOLO]: Estado: Se han detectado 2 persona(s). Persona 92: Persona sentada Persona 94: Persona sentada | [VLM]: 1. Man sitting in blue chair with his back to the camera. ALTA FIABILIDAD: Presencia humana confirmada por ambos modelos.. Se ha detectado actividad humana."", ""En la zona 'Oficina 2': [YOLO]: Estado: Se han detectado 3 persona(s). Persona 92: Persona sentada Persona 94: Persona sentada Persona 95: Persona sentada | [VLM]: 1. Man sitting in a chair with his legs crossed and looking at his phone. ALTA FIABILIDAD: Presencia humana confirmada por ambos modelos.. Se ha detectado actividad humana."", ""En la zona 'Oficina 2': [YOLO]: Estado: Se han detectado 2 persona(s). Persona 94: Persona sentada Persona 95: Persona sentada | [VLM]: 1. Woman sitting on a chair with her child. ALTA FIABILIDAD: Presencia humana confirmada por ambos modelos.. Se ha detectado actividad humana."", ""La zona 'Habitación Individual 3' está despejada, sin eventos ni personas."", ""En la zona 'Habitación Individual 4': [YOLO]: Estado: Se han detectado 1 persona(s). Persona 1: Persona sentada | [VLM]: The image shows a woman sitting in a hospital room, possibly waiting for her turn to be seen by the doctor or nurse present in the scene. The room has a bed and a chair, indicating that it is designed for patient care and comfort. ALTA FIABILIDAD: Presencia humana confirmada por ambos modelos.. Se ha detectado actividad humana."", ""En la zona 'Almacén 2': [YOLO]: Estado: Se han detectado 2 persona(s). Persona 1: Persona sentada Persona 2: Persona sentada | [VLM]: 1. Person sitting on a chair with their laptop open in front of them. ALTA FIABILIDAD: Presencia humana confirmada por ambos modelos.. Se ha detectado actividad humana."", ""La zona 'Escaleras 2' está despejada, sin eventos ni personas.""]",,300w_NoTrack,short,,
"¿Qué actividad está realizando la persona en la Oficina 2 (ej. trabajando en el ordenador, leyendo, hablando)?","Según los eventos recientes en la Oficina 2, se han detectado varias personas realizar actividades como:

* Sentarse y utilizar su celular
* Sentarse con la espalda hacia la cámara (no se puede determinar qué está haciendo)
* Sentarse en una silla con las piernas cruzadas y mirando su teléfono
* Sentarse en una silla y leyendo o utilizando un ordenador portátil
* Sentarse en una silla con otro individuo, posiblemente relacionado a la atención médica

Es importante destacar que no se puede determinar con certeza qué actividad específica está realizando cada persona.",Hay una empleada sentada detrás del escritorio. No parece estar haciendo nada,0.4514774631523274,0.0,300w_NoTrack,system,"[""En la zona 'Oficina 2': [YOLO]: Estado: Se han detectado 1 persona(s). Persona 83: Persona sentada | [VLM]: A woman in a blue scrubs outfit is pushing a wheelchair with another woman sitting inside it, who appears to be wearing a mask and possibly a nurse's uniform. ALTA FIABILIDAD: Presencia humana confirmada por ambos modelos.. Se ha detectado actividad humana."", ""En la zona 'Oficina 2': [YOLO]: Estado: Se han detectado 1 persona(s). Persona 86: Persona sentada | [VLM]: 1. Person in black shirt and blue pants. ALTA FIABILIDAD: Presencia humana confirmada por ambos modelos.. Se ha detectado actividad humana."", ""En la zona 'Oficina 2': [YOLO]: Estado: Se han detectado 1 persona(s). Persona 86: Persona sentada | [VLM]: Two people are sitting in chairs at a desk, and one of them is using their cell phone. ALTA FIABILIDAD: Presencia humana confirmada por ambos modelos.. Se ha detectado actividad humana."", ""En la zona 'Oficina 2': [YOLO]: Estado: Se han detectado 2 persona(s). Persona 1: Persona de pie (predicción con poca confianza) Persona 2: Persona de pie (predicción con poca confianza) | [VLM]: 1. Person in blue shirt and black pants standing at desk with computer monitor, keyboard, and mouse. ALTA FIABILIDAD: Presencia humana confirmada por ambos modelos.. Se ha detectado actividad humana."", ""En la zona 'Oficina 2': [YOLO]: Estado: Se han detectado 1 persona(s). Persona 91: Persona de pie (predicción con poca confianza) | [VLM]: 1. Man in black shirt and blue jeans sitting on a chair at the front desk of an office building. ALTA FIABILIDAD: Presencia humana confirmada por ambos modelos.. Se ha detectado actividad humana."", ""En la zona 'Oficina 2': [YOLO]: Estado: Se han detectado 1 persona(s). Persona 92: Persona sentada | [VLM]: 1. Person sitting on a chair in front of the desk. ALTA FIABILIDAD: Presencia humana confirmada por ambos modelos.. Se ha detectado actividad humana."", ""En la zona 'Oficina 2': [YOLO]: Estado: Se han detectado 1 persona(s). Persona 92: Persona sentada | [VLM]: 1. Man sitting in a chair with his back to the camera. ALTA FIABILIDAD: Presencia humana confirmada por ambos modelos.. Se ha detectado actividad humana."", ""En la zona 'Oficina 2': [YOLO]: Estado: Se han detectado 1 persona(s). Persona 92: Persona sentada | [VLM]: 1. Man sitting in a chair with his back to the camera. ALTA FIABILIDAD: Presencia humana confirmada por ambos modelos.. Se ha detectado actividad humana."", ""En la zona 'Oficina 2': [YOLO]: Estado: Se han detectado 2 persona(s). Persona 92: Persona sentada Persona 94: Persona sentada | [VLM]: 1. Man sitting in blue chair with his back to the camera. ALTA FIABILIDAD: Presencia humana confirmada por ambos modelos.. Se ha detectado actividad humana."", ""En la zona 'Oficina 2': [YOLO]: Estado: Se han detectado 3 persona(s). Persona 92: Persona sentada Persona 94: Persona sentada Persona 95: Persona sentada | [VLM]: 1. Man sitting in a chair with his legs crossed and looking at his phone. ALTA FIABILIDAD: Presencia humana confirmada por ambos modelos.. Se ha detectado actividad humana."", ""En la zona 'Oficina 2': [YOLO]: Estado: Se han detectado 2 persona(s). Persona 94: Persona sentada Persona 95: Persona sentada | [VLM]: 1. Woman sitting on a chair with her child. ALTA FIABILIDAD: Presencia humana confirmada por ambos modelos.. Se ha detectado actividad humana.""]",0.6666666666666666,300w_NoTrack,short,,
"En la zona de Recepción, ¿hay alguien interactuando directamente con el mostrador o están únicamente esperando?","Según los datos analizados, en la zona de Recepción (Oficina 2) no hay nadie interactuando directamente con el mostrador. La mayoría de las personas detectadas están sentadas y utilizando sus dispositivos electrónicos o simplemente esperando.","Hay tres personas de pie esperando/hablando, un hombre con el móvil, una mujer con un bolso y un hombre caminando. En las sillas se ven a varias sentadas, algunas con el móvil y un niño leyendo un libro",0.4747186078964399,0.55400555502403,300w_NoTrack,system,"[""En la zona 'Recepcion': [YOLO]: Estado: Se han detectado 2 persona(s). Persona 1: Persona de pie (predicción con poca confianza) Persona 2: Persona sentada | [VLM]: 1. Person sitting on a chair with their back to the camera. ALTA FIABILIDAD: Presencia humana confirmada por ambos modelos.. Se ha detectado actividad humana."", ""En la zona 'Recepcion': [YOLO]: Estado: Se han detectado 5 persona(s). Persona 1: Persona de pie (predicción con poca confianza) Persona 2: Persona sentada Persona 3: Persona sentada Persona 4: Persona sentada Persona 5: Persona sentada | [VLM]: 1. Person in black shirt and brown pants walking into the room. ALTA FIABILIDAD: Presencia humana confirmada por ambos modelos.. Se ha detectado actividad humana."", ""En la zona 'Recepcion': [YOLO]: Estado: Se han detectado 1 persona(s). Persona 13: Persona sentada | [VLM]: A woman walking into a waiting room with blue chairs and a desk in the background. ALTA FIABILIDAD: Presencia humana confirmada por ambos modelos.. Se ha detectado actividad humana."", ""En la zona 'Recepcion': [YOLO]: Estado: Se han detectado 1 persona(s). Persona 15: Persona sentada | [VLM]: A man and a woman sitting in chairs inside of an office building waiting room. ALTA FIABILIDAD: Presencia humana confirmada por ambos modelos.. Se ha detectado actividad humana."", ""En la zona 'Recepcion': [YOLO]: Estado: Se han detectado 1 persona(s). Persona 19: Persona de pie (predicción con poca confianza) | [VLM]: A man in a blue shirt standing at the reception desk of a hospital. ALTA FIABILIDAD: Presencia humana confirmada por ambos modelos.. Se ha detectado actividad humana."", ""En la zona 'Recepcion': [YOLO]: Estado: Se han detectado 2 persona(s). Persona 1: Persona sentada Persona 2: Persona sentada | [VLM]: Two people sitting in chairs and one standing behind them. ALTA FIABILIDAD: Presencia humana confirmada por ambos modelos.. Se ha detectado actividad humana."", ""En la zona 'Recepcion': [YOLO]: Estado: Se han detectado 1 persona(s). Persona 1: Persona sentada | [VLM]: A man in a black hat and scarf walking into the room. ALTA FIABILIDAD: Presencia humana confirmada por ambos modelos.. Se ha detectado actividad humana."", ""En la zona 'Recepcion': [YOLO]: Estado: Se han detectado 1 persona(s). Persona 1: Persona de pie (predicción con poca confianza) | [VLM]: A man is standing in a waiting room with his back to the camera, looking at something off-camera. ALTA FIABILIDAD: Presencia humana confirmada por ambos modelos.. Se ha detectado actividad humana."", ""En la zona 'Recepcion': [YOLO]: Estado: Se han detectado 2 persona(s). Persona 1: Persona sentada Persona 2: Persona sentada | [VLM]: A man and a woman sitting in chairs inside of an office building waiting room. ALTA FIABILIDAD: Presencia humana confirmada por ambos modelos.. Se ha detectado actividad humana."", 'En la zona \'Recepcion\': [YOLO]: Estado: Se han detectado 1 persona(s). Persona 35: Persona de pie (predicción con poca confianza) | [VLM]: The image shows a man and woman standing in front of a counter, possibly at a store or a hotel reception desk. They are looking at something on the counter, which could be an item for sale or information about their stay. The scene is described as being ""very detailed"" and ""very realistic,"" indicating that it might have been created using 3D modeling software to create a more immersive experience for viewers. ALTA FIABILIDAD: Presencia humana confirmada por ambos modelos.. Se ha detectado actividad humana.', ""En la zona 'Recepcion': [YOLO]: Estado: Se han detectado 1 persona(s). Persona 35: Persona sentada | [VLM]: A man walking in a hospital room with his head down and smoking a cigarette. ALTA FIABILIDAD: Presencia humana confirmada por ambos modelos.. Se ha detectado actividad humana."", ""La zona 'Escaleras 1' está despejada, sin eventos ni personas."", ""En la zona 'Almacén 1': [YOLO]: Estado: Se han detectado 1 persona(s). Persona 39: Persona sentada | [VLM]: A man sitting in a chair and looking at his cell phone. ALTA FIABILIDAD: Presencia humana confirmada por ambos modelos.. Se ha detectado actividad humana."", ""En la zona 'Almacén 1': [YOLO]: Estado: Se han detectado 1 persona(s). Persona 39: Persona sentada | [VLM]: A man is sitting on a chair in the waiting room of a hospital, looking at his cell phone and reading something on it. ALTA FIABILIDAD: Presencia humana confirmada por ambos modelos.. Se ha detectado actividad humana."", ""En la zona 'Almacén 1': [YOLO]: Estado: Se han detectado 2 persona(s). Persona 1: Persona sentada Persona 2: Persona sentada | [VLM]: A man and a woman sitting in chairs inside of an office or waiting room, possibly at a doctor's office. ALTA FIABILIDAD: Presencia humana confirmada por ambos modelos.. Se ha detectado actividad humana."", ""En la zona 'Habitación Individual 1': [YOLO]: Estado: Se han detectado 1 persona(s). Persona 1: Persona de pie (predicción con poca confianza) | [VLM]: A woman walking into a room with her hand on the door handle, possibly entering or leaving the building. ALTA FIABILIDAD: Presencia humana confirmada por ambos modelos.. Se ha detectado actividad humana."", ""En la zona 'Habitación Individual 1': [YOLO]: Estado: Se han detectado 1 persona(s). Persona 1: Persona de pie (predicción con poca confianza) | [VLM]: A woman is standing in a room with her back to the camera, wearing a blue shirt and brown pants. ALTA FIABILIDAD: Presencia humana confirmada por ambos modelos.. Se ha detectado actividad humana."", ""En la zona 'Habitación Individual 1': [YOLO]: Estado: Se han detectado 1 persona(s). Persona 43: Persona de pie (predicción con poca confianza) | [VLM]: The image shows a woman walking in an office setting, with another woman standing nearby. The scene is depicted in 3D and includes chairs, desks, and other objects typically found in an office environment. ALTA FIABILIDAD: Presencia humana confirmada por ambos modelos.. Se ha detectado actividad humana."", ""En la zona 'Habitación Individual 1': [YOLO]: Estado: Se han detectado 1 persona(s). Persona 43: Persona de pie (predicción con poca confianza) | [VLM]: 1. Woman in a blue dress and brown shoes standing at the counter. ALTA FIABILIDAD: Presencia humana confirmada por ambos modelos.. Se ha detectado actividad humana."", ""En la zona 'Habitación Individual 2': [YOLO]: Estado: Se han detectado 1 persona(s). Persona 1: Persona de pie (predicción con poca confianza) | [VLM]: 1. The woman is sitting in a chair. ALTA FIABILIDAD: Presencia humana confirmada por ambos modelos.. Se ha detectado actividad humana."", ""En la zona 'Habitación Individual 2': [YOLO]: Estado: Se han detectado 1 persona(s). Persona 1: Persona de pie (predicción con poca confianza) | [VLM]: 1. Person sitting in a chair. ALTA FIABILIDAD: Presencia humana confirmada por ambos modelos.. Se ha detectado actividad humana."", ""En la zona 'Oficina 1': [YOLO]: Estado: Se han detectado 1 persona(s). Persona 1: Persona de pie (predicción con poca confianza) | [VLM]: A woman in a blue shirt and black pants standing at the front desk of an office building, possibly working as a receptionist or administrative assistant. ALTA FIABILIDAD: Presencia humana confirmada por ambos modelos.. Se ha detectado actividad humana."", ""En la zona 'Oficina 1': [YOLO]: Estado: Se han detectado 2 persona(s). Persona 1: Persona de pie (predicción con poca confianza) Persona 2: Persona sentada | [VLM]: 1. Person in blue shirt and black pants standing near a desk with two computer monitors, one of which is turned on. ALTA FIABILIDAD: Presencia humana confirmada por ambos modelos.. Se ha detectado actividad humana."", ""En la zona 'Oficina 1': [YOLO]: Estado: Se han detectado 2 persona(s). Persona 1: Persona sentada Persona 2: Persona sentada | [VLM]: A woman sitting in an office chair and looking at a computer screen. ALTA FIABILIDAD: Presencia humana confirmada por ambos modelos.. Se ha detectado actividad humana."", ""En la zona 'Baño 1': [YOLO]: Estado: Se han detectado 1 persona(s). Persona 1: Persona de pie (predicción con poca confianza) | [VLM]: A man is walking in a hospital hallway, and he appears to be looking at the camera. ALTA FIABILIDAD: Presencia humana confirmada por ambos modelos.. Se ha detectado actividad humana."", ""La zona 'Habitación Compartida 1' está despejada, sin eventos ni personas."", ""La zona 'Quirófano 1' está despejada, sin eventos ni personas."", ""La zona 'Habitación Compartida 3' está despejada, sin eventos ni personas."", ""La zona 'Habitación Compartida 2' está despejada, sin eventos ni personas."", ""En la zona 'Sala Común': [YOLO]: Estado: Se han detectado 1 persona(s). Persona 65: Persona de pie (predicción con poca confianza) | [VLM]: The image shows a woman standing in the kitchen area of a hospital, possibly waiting for someone or just passing by. The room is furnished with various appliances such as an oven and a refrigerator. There are also two people present in the scene - one person who appears to be the woman, and another person that seems to be a child. ALTA FIABILIDAD: Presencia humana confirmada por ambos modelos.. Se ha detectado actividad humana."", ""En la zona 'Sala Común': [YOLO]: Estado: Se han detectado 1 persona(s). Persona 1: Persona de pie (predicción con poca confianza) | [VLM]: A man walking in a hallway with his back to the camera, wearing a suit and tie. ALTA FIABILIDAD: Presencia humana confirmada por ambos modelos.. Se ha detectado actividad humana."", 'En la zona \'Quirófano 2\': [YOLO]: Estado: Se han detectado 1 persona(s). Persona 1: Persona sentada | [VLM]: A man walking in a hallway with the word ""BREVEMENTE"" written on it. ALTA FIABILIDAD: Presencia humana confirmada por ambos modelos.. Se ha detectado actividad humana.', 'En la zona \'Quirófano 2\': [YOLO]: Estado: Se han detectado 1 persona(s). Persona 1: Persona de pie (predicción con poca confianza) | [VLM]: A man running in a hospital hallway with the word ""BREVEMENTE"" written on it. ALTA FIABILIDAD: Presencia humana confirmada por ambos modelos.. Se ha detectado actividad humana.', ""En la zona 'Quirófano 2': [YOLO]: Estado: Se han detectado 1 persona(s). Persona 1: Persona de pie (predicción con poca confianza) | [VLM]: A man is running in a hospital hallway, wearing blue pants and a black shirt. ALTA FIABILIDAD: Presencia humana confirmada por ambos modelos.. Se ha detectado actividad humana."", ""En la zona 'Quirófano 2': [YOLO]: Estado: Se han detectado 3 persona(s). Persona 1: Persona de pie (predicción con poca confianza) Persona 2: Persona de pie (predicción con poca confianza) Persona 3: Persona de pie (predicción con poca confianza) | [VLM]: 1. Nurse in blue scrubs and mask standing next to a bed with a monitor on it. ALTA FIABILIDAD: Presencia humana confirmada por ambos modelos.. Se ha detectado actividad humana."", ""En la zona 'Quirófano 2': [YOLO]: Estado: Se han detectado 2 persona(s). Persona 72: Persona de pie (predicción con poca confianza) Persona 73: Persona de pie (predicción con poca confianza) | [VLM]: A woman in a blue scrubs uniform is standing next to the bed of another patient, who appears to be lying down and hooked up to an IV. ALTA FIABILIDAD: Presencia humana confirmada por ambos modelos.. Se ha detectado actividad humana."", 'En la zona \'Habitación Compartida 4\': [YOLO]: Estado: Se han detectado 2 persona(s). Persona 1: Persona de pie (predicción con poca confianza) Persona 2: Persona de pie (predicción con poca confianza) | [VLM]: A man walking in a hallway with the word ""BREVEMENTE"" written on it. ALTA FIABILIDAD: Presencia humana confirmada por ambos modelos.. Se ha detectado actividad humana.', ""En la zona 'Baño 2': [YOLO]: Estado: Se han detectado 1 persona(s). Persona 1: Persona de pie (predicción con poca confianza) | [VLM]: A woman is standing in a room with her back to the camera, wearing blue clothes and looking out of a window. ALTA FIABILIDAD: Presencia humana confirmada por ambos modelos.. Se ha detectado actividad humana."", ""En la zona 'Baño 2': [YOLO]: Estado: Se han detectado 1 persona(s). Persona 1: Persona de pie (predicción con poca confianza) | [VLM]: A woman wearing a blue scrubs uniform is standing in the hallway of a hospital, looking at her phone while waiting for someone or something. ALTA FIABILIDAD: Presencia humana confirmada por ambos modelos.. Se ha detectado actividad humana."", ""En la zona 'Habitación Compartida 5': [YOLO]: Estado: Se han detectado 1 persona(s). Persona 83: Persona sentada | [VLM]: A man in a wheelchair and a woman standing next to him, both wearing blue scrubs. ALTA FIABILIDAD: Presencia humana confirmada por ambos modelos.. Se ha detectado actividad humana."", ""En la zona 'Habitación Compartida 5': [YOLO]: Estado: Se han detectado 1 persona(s). Persona 83: Persona sentada | [VLM]: A woman in a blue shirt and a man in a wheelchair are walking together through the hospital hallway, with the woman pushing the wheelchair. ALTA FIABILIDAD: Presencia humana confirmada por ambos modelos.. Se ha detectado actividad humana."", ""En la zona 'Oficina 2': [YOLO]: Estado: Se han detectado 1 persona(s). Persona 83: Persona sentada | [VLM]: A woman in a blue scrubs outfit is pushing a wheelchair with another woman sitting inside it, who appears to be wearing a mask and possibly a nurse's uniform. ALTA FIABILIDAD: Presencia humana confirmada por ambos modelos.. Se ha detectado actividad humana."", ""En la zona 'Oficina 2': [YOLO]: Estado: Se han detectado 1 persona(s). Persona 86: Persona sentada | [VLM]: 1. Person in black shirt and blue pants. ALTA FIABILIDAD: Presencia humana confirmada por ambos modelos.. Se ha detectado actividad humana."", ""En la zona 'Oficina 2': [YOLO]: Estado: Se han detectado 1 persona(s). Persona 86: Persona sentada | [VLM]: Two people are sitting in chairs at a desk, and one of them is using their cell phone. ALTA FIABILIDAD: Presencia humana confirmada por ambos modelos.. Se ha detectado actividad humana."", ""En la zona 'Oficina 2': [YOLO]: Estado: Se han detectado 2 persona(s). Persona 1: Persona de pie (predicción con poca confianza) Persona 2: Persona de pie (predicción con poca confianza) | [VLM]: 1. Person in blue shirt and black pants standing at desk with computer monitor, keyboard, and mouse. ALTA FIABILIDAD: Presencia humana confirmada por ambos modelos.. Se ha detectado actividad humana."", ""En la zona 'Oficina 2': [YOLO]: Estado: Se han detectado 1 persona(s). Persona 91: Persona de pie (predicción con poca confianza) | [VLM]: 1. Man in black shirt and blue jeans sitting on a chair at the front desk of an office building. ALTA FIABILIDAD: Presencia humana confirmada por ambos modelos.. Se ha detectado actividad humana."", ""En la zona 'Oficina 2': [YOLO]: Estado: Se han detectado 1 persona(s). Persona 92: Persona sentada | [VLM]: 1. Person sitting on a chair in front of the desk. ALTA FIABILIDAD: Presencia humana confirmada por ambos modelos.. Se ha detectado actividad humana."", ""En la zona 'Oficina 2': [YOLO]: Estado: Se han detectado 1 persona(s). Persona 92: Persona sentada | [VLM]: 1. Man sitting in a chair with his back to the camera. ALTA FIABILIDAD: Presencia humana confirmada por ambos modelos.. Se ha detectado actividad humana."", ""En la zona 'Oficina 2': [YOLO]: Estado: Se han detectado 1 persona(s). Persona 92: Persona sentada | [VLM]: 1. Man sitting in a chair with his back to the camera. ALTA FIABILIDAD: Presencia humana confirmada por ambos modelos.. Se ha detectado actividad humana."", ""En la zona 'Oficina 2': [YOLO]: Estado: Se han detectado 2 persona(s). Persona 92: Persona sentada Persona 94: Persona sentada | [VLM]: 1. Man sitting in blue chair with his back to the camera. ALTA FIABILIDAD: Presencia humana confirmada por ambos modelos.. Se ha detectado actividad humana."", ""En la zona 'Oficina 2': [YOLO]: Estado: Se han detectado 3 persona(s). Persona 92: Persona sentada Persona 94: Persona sentada Persona 95: Persona sentada | [VLM]: 1. Man sitting in a chair with his legs crossed and looking at his phone. ALTA FIABILIDAD: Presencia humana confirmada por ambos modelos.. Se ha detectado actividad humana."", ""En la zona 'Oficina 2': [YOLO]: Estado: Se han detectado 2 persona(s). Persona 94: Persona sentada Persona 95: Persona sentada | [VLM]: 1. Woman sitting on a chair with her child. ALTA FIABILIDAD: Presencia humana confirmada por ambos modelos.. Se ha detectado actividad humana."", ""La zona 'Habitación Individual 3' está despejada, sin eventos ni personas."", ""En la zona 'Habitación Individual 4': [YOLO]: Estado: Se han detectado 1 persona(s). Persona 1: Persona sentada | [VLM]: The image shows a woman sitting in a hospital room, possibly waiting for her turn to be seen by the doctor or nurse present in the scene. The room has a bed and a chair, indicating that it is designed for patient care and comfort. ALTA FIABILIDAD: Presencia humana confirmada por ambos modelos.. Se ha detectado actividad humana."", ""En la zona 'Almacén 2': [YOLO]: Estado: Se han detectado 2 persona(s). Persona 1: Persona sentada Persona 2: Persona sentada | [VLM]: 1. Person sitting on a chair with their laptop open in front of them. ALTA FIABILIDAD: Presencia humana confirmada por ambos modelos.. Se ha detectado actividad humana."", ""La zona 'Escaleras 2' está despejada, sin eventos ni personas.""]",,300w_NoTrack,short,,
"¿Se observa a alguien manipulando objetos, estanterías o cajas dentro del Almacén 1?","No, no se observa a nadie manipulando objetos, estanterías o cajas en el Almacén 1.",No hay nadie en el Almacén 1,0.9400599201145168,0.6244980720358595,300w_NoTrack,system,"[""En la zona 'Almacén 1': [YOLO]: Estado: Se han detectado 1 persona(s). Persona 39: Persona sentada | [VLM]: A man sitting in a chair and looking at his cell phone. ALTA FIABILIDAD: Presencia humana confirmada por ambos modelos.. Se ha detectado actividad humana."", ""En la zona 'Almacén 1': [YOLO]: Estado: Se han detectado 1 persona(s). Persona 39: Persona sentada | [VLM]: A man is sitting on a chair in the waiting room of a hospital, looking at his cell phone and reading something on it. ALTA FIABILIDAD: Presencia humana confirmada por ambos modelos.. Se ha detectado actividad humana."", ""En la zona 'Almacén 1': [YOLO]: Estado: Se han detectado 2 persona(s). Persona 1: Persona sentada Persona 2: Persona sentada | [VLM]: A man and a woman sitting in chairs inside of an office or waiting room, possibly at a doctor's office. ALTA FIABILIDAD: Presencia humana confirmada por ambos modelos.. Se ha detectado actividad humana.""]",1.0,300w_NoTrack,short,,
¿La cama de la Habitación Individual 4 se encuentra ocupada por un paciente en este momento?,"No, según los datos analizados, no hay eventos recientes registrados en la Habitación Individual 4 que indiquen la presencia de un paciente.","Sí, hay una mujer sentada en la cama",0.1602979940058048,0.752584310448019,300w_NoTrack,system,"[""En la zona 'Habitación Individual 4': [YOLO]: Estado: Se han detectado 1 persona(s). Persona 1: Persona sentada | [VLM]: The image shows a woman sitting in a hospital room, possibly waiting for her turn to be seen by the doctor or nurse present in the scene. The room has a bed and a chair, indicating that it is designed for patient care and comfort. ALTA FIABILIDAD: Presencia humana confirmada por ambos modelos.. Se ha detectado actividad humana.""]",0.0,300w_NoTrack,short,,
¿Se detecta a alguien interactuando con equipamiento médico en el Quirófano 2?,"Sí, se detecta a una persona (Persona 83) sentada y utilizando un sillín de ruedas en el Quirófano 2.","Sí, hay tres trabajadores de pie interactuando con equipo médico y un paciente en la cama",0.681349928514403,0.4975422769509371,300w_NoTrack,system,"['En la zona \'Quirófano 2\': [YOLO]: Estado: Se han detectado 1 persona(s). Persona 1: Persona sentada | [VLM]: A man walking in a hallway with the word ""BREVEMENTE"" written on it. ALTA FIABILIDAD: Presencia humana confirmada por ambos modelos.. Se ha detectado actividad humana.', 'En la zona \'Quirófano 2\': [YOLO]: Estado: Se han detectado 1 persona(s). Persona 1: Persona de pie (predicción con poca confianza) | [VLM]: A man running in a hospital hallway with the word ""BREVEMENTE"" written on it. ALTA FIABILIDAD: Presencia humana confirmada por ambos modelos.. Se ha detectado actividad humana.', ""En la zona 'Quirófano 2': [YOLO]: Estado: Se han detectado 1 persona(s). Persona 1: Persona de pie (predicción con poca confianza) | [VLM]: A man is running in a hospital hallway, wearing blue pants and a black shirt. ALTA FIABILIDAD: Presencia humana confirmada por ambos modelos.. Se ha detectado actividad humana."", ""En la zona 'Quirófano 2': [YOLO]: Estado: Se han detectado 3 persona(s). Persona 1: Persona de pie (predicción con poca confianza) Persona 2: Persona de pie (predicción con poca confianza) Persona 3: Persona de pie (predicción con poca confianza) | [VLM]: 1. Nurse in blue scrubs and mask standing next to a bed with a monitor on it. ALTA FIABILIDAD: Presencia humana confirmada por ambos modelos.. Se ha detectado actividad humana."", ""En la zona 'Quirófano 2': [YOLO]: Estado: Se han detectado 2 persona(s). Persona 72: Persona de pie (predicción con poca confianza) Persona 73: Persona de pie (predicción con poca confianza) | [VLM]: A woman in a blue scrubs uniform is standing next to the bed of another patient, who appears to be lying down and hooked up to an IV. ALTA FIABILIDAD: Presencia humana confirmada por ambos modelos.. Se ha detectado actividad humana.""]",0.3333333333333333,300w_NoTrack,short,,
¿Se detecta a alguna persona presente en la sala compartida 2?,"Sí, se detectó a una mujer sentada en la Sala Compartida 5 (oficina) en el tiempo 1879s.","Sí, hay una mujer tirada en el suelo. Se recomienda enviar ayuda",0.6971417606496293,0.407935679840424,300w_NoTrack,system,"[""En la zona 'Recepcion': [YOLO]: Estado: Se han detectado 2 persona(s). Persona 1: Persona de pie (predicción con poca confianza) Persona 2: Persona sentada | [VLM]: 1. Person sitting on a chair with their back to the camera. ALTA FIABILIDAD: Presencia humana confirmada por ambos modelos.. Se ha detectado actividad humana."", ""En la zona 'Recepcion': [YOLO]: Estado: Se han detectado 5 persona(s). Persona 1: Persona de pie (predicción con poca confianza) Persona 2: Persona sentada Persona 3: Persona sentada Persona 4: Persona sentada Persona 5: Persona sentada | [VLM]: 1. Person in black shirt and brown pants walking into the room. ALTA FIABILIDAD: Presencia humana confirmada por ambos modelos.. Se ha detectado actividad humana."", ""En la zona 'Recepcion': [YOLO]: Estado: Se han detectado 1 persona(s). Persona 13: Persona sentada | [VLM]: A woman walking into a waiting room with blue chairs and a desk in the background. ALTA FIABILIDAD: Presencia humana confirmada por ambos modelos.. Se ha detectado actividad humana."", ""En la zona 'Recepcion': [YOLO]: Estado: Se han detectado 1 persona(s). Persona 15: Persona sentada | [VLM]: A man and a woman sitting in chairs inside of an office building waiting room. ALTA FIABILIDAD: Presencia humana confirmada por ambos modelos.. Se ha detectado actividad humana."", ""En la zona 'Recepcion': [YOLO]: Estado: Se han detectado 1 persona(s). Persona 19: Persona de pie (predicción con poca confianza) | [VLM]: A man in a blue shirt standing at the reception desk of a hospital. ALTA FIABILIDAD: Presencia humana confirmada por ambos modelos.. Se ha detectado actividad humana."", ""En la zona 'Recepcion': [YOLO]: Estado: Se han detectado 2 persona(s). Persona 1: Persona sentada Persona 2: Persona sentada | [VLM]: Two people sitting in chairs and one standing behind them. ALTA FIABILIDAD: Presencia humana confirmada por ambos modelos.. Se ha detectado actividad humana."", ""En la zona 'Recepcion': [YOLO]: Estado: Se han detectado 1 persona(s). Persona 1: Persona sentada | [VLM]: A man in a black hat and scarf walking into the room. ALTA FIABILIDAD: Presencia humana confirmada por ambos modelos.. Se ha detectado actividad humana."", ""En la zona 'Recepcion': [YOLO]: Estado: Se han detectado 1 persona(s). Persona 1: Persona de pie (predicción con poca confianza) | [VLM]: A man is standing in a waiting room with his back to the camera, looking at something off-camera. ALTA FIABILIDAD: Presencia humana confirmada por ambos modelos.. Se ha detectado actividad humana."", ""En la zona 'Recepcion': [YOLO]: Estado: Se han detectado 2 persona(s). Persona 1: Persona sentada Persona 2: Persona sentada | [VLM]: A man and a woman sitting in chairs inside of an office building waiting room. ALTA FIABILIDAD: Presencia humana confirmada por ambos modelos.. Se ha detectado actividad humana."", 'En la zona \'Recepcion\': [YOLO]: Estado: Se han detectado 1 persona(s). Persona 35: Persona de pie (predicción con poca confianza) | [VLM]: The image shows a man and woman standing in front of a counter, possibly at a store or a hotel reception desk. They are looking at something on the counter, which could be an item for sale or information about their stay. The scene is described as being ""very detailed"" and ""very realistic,"" indicating that it might have been created using 3D modeling software to create a more immersive experience for viewers. ALTA FIABILIDAD: Presencia humana confirmada por ambos modelos.. Se ha detectado actividad humana.', ""En la zona 'Recepcion': [YOLO]: Estado: Se han detectado 1 persona(s). Persona 35: Persona sentada | [VLM]: A man walking in a hospital room with his head down and smoking a cigarette. ALTA FIABILIDAD: Presencia humana confirmada por ambos modelos.. Se ha detectado actividad humana."", ""La zona 'Escaleras 1' está despejada, sin eventos ni personas."", ""En la zona 'Almacén 1': [YOLO]: Estado: Se han detectado 1 persona(s). Persona 39: Persona sentada | [VLM]: A man sitting in a chair and looking at his cell phone. ALTA FIABILIDAD: Presencia humana confirmada por ambos modelos.. Se ha detectado actividad humana."", ""En la zona 'Almacén 1': [YOLO]: Estado: Se han detectado 1 persona(s). Persona 39: Persona sentada | [VLM]: A man is sitting on a chair in the waiting room of a hospital, looking at his cell phone and reading something on it. ALTA FIABILIDAD: Presencia humana confirmada por ambos modelos.. Se ha detectado actividad humana."", ""En la zona 'Almacén 1': [YOLO]: Estado: Se han detectado 2 persona(s). Persona 1: Persona sentada Persona 2: Persona sentada | [VLM]: A man and a woman sitting in chairs inside of an office or waiting room, possibly at a doctor's office. ALTA FIABILIDAD: Presencia humana confirmada por ambos modelos.. Se ha detectado actividad humana."", ""En la zona 'Habitación Individual 1': [YOLO]: Estado: Se han detectado 1 persona(s). Persona 1: Persona de pie (predicción con poca confianza) | [VLM]: A woman walking into a room with her hand on the door handle, possibly entering or leaving the building. ALTA FIABILIDAD: Presencia humana confirmada por ambos modelos.. Se ha detectado actividad humana."", ""En la zona 'Habitación Individual 1': [YOLO]: Estado: Se han detectado 1 persona(s). Persona 1: Persona de pie (predicción con poca confianza) | [VLM]: A woman is standing in a room with her back to the camera, wearing a blue shirt and brown pants. ALTA FIABILIDAD: Presencia humana confirmada por ambos modelos.. Se ha detectado actividad humana."", ""En la zona 'Habitación Individual 1': [YOLO]: Estado: Se han detectado 1 persona(s). Persona 43: Persona de pie (predicción con poca confianza) | [VLM]: The image shows a woman walking in an office setting, with another woman standing nearby. The scene is depicted in 3D and includes chairs, desks, and other objects typically found in an office environment. ALTA FIABILIDAD: Presencia humana confirmada por ambos modelos.. Se ha detectado actividad humana."", ""En la zona 'Habitación Individual 1': [YOLO]: Estado: Se han detectado 1 persona(s). Persona 43: Persona de pie (predicción con poca confianza) | [VLM]: 1. Woman in a blue dress and brown shoes standing at the counter. ALTA FIABILIDAD: Presencia humana confirmada por ambos modelos.. Se ha detectado actividad humana."", ""En la zona 'Habitación Individual 2': [YOLO]: Estado: Se han detectado 1 persona(s). Persona 1: Persona de pie (predicción con poca confianza) | [VLM]: 1. The woman is sitting in a chair. ALTA FIABILIDAD: Presencia humana confirmada por ambos modelos.. Se ha detectado actividad humana."", ""En la zona 'Habitación Individual 2': [YOLO]: Estado: Se han detectado 1 persona(s). Persona 1: Persona de pie (predicción con poca confianza) | [VLM]: 1. Person sitting in a chair. ALTA FIABILIDAD: Presencia humana confirmada por ambos modelos.. Se ha detectado actividad humana."", ""En la zona 'Oficina 1': [YOLO]: Estado: Se han detectado 1 persona(s). Persona 1: Persona de pie (predicción con poca confianza) | [VLM]: A woman in a blue shirt and black pants standing at the front desk of an office building, possibly working as a receptionist or administrative assistant. ALTA FIABILIDAD: Presencia humana confirmada por ambos modelos.. Se ha detectado actividad humana."", ""En la zona 'Oficina 1': [YOLO]: Estado: Se han detectado 2 persona(s). Persona 1: Persona de pie (predicción con poca confianza) Persona 2: Persona sentada | [VLM]: 1. Person in blue shirt and black pants standing near a desk with two computer monitors, one of which is turned on. ALTA FIABILIDAD: Presencia humana confirmada por ambos modelos.. Se ha detectado actividad humana."", ""En la zona 'Oficina 1': [YOLO]: Estado: Se han detectado 2 persona(s). Persona 1: Persona sentada Persona 2: Persona sentada | [VLM]: A woman sitting in an office chair and looking at a computer screen. ALTA FIABILIDAD: Presencia humana confirmada por ambos modelos.. Se ha detectado actividad humana."", ""En la zona 'Baño 1': [YOLO]: Estado: Se han detectado 1 persona(s). Persona 1: Persona de pie (predicción con poca confianza) | [VLM]: A man is walking in a hospital hallway, and he appears to be looking at the camera. ALTA FIABILIDAD: Presencia humana confirmada por ambos modelos.. Se ha detectado actividad humana."", ""La zona 'Habitación Compartida 1' está despejada, sin eventos ni personas."", ""La zona 'Quirófano 1' está despejada, sin eventos ni personas."", ""La zona 'Habitación Compartida 3' está despejada, sin eventos ni personas."", ""La zona 'Habitación Compartida 2' está despejada, sin eventos ni personas."", ""En la zona 'Sala Común': [YOLO]: Estado: Se han detectado 1 persona(s). Persona 65: Persona de pie (predicción con poca confianza) | [VLM]: The image shows a woman standing in the kitchen area of a hospital, possibly waiting for someone or just passing by. The room is furnished with various appliances such as an oven and a refrigerator. There are also two people present in the scene - one person who appears to be the woman, and another person that seems to be a child. ALTA FIABILIDAD: Presencia humana confirmada por ambos modelos.. Se ha detectado actividad humana."", ""En la zona 'Sala Común': [YOLO]: Estado: Se han detectado 1 persona(s). Persona 1: Persona de pie (predicción con poca confianza) | [VLM]: A man walking in a hallway with his back to the camera, wearing a suit and tie. ALTA FIABILIDAD: Presencia humana confirmada por ambos modelos.. Se ha detectado actividad humana."", 'En la zona \'Quirófano 2\': [YOLO]: Estado: Se han detectado 1 persona(s). Persona 1: Persona sentada | [VLM]: A man walking in a hallway with the word ""BREVEMENTE"" written on it. ALTA FIABILIDAD: Presencia humana confirmada por ambos modelos.. Se ha detectado actividad humana.', 'En la zona \'Quirófano 2\': [YOLO]: Estado: Se han detectado 1 persona(s). Persona 1: Persona de pie (predicción con poca confianza) | [VLM]: A man running in a hospital hallway with the word ""BREVEMENTE"" written on it. ALTA FIABILIDAD: Presencia humana confirmada por ambos modelos.. Se ha detectado actividad humana.', ""En la zona 'Quirófano 2': [YOLO]: Estado: Se han detectado 1 persona(s). Persona 1: Persona de pie (predicción con poca confianza) | [VLM]: A man is running in a hospital hallway, wearing blue pants and a black shirt. ALTA FIABILIDAD: Presencia humana confirmada por ambos modelos.. Se ha detectado actividad humana."", ""En la zona 'Quirófano 2': [YOLO]: Estado: Se han detectado 3 persona(s). Persona 1: Persona de pie (predicción con poca confianza) Persona 2: Persona de pie (predicción con poca confianza) Persona 3: Persona de pie (predicción con poca confianza) | [VLM]: 1. Nurse in blue scrubs and mask standing next to a bed with a monitor on it. ALTA FIABILIDAD: Presencia humana confirmada por ambos modelos.. Se ha detectado actividad humana."", ""En la zona 'Quirófano 2': [YOLO]: Estado: Se han detectado 2 persona(s). Persona 72: Persona de pie (predicción con poca confianza) Persona 73: Persona de pie (predicción con poca confianza) | [VLM]: A woman in a blue scrubs uniform is standing next to the bed of another patient, who appears to be lying down and hooked up to an IV. ALTA FIABILIDAD: Presencia humana confirmada por ambos modelos.. Se ha detectado actividad humana."", 'En la zona \'Habitación Compartida 4\': [YOLO]: Estado: Se han detectado 2 persona(s). Persona 1: Persona de pie (predicción con poca confianza) Persona 2: Persona de pie (predicción con poca confianza) | [VLM]: A man walking in a hallway with the word ""BREVEMENTE"" written on it. ALTA FIABILIDAD: Presencia humana confirmada por ambos modelos.. Se ha detectado actividad humana.', ""En la zona 'Baño 2': [YOLO]: Estado: Se han detectado 1 persona(s). Persona 1: Persona de pie (predicción con poca confianza) | [VLM]: A woman is standing in a room with her back to the camera, wearing blue clothes and looking out of a window. ALTA FIABILIDAD: Presencia humana confirmada por ambos modelos.. Se ha detectado actividad humana."", ""En la zona 'Baño 2': [YOLO]: Estado: Se han detectado 1 persona(s). Persona 1: Persona de pie (predicción con poca confianza) | [VLM]: A woman wearing a blue scrubs uniform is standing in the hallway of a hospital, looking at her phone while waiting for someone or something. ALTA FIABILIDAD: Presencia humana confirmada por ambos modelos.. Se ha detectado actividad humana."", ""En la zona 'Habitación Compartida 5': [YOLO]: Estado: Se han detectado 1 persona(s). Persona 83: Persona sentada | [VLM]: A man in a wheelchair and a woman standing next to him, both wearing blue scrubs. ALTA FIABILIDAD: Presencia humana confirmada por ambos modelos.. Se ha detectado actividad humana."", ""En la zona 'Habitación Compartida 5': [YOLO]: Estado: Se han detectado 1 persona(s). Persona 83: Persona sentada | [VLM]: A woman in a blue shirt and a man in a wheelchair are walking together through the hospital hallway, with the woman pushing the wheelchair. ALTA FIABILIDAD: Presencia humana confirmada por ambos modelos.. Se ha detectado actividad humana."", ""En la zona 'Oficina 2': [YOLO]: Estado: Se han detectado 1 persona(s). Persona 83: Persona sentada | [VLM]: A woman in a blue scrubs outfit is pushing a wheelchair with another woman sitting inside it, who appears to be wearing a mask and possibly a nurse's uniform. ALTA FIABILIDAD: Presencia humana confirmada por ambos modelos.. Se ha detectado actividad humana."", ""En la zona 'Oficina 2': [YOLO]: Estado: Se han detectado 1 persona(s). Persona 86: Persona sentada | [VLM]: 1. Person in black shirt and blue pants. ALTA FIABILIDAD: Presencia humana confirmada por ambos modelos.. Se ha detectado actividad humana."", ""En la zona 'Oficina 2': [YOLO]: Estado: Se han detectado 1 persona(s). Persona 86: Persona sentada | [VLM]: Two people are sitting in chairs at a desk, and one of them is using their cell phone. ALTA FIABILIDAD: Presencia humana confirmada por ambos modelos.. Se ha detectado actividad humana."", ""En la zona 'Oficina 2': [YOLO]: Estado: Se han detectado 2 persona(s). Persona 1: Persona de pie (predicción con poca confianza) Persona 2: Persona de pie (predicción con poca confianza) | [VLM]: 1. Person in blue shirt and black pants standing at desk with computer monitor, keyboard, and mouse. ALTA FIABILIDAD: Presencia humana confirmada por ambos modelos.. Se ha detectado actividad humana."", ""En la zona 'Oficina 2': [YOLO]: Estado: Se han detectado 1 persona(s). Persona 91: Persona de pie (predicción con poca confianza) | [VLM]: 1. Man in black shirt and blue jeans sitting on a chair at the front desk of an office building. ALTA FIABILIDAD: Presencia humana confirmada por ambos modelos.. Se ha detectado actividad humana."", ""En la zona 'Oficina 2': [YOLO]: Estado: Se han detectado 1 persona(s). Persona 92: Persona sentada | [VLM]: 1. Person sitting on a chair in front of the desk. ALTA FIABILIDAD: Presencia humana confirmada por ambos modelos.. Se ha detectado actividad humana."", ""En la zona 'Oficina 2': [YOLO]: Estado: Se han detectado 1 persona(s). Persona 92: Persona sentada | [VLM]: 1. Man sitting in a chair with his back to the camera. ALTA FIABILIDAD: Presencia humana confirmada por ambos modelos.. Se ha detectado actividad humana."", ""En la zona 'Oficina 2': [YOLO]: Estado: Se han detectado 1 persona(s). Persona 92: Persona sentada | [VLM]: 1. Man sitting in a chair with his back to the camera. ALTA FIABILIDAD: Presencia humana confirmada por ambos modelos.. Se ha detectado actividad humana."", ""En la zona 'Oficina 2': [YOLO]: Estado: Se han detectado 2 persona(s). Persona 92: Persona sentada Persona 94: Persona sentada | [VLM]: 1. Man sitting in blue chair with his back to the camera. ALTA FIABILIDAD: Presencia humana confirmada por ambos modelos.. Se ha detectado actividad humana."", ""En la zona 'Oficina 2': [YOLO]: Estado: Se han detectado 3 persona(s). Persona 92: Persona sentada Persona 94: Persona sentada Persona 95: Persona sentada | [VLM]: 1. Man sitting in a chair with his legs crossed and looking at his phone. ALTA FIABILIDAD: Presencia humana confirmada por ambos modelos.. Se ha detectado actividad humana."", ""En la zona 'Oficina 2': [YOLO]: Estado: Se han detectado 2 persona(s). Persona 94: Persona sentada Persona 95: Persona sentada | [VLM]: 1. Woman sitting on a chair with her child. ALTA FIABILIDAD: Presencia humana confirmada por ambos modelos.. Se ha detectado actividad humana."", ""La zona 'Habitación Individual 3' está despejada, sin eventos ni personas."", ""En la zona 'Habitación Individual 4': [YOLO]: Estado: Se han detectado 1 persona(s). Persona 1: Persona sentada | [VLM]: The image shows a woman sitting in a hospital room, possibly waiting for her turn to be seen by the doctor or nurse present in the scene. The room has a bed and a chair, indicating that it is designed for patient care and comfort. ALTA FIABILIDAD: Presencia humana confirmada por ambos modelos.. Se ha detectado actividad humana."", ""En la zona 'Almacén 2': [YOLO]: Estado: Se han detectado 2 persona(s). Persona 1: Persona sentada Persona 2: Persona sentada | [VLM]: 1. Person sitting on a chair with their laptop open in front of them. ALTA FIABILIDAD: Presencia humana confirmada por ambos modelos.. Se ha detectado actividad humana."", ""La zona 'Escaleras 2' está despejada, sin eventos ni personas.""]",,300w_NoTrack,short,,
¿Hay más de una persona simultáneamente detrás del mostrador de la Recepción atendiendo a los visitantes?,"La respuesta es NO. Según los eventos recientes registrados en el sistema, solo se han detectado personas sentadas o de pie detrás del mostrador de la recepción, pero nunca más de una persona simultáneamente.",Solo hay una empleada atendiendo a los visitantes,0.9177763250143576,0.7315323879146778,300w_NoTrack,system,"[""En la zona 'Recepcion': [YOLO]: Estado: Se han detectado 2 persona(s). Persona 1: Persona de pie (predicción con poca confianza) Persona 2: Persona sentada | [VLM]: 1. Person sitting on a chair with their back to the camera. ALTA FIABILIDAD: Presencia humana confirmada por ambos modelos.. Se ha detectado actividad humana."", ""En la zona 'Recepcion': [YOLO]: Estado: Se han detectado 5 persona(s). Persona 1: Persona de pie (predicción con poca confianza) Persona 2: Persona sentada Persona 3: Persona sentada Persona 4: Persona sentada Persona 5: Persona sentada | [VLM]: 1. Person in black shirt and brown pants walking into the room. ALTA FIABILIDAD: Presencia humana confirmada por ambos modelos.. Se ha detectado actividad humana."", ""En la zona 'Recepcion': [YOLO]: Estado: Se han detectado 1 persona(s). Persona 13: Persona sentada | [VLM]: A woman walking into a waiting room with blue chairs and a desk in the background. ALTA FIABILIDAD: Presencia humana confirmada por ambos modelos.. Se ha detectado actividad humana."", ""En la zona 'Recepcion': [YOLO]: Estado: Se han detectado 1 persona(s). Persona 15: Persona sentada | [VLM]: A man and a woman sitting in chairs inside of an office building waiting room. ALTA FIABILIDAD: Presencia humana confirmada por ambos modelos.. Se ha detectado actividad humana."", ""En la zona 'Recepcion': [YOLO]: Estado: Se han detectado 1 persona(s). Persona 19: Persona de pie (predicción con poca confianza) | [VLM]: A man in a blue shirt standing at the reception desk of a hospital. ALTA FIABILIDAD: Presencia humana confirmada por ambos modelos.. Se ha detectado actividad humana."", ""En la zona 'Recepcion': [YOLO]: Estado: Se han detectado 2 persona(s). Persona 1: Persona sentada Persona 2: Persona sentada | [VLM]: Two people sitting in chairs and one standing behind them. ALTA FIABILIDAD: Presencia humana confirmada por ambos modelos.. Se ha detectado actividad humana."", ""En la zona 'Recepcion': [YOLO]: Estado: Se han detectado 1 persona(s). Persona 1: Persona sentada | [VLM]: A man in a black hat and scarf walking into the room. ALTA FIABILIDAD: Presencia humana confirmada por ambos modelos.. Se ha detectado actividad humana."", ""En la zona 'Recepcion': [YOLO]: Estado: Se han detectado 1 persona(s). Persona 1: Persona de pie (predicción con poca confianza) | [VLM]: A man is standing in a waiting room with his back to the camera, looking at something off-camera. ALTA FIABILIDAD: Presencia humana confirmada por ambos modelos.. Se ha detectado actividad humana."", ""En la zona 'Recepcion': [YOLO]: Estado: Se han detectado 2 persona(s). Persona 1: Persona sentada Persona 2: Persona sentada | [VLM]: A man and a woman sitting in chairs inside of an office building waiting room. ALTA FIABILIDAD: Presencia humana confirmada por ambos modelos.. Se ha detectado actividad humana."", 'En la zona \'Recepcion\': [YOLO]: Estado: Se han detectado 1 persona(s). Persona 35: Persona de pie (predicción con poca confianza) | [VLM]: The image shows a man and woman standing in front of a counter, possibly at a store or a hotel reception desk. They are looking at something on the counter, which could be an item for sale or information about their stay. The scene is described as being ""very detailed"" and ""very realistic,"" indicating that it might have been created using 3D modeling software to create a more immersive experience for viewers. ALTA FIABILIDAD: Presencia humana confirmada por ambos modelos.. Se ha detectado actividad humana.', ""En la zona 'Recepcion': [YOLO]: Estado: Se han detectado 1 persona(s). Persona 35: Persona sentada | [VLM]: A man walking in a hospital room with his head down and smoking a cigarette. ALTA FIABILIDAD: Presencia humana confirmada por ambos modelos.. Se ha detectado actividad humana."", ""La zona 'Escaleras 1' está despejada, sin eventos ni personas."", ""En la zona 'Almacén 1': [YOLO]: Estado: Se han detectado 1 persona(s). Persona 39: Persona sentada | [VLM]: A man sitting in a chair and looking at his cell phone. ALTA FIABILIDAD: Presencia humana confirmada por ambos modelos.. Se ha detectado actividad humana."", ""En la zona 'Almacén 1': [YOLO]: Estado: Se han detectado 1 persona(s). Persona 39: Persona sentada | [VLM]: A man is sitting on a chair in the waiting room of a hospital, looking at his cell phone and reading something on it. ALTA FIABILIDAD: Presencia humana confirmada por ambos modelos.. Se ha detectado actividad humana."", ""En la zona 'Almacén 1': [YOLO]: Estado: Se han detectado 2 persona(s). Persona 1: Persona sentada Persona 2: Persona sentada | [VLM]: A man and a woman sitting in chairs inside of an office or waiting room, possibly at a doctor's office. ALTA FIABILIDAD: Presencia humana confirmada por ambos modelos.. Se ha detectado actividad humana."", ""En la zona 'Habitación Individual 1': [YOLO]: Estado: Se han detectado 1 persona(s). Persona 1: Persona de pie (predicción con poca confianza) | [VLM]: A woman walking into a room with her hand on the door handle, possibly entering or leaving the building. ALTA FIABILIDAD: Presencia humana confirmada por ambos modelos.. Se ha detectado actividad humana."", ""En la zona 'Habitación Individual 1': [YOLO]: Estado: Se han detectado 1 persona(s). Persona 1: Persona de pie (predicción con poca confianza) | [VLM]: A woman is standing in a room with her back to the camera, wearing a blue shirt and brown pants. ALTA FIABILIDAD: Presencia humana confirmada por ambos modelos.. Se ha detectado actividad humana."", ""En la zona 'Habitación Individual 1': [YOLO]: Estado: Se han detectado 1 persona(s). Persona 43: Persona de pie (predicción con poca confianza) | [VLM]: The image shows a woman walking in an office setting, with another woman standing nearby. The scene is depicted in 3D and includes chairs, desks, and other objects typically found in an office environment. ALTA FIABILIDAD: Presencia humana confirmada por ambos modelos.. Se ha detectado actividad humana."", ""En la zona 'Habitación Individual 1': [YOLO]: Estado: Se han detectado 1 persona(s). Persona 43: Persona de pie (predicción con poca confianza) | [VLM]: 1. Woman in a blue dress and brown shoes standing at the counter. ALTA FIABILIDAD: Presencia humana confirmada por ambos modelos.. Se ha detectado actividad humana."", ""En la zona 'Habitación Individual 2': [YOLO]: Estado: Se han detectado 1 persona(s). Persona 1: Persona de pie (predicción con poca confianza) | [VLM]: 1. The woman is sitting in a chair. ALTA FIABILIDAD: Presencia humana confirmada por ambos modelos.. Se ha detectado actividad humana."", ""En la zona 'Habitación Individual 2': [YOLO]: Estado: Se han detectado 1 persona(s). Persona 1: Persona de pie (predicción con poca confianza) | [VLM]: 1. Person sitting in a chair. ALTA FIABILIDAD: Presencia humana confirmada por ambos modelos.. Se ha detectado actividad humana."", ""En la zona 'Oficina 1': [YOLO]: Estado: Se han detectado 1 persona(s). Persona 1: Persona de pie (predicción con poca confianza) | [VLM]: A woman in a blue shirt and black pants standing at the front desk of an office building, possibly working as a receptionist or administrative assistant. ALTA FIABILIDAD: Presencia humana confirmada por ambos modelos.. Se ha detectado actividad humana."", ""En la zona 'Oficina 1': [YOLO]: Estado: Se han detectado 2 persona(s). Persona 1: Persona de pie (predicción con poca confianza) Persona 2: Persona sentada | [VLM]: 1. Person in blue shirt and black pants standing near a desk with two computer monitors, one of which is turned on. ALTA FIABILIDAD: Presencia humana confirmada por ambos modelos.. Se ha detectado actividad humana."", ""En la zona 'Oficina 1': [YOLO]: Estado: Se han detectado 2 persona(s). Persona 1: Persona sentada Persona 2: Persona sentada | [VLM]: A woman sitting in an office chair and looking at a computer screen. ALTA FIABILIDAD: Presencia humana confirmada por ambos modelos.. Se ha detectado actividad humana."", ""En la zona 'Baño 1': [YOLO]: Estado: Se han detectado 1 persona(s). Persona 1: Persona de pie (predicción con poca confianza) | [VLM]: A man is walking in a hospital hallway, and he appears to be looking at the camera. ALTA FIABILIDAD: Presencia humana confirmada por ambos modelos.. Se ha detectado actividad humana."", ""La zona 'Habitación Compartida 1' está despejada, sin eventos ni personas."", ""La zona 'Quirófano 1' está despejada, sin eventos ni personas."", ""La zona 'Habitación Compartida 3' está despejada, sin eventos ni personas."", ""La zona 'Habitación Compartida 2' está despejada, sin eventos ni personas."", ""En la zona 'Sala Común': [YOLO]: Estado: Se han detectado 1 persona(s). Persona 65: Persona de pie (predicción con poca confianza) | [VLM]: The image shows a woman standing in the kitchen area of a hospital, possibly waiting for someone or just passing by. The room is furnished with various appliances such as an oven and a refrigerator. There are also two people present in the scene - one person who appears to be the woman, and another person that seems to be a child. ALTA FIABILIDAD: Presencia humana confirmada por ambos modelos.. Se ha detectado actividad humana."", ""En la zona 'Sala Común': [YOLO]: Estado: Se han detectado 1 persona(s). Persona 1: Persona de pie (predicción con poca confianza) | [VLM]: A man walking in a hallway with his back to the camera, wearing a suit and tie. ALTA FIABILIDAD: Presencia humana confirmada por ambos modelos.. Se ha detectado actividad humana."", 'En la zona \'Quirófano 2\': [YOLO]: Estado: Se han detectado 1 persona(s). Persona 1: Persona sentada | [VLM]: A man walking in a hallway with the word ""BREVEMENTE"" written on it. ALTA FIABILIDAD: Presencia humana confirmada por ambos modelos.. Se ha detectado actividad humana.', 'En la zona \'Quirófano 2\': [YOLO]: Estado: Se han detectado 1 persona(s). Persona 1: Persona de pie (predicción con poca confianza) | [VLM]: A man running in a hospital hallway with the word ""BREVEMENTE"" written on it. ALTA FIABILIDAD: Presencia humana confirmada por ambos modelos.. Se ha detectado actividad humana.', ""En la zona 'Quirófano 2': [YOLO]: Estado: Se han detectado 1 persona(s). Persona 1: Persona de pie (predicción con poca confianza) | [VLM]: A man is running in a hospital hallway, wearing blue pants and a black shirt. ALTA FIABILIDAD: Presencia humana confirmada por ambos modelos.. Se ha detectado actividad humana."", ""En la zona 'Quirófano 2': [YOLO]: Estado: Se han detectado 3 persona(s). Persona 1: Persona de pie (predicción con poca confianza) Persona 2: Persona de pie (predicción con poca confianza) Persona 3: Persona de pie (predicción con poca confianza) | [VLM]: 1. Nurse in blue scrubs and mask standing next to a bed with a monitor on it. ALTA FIABILIDAD: Presencia humana confirmada por ambos modelos.. Se ha detectado actividad humana."", ""En la zona 'Quirófano 2': [YOLO]: Estado: Se han detectado 2 persona(s). Persona 72: Persona de pie (predicción con poca confianza) Persona 73: Persona de pie (predicción con poca confianza) | [VLM]: A woman in a blue scrubs uniform is standing next to the bed of another patient, who appears to be lying down and hooked up to an IV. ALTA FIABILIDAD: Presencia humana confirmada por ambos modelos.. Se ha detectado actividad humana."", 'En la zona \'Habitación Compartida 4\': [YOLO]: Estado: Se han detectado 2 persona(s). Persona 1: Persona de pie (predicción con poca confianza) Persona 2: Persona de pie (predicción con poca confianza) | [VLM]: A man walking in a hallway with the word ""BREVEMENTE"" written on it. ALTA FIABILIDAD: Presencia humana confirmada por ambos modelos.. Se ha detectado actividad humana.', ""En la zona 'Baño 2': [YOLO]: Estado: Se han detectado 1 persona(s). Persona 1: Persona de pie (predicción con poca confianza) | [VLM]: A woman is standing in a room with her back to the camera, wearing blue clothes and looking out of a window. ALTA FIABILIDAD: Presencia humana confirmada por ambos modelos.. Se ha detectado actividad humana."", ""En la zona 'Baño 2': [YOLO]: Estado: Se han detectado 1 persona(s). Persona 1: Persona de pie (predicción con poca confianza) | [VLM]: A woman wearing a blue scrubs uniform is standing in the hallway of a hospital, looking at her phone while waiting for someone or something. ALTA FIABILIDAD: Presencia humana confirmada por ambos modelos.. Se ha detectado actividad humana."", ""En la zona 'Habitación Compartida 5': [YOLO]: Estado: Se han detectado 1 persona(s). Persona 83: Persona sentada | [VLM]: A man in a wheelchair and a woman standing next to him, both wearing blue scrubs. ALTA FIABILIDAD: Presencia humana confirmada por ambos modelos.. Se ha detectado actividad humana."", ""En la zona 'Habitación Compartida 5': [YOLO]: Estado: Se han detectado 1 persona(s). Persona 83: Persona sentada | [VLM]: A woman in a blue shirt and a man in a wheelchair are walking together through the hospital hallway, with the woman pushing the wheelchair. ALTA FIABILIDAD: Presencia humana confirmada por ambos modelos.. Se ha detectado actividad humana."", ""En la zona 'Oficina 2': [YOLO]: Estado: Se han detectado 1 persona(s). Persona 83: Persona sentada | [VLM]: A woman in a blue scrubs outfit is pushing a wheelchair with another woman sitting inside it, who appears to be wearing a mask and possibly a nurse's uniform. ALTA FIABILIDAD: Presencia humana confirmada por ambos modelos.. Se ha detectado actividad humana."", ""En la zona 'Oficina 2': [YOLO]: Estado: Se han detectado 1 persona(s). Persona 86: Persona sentada | [VLM]: 1. Person in black shirt and blue pants. ALTA FIABILIDAD: Presencia humana confirmada por ambos modelos.. Se ha detectado actividad humana."", ""En la zona 'Oficina 2': [YOLO]: Estado: Se han detectado 1 persona(s). Persona 86: Persona sentada | [VLM]: Two people are sitting in chairs at a desk, and one of them is using their cell phone. ALTA FIABILIDAD: Presencia humana confirmada por ambos modelos.. Se ha detectado actividad humana."", ""En la zona 'Oficina 2': [YOLO]: Estado: Se han detectado 2 persona(s). Persona 1: Persona de pie (predicción con poca confianza) Persona 2: Persona de pie (predicción con poca confianza) | [VLM]: 1. Person in blue shirt and black pants standing at desk with computer monitor, keyboard, and mouse. ALTA FIABILIDAD: Presencia humana confirmada por ambos modelos.. Se ha detectado actividad humana."", ""En la zona 'Oficina 2': [YOLO]: Estado: Se han detectado 1 persona(s). Persona 91: Persona de pie (predicción con poca confianza) | [VLM]: 1. Man in black shirt and blue jeans sitting on a chair at the front desk of an office building. ALTA FIABILIDAD: Presencia humana confirmada por ambos modelos.. Se ha detectado actividad humana."", ""En la zona 'Oficina 2': [YOLO]: Estado: Se han detectado 1 persona(s). Persona 92: Persona sentada | [VLM]: 1. Person sitting on a chair in front of the desk. ALTA FIABILIDAD: Presencia humana confirmada por ambos modelos.. Se ha detectado actividad humana."", ""En la zona 'Oficina 2': [YOLO]: Estado: Se han detectado 1 persona(s). Persona 92: Persona sentada | [VLM]: 1. Man sitting in a chair with his back to the camera. ALTA FIABILIDAD: Presencia humana confirmada por ambos modelos.. Se ha detectado actividad humana."", ""En la zona 'Oficina 2': [YOLO]: Estado: Se han detectado 1 persona(s). Persona 92: Persona sentada | [VLM]: 1. Man sitting in a chair with his back to the camera. ALTA FIABILIDAD: Presencia humana confirmada por ambos modelos.. Se ha detectado actividad humana."", ""En la zona 'Oficina 2': [YOLO]: Estado: Se han detectado 2 persona(s). Persona 92: Persona sentada Persona 94: Persona sentada | [VLM]: 1. Man sitting in blue chair with his back to the camera. ALTA FIABILIDAD: Presencia humana confirmada por ambos modelos.. Se ha detectado actividad humana."", ""En la zona 'Oficina 2': [YOLO]: Estado: Se han detectado 3 persona(s). Persona 92: Persona sentada Persona 94: Persona sentada Persona 95: Persona sentada | [VLM]: 1. Man sitting in a chair with his legs crossed and looking at his phone. ALTA FIABILIDAD: Presencia humana confirmada por ambos modelos.. Se ha detectado actividad humana."", ""En la zona 'Oficina 2': [YOLO]: Estado: Se han detectado 2 persona(s). Persona 94: Persona sentada Persona 95: Persona sentada | [VLM]: 1. Woman sitting on a chair with her child. ALTA FIABILIDAD: Presencia humana confirmada por ambos modelos.. Se ha detectado actividad humana."", ""La zona 'Habitación Individual 3' está despejada, sin eventos ni personas."", ""En la zona 'Habitación Individual 4': [YOLO]: Estado: Se han detectado 1 persona(s). Persona 1: Persona sentada | [VLM]: The image shows a woman sitting in a hospital room, possibly waiting for her turn to be seen by the doctor or nurse present in the scene. The room has a bed and a chair, indicating that it is designed for patient care and comfort. ALTA FIABILIDAD: Presencia humana confirmada por ambos modelos.. Se ha detectado actividad humana."", ""En la zona 'Almacén 2': [YOLO]: Estado: Se han detectado 2 persona(s). Persona 1: Persona sentada Persona 2: Persona sentada | [VLM]: 1. Person sitting on a chair with their laptop open in front of them. ALTA FIABILIDAD: Presencia humana confirmada por ambos modelos.. Se ha detectado actividad humana."", ""La zona 'Escaleras 2' está despejada, sin eventos ni personas.""]",,300w_NoTrack,short,,
"En la Habitación Compartida 5, ¿hay algún trabajador (persona de pie) acompañando a los pacientes acostados?","No, en la Habitación Compartida 5 no se detecta a ningún trabajador (persona de pie) acompañando a los pacientes acostados. Los eventos recientes reportan la presencia de personas sentadas, pero no de personas de pie.","Sí, hay un trabajador de pie cerca a una cama con un paciente",0.6352599290407968,0.7133295607107705,300w_NoTrack,system,"[""En la zona 'Habitación Compartida 5': [YOLO]: Estado: Se han detectado 1 persona(s). Persona 83: Persona sentada | [VLM]: A man in a wheelchair and a woman standing next to him, both wearing blue scrubs. ALTA FIABILIDAD: Presencia humana confirmada por ambos modelos.. Se ha detectado actividad humana."", ""En la zona 'Habitación Compartida 5': [YOLO]: Estado: Se han detectado 1 persona(s). Persona 83: Persona sentada | [VLM]: A woman in a blue shirt and a man in a wheelchair are walking together through the hospital hallway, with the woman pushing the wheelchair. ALTA FIABILIDAD: Presencia humana confirmada por ambos modelos.. Se ha detectado actividad humana.""]",0.3333333333333333,300w_NoTrack,short,,
¿Hay alguien deambulando por el pasillo?,"Sí, hay alertas en varias zonas del hospital que indican presencia humana. Por ejemplo, en la Oficina 2 se detectó una persona sentada (1884s) y en Almacén 2 se detectaron dos personas sentadas (2454s).",Hay dos personas deambulando por el pasillo,0.666269884717348,0.4324547794411384,300w_NoTrack,system,"[""En la zona 'Recepcion': [YOLO]: Estado: Se han detectado 2 persona(s). Persona 1: Persona de pie (predicción con poca confianza) Persona 2: Persona sentada | [VLM]: 1. Person sitting on a chair with their back to the camera. ALTA FIABILIDAD: Presencia humana confirmada por ambos modelos.. Se ha detectado actividad humana."", ""En la zona 'Recepcion': [YOLO]: Estado: Se han detectado 5 persona(s). Persona 1: Persona de pie (predicción con poca confianza) Persona 2: Persona sentada Persona 3: Persona sentada Persona 4: Persona sentada Persona 5: Persona sentada | [VLM]: 1. Person in black shirt and brown pants walking into the room. ALTA FIABILIDAD: Presencia humana confirmada por ambos modelos.. Se ha detectado actividad humana."", ""En la zona 'Recepcion': [YOLO]: Estado: Se han detectado 1 persona(s). Persona 13: Persona sentada | [VLM]: A woman walking into a waiting room with blue chairs and a desk in the background. ALTA FIABILIDAD: Presencia humana confirmada por ambos modelos.. Se ha detectado actividad humana."", ""En la zona 'Recepcion': [YOLO]: Estado: Se han detectado 1 persona(s). Persona 15: Persona sentada | [VLM]: A man and a woman sitting in chairs inside of an office building waiting room. ALTA FIABILIDAD: Presencia humana confirmada por ambos modelos.. Se ha detectado actividad humana."", ""En la zona 'Recepcion': [YOLO]: Estado: Se han detectado 1 persona(s). Persona 19: Persona de pie (predicción con poca confianza) | [VLM]: A man in a blue shirt standing at the reception desk of a hospital. ALTA FIABILIDAD: Presencia humana confirmada por ambos modelos.. Se ha detectado actividad humana."", ""En la zona 'Recepcion': [YOLO]: Estado: Se han detectado 2 persona(s). Persona 1: Persona sentada Persona 2: Persona sentada | [VLM]: Two people sitting in chairs and one standing behind them. ALTA FIABILIDAD: Presencia humana confirmada por ambos modelos.. Se ha detectado actividad humana."", ""En la zona 'Recepcion': [YOLO]: Estado: Se han detectado 1 persona(s). Persona 1: Persona sentada | [VLM]: A man in a black hat and scarf walking into the room. ALTA FIABILIDAD: Presencia humana confirmada por ambos modelos.. Se ha detectado actividad humana."", ""En la zona 'Recepcion': [YOLO]: Estado: Se han detectado 1 persona(s). Persona 1: Persona de pie (predicción con poca confianza) | [VLM]: A man is standing in a waiting room with his back to the camera, looking at something off-camera. ALTA FIABILIDAD: Presencia humana confirmada por ambos modelos.. Se ha detectado actividad humana."", ""En la zona 'Recepcion': [YOLO]: Estado: Se han detectado 2 persona(s). Persona 1: Persona sentada Persona 2: Persona sentada | [VLM]: A man and a woman sitting in chairs inside of an office building waiting room. ALTA FIABILIDAD: Presencia humana confirmada por ambos modelos.. Se ha detectado actividad humana."", 'En la zona \'Recepcion\': [YOLO]: Estado: Se han detectado 1 persona(s). Persona 35: Persona de pie (predicción con poca confianza) | [VLM]: The image shows a man and woman standing in front of a counter, possibly at a store or a hotel reception desk. They are looking at something on the counter, which could be an item for sale or information about their stay. The scene is described as being ""very detailed"" and ""very realistic,"" indicating that it might have been created using 3D modeling software to create a more immersive experience for viewers. ALTA FIABILIDAD: Presencia humana confirmada por ambos modelos.. Se ha detectado actividad humana.', ""En la zona 'Recepcion': [YOLO]: Estado: Se han detectado 1 persona(s). Persona 35: Persona sentada | [VLM]: A man walking in a hospital room with his head down and smoking a cigarette. ALTA FIABILIDAD: Presencia humana confirmada por ambos modelos.. Se ha detectado actividad humana."", ""La zona 'Escaleras 1' está despejada, sin eventos ni personas."", ""En la zona 'Almacén 1': [YOLO]: Estado: Se han detectado 1 persona(s). Persona 39: Persona sentada | [VLM]: A man sitting in a chair and looking at his cell phone. ALTA FIABILIDAD: Presencia humana confirmada por ambos modelos.. Se ha detectado actividad humana."", ""En la zona 'Almacén 1': [YOLO]: Estado: Se han detectado 1 persona(s). Persona 39: Persona sentada | [VLM]: A man is sitting on a chair in the waiting room of a hospital, looking at his cell phone and reading something on it. ALTA FIABILIDAD: Presencia humana confirmada por ambos modelos.. Se ha detectado actividad humana."", ""En la zona 'Almacén 1': [YOLO]: Estado: Se han detectado 2 persona(s). Persona 1: Persona sentada Persona 2: Persona sentada | [VLM]: A man and a woman sitting in chairs inside of an office or waiting room, possibly at a doctor's office. ALTA FIABILIDAD: Presencia humana confirmada por ambos modelos.. Se ha detectado actividad humana."", ""En la zona 'Habitación Individual 1': [YOLO]: Estado: Se han detectado 1 persona(s). Persona 1: Persona de pie (predicción con poca confianza) | [VLM]: A woman walking into a room with her hand on the door handle, possibly entering or leaving the building. ALTA FIABILIDAD: Presencia humana confirmada por ambos modelos.. Se ha detectado actividad humana."", ""En la zona 'Habitación Individual 1': [YOLO]: Estado: Se han detectado 1 persona(s). Persona 1: Persona de pie (predicción con poca confianza) | [VLM]: A woman is standing in a room with her back to the camera, wearing a blue shirt and brown pants. ALTA FIABILIDAD: Presencia humana confirmada por ambos modelos.. Se ha detectado actividad humana."", ""En la zona 'Habitación Individual 1': [YOLO]: Estado: Se han detectado 1 persona(s). Persona 43: Persona de pie (predicción con poca confianza) | [VLM]: The image shows a woman walking in an office setting, with another woman standing nearby. The scene is depicted in 3D and includes chairs, desks, and other objects typically found in an office environment. ALTA FIABILIDAD: Presencia humana confirmada por ambos modelos.. Se ha detectado actividad humana."", ""En la zona 'Habitación Individual 1': [YOLO]: Estado: Se han detectado 1 persona(s). Persona 43: Persona de pie (predicción con poca confianza) | [VLM]: 1. Woman in a blue dress and brown shoes standing at the counter. ALTA FIABILIDAD: Presencia humana confirmada por ambos modelos.. Se ha detectado actividad humana."", ""En la zona 'Habitación Individual 2': [YOLO]: Estado: Se han detectado 1 persona(s). Persona 1: Persona de pie (predicción con poca confianza) | [VLM]: 1. The woman is sitting in a chair. ALTA FIABILIDAD: Presencia humana confirmada por ambos modelos.. Se ha detectado actividad humana."", ""En la zona 'Habitación Individual 2': [YOLO]: Estado: Se han detectado 1 persona(s). Persona 1: Persona de pie (predicción con poca confianza) | [VLM]: 1. Person sitting in a chair. ALTA FIABILIDAD: Presencia humana confirmada por ambos modelos.. Se ha detectado actividad humana."", ""En la zona 'Oficina 1': [YOLO]: Estado: Se han detectado 1 persona(s). Persona 1: Persona de pie (predicción con poca confianza) | [VLM]: A woman in a blue shirt and black pants standing at the front desk of an office building, possibly working as a receptionist or administrative assistant. ALTA FIABILIDAD: Presencia humana confirmada por ambos modelos.. Se ha detectado actividad humana."", ""En la zona 'Oficina 1': [YOLO]: Estado: Se han detectado 2 persona(s). Persona 1: Persona de pie (predicción con poca confianza) Persona 2: Persona sentada | [VLM]: 1. Person in blue shirt and black pants standing near a desk with two computer monitors, one of which is turned on. ALTA FIABILIDAD: Presencia humana confirmada por ambos modelos.. Se ha detectado actividad humana."", ""En la zona 'Oficina 1': [YOLO]: Estado: Se han detectado 2 persona(s). Persona 1: Persona sentada Persona 2: Persona sentada | [VLM]: A woman sitting in an office chair and looking at a computer screen. ALTA FIABILIDAD: Presencia humana confirmada por ambos modelos.. Se ha detectado actividad humana."", ""En la zona 'Baño 1': [YOLO]: Estado: Se han detectado 1 persona(s). Persona 1: Persona de pie (predicción con poca confianza) | [VLM]: A man is walking in a hospital hallway, and he appears to be looking at the camera. ALTA FIABILIDAD: Presencia humana confirmada por ambos modelos.. Se ha detectado actividad humana."", ""La zona 'Habitación Compartida 1' está despejada, sin eventos ni personas."", ""La zona 'Quirófano 1' está despejada, sin eventos ni personas."", ""La zona 'Habitación Compartida 3' está despejada, sin eventos ni personas."", ""La zona 'Habitación Compartida 2' está despejada, sin eventos ni personas."", ""En la zona 'Sala Común': [YOLO]: Estado: Se han detectado 1 persona(s). Persona 65: Persona de pie (predicción con poca confianza) | [VLM]: The image shows a woman standing in the kitchen area of a hospital, possibly waiting for someone or just passing by. The room is furnished with various appliances such as an oven and a refrigerator. There are also two people present in the scene - one person who appears to be the woman, and another person that seems to be a child. ALTA FIABILIDAD: Presencia humana confirmada por ambos modelos.. Se ha detectado actividad humana."", ""En la zona 'Sala Común': [YOLO]: Estado: Se han detectado 1 persona(s). Persona 1: Persona de pie (predicción con poca confianza) | [VLM]: A man walking in a hallway with his back to the camera, wearing a suit and tie. ALTA FIABILIDAD: Presencia humana confirmada por ambos modelos.. Se ha detectado actividad humana."", 'En la zona \'Quirófano 2\': [YOLO]: Estado: Se han detectado 1 persona(s). Persona 1: Persona sentada | [VLM]: A man walking in a hallway with the word ""BREVEMENTE"" written on it. ALTA FIABILIDAD: Presencia humana confirmada por ambos modelos.. Se ha detectado actividad humana.', 'En la zona \'Quirófano 2\': [YOLO]: Estado: Se han detectado 1 persona(s). Persona 1: Persona de pie (predicción con poca confianza) | [VLM]: A man running in a hospital hallway with the word ""BREVEMENTE"" written on it. ALTA FIABILIDAD: Presencia humana confirmada por ambos modelos.. Se ha detectado actividad humana.', ""En la zona 'Quirófano 2': [YOLO]: Estado: Se han detectado 1 persona(s). Persona 1: Persona de pie (predicción con poca confianza) | [VLM]: A man is running in a hospital hallway, wearing blue pants and a black shirt. ALTA FIABILIDAD: Presencia humana confirmada por ambos modelos.. Se ha detectado actividad humana."", ""En la zona 'Quirófano 2': [YOLO]: Estado: Se han detectado 3 persona(s). Persona 1: Persona de pie (predicción con poca confianza) Persona 2: Persona de pie (predicción con poca confianza) Persona 3: Persona de pie (predicción con poca confianza) | [VLM]: 1. Nurse in blue scrubs and mask standing next to a bed with a monitor on it. ALTA FIABILIDAD: Presencia humana confirmada por ambos modelos.. Se ha detectado actividad humana."", ""En la zona 'Quirófano 2': [YOLO]: Estado: Se han detectado 2 persona(s). Persona 72: Persona de pie (predicción con poca confianza) Persona 73: Persona de pie (predicción con poca confianza) | [VLM]: A woman in a blue scrubs uniform is standing next to the bed of another patient, who appears to be lying down and hooked up to an IV. ALTA FIABILIDAD: Presencia humana confirmada por ambos modelos.. Se ha detectado actividad humana."", 'En la zona \'Habitación Compartida 4\': [YOLO]: Estado: Se han detectado 2 persona(s). Persona 1: Persona de pie (predicción con poca confianza) Persona 2: Persona de pie (predicción con poca confianza) | [VLM]: A man walking in a hallway with the word ""BREVEMENTE"" written on it. ALTA FIABILIDAD: Presencia humana confirmada por ambos modelos.. Se ha detectado actividad humana.', ""En la zona 'Baño 2': [YOLO]: Estado: Se han detectado 1 persona(s). Persona 1: Persona de pie (predicción con poca confianza) | [VLM]: A woman is standing in a room with her back to the camera, wearing blue clothes and looking out of a window. ALTA FIABILIDAD: Presencia humana confirmada por ambos modelos.. Se ha detectado actividad humana."", ""En la zona 'Baño 2': [YOLO]: Estado: Se han detectado 1 persona(s). Persona 1: Persona de pie (predicción con poca confianza) | [VLM]: A woman wearing a blue scrubs uniform is standing in the hallway of a hospital, looking at her phone while waiting for someone or something. ALTA FIABILIDAD: Presencia humana confirmada por ambos modelos.. Se ha detectado actividad humana."", ""En la zona 'Habitación Compartida 5': [YOLO]: Estado: Se han detectado 1 persona(s). Persona 83: Persona sentada | [VLM]: A man in a wheelchair and a woman standing next to him, both wearing blue scrubs. ALTA FIABILIDAD: Presencia humana confirmada por ambos modelos.. Se ha detectado actividad humana."", ""En la zona 'Habitación Compartida 5': [YOLO]: Estado: Se han detectado 1 persona(s). Persona 83: Persona sentada | [VLM]: A woman in a blue shirt and a man in a wheelchair are walking together through the hospital hallway, with the woman pushing the wheelchair. ALTA FIABILIDAD: Presencia humana confirmada por ambos modelos.. Se ha detectado actividad humana."", ""En la zona 'Oficina 2': [YOLO]: Estado: Se han detectado 1 persona(s). Persona 83: Persona sentada | [VLM]: A woman in a blue scrubs outfit is pushing a wheelchair with another woman sitting inside it, who appears to be wearing a mask and possibly a nurse's uniform. ALTA FIABILIDAD: Presencia humana confirmada por ambos modelos.. Se ha detectado actividad humana."", ""En la zona 'Oficina 2': [YOLO]: Estado: Se han detectado 1 persona(s). Persona 86: Persona sentada | [VLM]: 1. Person in black shirt and blue pants. ALTA FIABILIDAD: Presencia humana confirmada por ambos modelos.. Se ha detectado actividad humana."", ""En la zona 'Oficina 2': [YOLO]: Estado: Se han detectado 1 persona(s). Persona 86: Persona sentada | [VLM]: Two people are sitting in chairs at a desk, and one of them is using their cell phone. ALTA FIABILIDAD: Presencia humana confirmada por ambos modelos.. Se ha detectado actividad humana."", ""En la zona 'Oficina 2': [YOLO]: Estado: Se han detectado 2 persona(s). Persona 1: Persona de pie (predicción con poca confianza) Persona 2: Persona de pie (predicción con poca confianza) | [VLM]: 1. Person in blue shirt and black pants standing at desk with computer monitor, keyboard, and mouse. ALTA FIABILIDAD: Presencia humana confirmada por ambos modelos.. Se ha detectado actividad humana."", ""En la zona 'Oficina 2': [YOLO]: Estado: Se han detectado 1 persona(s). Persona 91: Persona de pie (predicción con poca confianza) | [VLM]: 1. Man in black shirt and blue jeans sitting on a chair at the front desk of an office building. ALTA FIABILIDAD: Presencia humana confirmada por ambos modelos.. Se ha detectado actividad humana."", ""En la zona 'Oficina 2': [YOLO]: Estado: Se han detectado 1 persona(s). Persona 92: Persona sentada | [VLM]: 1. Person sitting on a chair in front of the desk. ALTA FIABILIDAD: Presencia humana confirmada por ambos modelos.. Se ha detectado actividad humana."", ""En la zona 'Oficina 2': [YOLO]: Estado: Se han detectado 1 persona(s). Persona 92: Persona sentada | [VLM]: 1. Man sitting in a chair with his back to the camera. ALTA FIABILIDAD: Presencia humana confirmada por ambos modelos.. Se ha detectado actividad humana."", ""En la zona 'Oficina 2': [YOLO]: Estado: Se han detectado 1 persona(s). Persona 92: Persona sentada | [VLM]: 1. Man sitting in a chair with his back to the camera. ALTA FIABILIDAD: Presencia humana confirmada por ambos modelos.. Se ha detectado actividad humana."", ""En la zona 'Oficina 2': [YOLO]: Estado: Se han detectado 2 persona(s). Persona 92: Persona sentada Persona 94: Persona sentada | [VLM]: 1. Man sitting in blue chair with his back to the camera. ALTA FIABILIDAD: Presencia humana confirmada por ambos modelos.. Se ha detectado actividad humana."", ""En la zona 'Oficina 2': [YOLO]: Estado: Se han detectado 3 persona(s). Persona 92: Persona sentada Persona 94: Persona sentada Persona 95: Persona sentada | [VLM]: 1. Man sitting in a chair with his legs crossed and looking at his phone. ALTA FIABILIDAD: Presencia humana confirmada por ambos modelos.. Se ha detectado actividad humana."", ""En la zona 'Oficina 2': [YOLO]: Estado: Se han detectado 2 persona(s). Persona 94: Persona sentada Persona 95: Persona sentada | [VLM]: 1. Woman sitting on a chair with her child. ALTA FIABILIDAD: Presencia humana confirmada por ambos modelos.. Se ha detectado actividad humana."", ""La zona 'Habitación Individual 3' está despejada, sin eventos ni personas."", ""En la zona 'Habitación Individual 4': [YOLO]: Estado: Se han detectado 1 persona(s). Persona 1: Persona sentada | [VLM]: The image shows a woman sitting in a hospital room, possibly waiting for her turn to be seen by the doctor or nurse present in the scene. The room has a bed and a chair, indicating that it is designed for patient care and comfort. ALTA FIABILIDAD: Presencia humana confirmada por ambos modelos.. Se ha detectado actividad humana."", ""En la zona 'Almacén 2': [YOLO]: Estado: Se han detectado 2 persona(s). Persona 1: Persona sentada Persona 2: Persona sentada | [VLM]: 1. Person sitting on a chair with their laptop open in front of them. ALTA FIABILIDAD: Presencia humana confirmada por ambos modelos.. Se ha detectado actividad humana."", ""La zona 'Escaleras 2' está despejada, sin eventos ni personas.""]",,300w_NoTrack,short,,
¿Se ha detectado la presencia de alguna persona obstaculizando el paso o sentada en los peldaños de las Escaleras 2?,"No, no se ha detectado la presencia de ninguna persona obstaculizando el paso o sentada en los peldaños de las Escaleras 2.",No hay nadie en las escaleras 2.,0.9291264914766116,0.5484498285538789,300w_NoTrack,system,"[""La zona 'Escaleras 2' está despejada, sin eventos ni personas.""]",1.0,300w_NoTrack,short,,
Redacta el informe de seguridad global de la patrulla del hospital.,"RESUMEN DE ACTIVIDADES EN EL HOSPITAL:

En mi reciente patrulla, he detectado actividades humanas anómalas y situaciones críticas en varias zonas del hospital. A continuación, presento un informe detallado de los incidentes reportados:

* Zona de Recepción: Se han detectado 6 eventos de presencia humana con alta fiabilidad, lo que indica una actividad normal dentro de esta zona. Sin embargo, también se han detectado dos caídas de personas (personas 1 y 19) entre las 23:34 y las 24:04. Esto constituye un riesgo vital para la vida de estas personas.
* No se han reportado incumplimientos ni accidentes graves en cualquier zona durante este período.

En cuanto a protocolos de seguridad, no he detectado violaciones en áreas restringidas ni actividades fuera del horario permitido.

En resumen, mi análisis revela que la Zona de Recepción es el área con mayor riesgo vital debido a las caídas de personas reportadas. Es importante que se tome medidas para prevenir y responder a situaciones como estas en el futuro.

Recomiendo un aumento en la vigilancia en esta zona, especialmente durante horas de alta actividad, y que se desarrollen protocolos de respuesta rápida en caso de emergencia.

Espero que este informe sea útil para tomar decisiones efectivas y garantizar la seguridad de los pacientes y personal del hospital.","Se detecta una emergencia crítica en la Habitación Compartida 2, donde una trabajadora se encuentra tirada en el suelo. Se requiere enviar asistencia médica de forma inmediata a esta ubicación para socorrerla. Por otro lado, se reporta una infracción de seguridad en el pasillo, ya que el sistema ha detectado a una persona corriendo cerca de otra trabajadora que traslada a un paciente en silla de ruedas, lo que supone un riesgo de colisión. Además, se observa una gran acumulación de cajas en ambos almacenes que podría obstaculizar el paso, y se registra a una empleada inactiva en la Oficina 2. El resto de las instalaciones del hospital funciona con normalidad y bajo los protocolos establecidos. En el Quirófano 2 se está llevando a cabo una intervención quirúrgica con el personal médico necesario, la zona de Recepción opera de forma habitual con varios visitantes y una sola persona al mostrador, y las habitaciones ocupadas tienen a sus pacientes seguros y atendidos. Zonas como los baños, las escaleras 2 y la habitación individual 1 se encuentran completamente vacías y despejadas.",0.4809111457312647,,300w_NoTrack,system,"['**Resumen Parcial**\n\nSe han detectado actividades humanas en las siguientes zonas:\n\n* Zona de Recepción: 6 eventos de presencia humana con alta fiabilidad, y la caída de 2 personas (personas 1 y 19) detectadas por el modelo YOLO.\n* Habitación Individual 1: 4 eventos de presencia humana sin incidentes ni personas caídas.\n\nSe han identificado las siguientes situaciones críticas:\n\n* Caída de 2 personas en la Zona de Recepción (personas 1 y 19).\n\nNo se han reportado incumplimientos ni accidentes durante este período.\n\nBasándome en el reporte parcial, puedo resumir las actividades humanas detectadas de la siguiente manera:\n\n* Se detectó a una persona sentada en Habitación Individual 4 entre las 23:34 y las 24:04.\n* Se detectaron a dos personas sentadas en Almacén 2 entre las 24:31 y las 24:54.\n* En Habitación Compartida 5, se detectó a una persona sentada y luego a una pareja caminando juntos con una mujer empujando la silla de ruedas del hombre.\n* En Oficina 2, se detectaron un total de 14 personas, mayoría sentadas o de pie.\n\nNo hubo incidentes graves ni caídas reportados en cualquier zona.']",0.9,300w_NoTrack,summary,"['**Resumen Parcial**\n\nSe han detectado actividades humanas en las siguientes zonas:\n\n* Zona de Recepción: 6 eventos de presencia humana con alta fiabilidad, y la caída de 2 personas (personas 1 y 19) detectadas por el modelo YOLO.\n* Habitación Individual 1: 4 eventos de presencia humana sin incidentes ni personas caídas.\n\nSe han identificado las siguientes situaciones críticas:\n\n* Caída de 2 personas en la Zona de Recepción (personas 1 y 19).\n\nNo se han reportado incumplimientos ni accidentes durante este período.\n\nBasándome en el reporte parcial, puedo resumir las actividades humanas detectadas de la siguiente manera:\n\n* Se detectó a una persona sentada en Habitación Individual 4 entre las 23:34 y las 24:04.\n* Se detectaron a dos personas sentadas en Almacén 2 entre las 24:31 y las 24:54.\n* En Habitación Compartida 5, se detectó a una persona sentada y luego a una pareja caminando juntos con una mujer empujando la silla de ruedas del hombre.\n* En Oficina 2, se detectaron un total de 14 personas, mayoría sentadas o de pie.\n\nNo hubo incidentes graves ni caídas reportados en cualquier zona.']",0.3181818181818635
¿Cuántas personas hay exactamente en la zona de Recepción en este momento?,"Según el análisis, no hay personas detectadas en la zona de Recepción en este momento.",Hay seis personas,0.7567958988725426,0.0,300w_WithTrack,system,"[""En la zona 'Recepcion': [YOLO]: Estado: Se han detectado 2 persona(s). Persona 1: Persona de pie (predicción con poca confianza) Persona 2: Persona sentada | [VLM]: - Sujeto ID_1 (Caja AZUL): Historial -> Persona de pie (predicción con poca confianza) ALTA FIABILIDAD: Presencia humana confirmada por ambos modelos.. Se ha detectado actividad humana."", ""En la zona 'Recepcion': [YOLO]: Estado: Se han detectado 5 persona(s). Persona 1: Persona de pie (predicción con poca confianza) Persona 2: Persona sentada Persona 3: Persona sentada Persona 4: Persona sentada Persona 5: Persona sentada | [VLM]: - Sujeto ID_1 (Caja AZUL): Historial -> Persona de pie (predicción con poca confianza) \n- Sujeto ID_2 (Caja VERDE): Historial -> Persona sentada \n- Sujeto ID_3 (Caja AMARILLA): Historial -> Persona sentada ALTA FIABILIDAD: Presencia humana confirmada por ambos modelos.. Se ha detectado actividad humana."", ""En la zona 'Recepcion': [YOLO]: Estado: Se han detectado 1 persona(s). Persona 6: Persona sentada | [VLM]: [MEMORIA A CORTO PLAZO]:\n - Sujeto ID_6 (Caja AZUL): Historial -> Persona sentada ALTA FIABILIDAD: Presencia humana confirmada por ambos modelos.. Se ha detectado actividad humana."", ""En la zona 'Recepcion': [YOLO]: Estado: Se han detectado 1 persona(s). Persona 8: Persona sentada | [VLM]: [MEMORIA A CORTO PLAZO]:\n - Sujeto ID_8 (Caja AMARILLA): Historial -> Persona sentada ALTA FIABILIDAD: Presencia humana confirmada por ambos modelos.. Se ha detectado actividad humana."", ""En la zona 'Recepcion': [YOLO]: Estado: Se han detectado 1 persona(s). Persona 12: Persona de pie (predicción con poca confianza) | [VLM]: [MEMORIA A CORTO PLAZO]:\n - Sujeto ID_12 (CajaVERDE): Historial -> Persona de pie o caminando ALTA FIABILIDAD: Presencia humana confirmada por ambos modelos.. Se ha detectado actividad humana."", ""En la zona 'Recepcion': [YOLO]: Estado: Se han detectado 2 persona(s). Persona 1: Persona sentada Persona 2: Persona sentada | [VLM]: - Sujeto ID_1 (Caja AZUL): Historial -> Persona de pie (predicción con poca confianza) \n - Sujeto ID_2 (Caja VERDE): Historial -> Persona sentada ALTA FIABILIDAD: Presencia humana confirmada por ambos modelos.. Se ha detectado actividad humana."", ""En la zona 'Recepcion': [YOLO]: Estado: Se han detectado 1 persona(s). Persona 20: Persona sentada | [VLM]: [MEMORIA A CORTO PLAZO]:\n - Sujeto ID_20 (Caja ROJA): Historial -> Persona sentada ALTA FIABILIDAD: Presencia humana confirmada por ambos modelos.. Se ha detectado actividad humana."", ""En la zona 'Recepcion': [YOLO]: Estado: Se han detectado 1 persona(s). Persona 20: Persona de pie (predicción con poca confianza) | [VLM]: [MEMORIA A CORTO PLAZO]:\n - Sujeto ID_20 (Caja ROJA): Historial -> Persona sentada ALTA FIABILIDAD: Presencia humana confirmada por ambos modelos.. Se ha detectado actividad humana."", ""En la zona 'Recepcion': [YOLO]: Estado: Se han detectado 1 persona(s). Persona 1: Persona sentada | [VLM]: [MEMORIA A CORTO PLAZO]:\n - Sujeto ID_1 (Caja AZUL): Historial -> Persona de pie o caminando ALTA FIABILIDAD: Presencia humana confirmada por ambos modelos.. Se ha detectado actividad humana."", ""En la zona 'Recepcion': [YOLO]: Estado: Se han detectado 1 persona(s). Persona 1: Persona de pie (predicción con poca confianza) | [VLM]: [MEMORIA A CORTO PLAZO]:\n - Sujeto ID_1 (Caja AZUL): Historial -> Persona sentada \n - Sujeto ID_2 (Caja AZUL): Historial -> persona no sentado. ALTA FIABILIDAD: Presencia humana confirmada por ambos modelos.. Se ha detectado actividad humana."", ""En la zona 'Recepcion': [YOLO]: Estado: Se han detectado 1 persona(s). Persona 1: Persona sentada | [VLM]: [MEMORIA A CORTO PLAZO]:\n - Sujeto ID_1 (Caja AZUL): Historial -> Persona sentada ALTA FIABILIDAD: Presencia humana confirmada por ambos modelos.. Se ha detectado actividad humana."", ""En la zona 'Recepcion': [YOLO]: Estado: Se han detectado 2 persona(s). Persona 1: Persona sentada Persona 2: Persona sentada | [VLM]: - Sujeto ID_1 (Caja AZUL): Historial -> Persona de pie (predicción con poca confianza) \n- Sujeto ID_2 (Caja VERDE): Historial -> Persona de pie o caminando ALTA FIABILIDAD: Presencia humana confirmada por ambos modelos.. Se ha detectado actividad humana."", ""En la zona 'Recepcion': [YOLO]: Estado: Se han detectado 1 persona(s). Persona 28: Persona de pie (predicción con poca confianza) | [VLM]: [MEMORIA A CORTO PLAZO]:\n - Sujeto ID_28 (Caja AMARILLA): Historial -> Persona de pie (predicción con poca confianza) ALTA FIABILIDAD: Presencia humana confirmada por ambos modelos.. Se ha detectado actividad humana."", ""En la zona 'Recepcion': [YOLO]: Estado: Se han detectado 1 persona(s). Persona 28: Persona sentada | [VLM]: [MEMORIA A CORTO PLAZO]:\n - Sujeto ID_28 (Caja AMARILLA): Historial -> Persona de pie (predicción con poca confianza) ALTA FIABILIDAD: Presencia humana confirmada por ambos modelos.. Se ha detectado actividad humana."", ""La zona 'Escaleras 1' está despejada, sin eventos ni personas."", ""En la zona 'Almacén 1': [YOLO]: Estado: Se han detectado 1 persona(s). Persona 1: Persona sentada | [VLM]: [MEMORIA A CORTO PLAZO]:\n - Sujeto ID_1 (Caja AZUL): Historial -> Persona sentada ALTA FIABILIDAD: Presencia humana confirmada por ambos modelos.. Se ha detectado actividad humana."", ""En la zona 'Almacén 1': [YOLO]: Estado: Se han detectado 1 persona(s). Persona 32: Persona sentada | [VLM]: [MEMORIA A CORTO PLAZO]:\n - Sujeto ID_32 (CajaVERDE): Historial -> Persona sentada ALTA FIABILIDAD: Presencia humana confirmada por ambos modelos.. Se ha detectado actividad humana."", ""En la zona 'Almacén 1': [YOLO]: Estado: Se han detectado 1 persona(s). Persona 32: Persona sentada | [VLM]: [MEMORIA A CORTO PLAZO]:\n - Sujeto ID_32 (CajaVERDE): Historial -> Persona sentada ALTA FIABILIDAD: Presencia humana confirmada por ambos modelos.. Se ha detectado actividad humana."", ""En la zona 'Almacén 1': [YOLO]: Estado: Se han detectado 2 persona(s). Persona 1: Persona sentada Persona 2: Persona sentada | [VLM]: - Sujeto ID_1 (Caja AZUL): Historial -> Persona sentada \n - Sujeto ID_2 (Caja VERDE): Historial -> Persona sentada ALTA FIABILIDAD: Presencia humana confirmada por ambos modelos.. Se ha detectado actividad humana."", ""En la zona 'Habitación Individual 1': [YOLO]: Estado: Se han detectado 1 persona(s). Persona 1: Persona de pie (predicción con poca confianza) | [VLM]: [MEMORIA A CORTO PLAZO]:\n - Sujeto ID_1 (Caja AZUL): Historial -> Persona sentada | Persona sentada | persona de pie (predicción con poca confianza) ALTA FIABILIDAD: Presencia humana confirmada por ambos modelos.. Se ha detectado actividad humana."", ""En la zona 'Habitación Individual 1': [YOLO]: Estado: Se han detectado 1 persona(s). Persona 1: Persona de pie (predicción con poca confianza) | [VLM]: [MEMORIA A CORTO PLAZO]:\n - Sujeto ID_1 (Caja AZUL): Historial -> Persona sentada ALTA FIABILIDAD: Presencia humana confirmada por ambos modelos.. Se ha detectado actividad humana."", ""En la zona 'Habitación Individual 1': [YOLO]: Estado: Se han detectado 1 persona(s). Persona 36: Persona de pie (predicción con poca confianza) | [VLM]: [MEMORIA A CORTO PLAZO]:\n - Sujeto ID_36 (Caja AZUL): Historial -> Persona de pie (predicción con poca confianza) ALTA FIABILIDAD: Presencia humana confirmada por ambos modelos.. Se ha detectado actividad humana."", ""En la zona 'Habitación Individual 1': [YOLO]: Estado: Se han detectado 1 persona(s). Persona 36: Persona de pie (predicción con poca confianza) | [VLM]: [MEMORIA A CORTO PLAZO]:\n - Sujeto ID_36 (Caja AZUL): Historial -> Persona de pie (predicción con poca confianza) ALTA FIABILIDAD: Presencia humana confirmada por ambos modelos.. Se ha detectado actividad humana."", ""En la zona 'Habitación Individual 2': [YOLO]: Estado: Se han detectado 1 persona(s). Persona 1: Persona de pie (predicción con poca confianza) | [VLM]: 1. Descubre el sujeto ID_1 (Caja AZUL): Es una zona de tipo Privada y pacientes. En esta zona puede que veas gente descansar en cama, recibir tratamiento. ALTA FIABILIDAD: Presencia humana confirmada por ambos modelos.. Se ha detectado actividad humana."", ""En la zona 'Habitación Individual 2': [YOLO]: Estado: Se han detectado 1 persona(s). Persona 1: Persona de pie (predicción con poca confianza) | [VLM]: 1. Sujeto ID_1 (Caja AZUL): Historial \n 2. Sujeto ID_2 (Caja AZUL): Historial \n 3. Sujeto ID_3 (Caja AZUL): Historial \n 4. Sujeto ID_4 (Caja AZUL): Historial ALTA FIABILIDAD: Presencia humana confirmada por ambos modelos.. Se ha detectado actividad humana."", ""En la zona 'Oficina 1': [YOLO]: Estado: Se han detectado 1 persona(s). Persona 1: Persona de pie (predicción con poca confianza) | [VLM]: [MEMORIA A CORTO PLAZO]:\n - Sujeto ID_1 (Caja AZUL): Historial -> Persona de pie (predicción con poca confianza) ALTA FIABILIDAD: Presencia humana confirmada por ambos modelos.. Se ha detectado actividad humana."", ""En la zona 'Oficina 1': [YOLO]: Estado: Se han detectado 2 persona(s). Persona 1: Persona de pie (predicción con poca confianza) Persona 2: Persona sentada | [VLM]: - Sujeto ID_1 (Caja AZUL): Historial -> Persona de pie (predicción con poca confianza) \n - Sujeto ID_2 (Caja VERDE): Historial -> Persona sentada ALTA FIABILIDAD: Presencia humana confirmada por ambos modelos.. Se ha detectado actividad humana."", ""En la zona 'Oficina 1': [YOLO]: Estado: Se han detectado 2 persona(s). Persona 1: Persona sentada Persona 2: Persona sentada | [VLM]: - Sujeto ID_1 (Caja AZUL): Historial -> Persona de pie (predicción con poca confianza) | Persona de pie o caminando ALTA FIABILIDAD: Presencia humana confirmada por ambos modelos.. Se ha detectado actividad humana."", ""En la zona 'Baño 1': [YOLO]: Estado: Se han detectado 1 persona(s). Persona 1: Persona de pie (predicción con poca confianza) | [VLM]: [MEMORIA A CORTO PLAZO]:\n - Sujeto ID_1 (Caja AZUL): Historial -> Persona sentada \n - Sujeto ID_2 (Caja AZUL): Historial -> persona de cualquier sujeto que se convirtió en la imagen. ALTA FIABILIDAD: Presencia humana confirmada por ambos modelos.. Se ha detectado actividad humana."", ""En la zona 'Baño 1': [YOLO]: Estado: Se han detectado 1 persona(s). Persona 1: Persona de pie (predicción con poca confianza) | [VLM]: 1. Sujeto ID_1 (Caja AZUL): Historial -> Persona de pie o caminando ALTA FIABILIDAD: Presencia humana confirmada por ambos modelos.. Se ha detectado actividad humana."", ""En la zona 'Habitación Compartida 1': [YOLO]: Estado: Se han detectado 2 persona(s). Persona 1: Persona de pie (predicción con poca confianza) Persona 2: Persona sentada o torso visible (predicción con poca confianza) | [VLM]: - Sujeto ID_1 (Caja AZUL): Historial -> Persona de pie (predicción con puca confianza) \n - Sujeto ID_2 (Caja VERDE): Historial -> Persona sentada o torso visible ALTA FIABILIDAD: Presencia humana confirmada por ambos modelos.. Se ha detectado actividad humana."", ""La zona 'Quirófano 1' está despejada, sin eventos ni personas."", ""En la zona 'Habitación Compartida 3': [YOLO]: Estado: Se han detectado 1 persona(s). Persona 1: Persona de pie (predicción con poca confianza) | [VLM]: [MEMORIA A CORTO PLAZO]:\n - Sujeto ID_1 (Caja AZUL): Historial -> Persona de pie (predicción con puca confianza) ALTA FIABILIDAD: Presencia humana confirmada por ambos modelos.. Se ha detectado actividad humana."", ""En la zona 'Habitación Compartida 3': [YOLO]: Estado: Se han detectado 1 persona(s). Persona 1: Persona de pie (predicción con poca confianza) | [VLM]: [MEMORIA A CORTO PLAZO]:\n - Sujeto ID_1 (Caja AZUL): Historial -> Persona de pie o caminando ALTA FIABILIDAD: Presencia humana confirmada por ambos modelos.. Se ha detectado actividad humana."", ""En la zona 'Habitación Compartida 2': [YOLO]: Estado: Se han detectado 1 persona(s). Persona 1: Persona de pie (predicción con poca confianza) | [VLM]: [MEMORIA A CORTO PLAZO]:\n - Sujeto ID_1 (Caja AZUL): Historial -> Persona de pie (predicción con puca confianza) ALTA FIABILIDAD: Presencia humana confirmada por ambos modelos.. Se ha detectado actividad humana."", ""En la zona 'Sala Común': [YOLO]: Estado: Se han detectado 1 persona(s). Persona 58: Persona de pie (predicción con poca confianza) | [VLM]: [MEMORIA A CORTO PLAZO]:\n - Sujeto ID_58 (Caja AMARILLA): Historial -> Persona de pie o caminando ALTA FIABILIDAD: Presencia humana confirmada por ambos modelos.. Se ha detectado actividad humana."", ""En la zona 'Sala Común': [YOLO]: Estado: Se han detectado 1 persona(s). Persona 1: Persona de pie (predicción con poca confianza) | [VLM]: [MEMORIA A CORTO PLAZO]:\n - Sujeto ID_1 (Caja AZUL): Historial -> Persona de pie (predicción con puca confianza) ALTA FIABILIDAD: Presencia humana confirmada por ambos modelos.. Se ha detectado actividad humana."", ""En la zona 'Quirófano 2': [YOLO]: Estado: Se han detectado 1 persona(s). Persona 1: Persona sentada | [VLM]: [MEMORIA A CORTO PLAZO]:\n - Sujeto ID_1 (Caja AZUL): Historial -> Persona de pie o caminando ALTA FIABILIDAD: Presencia humana confirmada por ambos modelos.. Se ha detectado actividad humana."", ""En la zona 'Quirófano 2': [YOLO]: Estado: Se han detectado 1 persona(s). Persona 1: Persona de pie (predicción con poca confianza) | [VLM]: [MEMORIA A CORTO PLAZO]:\n - Sujeto ID_1 (Caja AZUL): Historial -> Persona de pie (predicción con puca confianza) ALTA FIABILIDAD: Presencia humana confirmada por ambos modelos.. Se ha detectado actividad humana."", ""En la zona 'Quirófano 2': [YOLO]: Estado: Se han detectado 1 persona(s). Persona 1: Persona de pie (predicción con poca confianza) | [VLM]: [MEMORIA A CORTO PLAZO]:\n - Sujeto ID_1 (Caja AZUL): Historial -> Persona sentada ALTA FIABILIDAD: Presencia humana confirmada por ambos modelos.. Se ha detectado actividad humana."", ""En la zona 'Quirófano 2': [YOLO]: Estado: Se han detectado 3 persona(s). Persona 1: Persona de pie (predicción con poca confianza) Persona 2: Persona de pie (predicción con poca confianza) Persona 3: Persona de pie (predicción con poca confianza) | [VLM]: - Sujeto ID_1 (Caja AZUL): Historial -> Persona de pie (predicción con puca confianza) \n - Sujeto ID_2 (Caja VERDE): Historial -> Persona sentada o torso visible \n - Sujeto ID_3 (Caja AMARILLA): Historial -> Persona de pie o caminando ALTA FIABILIDAD: Presencia humana confirmada por ambos modelos.. Se ha detectado actividad humana."", ""En la zona 'Quirófano 2': [YOLO]: Estado: Se han detectado 2 persona(s). Persona 65: Persona de pie (predicción con poca confianza) Persona 66: Persona de pie (predicción con poca confianza) | [VLM]: - Sujeto ID_65 (Caja ROJA): Historial -> Persona de pie (predicción con poca confianza) ALTA FIABILIDAD: Presencia humana confirmada por ambos modelos.. Se ha detectado actividad humana."", ""En la zona 'Quirófano 2': [YOLO]: Estado: Se han detectado 1 persona(s). Persona 68: Persona sentada | [VLM]: [MEMORIA A CORTO PLAZO]:\n - Sujeto ID_68 (Caja AMARILLA): Historial -> Persona sentada ALTA FIABILIDAD: Presencia humana confirmada por ambos modelos.. Se ha detectado actividad humana."", ""En la zona 'Habitación Compartida 4': [YOLO]: Estado: Se han detectado 1 persona(s). Persona 1: Persona de pie (predicción con poca confianza) | [VLM]: [MEMORIA A CORTO PLAZO]:\n - Sujeto ID_1 (Caja AZUL): Historial -> Persona de pie (predicción con puca confianza) ALTA FIABILIDAD: Presencia humana confirmada por ambos modelos.. Se ha detectado actividad humana."", ""En la zona 'Habitación Compartida 4': [YOLO]: Estado: Se han detectado 2 persona(s). Persona 1: Persona de pie (predicción con poca confianza) Persona 2: Persona de pie (predicción con poca confianza) | [VLM]: - Sujeto ID_1 (Caja AZUL): Historial -> Persona de pie o caminando \n - Sujeto ID_2 (Caja VERDE): Historial -> Persona de pie o caminando ALTA FIABILIDAD: Presencia humana confirmada por ambos modelos.. Se ha detectado actividad humana."", ""En la zona 'Baño 2': [YOLO]: Estado: Se han detectado 1 persona(s). Persona 1: Persona de pie (predicción con poca confianza) | [VLM]: 1. Sujeto ID_1 (Caja AZUL): Historial -> Persona de pie (predicción con puca confianza) ALTA FIABILIDAD: Presencia humana confirmada por ambos modelos.. Se ha detectado actividad humana."", ""En la zona 'Baño 2': [YOLO]: Estado: Se han detectado 1 persona(s). Persona 1: Persona sentada | [VLM]: [MEMORIA A CORTO PLAZO]:\n - Sujeto ID_1 (Caja AZUL): Historial -> Persona de pie (predicción con puca confianza) \n - Sujeto ID_2 (Caja AZUL): Historial -> persona de pie (predicción con puca confianza) ALTA FIABILIDAD: Presencia humana confirmada por ambos modelos.. Se ha detectado actividad humana."", ""En la zona 'Baño 2': [YOLO]: Estado: Se han detectado 1 persona(s). Persona 1: Persona de pie (predicción con poca confianza) | [VLM]: [MEMORIA A CORTO PLAZO]:\n - Sujeto ID_1 (Caja AZUL): Historial -> Persona de pie o caminando ALTA FIABILIDAD: Presencia humana confirmada por ambos modelos.. Se ha detectado actividad humana."", ""En la zona 'Habitación Compartida 5': [YOLO]: Estado: Se han detectado 1 persona(s). Persona 76: Persona sentada | [VLM]: [MEMORIA A CORTO PLAZO]:\n - Sujeto ID_76 (Caja AZUL): Historial -> Persona sentada ALTA FIABILIDAD: Presencia humana confirmada por ambos modelos.. Se ha detectado actividad humana."", ""En la zona 'Habitación Compartida 5': [YOLO]: Estado: Se han detectado 1 persona(s). Persona 76: Persona sentada | [VLM]: [MEMORIA A CORTO PLAZO]:\n - Sujeto ID_76 (Caja AZUL): Historial -> Persona sentada ALTA FIABILIDAD: Presencia humana confirmada por ambos modelos.. Se ha detectado actividad humana."", ""En la zona 'Habitación Compartida 5': [YOLO]: Estado: Se han detectado 1 persona(s). Persona 76: Persona sentada | [VLM]: [MEMORIA A CORTO PLAZO]:\n - Sujeto ID_76 (Caja AZUL): Historial -> Persona de pie o caminando ALTA FIABILIDAD: Presencia humana confirmada por ambos modelos.. Se ha detectado actividad humana."", ""En la zona 'Oficina 2': [YOLO]: Estado: Se han detectado 1 persona(s). Persona 76: Persona sentada | [VLM]: [MEMORIA A CORTO PLAZO]:\n - Sujeto ID_76 (Caja AZUL): Historial -> Persona sentada ALTA FIABILIDAD: Presencia humana confirmada por ambos modelos.. Se ha detectado actividad humana."", ""En la zona 'Oficina 2': [YOLO]: Estado: Se han detectado 1 persona(s). Persona 79: Persona sentada | [VLM]: [MEMORIA A CORTO PLAZO]:\n - Sujeto ID_79 (Caja MAGENTA): Historial -> Persona sentada ALTA FIABILIDAD: Presencia humana confirmada por ambos modelos.. Se ha detectado actividad humana."", ""En la zona 'Oficina 2': [YOLO]: Estado: Se han detectado 1 persona(s). Persona 79: Persona sentada | [VLM]: [MEMORIA A CORTO PLAZO]:\n - Sujeto ID_79 (Caja MAGENTA): Historial -> Persona sentada ALTA FIABILIDAD: Presencia humana confirmada por ambos modelos.. Se ha detectado actividad humana."", ""En la zona 'Oficina 2': [YOLO]: Estado: Se han detectado 2 persona(s). Persona 1: Persona de pie (predicción con poca confianza) Persona 2: Persona de pie (predicción con poca confianza) | [VLM]: - Sujeto ID_1 (Caja AZUL): Historial -> Persona de pie (predicción con puca confianza) \n- Sujeto ID_2 (Caja VERDE): Historial -> Persona de pie (predicción con puca confianza) ALTA FIABILIDAD: Presencia humana confirmada por ambos modelos.. Se ha detectado actividad humana."", ""En la zona 'Oficina 2': [YOLO]: Estado: Se han detectado 1 persona(s). Persona 1: Persona sentada | [VLM]: [MEMORIA A CORTO PLAZO]:\n - Sujeto ID_1 (Caja AZUL): Historial -> Persona de pie o caminando ALTA FIABILIDAD: Presencia humana confirmada por ambos modelos.. Se ha detectado actividad humana."", ""En la zona 'Oficina 2': [YOLO]: Estado: Se han detectado 1 persona(s). Persona 84: Persona de pie (predicción con poca confianza) | [VLM]: [MEMORIA A CORTO PLAZO]:\n - Sujeto ID_84 (Caja MAGENTA): Historial -> Persona de pie (predicción con poca confianza) ALTA FIABILIDAD: Presencia humana confirmada por ambos modelos.. Se ha detectado actividad humana."", ""En la zona 'Oficina 2': [YOLO]: Estado: Se han detectado 1 persona(s). Persona 85: Persona sentada | [VLM]: [MEMORIA A CORTO PLAZO]:\n - Sujeto ID_85 (Caja ROJA): Historial -> Persona sentada ALTA FIABILIDAD: Presencia humana confirmada por ambos modelos.. Se ha detectado actividad humana."", ""En la zona 'Oficina 2': [YOLO]: Estado: Se han detectado 1 persona(s). Persona 85: Persona sentada | [VLM]: [MEMORIA A CORTO PLAZO]:\n - Sujeto ID_85 (Caja ROJA): Historial -> Persona sentada ALTA FIABILIDAD: Presencia humana confirmada por ambos modelos.. Se ha detectado actividad humana."", ""En la zona 'Oficina 2': [YOLO]: Estado: Se han detectado 1 persona(s). Persona 85: Persona sentada | [VLM]: [MEMORIA A CORTO PLAZO]:\n - Sujeto ID_85 (Caja ROJA): Historial -> Persona sentada ALTA FIABILIDAD: Presencia humana confirmada por ambos modelos.. Se ha detectado actividad humana."", ""En la zona 'Oficina 2': [YOLO]: Estado: Se han detectado 2 persona(s). Persona 85: Persona sentada Persona 87: Persona sentada | [VLM]: - Sujeto ID_85 (Caja ROJA): Historial -> Persona sentada \n - Sujeto ID_87 (Caja VERDE): Historial -> Persona sentada ALTA FIABILIDAD: Presencia humana confirmada por ambos modelos.. Se ha detectado actividad humana."", ""En la zona 'Oficina 2': [YOLO]: Estado: Se han detectado 3 persona(s). Persona 85: Persona sentada Persona 87: Persona sentada Persona 88: Persona sentada | [VLM]: - Sujeto ID_85 (Caja ROJA): Historial -> Persona sentada | persona sentada | persona sentada ALTA FIABILIDAD: Presencia humana confirmada por ambos modelos.. Se ha detectado actividad humana."", ""En la zona 'Oficina 2': [YOLO]: Estado: Se han detectado 2 persona(s). Persona 87: Persona sentada Persona 88: Persona sentada | [VLM]: - Sujeto ID_87 (Caja VERDE): Historial -> Persona sentada | persona sentada | persona sentada ALTA FIABILIDAD: Presencia humana confirmada por ambos modelos.. Se ha detectado actividad humana."", ""La zona 'Habitación Individual 3' está despejada, sin eventos ni personas."", ""En la zona 'Habitación Individual 4': [YOLO]: Estado: Se han detectado 1 persona(s). Persona 1: Persona sentada | [VLM]: [MEMORIA A CORTO PLAZO]:\n - Sujeto ID_1 (Caja AZUL): Historial -> Persona de pie o caminando \n - Sujeto ID_2 (Caja AZUL): Historial -> persona sentada ALTA FIABILIDAD: Presencia humana confirmada por ambos modelos.. Se ha detectado actividad humana."", ""En la zona 'Almacén 2': [YOLO]: Estado: Se han detectado 1 persona(s). Persona 1: Persona de pie (predicción con poca confianza) | [VLM]: [MEMORIA A CORTO PLAZO]:\n - Sujeto ID_1 (Caja AZUL): Historial -> Persona de pie o caminando ALTA FIABILIDAD: Presencia humana confirmada por ambos modelos.. Se ha detectado actividad humana."", ""En la zona 'Almacén 2': [YOLO]: Estado: Se han detectado 2 persona(s). Persona 1: Persona sentada Persona 2: Persona sentada | [VLM]: - Sujeto ID_1 (Caja AZUL): Historial -> Persona sentada | persona de pie (predicción con poca confianza) ALTA FIABILIDAD: Presencia humana confirmada por ambos modelos.. Se ha detectado actividad humana."", ""La zona 'Escaleras 2' está despejada, sin eventos ni personas.""]",,300w_WithTrack,short,,
¿Hay alguna persona presente en la Habitación Individual 1 o se encuentra vacía?,"No hay eventos recientes registrados en la Habitación Individual 1, por lo que no se puede determinar si está ocupada o vacía.",No hay nadie en la Habitación Individual 1,0.7752159971259975,0.6647492636679804,300w_WithTrack,system,"[""En la zona 'Habitación Individual 1': [YOLO]: Estado: Se han detectado 1 persona(s). Persona 1: Persona de pie (predicción con poca confianza) | [VLM]: [MEMORIA A CORTO PLAZO]:\n - Sujeto ID_1 (Caja AZUL): Historial -> Persona sentada | Persona sentada | persona de pie (predicción con poca confianza) ALTA FIABILIDAD: Presencia humana confirmada por ambos modelos.. Se ha detectado actividad humana."", ""En la zona 'Habitación Individual 1': [YOLO]: Estado: Se han detectado 1 persona(s). Persona 1: Persona de pie (predicción con poca confianza) | [VLM]: [MEMORIA A CORTO PLAZO]:\n - Sujeto ID_1 (Caja AZUL): Historial -> Persona sentada ALTA FIABILIDAD: Presencia humana confirmada por ambos modelos.. Se ha detectado actividad humana."", ""En la zona 'Habitación Individual 1': [YOLO]: Estado: Se han detectado 1 persona(s). Persona 36: Persona de pie (predicción con poca confianza) | [VLM]: [MEMORIA A CORTO PLAZO]:\n - Sujeto ID_36 (Caja AZUL): Historial -> Persona de pie (predicción con poca confianza) ALTA FIABILIDAD: Presencia humana confirmada por ambos modelos.. Se ha detectado actividad humana."", ""En la zona 'Habitación Individual 1': [YOLO]: Estado: Se han detectado 1 persona(s). Persona 36: Persona de pie (predicción con poca confianza) | [VLM]: [MEMORIA A CORTO PLAZO]:\n - Sujeto ID_36 (Caja AZUL): Historial -> Persona de pie (predicción con poca confianza) ALTA FIABILIDAD: Presencia humana confirmada por ambos modelos.. Se ha detectado actividad humana.""]",0.0,300w_WithTrack,short,,
¿El pasillo está completamente vacío o hay personas transitando por él?,"Según el análisis, no hay eventos recientes registrados en el rango temporal del Pasillo 2. Por lo tanto, no se puede determinar si el pasillo está completamente vacío o hay personas transitando por él. No hay alertas de presencia humana confirmada en ese rango temporal.","Hay varias personas, una caminando, otra corriendo y una trabajadora del hospital llevando a un paciente en silla de ruedas",0.3072358311851011,0.0,300w_WithTrack,system,"[""En la zona 'Recepcion': [YOLO]: Estado: Se han detectado 2 persona(s). Persona 1: Persona de pie (predicción con poca confianza) Persona 2: Persona sentada | [VLM]: - Sujeto ID_1 (Caja AZUL): Historial -> Persona de pie (predicción con poca confianza) ALTA FIABILIDAD: Presencia humana confirmada por ambos modelos.. Se ha detectado actividad humana."", ""En la zona 'Recepcion': [YOLO]: Estado: Se han detectado 5 persona(s). Persona 1: Persona de pie (predicción con poca confianza) Persona 2: Persona sentada Persona 3: Persona sentada Persona 4: Persona sentada Persona 5: Persona sentada | [VLM]: - Sujeto ID_1 (Caja AZUL): Historial -> Persona de pie (predicción con poca confianza) \n- Sujeto ID_2 (Caja VERDE): Historial -> Persona sentada \n- Sujeto ID_3 (Caja AMARILLA): Historial -> Persona sentada ALTA FIABILIDAD: Presencia humana confirmada por ambos modelos.. Se ha detectado actividad humana."", ""En la zona 'Recepcion': [YOLO]: Estado: Se han detectado 1 persona(s). Persona 6: Persona sentada | [VLM]: [MEMORIA A CORTO PLAZO]:\n - Sujeto ID_6 (Caja AZUL): Historial -> Persona sentada ALTA FIABILIDAD: Presencia humana confirmada por ambos modelos.. Se ha detectado actividad humana."", ""En la zona 'Recepcion': [YOLO]: Estado: Se han detectado 1 persona(s). Persona 8: Persona sentada | [VLM]: [MEMORIA A CORTO PLAZO]:\n - Sujeto ID_8 (Caja AMARILLA): Historial -> Persona sentada ALTA FIABILIDAD: Presencia humana confirmada por ambos modelos.. Se ha detectado actividad humana."", ""En la zona 'Recepcion': [YOLO]: Estado: Se han detectado 1 persona(s). Persona 12: Persona de pie (predicción con poca confianza) | [VLM]: [MEMORIA A CORTO PLAZO]:\n - Sujeto ID_12 (CajaVERDE): Historial -> Persona de pie o caminando ALTA FIABILIDAD: Presencia humana confirmada por ambos modelos.. Se ha detectado actividad humana."", ""En la zona 'Recepcion': [YOLO]: Estado: Se han detectado 2 persona(s). Persona 1: Persona sentada Persona 2: Persona sentada | [VLM]: - Sujeto ID_1 (Caja AZUL): Historial -> Persona de pie (predicción con poca confianza) \n - Sujeto ID_2 (Caja VERDE): Historial -> Persona sentada ALTA FIABILIDAD: Presencia humana confirmada por ambos modelos.. Se ha detectado actividad humana."", ""En la zona 'Recepcion': [YOLO]: Estado: Se han detectado 1 persona(s). Persona 20: Persona sentada | [VLM]: [MEMORIA A CORTO PLAZO]:\n - Sujeto ID_20 (Caja ROJA): Historial -> Persona sentada ALTA FIABILIDAD: Presencia humana confirmada por ambos modelos.. Se ha detectado actividad humana."", ""En la zona 'Recepcion': [YOLO]: Estado: Se han detectado 1 persona(s). Persona 20: Persona de pie (predicción con poca confianza) | [VLM]: [MEMORIA A CORTO PLAZO]:\n - Sujeto ID_20 (Caja ROJA): Historial -> Persona sentada ALTA FIABILIDAD: Presencia humana confirmada por ambos modelos.. Se ha detectado actividad humana."", ""En la zona 'Recepcion': [YOLO]: Estado: Se han detectado 1 persona(s). Persona 1: Persona sentada | [VLM]: [MEMORIA A CORTO PLAZO]:\n - Sujeto ID_1 (Caja AZUL): Historial -> Persona de pie o caminando ALTA FIABILIDAD: Presencia humana confirmada por ambos modelos.. Se ha detectado actividad humana."", ""En la zona 'Recepcion': [YOLO]: Estado: Se han detectado 1 persona(s). Persona 1: Persona de pie (predicción con poca confianza) | [VLM]: [MEMORIA A CORTO PLAZO]:\n - Sujeto ID_1 (Caja AZUL): Historial -> Persona sentada \n - Sujeto ID_2 (Caja AZUL): Historial -> persona no sentado. ALTA FIABILIDAD: Presencia humana confirmada por ambos modelos.. Se ha detectado actividad humana."", ""En la zona 'Recepcion': [YOLO]: Estado: Se han detectado 1 persona(s). Persona 1: Persona sentada | [VLM]: [MEMORIA A CORTO PLAZO]:\n - Sujeto ID_1 (Caja AZUL): Historial -> Persona sentada ALTA FIABILIDAD: Presencia humana confirmada por ambos modelos.. Se ha detectado actividad humana."", ""En la zona 'Recepcion': [YOLO]: Estado: Se han detectado 2 persona(s). Persona 1: Persona sentada Persona 2: Persona sentada | [VLM]: - Sujeto ID_1 (Caja AZUL): Historial -> Persona de pie (predicción con poca confianza) \n- Sujeto ID_2 (Caja VERDE): Historial -> Persona de pie o caminando ALTA FIABILIDAD: Presencia humana confirmada por ambos modelos.. Se ha detectado actividad humana."", ""En la zona 'Recepcion': [YOLO]: Estado: Se han detectado 1 persona(s). Persona 28: Persona de pie (predicción con poca confianza) | [VLM]: [MEMORIA A CORTO PLAZO]:\n - Sujeto ID_28 (Caja AMARILLA): Historial -> Persona de pie (predicción con poca confianza) ALTA FIABILIDAD: Presencia humana confirmada por ambos modelos.. Se ha detectado actividad humana."", ""En la zona 'Recepcion': [YOLO]: Estado: Se han detectado 1 persona(s). Persona 28: Persona sentada | [VLM]: [MEMORIA A CORTO PLAZO]:\n - Sujeto ID_28 (Caja AMARILLA): Historial -> Persona de pie (predicción con poca confianza) ALTA FIABILIDAD: Presencia humana confirmada por ambos modelos.. Se ha detectado actividad humana."", ""La zona 'Escaleras 1' está despejada, sin eventos ni personas."", ""En la zona 'Almacén 1': [YOLO]: Estado: Se han detectado 1 persona(s). Persona 1: Persona sentada | [VLM]: [MEMORIA A CORTO PLAZO]:\n - Sujeto ID_1 (Caja AZUL): Historial -> Persona sentada ALTA FIABILIDAD: Presencia humana confirmada por ambos modelos.. Se ha detectado actividad humana."", ""En la zona 'Almacén 1': [YOLO]: Estado: Se han detectado 1 persona(s). Persona 32: Persona sentada | [VLM]: [MEMORIA A CORTO PLAZO]:\n - Sujeto ID_32 (CajaVERDE): Historial -> Persona sentada ALTA FIABILIDAD: Presencia humana confirmada por ambos modelos.. Se ha detectado actividad humana."", ""En la zona 'Almacén 1': [YOLO]: Estado: Se han detectado 1 persona(s). Persona 32: Persona sentada | [VLM]: [MEMORIA A CORTO PLAZO]:\n - Sujeto ID_32 (CajaVERDE): Historial -> Persona sentada ALTA FIABILIDAD: Presencia humana confirmada por ambos modelos.. Se ha detectado actividad humana."", ""En la zona 'Almacén 1': [YOLO]: Estado: Se han detectado 2 persona(s). Persona 1: Persona sentada Persona 2: Persona sentada | [VLM]: - Sujeto ID_1 (Caja AZUL): Historial -> Persona sentada \n - Sujeto ID_2 (Caja VERDE): Historial -> Persona sentada ALTA FIABILIDAD: Presencia humana confirmada por ambos modelos.. Se ha detectado actividad humana."", ""En la zona 'Habitación Individual 1': [YOLO]: Estado: Se han detectado 1 persona(s). Persona 1: Persona de pie (predicción con poca confianza) | [VLM]: [MEMORIA A CORTO PLAZO]:\n - Sujeto ID_1 (Caja AZUL): Historial -> Persona sentada | Persona sentada | persona de pie (predicción con poca confianza) ALTA FIABILIDAD: Presencia humana confirmada por ambos modelos.. Se ha detectado actividad humana."", ""En la zona 'Habitación Individual 1': [YOLO]: Estado: Se han detectado 1 persona(s). Persona 1: Persona de pie (predicción con poca confianza) | [VLM]: [MEMORIA A CORTO PLAZO]:\n - Sujeto ID_1 (Caja AZUL): Historial -> Persona sentada ALTA FIABILIDAD: Presencia humana confirmada por ambos modelos.. Se ha detectado actividad humana."", ""En la zona 'Habitación Individual 1': [YOLO]: Estado: Se han detectado 1 persona(s). Persona 36: Persona de pie (predicción con poca confianza) | [VLM]: [MEMORIA A CORTO PLAZO]:\n - Sujeto ID_36 (Caja AZUL): Historial -> Persona de pie (predicción con poca confianza) ALTA FIABILIDAD: Presencia humana confirmada por ambos modelos.. Se ha detectado actividad humana."", ""En la zona 'Habitación Individual 1': [YOLO]: Estado: Se han detectado 1 persona(s). Persona 36: Persona de pie (predicción con poca confianza) | [VLM]: [MEMORIA A CORTO PLAZO]:\n - Sujeto ID_36 (Caja AZUL): Historial -> Persona de pie (predicción con poca confianza) ALTA FIABILIDAD: Presencia humana confirmada por ambos modelos.. Se ha detectado actividad humana."", ""En la zona 'Habitación Individual 2': [YOLO]: Estado: Se han detectado 1 persona(s). Persona 1: Persona de pie (predicción con poca confianza) | [VLM]: 1. Descubre el sujeto ID_1 (Caja AZUL): Es una zona de tipo Privada y pacientes. En esta zona puede que veas gente descansar en cama, recibir tratamiento. ALTA FIABILIDAD: Presencia humana confirmada por ambos modelos.. Se ha detectado actividad humana."", ""En la zona 'Habitación Individual 2': [YOLO]: Estado: Se han detectado 1 persona(s). Persona 1: Persona de pie (predicción con poca confianza) | [VLM]: 1. Sujeto ID_1 (Caja AZUL): Historial \n 2. Sujeto ID_2 (Caja AZUL): Historial \n 3. Sujeto ID_3 (Caja AZUL): Historial \n 4. Sujeto ID_4 (Caja AZUL): Historial ALTA FIABILIDAD: Presencia humana confirmada por ambos modelos.. Se ha detectado actividad humana."", ""En la zona 'Oficina 1': [YOLO]: Estado: Se han detectado 1 persona(s). Persona 1: Persona de pie (predicción con poca confianza) | [VLM]: [MEMORIA A CORTO PLAZO]:\n - Sujeto ID_1 (Caja AZUL): Historial -> Persona de pie (predicción con poca confianza) ALTA FIABILIDAD: Presencia humana confirmada por ambos modelos.. Se ha detectado actividad humana."", ""En la zona 'Oficina 1': [YOLO]: Estado: Se han detectado 2 persona(s). Persona 1: Persona de pie (predicción con poca confianza) Persona 2: Persona sentada | [VLM]: - Sujeto ID_1 (Caja AZUL): Historial -> Persona de pie (predicción con poca confianza) \n - Sujeto ID_2 (Caja VERDE): Historial -> Persona sentada ALTA FIABILIDAD: Presencia humana confirmada por ambos modelos.. Se ha detectado actividad humana."", ""En la zona 'Oficina 1': [YOLO]: Estado: Se han detectado 2 persona(s). Persona 1: Persona sentada Persona 2: Persona sentada | [VLM]: - Sujeto ID_1 (Caja AZUL): Historial -> Persona de pie (predicción con poca confianza) | Persona de pie o caminando ALTA FIABILIDAD: Presencia humana confirmada por ambos modelos.. Se ha detectado actividad humana."", ""En la zona 'Baño 1': [YOLO]: Estado: Se han detectado 1 persona(s). Persona 1: Persona de pie (predicción con poca confianza) | [VLM]: [MEMORIA A CORTO PLAZO]:\n - Sujeto ID_1 (Caja AZUL): Historial -> Persona sentada \n - Sujeto ID_2 (Caja AZUL): Historial -> persona de cualquier sujeto que se convirtió en la imagen. ALTA FIABILIDAD: Presencia humana confirmada por ambos modelos.. Se ha detectado actividad humana."", ""En la zona 'Baño 1': [YOLO]: Estado: Se han detectado 1 persona(s). Persona 1: Persona de pie (predicción con poca confianza) | [VLM]: 1. Sujeto ID_1 (Caja AZUL): Historial -> Persona de pie o caminando ALTA FIABILIDAD: Presencia humana confirmada por ambos modelos.. Se ha detectado actividad humana."", ""En la zona 'Habitación Compartida 1': [YOLO]: Estado: Se han detectado 2 persona(s). Persona 1: Persona de pie (predicción con poca confianza) Persona 2: Persona sentada o torso visible (predicción con poca confianza) | [VLM]: - Sujeto ID_1 (Caja AZUL): Historial -> Persona de pie (predicción con puca confianza) \n - Sujeto ID_2 (Caja VERDE): Historial -> Persona sentada o torso visible ALTA FIABILIDAD: Presencia humana confirmada por ambos modelos.. Se ha detectado actividad humana."", ""La zona 'Quirófano 1' está despejada, sin eventos ni personas."", ""En la zona 'Habitación Compartida 3': [YOLO]: Estado: Se han detectado 1 persona(s). Persona 1: Persona de pie (predicción con poca confianza) | [VLM]: [MEMORIA A CORTO PLAZO]:\n - Sujeto ID_1 (Caja AZUL): Historial -> Persona de pie (predicción con puca confianza) ALTA FIABILIDAD: Presencia humana confirmada por ambos modelos.. Se ha detectado actividad humana."", ""En la zona 'Habitación Compartida 3': [YOLO]: Estado: Se han detectado 1 persona(s). Persona 1: Persona de pie (predicción con poca confianza) | [VLM]: [MEMORIA A CORTO PLAZO]:\n - Sujeto ID_1 (Caja AZUL): Historial -> Persona de pie o caminando ALTA FIABILIDAD: Presencia humana confirmada por ambos modelos.. Se ha detectado actividad humana."", ""En la zona 'Habitación Compartida 2': [YOLO]: Estado: Se han detectado 1 persona(s). Persona 1: Persona de pie (predicción con poca confianza) | [VLM]: [MEMORIA A CORTO PLAZO]:\n - Sujeto ID_1 (Caja AZUL): Historial -> Persona de pie (predicción con puca confianza) ALTA FIABILIDAD: Presencia humana confirmada por ambos modelos.. Se ha detectado actividad humana."", ""En la zona 'Sala Común': [YOLO]: Estado: Se han detectado 1 persona(s). Persona 58: Persona de pie (predicción con poca confianza) | [VLM]: [MEMORIA A CORTO PLAZO]:\n - Sujeto ID_58 (Caja AMARILLA): Historial -> Persona de pie o caminando ALTA FIABILIDAD: Presencia humana confirmada por ambos modelos.. Se ha detectado actividad humana."", ""En la zona 'Sala Común': [YOLO]: Estado: Se han detectado 1 persona(s). Persona 1: Persona de pie (predicción con poca confianza) | [VLM]: [MEMORIA A CORTO PLAZO]:\n - Sujeto ID_1 (Caja AZUL): Historial -> Persona de pie (predicción con puca confianza) ALTA FIABILIDAD: Presencia humana confirmada por ambos modelos.. Se ha detectado actividad humana."", ""En la zona 'Quirófano 2': [YOLO]: Estado: Se han detectado 1 persona(s). Persona 1: Persona sentada | [VLM]: [MEMORIA A CORTO PLAZO]:\n - Sujeto ID_1 (Caja AZUL): Historial -> Persona de pie o caminando ALTA FIABILIDAD: Presencia humana confirmada por ambos modelos.. Se ha detectado actividad humana."", ""En la zona 'Quirófano 2': [YOLO]: Estado: Se han detectado 1 persona(s). Persona 1: Persona de pie (predicción con poca confianza) | [VLM]: [MEMORIA A CORTO PLAZO]:\n - Sujeto ID_1 (Caja AZUL): Historial -> Persona de pie (predicción con puca confianza) ALTA FIABILIDAD: Presencia humana confirmada por ambos modelos.. Se ha detectado actividad humana."", ""En la zona 'Quirófano 2': [YOLO]: Estado: Se han detectado 1 persona(s). Persona 1: Persona de pie (predicción con poca confianza) | [VLM]: [MEMORIA A CORTO PLAZO]:\n - Sujeto ID_1 (Caja AZUL): Historial -> Persona sentada ALTA FIABILIDAD: Presencia humana confirmada por ambos modelos.. Se ha detectado actividad humana."", ""En la zona 'Quirófano 2': [YOLO]: Estado: Se han detectado 3 persona(s). Persona 1: Persona de pie (predicción con poca confianza) Persona 2: Persona de pie (predicción con poca confianza) Persona 3: Persona de pie (predicción con poca confianza) | [VLM]: - Sujeto ID_1 (Caja AZUL): Historial -> Persona de pie (predicción con puca confianza) \n - Sujeto ID_2 (Caja VERDE): Historial -> Persona sentada o torso visible \n - Sujeto ID_3 (Caja AMARILLA): Historial -> Persona de pie o caminando ALTA FIABILIDAD: Presencia humana confirmada por ambos modelos.. Se ha detectado actividad humana."", ""En la zona 'Quirófano 2': [YOLO]: Estado: Se han detectado 2 persona(s). Persona 65: Persona de pie (predicción con poca confianza) Persona 66: Persona de pie (predicción con poca confianza) | [VLM]: - Sujeto ID_65 (Caja ROJA): Historial -> Persona de pie (predicción con poca confianza) ALTA FIABILIDAD: Presencia humana confirmada por ambos modelos.. Se ha detectado actividad humana."", ""En la zona 'Quirófano 2': [YOLO]: Estado: Se han detectado 1 persona(s). Persona 68: Persona sentada | [VLM]: [MEMORIA A CORTO PLAZO]:\n - Sujeto ID_68 (Caja AMARILLA): Historial -> Persona sentada ALTA FIABILIDAD: Presencia humana confirmada por ambos modelos.. Se ha detectado actividad humana."", ""En la zona 'Habitación Compartida 4': [YOLO]: Estado: Se han detectado 1 persona(s). Persona 1: Persona de pie (predicción con poca confianza) | [VLM]: [MEMORIA A CORTO PLAZO]:\n - Sujeto ID_1 (Caja AZUL): Historial -> Persona de pie (predicción con puca confianza) ALTA FIABILIDAD: Presencia humana confirmada por ambos modelos.. Se ha detectado actividad humana."", ""En la zona 'Habitación Compartida 4': [YOLO]: Estado: Se han detectado 2 persona(s). Persona 1: Persona de pie (predicción con poca confianza) Persona 2: Persona de pie (predicción con poca confianza) | [VLM]: - Sujeto ID_1 (Caja AZUL): Historial -> Persona de pie o caminando \n - Sujeto ID_2 (Caja VERDE): Historial -> Persona de pie o caminando ALTA FIABILIDAD: Presencia humana confirmada por ambos modelos.. Se ha detectado actividad humana."", ""En la zona 'Baño 2': [YOLO]: Estado: Se han detectado 1 persona(s). Persona 1: Persona de pie (predicción con poca confianza) | [VLM]: 1. Sujeto ID_1 (Caja AZUL): Historial -> Persona de pie (predicción con puca confianza) ALTA FIABILIDAD: Presencia humana confirmada por ambos modelos.. Se ha detectado actividad humana."", ""En la zona 'Baño 2': [YOLO]: Estado: Se han detectado 1 persona(s). Persona 1: Persona sentada | [VLM]: [MEMORIA A CORTO PLAZO]:\n - Sujeto ID_1 (Caja AZUL): Historial -> Persona de pie (predicción con puca confianza) \n - Sujeto ID_2 (Caja AZUL): Historial -> persona de pie (predicción con puca confianza) ALTA FIABILIDAD: Presencia humana confirmada por ambos modelos.. Se ha detectado actividad humana."", ""En la zona 'Baño 2': [YOLO]: Estado: Se han detectado 1 persona(s). Persona 1: Persona de pie (predicción con poca confianza) | [VLM]: [MEMORIA A CORTO PLAZO]:\n - Sujeto ID_1 (Caja AZUL): Historial -> Persona de pie o caminando ALTA FIABILIDAD: Presencia humana confirmada por ambos modelos.. Se ha detectado actividad humana."", ""En la zona 'Habitación Compartida 5': [YOLO]: Estado: Se han detectado 1 persona(s). Persona 76: Persona sentada | [VLM]: [MEMORIA A CORTO PLAZO]:\n - Sujeto ID_76 (Caja AZUL): Historial -> Persona sentada ALTA FIABILIDAD: Presencia humana confirmada por ambos modelos.. Se ha detectado actividad humana."", ""En la zona 'Habitación Compartida 5': [YOLO]: Estado: Se han detectado 1 persona(s). Persona 76: Persona sentada | [VLM]: [MEMORIA A CORTO PLAZO]:\n - Sujeto ID_76 (Caja AZUL): Historial -> Persona sentada ALTA FIABILIDAD: Presencia humana confirmada por ambos modelos.. Se ha detectado actividad humana."", ""En la zona 'Habitación Compartida 5': [YOLO]: Estado: Se han detectado 1 persona(s). Persona 76: Persona sentada | [VLM]: [MEMORIA A CORTO PLAZO]:\n - Sujeto ID_76 (Caja AZUL): Historial -> Persona de pie o caminando ALTA FIABILIDAD: Presencia humana confirmada por ambos modelos.. Se ha detectado actividad humana."", ""En la zona 'Oficina 2': [YOLO]: Estado: Se han detectado 1 persona(s). Persona 76: Persona sentada | [VLM]: [MEMORIA A CORTO PLAZO]:\n - Sujeto ID_76 (Caja AZUL): Historial -> Persona sentada ALTA FIABILIDAD: Presencia humana confirmada por ambos modelos.. Se ha detectado actividad humana."", ""En la zona 'Oficina 2': [YOLO]: Estado: Se han detectado 1 persona(s). Persona 79: Persona sentada | [VLM]: [MEMORIA A CORTO PLAZO]:\n - Sujeto ID_79 (Caja MAGENTA): Historial -> Persona sentada ALTA FIABILIDAD: Presencia humana confirmada por ambos modelos.. Se ha detectado actividad humana."", ""En la zona 'Oficina 2': [YOLO]: Estado: Se han detectado 1 persona(s). Persona 79: Persona sentada | [VLM]: [MEMORIA A CORTO PLAZO]:\n - Sujeto ID_79 (Caja MAGENTA): Historial -> Persona sentada ALTA FIABILIDAD: Presencia humana confirmada por ambos modelos.. Se ha detectado actividad humana."", ""En la zona 'Oficina 2': [YOLO]: Estado: Se han detectado 2 persona(s). Persona 1: Persona de pie (predicción con poca confianza) Persona 2: Persona de pie (predicción con poca confianza) | [VLM]: - Sujeto ID_1 (Caja AZUL): Historial -> Persona de pie (predicción con puca confianza) \n- Sujeto ID_2 (Caja VERDE): Historial -> Persona de pie (predicción con puca confianza) ALTA FIABILIDAD: Presencia humana confirmada por ambos modelos.. Se ha detectado actividad humana."", ""En la zona 'Oficina 2': [YOLO]: Estado: Se han detectado 1 persona(s). Persona 1: Persona sentada | [VLM]: [MEMORIA A CORTO PLAZO]:\n - Sujeto ID_1 (Caja AZUL): Historial -> Persona de pie o caminando ALTA FIABILIDAD: Presencia humana confirmada por ambos modelos.. Se ha detectado actividad humana."", ""En la zona 'Oficina 2': [YOLO]: Estado: Se han detectado 1 persona(s). Persona 84: Persona de pie (predicción con poca confianza) | [VLM]: [MEMORIA A CORTO PLAZO]:\n - Sujeto ID_84 (Caja MAGENTA): Historial -> Persona de pie (predicción con poca confianza) ALTA FIABILIDAD: Presencia humana confirmada por ambos modelos.. Se ha detectado actividad humana."", ""En la zona 'Oficina 2': [YOLO]: Estado: Se han detectado 1 persona(s). Persona 85: Persona sentada | [VLM]: [MEMORIA A CORTO PLAZO]:\n - Sujeto ID_85 (Caja ROJA): Historial -> Persona sentada ALTA FIABILIDAD: Presencia humana confirmada por ambos modelos.. Se ha detectado actividad humana."", ""En la zona 'Oficina 2': [YOLO]: Estado: Se han detectado 1 persona(s). Persona 85: Persona sentada | [VLM]: [MEMORIA A CORTO PLAZO]:\n - Sujeto ID_85 (Caja ROJA): Historial -> Persona sentada ALTA FIABILIDAD: Presencia humana confirmada por ambos modelos.. Se ha detectado actividad humana."", ""En la zona 'Oficina 2': [YOLO]: Estado: Se han detectado 1 persona(s). Persona 85: Persona sentada | [VLM]: [MEMORIA A CORTO PLAZO]:\n - Sujeto ID_85 (Caja ROJA): Historial -> Persona sentada ALTA FIABILIDAD: Presencia humana confirmada por ambos modelos.. Se ha detectado actividad humana."", ""En la zona 'Oficina 2': [YOLO]: Estado: Se han detectado 2 persona(s). Persona 85: Persona sentada Persona 87: Persona sentada | [VLM]: - Sujeto ID_85 (Caja ROJA): Historial -> Persona sentada \n - Sujeto ID_87 (Caja VERDE): Historial -> Persona sentada ALTA FIABILIDAD: Presencia humana confirmada por ambos modelos.. Se ha detectado actividad humana."", ""En la zona 'Oficina 2': [YOLO]: Estado: Se han detectado 3 persona(s). Persona 85: Persona sentada Persona 87: Persona sentada Persona 88: Persona sentada | [VLM]: - Sujeto ID_85 (Caja ROJA): Historial -> Persona sentada | persona sentada | persona sentada ALTA FIABILIDAD: Presencia humana confirmada por ambos modelos.. Se ha detectado actividad humana."", ""En la zona 'Oficina 2': [YOLO]: Estado: Se han detectado 2 persona(s). Persona 87: Persona sentada Persona 88: Persona sentada | [VLM]: - Sujeto ID_87 (Caja VERDE): Historial -> Persona sentada | persona sentada | persona sentada ALTA FIABILIDAD: Presencia humana confirmada por ambos modelos.. Se ha detectado actividad humana."", ""La zona 'Habitación Individual 3' está despejada, sin eventos ni personas."", ""En la zona 'Habitación Individual 4': [YOLO]: Estado: Se han detectado 1 persona(s). Persona 1: Persona sentada | [VLM]: [MEMORIA A CORTO PLAZO]:\n - Sujeto ID_1 (Caja AZUL): Historial -> Persona de pie o caminando \n - Sujeto ID_2 (Caja AZUL): Historial -> persona sentada ALTA FIABILIDAD: Presencia humana confirmada por ambos modelos.. Se ha detectado actividad humana."", ""En la zona 'Almacén 2': [YOLO]: Estado: Se han detectado 1 persona(s). Persona 1: Persona de pie (predicción con poca confianza) | [VLM]: [MEMORIA A CORTO PLAZO]:\n - Sujeto ID_1 (Caja AZUL): Historial -> Persona de pie o caminando ALTA FIABILIDAD: Presencia humana confirmada por ambos modelos.. Se ha detectado actividad humana."", ""En la zona 'Almacén 2': [YOLO]: Estado: Se han detectado 2 persona(s). Persona 1: Persona sentada Persona 2: Persona sentada | [VLM]: - Sujeto ID_1 (Caja AZUL): Historial -> Persona sentada | persona de pie (predicción con poca confianza) ALTA FIABILIDAD: Presencia humana confirmada por ambos modelos.. Se ha detectado actividad humana."", ""La zona 'Escaleras 2' está despejada, sin eventos ni personas.""]",,300w_WithTrack,short,,
¿Cuántas personas en total se detectan dentro de la Habitación Compartida 2?,"Según los eventos recientes, se detectaron 3 personas (Persona 1, Persona 76 y Persona 79) en la Habitación Compartida 2.",No hay nadie en la Habitacion Compartida 2,0.6784210793485481,0.6888225868845915,300w_WithTrack,system,"[""En la zona 'Habitación Compartida 2': [YOLO]: Estado: Se han detectado 1 persona(s). Persona 1: Persona de pie (predicción con poca confianza) | [VLM]: [MEMORIA A CORTO PLAZO]:\n - Sujeto ID_1 (Caja AZUL): Historial -> Persona de pie (predicción con puca confianza) ALTA FIABILIDAD: Presencia humana confirmada por ambos modelos.. Se ha detectado actividad humana.""]",0.0,300w_WithTrack,short,,
¿Hay alguien presente dentro del Quirófano 2?,"Sí, hay personas presentes en el quirófano 2. En los eventos recientes se registran varias detecciones de personas sentadas y de pie (predicción con poca confianza). La alerta indica que la presencia humana es confirmada por ambos modelos (YOLO y VLM) con alta fiabilidad.","Sí, se está realizando una intervención a un paciente que está tumbado en la cama. Hay tres trabajadores del hospital realizandolo",0.6128766107192077,0.6967299896295946,300w_WithTrack,system,"[""En la zona 'Quirófano 2': [YOLO]: Estado: Se han detectado 1 persona(s). Persona 1: Persona sentada | [VLM]: [MEMORIA A CORTO PLAZO]:\n - Sujeto ID_1 (Caja AZUL): Historial -> Persona de pie o caminando ALTA FIABILIDAD: Presencia humana confirmada por ambos modelos.. Se ha detectado actividad humana."", ""En la zona 'Quirófano 2': [YOLO]: Estado: Se han detectado 1 persona(s). Persona 1: Persona de pie (predicción con poca confianza) | [VLM]: [MEMORIA A CORTO PLAZO]:\n - Sujeto ID_1 (Caja AZUL): Historial -> Persona de pie (predicción con puca confianza) ALTA FIABILIDAD: Presencia humana confirmada por ambos modelos.. Se ha detectado actividad humana."", ""En la zona 'Quirófano 2': [YOLO]: Estado: Se han detectado 1 persona(s). Persona 1: Persona de pie (predicción con poca confianza) | [VLM]: [MEMORIA A CORTO PLAZO]:\n - Sujeto ID_1 (Caja AZUL): Historial -> Persona sentada ALTA FIABILIDAD: Presencia humana confirmada por ambos modelos.. Se ha detectado actividad humana."", ""En la zona 'Quirófano 2': [YOLO]: Estado: Se han detectado 3 persona(s). Persona 1: Persona de pie (predicción con poca confianza) Persona 2: Persona de pie (predicción con poca confianza) Persona 3: Persona de pie (predicción con poca confianza) | [VLM]: - Sujeto ID_1 (Caja AZUL): Historial -> Persona de pie (predicción con puca confianza) \n - Sujeto ID_2 (Caja VERDE): Historial -> Persona sentada o torso visible \n - Sujeto ID_3 (Caja AMARILLA): Historial -> Persona de pie o caminando ALTA FIABILIDAD: Presencia humana confirmada por ambos modelos.. Se ha detectado actividad humana."", ""En la zona 'Quirófano 2': [YOLO]: Estado: Se han detectado 2 persona(s). Persona 65: Persona de pie (predicción con poca confianza) Persona 66: Persona de pie (predicción con poca confianza) | [VLM]: - Sujeto ID_65 (Caja ROJA): Historial -> Persona de pie (predicción con poca confianza) ALTA FIABILIDAD: Presencia humana confirmada por ambos modelos.. Se ha detectado actividad humana."", ""En la zona 'Quirófano 2': [YOLO]: Estado: Se han detectado 1 persona(s). Persona 68: Persona sentada | [VLM]: [MEMORIA A CORTO PLAZO]:\n - Sujeto ID_68 (Caja AMARILLA): Historial -> Persona sentada ALTA FIABILIDAD: Presencia humana confirmada por ambos modelos.. Se ha detectado actividad humana.""]",1.0,300w_WithTrack,short,,
¿Se está haciendo alguna actividad en el Quirófano 2?,"Sí, se están detectando personas en el Quirófano 2. Entre los eventos recientes, se han detectado personas sentadas y de pie (predicción con poca confianza) entre los tiempos 1879s y 2261s.","Sí, se está realizando una intervención quirúrgica a un paciente que está tumbado en la cama. Hay tres trabajadores del hospital realizandolo",0.5522580325050508,0.4729815659028176,300w_WithTrack,system,"[""En la zona 'Quirófano 2': [YOLO]: Estado: Se han detectado 1 persona(s). Persona 1: Persona sentada | [VLM]: [MEMORIA A CORTO PLAZO]:\n - Sujeto ID_1 (Caja AZUL): Historial -> Persona de pie o caminando ALTA FIABILIDAD: Presencia humana confirmada por ambos modelos.. Se ha detectado actividad humana."", ""En la zona 'Quirófano 2': [YOLO]: Estado: Se han detectado 1 persona(s). Persona 1: Persona de pie (predicción con poca confianza) | [VLM]: [MEMORIA A CORTO PLAZO]:\n - Sujeto ID_1 (Caja AZUL): Historial -> Persona de pie (predicción con puca confianza) ALTA FIABILIDAD: Presencia humana confirmada por ambos modelos.. Se ha detectado actividad humana."", ""En la zona 'Quirófano 2': [YOLO]: Estado: Se han detectado 1 persona(s). Persona 1: Persona de pie (predicción con poca confianza) | [VLM]: [MEMORIA A CORTO PLAZO]:\n - Sujeto ID_1 (Caja AZUL): Historial -> Persona sentada ALTA FIABILIDAD: Presencia humana confirmada por ambos modelos.. Se ha detectado actividad humana."", ""En la zona 'Quirófano 2': [YOLO]: Estado: Se han detectado 3 persona(s). Persona 1: Persona de pie (predicción con poca confianza) Persona 2: Persona de pie (predicción con poca confianza) Persona 3: Persona de pie (predicción con poca confianza) | [VLM]: - Sujeto ID_1 (Caja AZUL): Historial -> Persona de pie (predicción con puca confianza) \n - Sujeto ID_2 (Caja VERDE): Historial -> Persona sentada o torso visible \n - Sujeto ID_3 (Caja AMARILLA): Historial -> Persona de pie o caminando ALTA FIABILIDAD: Presencia humana confirmada por ambos modelos.. Se ha detectado actividad humana."", ""En la zona 'Quirófano 2': [YOLO]: Estado: Se han detectado 2 persona(s). Persona 65: Persona de pie (predicción con poca confianza) Persona 66: Persona de pie (predicción con poca confianza) | [VLM]: - Sujeto ID_65 (Caja ROJA): Historial -> Persona de pie (predicción con poca confianza) ALTA FIABILIDAD: Presencia humana confirmada por ambos modelos.. Se ha detectado actividad humana."", ""En la zona 'Quirófano 2': [YOLO]: Estado: Se han detectado 1 persona(s). Persona 68: Persona sentada | [VLM]: [MEMORIA A CORTO PLAZO]:\n - Sujeto ID_68 (Caja AMARILLA): Historial -> Persona sentada ALTA FIABILIDAD: Presencia humana confirmada por ambos modelos.. Se ha detectado actividad humana.""]",0.6666666666666666,300w_WithTrack,short,,
¿Se detecta a alguna persona caída en el suelo en alguna zona del hospital?,"No, no se ha detectado a ninguna persona caída en el suelo en ninguna zona del hospital.","Sí, hay una trabajadora en el suelo en la Habitación Compartida 2",0.7729925178620449,0.5390568632499965,300w_WithTrack,system,"[""En la zona 'Recepcion': [YOLO]: Estado: Se han detectado 2 persona(s). Persona 1: Persona de pie (predicción con poca confianza) Persona 2: Persona sentada | [VLM]: - Sujeto ID_1 (Caja AZUL): Historial -> Persona de pie (predicción con poca confianza) ALTA FIABILIDAD: Presencia humana confirmada por ambos modelos.. Se ha detectado actividad humana."", ""En la zona 'Recepcion': [YOLO]: Estado: Se han detectado 5 persona(s). Persona 1: Persona de pie (predicción con poca confianza) Persona 2: Persona sentada Persona 3: Persona sentada Persona 4: Persona sentada Persona 5: Persona sentada | [VLM]: - Sujeto ID_1 (Caja AZUL): Historial -> Persona de pie (predicción con poca confianza) \n- Sujeto ID_2 (Caja VERDE): Historial -> Persona sentada \n- Sujeto ID_3 (Caja AMARILLA): Historial -> Persona sentada ALTA FIABILIDAD: Presencia humana confirmada por ambos modelos.. Se ha detectado actividad humana."", ""En la zona 'Recepcion': [YOLO]: Estado: Se han detectado 1 persona(s). Persona 6: Persona sentada | [VLM]: [MEMORIA A CORTO PLAZO]:\n - Sujeto ID_6 (Caja AZUL): Historial -> Persona sentada ALTA FIABILIDAD: Presencia humana confirmada por ambos modelos.. Se ha detectado actividad humana."", ""En la zona 'Recepcion': [YOLO]: Estado: Se han detectado 1 persona(s). Persona 8: Persona sentada | [VLM]: [MEMORIA A CORTO PLAZO]:\n - Sujeto ID_8 (Caja AMARILLA): Historial -> Persona sentada ALTA FIABILIDAD: Presencia humana confirmada por ambos modelos.. Se ha detectado actividad humana."", ""En la zona 'Recepcion': [YOLO]: Estado: Se han detectado 1 persona(s). Persona 12: Persona de pie (predicción con poca confianza) | [VLM]: [MEMORIA A CORTO PLAZO]:\n - Sujeto ID_12 (CajaVERDE): Historial -> Persona de pie o caminando ALTA FIABILIDAD: Presencia humana confirmada por ambos modelos.. Se ha detectado actividad humana."", ""En la zona 'Recepcion': [YOLO]: Estado: Se han detectado 2 persona(s). Persona 1: Persona sentada Persona 2: Persona sentada | [VLM]: - Sujeto ID_1 (Caja AZUL): Historial -> Persona de pie (predicción con poca confianza) \n - Sujeto ID_2 (Caja VERDE): Historial -> Persona sentada ALTA FIABILIDAD: Presencia humana confirmada por ambos modelos.. Se ha detectado actividad humana."", ""En la zona 'Recepcion': [YOLO]: Estado: Se han detectado 1 persona(s). Persona 20: Persona sentada | [VLM]: [MEMORIA A CORTO PLAZO]:\n - Sujeto ID_20 (Caja ROJA): Historial -> Persona sentada ALTA FIABILIDAD: Presencia humana confirmada por ambos modelos.. Se ha detectado actividad humana."", ""En la zona 'Recepcion': [YOLO]: Estado: Se han detectado 1 persona(s). Persona 20: Persona de pie (predicción con poca confianza) | [VLM]: [MEMORIA A CORTO PLAZO]:\n - Sujeto ID_20 (Caja ROJA): Historial -> Persona sentada ALTA FIABILIDAD: Presencia humana confirmada por ambos modelos.. Se ha detectado actividad humana."", ""En la zona 'Recepcion': [YOLO]: Estado: Se han detectado 1 persona(s). Persona 1: Persona sentada | [VLM]: [MEMORIA A CORTO PLAZO]:\n - Sujeto ID_1 (Caja AZUL): Historial -> Persona de pie o caminando ALTA FIABILIDAD: Presencia humana confirmada por ambos modelos.. Se ha detectado actividad humana."", ""En la zona 'Recepcion': [YOLO]: Estado: Se han detectado 1 persona(s). Persona 1: Persona de pie (predicción con poca confianza) | [VLM]: [MEMORIA A CORTO PLAZO]:\n - Sujeto ID_1 (Caja AZUL): Historial -> Persona sentada \n - Sujeto ID_2 (Caja AZUL): Historial -> persona no sentado. ALTA FIABILIDAD: Presencia humana confirmada por ambos modelos.. Se ha detectado actividad humana."", ""En la zona 'Recepcion': [YOLO]: Estado: Se han detectado 1 persona(s). Persona 1: Persona sentada | [VLM]: [MEMORIA A CORTO PLAZO]:\n - Sujeto ID_1 (Caja AZUL): Historial -> Persona sentada ALTA FIABILIDAD: Presencia humana confirmada por ambos modelos.. Se ha detectado actividad humana."", ""En la zona 'Recepcion': [YOLO]: Estado: Se han detectado 2 persona(s). Persona 1: Persona sentada Persona 2: Persona sentada | [VLM]: - Sujeto ID_1 (Caja AZUL): Historial -> Persona de pie (predicción con poca confianza) \n- Sujeto ID_2 (Caja VERDE): Historial -> Persona de pie o caminando ALTA FIABILIDAD: Presencia humana confirmada por ambos modelos.. Se ha detectado actividad humana."", ""En la zona 'Recepcion': [YOLO]: Estado: Se han detectado 1 persona(s). Persona 28: Persona de pie (predicción con poca confianza) | [VLM]: [MEMORIA A CORTO PLAZO]:\n - Sujeto ID_28 (Caja AMARILLA): Historial -> Persona de pie (predicción con poca confianza) ALTA FIABILIDAD: Presencia humana confirmada por ambos modelos.. Se ha detectado actividad humana."", ""En la zona 'Recepcion': [YOLO]: Estado: Se han detectado 1 persona(s). Persona 28: Persona sentada | [VLM]: [MEMORIA A CORTO PLAZO]:\n - Sujeto ID_28 (Caja AMARILLA): Historial -> Persona de pie (predicción con poca confianza) ALTA FIABILIDAD: Presencia humana confirmada por ambos modelos.. Se ha detectado actividad humana."", ""La zona 'Escaleras 1' está despejada, sin eventos ni personas."", ""En la zona 'Almacén 1': [YOLO]: Estado: Se han detectado 1 persona(s). Persona 1: Persona sentada | [VLM]: [MEMORIA A CORTO PLAZO]:\n - Sujeto ID_1 (Caja AZUL): Historial -> Persona sentada ALTA FIABILIDAD: Presencia humana confirmada por ambos modelos.. Se ha detectado actividad humana."", ""En la zona 'Almacén 1': [YOLO]: Estado: Se han detectado 1 persona(s). Persona 32: Persona sentada | [VLM]: [MEMORIA A CORTO PLAZO]:\n - Sujeto ID_32 (CajaVERDE): Historial -> Persona sentada ALTA FIABILIDAD: Presencia humana confirmada por ambos modelos.. Se ha detectado actividad humana."", ""En la zona 'Almacén 1': [YOLO]: Estado: Se han detectado 1 persona(s). Persona 32: Persona sentada | [VLM]: [MEMORIA A CORTO PLAZO]:\n - Sujeto ID_32 (CajaVERDE): Historial -> Persona sentada ALTA FIABILIDAD: Presencia humana confirmada por ambos modelos.. Se ha detectado actividad humana."", ""En la zona 'Almacén 1': [YOLO]: Estado: Se han detectado 2 persona(s). Persona 1: Persona sentada Persona 2: Persona sentada | [VLM]: - Sujeto ID_1 (Caja AZUL): Historial -> Persona sentada \n - Sujeto ID_2 (Caja VERDE): Historial -> Persona sentada ALTA FIABILIDAD: Presencia humana confirmada por ambos modelos.. Se ha detectado actividad humana."", ""En la zona 'Habitación Individual 1': [YOLO]: Estado: Se han detectado 1 persona(s). Persona 1: Persona de pie (predicción con poca confianza) | [VLM]: [MEMORIA A CORTO PLAZO]:\n - Sujeto ID_1 (Caja AZUL): Historial -> Persona sentada | Persona sentada | persona de pie (predicción con poca confianza) ALTA FIABILIDAD: Presencia humana confirmada por ambos modelos.. Se ha detectado actividad humana."", ""En la zona 'Habitación Individual 1': [YOLO]: Estado: Se han detectado 1 persona(s). Persona 1: Persona de pie (predicción con poca confianza) | [VLM]: [MEMORIA A CORTO PLAZO]:\n - Sujeto ID_1 (Caja AZUL): Historial -> Persona sentada ALTA FIABILIDAD: Presencia humana confirmada por ambos modelos.. Se ha detectado actividad humana."", ""En la zona 'Habitación Individual 1': [YOLO]: Estado: Se han detectado 1 persona(s). Persona 36: Persona de pie (predicción con poca confianza) | [VLM]: [MEMORIA A CORTO PLAZO]:\n - Sujeto ID_36 (Caja AZUL): Historial -> Persona de pie (predicción con poca confianza) ALTA FIABILIDAD: Presencia humana confirmada por ambos modelos.. Se ha detectado actividad humana."", ""En la zona 'Habitación Individual 1': [YOLO]: Estado: Se han detectado 1 persona(s). Persona 36: Persona de pie (predicción con poca confianza) | [VLM]: [MEMORIA A CORTO PLAZO]:\n - Sujeto ID_36 (Caja AZUL): Historial -> Persona de pie (predicción con poca confianza) ALTA FIABILIDAD: Presencia humana confirmada por ambos modelos.. Se ha detectado actividad humana."", ""En la zona 'Habitación Individual 2': [YOLO]: Estado: Se han detectado 1 persona(s). Persona 1: Persona de pie (predicción con poca confianza) | [VLM]: 1. Descubre el sujeto ID_1 (Caja AZUL): Es una zona de tipo Privada y pacientes. En esta zona puede que veas gente descansar en cama, recibir tratamiento. ALTA FIABILIDAD: Presencia humana confirmada por ambos modelos.. Se ha detectado actividad humana."", ""En la zona 'Habitación Individual 2': [YOLO]: Estado: Se han detectado 1 persona(s). Persona 1: Persona de pie (predicción con poca confianza) | [VLM]: 1. Sujeto ID_1 (Caja AZUL): Historial \n 2. Sujeto ID_2 (Caja AZUL): Historial \n 3. Sujeto ID_3 (Caja AZUL): Historial \n 4. Sujeto ID_4 (Caja AZUL): Historial ALTA FIABILIDAD: Presencia humana confirmada por ambos modelos.. Se ha detectado actividad humana."", ""En la zona 'Oficina 1': [YOLO]: Estado: Se han detectado 1 persona(s). Persona 1: Persona de pie (predicción con poca confianza) | [VLM]: [MEMORIA A CORTO PLAZO]:\n - Sujeto ID_1 (Caja AZUL): Historial -> Persona de pie (predicción con poca confianza) ALTA FIABILIDAD: Presencia humana confirmada por ambos modelos.. Se ha detectado actividad humana."", ""En la zona 'Oficina 1': [YOLO]: Estado: Se han detectado 2 persona(s). Persona 1: Persona de pie (predicción con poca confianza) Persona 2: Persona sentada | [VLM]: - Sujeto ID_1 (Caja AZUL): Historial -> Persona de pie (predicción con poca confianza) \n - Sujeto ID_2 (Caja VERDE): Historial -> Persona sentada ALTA FIABILIDAD: Presencia humana confirmada por ambos modelos.. Se ha detectado actividad humana."", ""En la zona 'Oficina 1': [YOLO]: Estado: Se han detectado 2 persona(s). Persona 1: Persona sentada Persona 2: Persona sentada | [VLM]: - Sujeto ID_1 (Caja AZUL): Historial -> Persona de pie (predicción con poca confianza) | Persona de pie o caminando ALTA FIABILIDAD: Presencia humana confirmada por ambos modelos.. Se ha detectado actividad humana."", ""En la zona 'Baño 1': [YOLO]: Estado: Se han detectado 1 persona(s). Persona 1: Persona de pie (predicción con poca confianza) | [VLM]: [MEMORIA A CORTO PLAZO]:\n - Sujeto ID_1 (Caja AZUL): Historial -> Persona sentada \n - Sujeto ID_2 (Caja AZUL): Historial -> persona de cualquier sujeto que se convirtió en la imagen. ALTA FIABILIDAD: Presencia humana confirmada por ambos modelos.. Se ha detectado actividad humana."", ""En la zona 'Baño 1': [YOLO]: Estado: Se han detectado 1 persona(s). Persona 1: Persona de pie (predicción con poca confianza) | [VLM]: 1. Sujeto ID_1 (Caja AZUL): Historial -> Persona de pie o caminando ALTA FIABILIDAD: Presencia humana confirmada por ambos modelos.. Se ha detectado actividad humana."", ""En la zona 'Habitación Compartida 1': [YOLO]: Estado: Se han detectado 2 persona(s). Persona 1: Persona de pie (predicción con poca confianza) Persona 2: Persona sentada o torso visible (predicción con poca confianza) | [VLM]: - Sujeto ID_1 (Caja AZUL): Historial -> Persona de pie (predicción con puca confianza) \n - Sujeto ID_2 (Caja VERDE): Historial -> Persona sentada o torso visible ALTA FIABILIDAD: Presencia humana confirmada por ambos modelos.. Se ha detectado actividad humana."", ""La zona 'Quirófano 1' está despejada, sin eventos ni personas."", ""En la zona 'Habitación Compartida 3': [YOLO]: Estado: Se han detectado 1 persona(s). Persona 1: Persona de pie (predicción con poca confianza) | [VLM]: [MEMORIA A CORTO PLAZO]:\n - Sujeto ID_1 (Caja AZUL): Historial -> Persona de pie (predicción con puca confianza) ALTA FIABILIDAD: Presencia humana confirmada por ambos modelos.. Se ha detectado actividad humana."", ""En la zona 'Habitación Compartida 3': [YOLO]: Estado: Se han detectado 1 persona(s). Persona 1: Persona de pie (predicción con poca confianza) | [VLM]: [MEMORIA A CORTO PLAZO]:\n - Sujeto ID_1 (Caja AZUL): Historial -> Persona de pie o caminando ALTA FIABILIDAD: Presencia humana confirmada por ambos modelos.. Se ha detectado actividad humana."", ""En la zona 'Habitación Compartida 2': [YOLO]: Estado: Se han detectado 1 persona(s). Persona 1: Persona de pie (predicción con poca confianza) | [VLM]: [MEMORIA A CORTO PLAZO]:\n - Sujeto ID_1 (Caja AZUL): Historial -> Persona de pie (predicción con puca confianza) ALTA FIABILIDAD: Presencia humana confirmada por ambos modelos.. Se ha detectado actividad humana."", ""En la zona 'Sala Común': [YOLO]: Estado: Se han detectado 1 persona(s). Persona 58: Persona de pie (predicción con poca confianza) | [VLM]: [MEMORIA A CORTO PLAZO]:\n - Sujeto ID_58 (Caja AMARILLA): Historial -> Persona de pie o caminando ALTA FIABILIDAD: Presencia humana confirmada por ambos modelos.. Se ha detectado actividad humana."", ""En la zona 'Sala Común': [YOLO]: Estado: Se han detectado 1 persona(s). Persona 1: Persona de pie (predicción con poca confianza) | [VLM]: [MEMORIA A CORTO PLAZO]:\n - Sujeto ID_1 (Caja AZUL): Historial -> Persona de pie (predicción con puca confianza) ALTA FIABILIDAD: Presencia humana confirmada por ambos modelos.. Se ha detectado actividad humana."", ""En la zona 'Quirófano 2': [YOLO]: Estado: Se han detectado 1 persona(s). Persona 1: Persona sentada | [VLM]: [MEMORIA A CORTO PLAZO]:\n - Sujeto ID_1 (Caja AZUL): Historial -> Persona de pie o caminando ALTA FIABILIDAD: Presencia humana confirmada por ambos modelos.. Se ha detectado actividad humana."", ""En la zona 'Quirófano 2': [YOLO]: Estado: Se han detectado 1 persona(s). Persona 1: Persona de pie (predicción con poca confianza) | [VLM]: [MEMORIA A CORTO PLAZO]:\n - Sujeto ID_1 (Caja AZUL): Historial -> Persona de pie (predicción con puca confianza) ALTA FIABILIDAD: Presencia humana confirmada por ambos modelos.. Se ha detectado actividad humana."", ""En la zona 'Quirófano 2': [YOLO]: Estado: Se han detectado 1 persona(s). Persona 1: Persona de pie (predicción con poca confianza) | [VLM]: [MEMORIA A CORTO PLAZO]:\n - Sujeto ID_1 (Caja AZUL): Historial -> Persona sentada ALTA FIABILIDAD: Presencia humana confirmada por ambos modelos.. Se ha detectado actividad humana."", ""En la zona 'Quirófano 2': [YOLO]: Estado: Se han detectado 3 persona(s). Persona 1: Persona de pie (predicción con poca confianza) Persona 2: Persona de pie (predicción con poca confianza) Persona 3: Persona de pie (predicción con poca confianza) | [VLM]: - Sujeto ID_1 (Caja AZUL): Historial -> Persona de pie (predicción con puca confianza) \n - Sujeto ID_2 (Caja VERDE): Historial -> Persona sentada o torso visible \n - Sujeto ID_3 (Caja AMARILLA): Historial -> Persona de pie o caminando ALTA FIABILIDAD: Presencia humana confirmada por ambos modelos.. Se ha detectado actividad humana."", ""En la zona 'Quirófano 2': [YOLO]: Estado: Se han detectado 2 persona(s). Persona 65: Persona de pie (predicción con poca confianza) Persona 66: Persona de pie (predicción con poca confianza) | [VLM]: - Sujeto ID_65 (Caja ROJA): Historial -> Persona de pie (predicción con poca confianza) ALTA FIABILIDAD: Presencia humana confirmada por ambos modelos.. Se ha detectado actividad humana."", ""En la zona 'Quirófano 2': [YOLO]: Estado: Se han detectado 1 persona(s). Persona 68: Persona sentada | [VLM]: [MEMORIA A CORTO PLAZO]:\n - Sujeto ID_68 (Caja AMARILLA): Historial -> Persona sentada ALTA FIABILIDAD: Presencia humana confirmada por ambos modelos.. Se ha detectado actividad humana."", ""En la zona 'Habitación Compartida 4': [YOLO]: Estado: Se han detectado 1 persona(s). Persona 1: Persona de pie (predicción con poca confianza) | [VLM]: [MEMORIA A CORTO PLAZO]:\n - Sujeto ID_1 (Caja AZUL): Historial -> Persona de pie (predicción con puca confianza) ALTA FIABILIDAD: Presencia humana confirmada por ambos modelos.. Se ha detectado actividad humana."", ""En la zona 'Habitación Compartida 4': [YOLO]: Estado: Se han detectado 2 persona(s). Persona 1: Persona de pie (predicción con poca confianza) Persona 2: Persona de pie (predicción con poca confianza) | [VLM]: - Sujeto ID_1 (Caja AZUL): Historial -> Persona de pie o caminando \n - Sujeto ID_2 (Caja VERDE): Historial -> Persona de pie o caminando ALTA FIABILIDAD: Presencia humana confirmada por ambos modelos.. Se ha detectado actividad humana."", ""En la zona 'Baño 2': [YOLO]: Estado: Se han detectado 1 persona(s). Persona 1: Persona de pie (predicción con poca confianza) | [VLM]: 1. Sujeto ID_1 (Caja AZUL): Historial -> Persona de pie (predicción con puca confianza) ALTA FIABILIDAD: Presencia humana confirmada por ambos modelos.. Se ha detectado actividad humana."", ""En la zona 'Baño 2': [YOLO]: Estado: Se han detectado 1 persona(s). Persona 1: Persona sentada | [VLM]: [MEMORIA A CORTO PLAZO]:\n - Sujeto ID_1 (Caja AZUL): Historial -> Persona de pie (predicción con puca confianza) \n - Sujeto ID_2 (Caja AZUL): Historial -> persona de pie (predicción con puca confianza) ALTA FIABILIDAD: Presencia humana confirmada por ambos modelos.. Se ha detectado actividad humana."", ""En la zona 'Baño 2': [YOLO]: Estado: Se han detectado 1 persona(s). Persona 1: Persona de pie (predicción con poca confianza) | [VLM]: [MEMORIA A CORTO PLAZO]:\n - Sujeto ID_1 (Caja AZUL): Historial -> Persona de pie o caminando ALTA FIABILIDAD: Presencia humana confirmada por ambos modelos.. Se ha detectado actividad humana."", ""En la zona 'Habitación Compartida 5': [YOLO]: Estado: Se han detectado 1 persona(s). Persona 76: Persona sentada | [VLM]: [MEMORIA A CORTO PLAZO]:\n - Sujeto ID_76 (Caja AZUL): Historial -> Persona sentada ALTA FIABILIDAD: Presencia humana confirmada por ambos modelos.. Se ha detectado actividad humana."", ""En la zona 'Habitación Compartida 5': [YOLO]: Estado: Se han detectado 1 persona(s). Persona 76: Persona sentada | [VLM]: [MEMORIA A CORTO PLAZO]:\n - Sujeto ID_76 (Caja AZUL): Historial -> Persona sentada ALTA FIABILIDAD: Presencia humana confirmada por ambos modelos.. Se ha detectado actividad humana."", ""En la zona 'Habitación Compartida 5': [YOLO]: Estado: Se han detectado 1 persona(s). Persona 76: Persona sentada | [VLM]: [MEMORIA A CORTO PLAZO]:\n - Sujeto ID_76 (Caja AZUL): Historial -> Persona de pie o caminando ALTA FIABILIDAD: Presencia humana confirmada por ambos modelos.. Se ha detectado actividad humana."", ""En la zona 'Oficina 2': [YOLO]: Estado: Se han detectado 1 persona(s). Persona 76: Persona sentada | [VLM]: [MEMORIA A CORTO PLAZO]:\n - Sujeto ID_76 (Caja AZUL): Historial -> Persona sentada ALTA FIABILIDAD: Presencia humana confirmada por ambos modelos.. Se ha detectado actividad humana."", ""En la zona 'Oficina 2': [YOLO]: Estado: Se han detectado 1 persona(s). Persona 79: Persona sentada | [VLM]: [MEMORIA A CORTO PLAZO]:\n - Sujeto ID_79 (Caja MAGENTA): Historial -> Persona sentada ALTA FIABILIDAD: Presencia humana confirmada por ambos modelos.. Se ha detectado actividad humana."", ""En la zona 'Oficina 2': [YOLO]: Estado: Se han detectado 1 persona(s). Persona 79: Persona sentada | [VLM]: [MEMORIA A CORTO PLAZO]:\n - Sujeto ID_79 (Caja MAGENTA): Historial -> Persona sentada ALTA FIABILIDAD: Presencia humana confirmada por ambos modelos.. Se ha detectado actividad humana."", ""En la zona 'Oficina 2': [YOLO]: Estado: Se han detectado 2 persona(s). Persona 1: Persona de pie (predicción con poca confianza) Persona 2: Persona de pie (predicción con poca confianza) | [VLM]: - Sujeto ID_1 (Caja AZUL): Historial -> Persona de pie (predicción con puca confianza) \n- Sujeto ID_2 (Caja VERDE): Historial -> Persona de pie (predicción con puca confianza) ALTA FIABILIDAD: Presencia humana confirmada por ambos modelos.. Se ha detectado actividad humana."", ""En la zona 'Oficina 2': [YOLO]: Estado: Se han detectado 1 persona(s). Persona 1: Persona sentada | [VLM]: [MEMORIA A CORTO PLAZO]:\n - Sujeto ID_1 (Caja AZUL): Historial -> Persona de pie o caminando ALTA FIABILIDAD: Presencia humana confirmada por ambos modelos.. Se ha detectado actividad humana."", ""En la zona 'Oficina 2': [YOLO]: Estado: Se han detectado 1 persona(s). Persona 84: Persona de pie (predicción con poca confianza) | [VLM]: [MEMORIA A CORTO PLAZO]:\n - Sujeto ID_84 (Caja MAGENTA): Historial -> Persona de pie (predicción con poca confianza) ALTA FIABILIDAD: Presencia humana confirmada por ambos modelos.. Se ha detectado actividad humana."", ""En la zona 'Oficina 2': [YOLO]: Estado: Se han detectado 1 persona(s). Persona 85: Persona sentada | [VLM]: [MEMORIA A CORTO PLAZO]:\n - Sujeto ID_85 (Caja ROJA): Historial -> Persona sentada ALTA FIABILIDAD: Presencia humana confirmada por ambos modelos.. Se ha detectado actividad humana."", ""En la zona 'Oficina 2': [YOLO]: Estado: Se han detectado 1 persona(s). Persona 85: Persona sentada | [VLM]: [MEMORIA A CORTO PLAZO]:\n - Sujeto ID_85 (Caja ROJA): Historial -> Persona sentada ALTA FIABILIDAD: Presencia humana confirmada por ambos modelos.. Se ha detectado actividad humana."", ""En la zona 'Oficina 2': [YOLO]: Estado: Se han detectado 1 persona(s). Persona 85: Persona sentada | [VLM]: [MEMORIA A CORTO PLAZO]:\n - Sujeto ID_85 (Caja ROJA): Historial -> Persona sentada ALTA FIABILIDAD: Presencia humana confirmada por ambos modelos.. Se ha detectado actividad humana."", ""En la zona 'Oficina 2': [YOLO]: Estado: Se han detectado 2 persona(s). Persona 85: Persona sentada Persona 87: Persona sentada | [VLM]: - Sujeto ID_85 (Caja ROJA): Historial -> Persona sentada \n - Sujeto ID_87 (Caja VERDE): Historial -> Persona sentada ALTA FIABILIDAD: Presencia humana confirmada por ambos modelos.. Se ha detectado actividad humana."", ""En la zona 'Oficina 2': [YOLO]: Estado: Se han detectado 3 persona(s). Persona 85: Persona sentada Persona 87: Persona sentada Persona 88: Persona sentada | [VLM]: - Sujeto ID_85 (Caja ROJA): Historial -> Persona sentada | persona sentada | persona sentada ALTA FIABILIDAD: Presencia humana confirmada por ambos modelos.. Se ha detectado actividad humana."", ""En la zona 'Oficina 2': [YOLO]: Estado: Se han detectado 2 persona(s). Persona 87: Persona sentada Persona 88: Persona sentada | [VLM]: - Sujeto ID_87 (Caja VERDE): Historial -> Persona sentada | persona sentada | persona sentada ALTA FIABILIDAD: Presencia humana confirmada por ambos modelos.. Se ha detectado actividad humana."", ""La zona 'Habitación Individual 3' está despejada, sin eventos ni personas."", ""En la zona 'Habitación Individual 4': [YOLO]: Estado: Se han detectado 1 persona(s). Persona 1: Persona sentada | [VLM]: [MEMORIA A CORTO PLAZO]:\n - Sujeto ID_1 (Caja AZUL): Historial -> Persona de pie o caminando \n - Sujeto ID_2 (Caja AZUL): Historial -> persona sentada ALTA FIABILIDAD: Presencia humana confirmada por ambos modelos.. Se ha detectado actividad humana."", ""En la zona 'Almacén 2': [YOLO]: Estado: Se han detectado 1 persona(s). Persona 1: Persona de pie (predicción con poca confianza) | [VLM]: [MEMORIA A CORTO PLAZO]:\n - Sujeto ID_1 (Caja AZUL): Historial -> Persona de pie o caminando ALTA FIABILIDAD: Presencia humana confirmada por ambos modelos.. Se ha detectado actividad humana."", ""En la zona 'Almacén 2': [YOLO]: Estado: Se han detectado 2 persona(s). Persona 1: Persona sentada Persona 2: Persona sentada | [VLM]: - Sujeto ID_1 (Caja AZUL): Historial -> Persona sentada | persona de pie (predicción con poca confianza) ALTA FIABILIDAD: Presencia humana confirmada por ambos modelos.. Se ha detectado actividad humana."", ""La zona 'Escaleras 2' está despejada, sin eventos ni personas.""]",,300w_WithTrack,short,,
"En la Habitación Compartida 4, ¿las personas detectadas están acostadas en las camas o hay alguien de pie/sentado?","En la Habitación Compartida 4, se han detectado personas sentadas.",Hay dos pacientes en las camas y una trabajadora de pie al lado de uno de los pacientes,0.5486240223431927,0.7719193626791311,300w_WithTrack,system,"[""En la zona 'Habitación Compartida 4': [YOLO]: Estado: Se han detectado 1 persona(s). Persona 1: Persona de pie (predicción con poca confianza) | [VLM]: [MEMORIA A CORTO PLAZO]:\n - Sujeto ID_1 (Caja AZUL): Historial -> Persona de pie (predicción con puca confianza) ALTA FIABILIDAD: Presencia humana confirmada por ambos modelos.. Se ha detectado actividad humana."", ""En la zona 'Habitación Compartida 4': [YOLO]: Estado: Se han detectado 2 persona(s). Persona 1: Persona de pie (predicción con poca confianza) Persona 2: Persona de pie (predicción con poca confianza) | [VLM]: - Sujeto ID_1 (Caja AZUL): Historial -> Persona de pie o caminando \n - Sujeto ID_2 (Caja VERDE): Historial -> Persona de pie o caminando ALTA FIABILIDAD: Presencia humana confirmada por ambos modelos.. Se ha detectado actividad humana.""]",0.5,300w_WithTrack,short,,
¿Cuántas personas hay actualmente en la Sala Común?,"Según el análisis, no hay personas detectadas en la Sala Común (no hay eventos recientes).","En la sala común hay dos personas de pie con el móvil, frente a frente",0.67758427287318,0.596054503496488,300w_WithTrack,system,"[""En la zona 'Sala Común': [YOLO]: Estado: Se han detectado 1 persona(s). Persona 58: Persona de pie (predicción con poca confianza) | [VLM]: [MEMORIA A CORTO PLAZO]:\n - Sujeto ID_58 (Caja AMARILLA): Historial -> Persona de pie o caminando ALTA FIABILIDAD: Presencia humana confirmada por ambos modelos.. Se ha detectado actividad humana."", ""En la zona 'Sala Común': [YOLO]: Estado: Se han detectado 1 persona(s). Persona 1: Persona de pie (predicción con poca confianza) | [VLM]: [MEMORIA A CORTO PLAZO]:\n - Sujeto ID_1 (Caja AZUL): Historial -> Persona de pie (predicción con puca confianza) ALTA FIABILIDAD: Presencia humana confirmada por ambos modelos.. Se ha detectado actividad humana.""]",0.0,300w_WithTrack,short,,
¿Hay alguien que requiera asistencia en el interior de algún Baño?,"No, no hay nadie que requiera asistencia en los baños según los eventos recientes analizados.","No, no hay nadie en ningún baño",0.7819960557193972,0.5072034161812603,300w_WithTrack,system,"[""En la zona 'Recepcion': [YOLO]: Estado: Se han detectado 2 persona(s). Persona 1: Persona de pie (predicción con poca confianza) Persona 2: Persona sentada | [VLM]: - Sujeto ID_1 (Caja AZUL): Historial -> Persona de pie (predicción con poca confianza) ALTA FIABILIDAD: Presencia humana confirmada por ambos modelos.. Se ha detectado actividad humana."", ""En la zona 'Recepcion': [YOLO]: Estado: Se han detectado 5 persona(s). Persona 1: Persona de pie (predicción con poca confianza) Persona 2: Persona sentada Persona 3: Persona sentada Persona 4: Persona sentada Persona 5: Persona sentada | [VLM]: - Sujeto ID_1 (Caja AZUL): Historial -> Persona de pie (predicción con poca confianza) \n- Sujeto ID_2 (Caja VERDE): Historial -> Persona sentada \n- Sujeto ID_3 (Caja AMARILLA): Historial -> Persona sentada ALTA FIABILIDAD: Presencia humana confirmada por ambos modelos.. Se ha detectado actividad humana."", ""En la zona 'Recepcion': [YOLO]: Estado: Se han detectado 1 persona(s). Persona 6: Persona sentada | [VLM]: [MEMORIA A CORTO PLAZO]:\n - Sujeto ID_6 (Caja AZUL): Historial -> Persona sentada ALTA FIABILIDAD: Presencia humana confirmada por ambos modelos.. Se ha detectado actividad humana."", ""En la zona 'Recepcion': [YOLO]: Estado: Se han detectado 1 persona(s). Persona 8: Persona sentada | [VLM]: [MEMORIA A CORTO PLAZO]:\n - Sujeto ID_8 (Caja AMARILLA): Historial -> Persona sentada ALTA FIABILIDAD: Presencia humana confirmada por ambos modelos.. Se ha detectado actividad humana."", ""En la zona 'Recepcion': [YOLO]: Estado: Se han detectado 1 persona(s). Persona 12: Persona de pie (predicción con poca confianza) | [VLM]: [MEMORIA A CORTO PLAZO]:\n - Sujeto ID_12 (CajaVERDE): Historial -> Persona de pie o caminando ALTA FIABILIDAD: Presencia humana confirmada por ambos modelos.. Se ha detectado actividad humana."", ""En la zona 'Recepcion': [YOLO]: Estado: Se han detectado 2 persona(s). Persona 1: Persona sentada Persona 2: Persona sentada | [VLM]: - Sujeto ID_1 (Caja AZUL): Historial -> Persona de pie (predicción con poca confianza) \n - Sujeto ID_2 (Caja VERDE): Historial -> Persona sentada ALTA FIABILIDAD: Presencia humana confirmada por ambos modelos.. Se ha detectado actividad humana."", ""En la zona 'Recepcion': [YOLO]: Estado: Se han detectado 1 persona(s). Persona 20: Persona sentada | [VLM]: [MEMORIA A CORTO PLAZO]:\n - Sujeto ID_20 (Caja ROJA): Historial -> Persona sentada ALTA FIABILIDAD: Presencia humana confirmada por ambos modelos.. Se ha detectado actividad humana."", ""En la zona 'Recepcion': [YOLO]: Estado: Se han detectado 1 persona(s). Persona 20: Persona de pie (predicción con poca confianza) | [VLM]: [MEMORIA A CORTO PLAZO]:\n - Sujeto ID_20 (Caja ROJA): Historial -> Persona sentada ALTA FIABILIDAD: Presencia humana confirmada por ambos modelos.. Se ha detectado actividad humana."", ""En la zona 'Recepcion': [YOLO]: Estado: Se han detectado 1 persona(s). Persona 1: Persona sentada | [VLM]: [MEMORIA A CORTO PLAZO]:\n - Sujeto ID_1 (Caja AZUL): Historial -> Persona de pie o caminando ALTA FIABILIDAD: Presencia humana confirmada por ambos modelos.. Se ha detectado actividad humana."", ""En la zona 'Recepcion': [YOLO]: Estado: Se han detectado 1 persona(s). Persona 1: Persona de pie (predicción con poca confianza) | [VLM]: [MEMORIA A CORTO PLAZO]:\n - Sujeto ID_1 (Caja AZUL): Historial -> Persona sentada \n - Sujeto ID_2 (Caja AZUL): Historial -> persona no sentado. ALTA FIABILIDAD: Presencia humana confirmada por ambos modelos.. Se ha detectado actividad humana."", ""En la zona 'Recepcion': [YOLO]: Estado: Se han detectado 1 persona(s). Persona 1: Persona sentada | [VLM]: [MEMORIA A CORTO PLAZO]:\n - Sujeto ID_1 (Caja AZUL): Historial -> Persona sentada ALTA FIABILIDAD: Presencia humana confirmada por ambos modelos.. Se ha detectado actividad humana."", ""En la zona 'Recepcion': [YOLO]: Estado: Se han detectado 2 persona(s). Persona 1: Persona sentada Persona 2: Persona sentada | [VLM]: - Sujeto ID_1 (Caja AZUL): Historial -> Persona de pie (predicción con poca confianza) \n- Sujeto ID_2 (Caja VERDE): Historial -> Persona de pie o caminando ALTA FIABILIDAD: Presencia humana confirmada por ambos modelos.. Se ha detectado actividad humana."", ""En la zona 'Recepcion': [YOLO]: Estado: Se han detectado 1 persona(s). Persona 28: Persona de pie (predicción con poca confianza) | [VLM]: [MEMORIA A CORTO PLAZO]:\n - Sujeto ID_28 (Caja AMARILLA): Historial -> Persona de pie (predicción con poca confianza) ALTA FIABILIDAD: Presencia humana confirmada por ambos modelos.. Se ha detectado actividad humana."", ""En la zona 'Recepcion': [YOLO]: Estado: Se han detectado 1 persona(s). Persona 28: Persona sentada | [VLM]: [MEMORIA A CORTO PLAZO]:\n - Sujeto ID_28 (Caja AMARILLA): Historial -> Persona de pie (predicción con poca confianza) ALTA FIABILIDAD: Presencia humana confirmada por ambos modelos.. Se ha detectado actividad humana."", ""La zona 'Escaleras 1' está despejada, sin eventos ni personas."", ""En la zona 'Almacén 1': [YOLO]: Estado: Se han detectado 1 persona(s). Persona 1: Persona sentada | [VLM]: [MEMORIA A CORTO PLAZO]:\n - Sujeto ID_1 (Caja AZUL): Historial -> Persona sentada ALTA FIABILIDAD: Presencia humana confirmada por ambos modelos.. Se ha detectado actividad humana."", ""En la zona 'Almacén 1': [YOLO]: Estado: Se han detectado 1 persona(s). Persona 32: Persona sentada | [VLM]: [MEMORIA A CORTO PLAZO]:\n - Sujeto ID_32 (CajaVERDE): Historial -> Persona sentada ALTA FIABILIDAD: Presencia humana confirmada por ambos modelos.. Se ha detectado actividad humana."", ""En la zona 'Almacén 1': [YOLO]: Estado: Se han detectado 1 persona(s). Persona 32: Persona sentada | [VLM]: [MEMORIA A CORTO PLAZO]:\n - Sujeto ID_32 (CajaVERDE): Historial -> Persona sentada ALTA FIABILIDAD: Presencia humana confirmada por ambos modelos.. Se ha detectado actividad humana."", ""En la zona 'Almacén 1': [YOLO]: Estado: Se han detectado 2 persona(s). Persona 1: Persona sentada Persona 2: Persona sentada | [VLM]: - Sujeto ID_1 (Caja AZUL): Historial -> Persona sentada \n - Sujeto ID_2 (Caja VERDE): Historial -> Persona sentada ALTA FIABILIDAD: Presencia humana confirmada por ambos modelos.. Se ha detectado actividad humana."", ""En la zona 'Habitación Individual 1': [YOLO]: Estado: Se han detectado 1 persona(s). Persona 1: Persona de pie (predicción con poca confianza) | [VLM]: [MEMORIA A CORTO PLAZO]:\n - Sujeto ID_1 (Caja AZUL): Historial -> Persona sentada | Persona sentada | persona de pie (predicción con poca confianza) ALTA FIABILIDAD: Presencia humana confirmada por ambos modelos.. Se ha detectado actividad humana."", ""En la zona 'Habitación Individual 1': [YOLO]: Estado: Se han detectado 1 persona(s). Persona 1: Persona de pie (predicción con poca confianza) | [VLM]: [MEMORIA A CORTO PLAZO]:\n - Sujeto ID_1 (Caja AZUL): Historial -> Persona sentada ALTA FIABILIDAD: Presencia humana confirmada por ambos modelos.. Se ha detectado actividad humana."", ""En la zona 'Habitación Individual 1': [YOLO]: Estado: Se han detectado 1 persona(s). Persona 36: Persona de pie (predicción con poca confianza) | [VLM]: [MEMORIA A CORTO PLAZO]:\n - Sujeto ID_36 (Caja AZUL): Historial -> Persona de pie (predicción con poca confianza) ALTA FIABILIDAD: Presencia humana confirmada por ambos modelos.. Se ha detectado actividad humana."", ""En la zona 'Habitación Individual 1': [YOLO]: Estado: Se han detectado 1 persona(s). Persona 36: Persona de pie (predicción con poca confianza) | [VLM]: [MEMORIA A CORTO PLAZO]:\n - Sujeto ID_36 (Caja AZUL): Historial -> Persona de pie (predicción con poca confianza) ALTA FIABILIDAD: Presencia humana confirmada por ambos modelos.. Se ha detectado actividad humana."", ""En la zona 'Habitación Individual 2': [YOLO]: Estado: Se han detectado 1 persona(s). Persona 1: Persona de pie (predicción con poca confianza) | [VLM]: 1. Descubre el sujeto ID_1 (Caja AZUL): Es una zona de tipo Privada y pacientes. En esta zona puede que veas gente descansar en cama, recibir tratamiento. ALTA FIABILIDAD: Presencia humana confirmada por ambos modelos.. Se ha detectado actividad humana."", ""En la zona 'Habitación Individual 2': [YOLO]: Estado: Se han detectado 1 persona(s). Persona 1: Persona de pie (predicción con poca confianza) | [VLM]: 1. Sujeto ID_1 (Caja AZUL): Historial \n 2. Sujeto ID_2 (Caja AZUL): Historial \n 3. Sujeto ID_3 (Caja AZUL): Historial \n 4. Sujeto ID_4 (Caja AZUL): Historial ALTA FIABILIDAD: Presencia humana confirmada por ambos modelos.. Se ha detectado actividad humana."", ""En la zona 'Oficina 1': [YOLO]: Estado: Se han detectado 1 persona(s). Persona 1: Persona de pie (predicción con poca confianza) | [VLM]: [MEMORIA A CORTO PLAZO]:\n - Sujeto ID_1 (Caja AZUL): Historial -> Persona de pie (predicción con poca confianza) ALTA FIABILIDAD: Presencia humana confirmada por ambos modelos.. Se ha detectado actividad humana."", ""En la zona 'Oficina 1': [YOLO]: Estado: Se han detectado 2 persona(s). Persona 1: Persona de pie (predicción con poca confianza) Persona 2: Persona sentada | [VLM]: - Sujeto ID_1 (Caja AZUL): Historial -> Persona de pie (predicción con poca confianza) \n - Sujeto ID_2 (Caja VERDE): Historial -> Persona sentada ALTA FIABILIDAD: Presencia humana confirmada por ambos modelos.. Se ha detectado actividad humana."", ""En la zona 'Oficina 1': [YOLO]: Estado: Se han detectado 2 persona(s). Persona 1: Persona sentada Persona 2: Persona sentada | [VLM]: - Sujeto ID_1 (Caja AZUL): Historial -> Persona de pie (predicción con poca confianza) | Persona de pie o caminando ALTA FIABILIDAD: Presencia humana confirmada por ambos modelos.. Se ha detectado actividad humana."", ""En la zona 'Baño 1': [YOLO]: Estado: Se han detectado 1 persona(s). Persona 1: Persona de pie (predicción con poca confianza) | [VLM]: [MEMORIA A CORTO PLAZO]:\n - Sujeto ID_1 (Caja AZUL): Historial -> Persona sentada \n - Sujeto ID_2 (Caja AZUL): Historial -> persona de cualquier sujeto que se convirtió en la imagen. ALTA FIABILIDAD: Presencia humana confirmada por ambos modelos.. Se ha detectado actividad humana."", ""En la zona 'Baño 1': [YOLO]: Estado: Se han detectado 1 persona(s). Persona 1: Persona de pie (predicción con poca confianza) | [VLM]: 1. Sujeto ID_1 (Caja AZUL): Historial -> Persona de pie o caminando ALTA FIABILIDAD: Presencia humana confirmada por ambos modelos.. Se ha detectado actividad humana."", ""En la zona 'Habitación Compartida 1': [YOLO]: Estado: Se han detectado 2 persona(s). Persona 1: Persona de pie (predicción con poca confianza) Persona 2: Persona sentada o torso visible (predicción con poca confianza) | [VLM]: - Sujeto ID_1 (Caja AZUL): Historial -> Persona de pie (predicción con puca confianza) \n - Sujeto ID_2 (Caja VERDE): Historial -> Persona sentada o torso visible ALTA FIABILIDAD: Presencia humana confirmada por ambos modelos.. Se ha detectado actividad humana."", ""La zona 'Quirófano 1' está despejada, sin eventos ni personas."", ""En la zona 'Habitación Compartida 3': [YOLO]: Estado: Se han detectado 1 persona(s). Persona 1: Persona de pie (predicción con poca confianza) | [VLM]: [MEMORIA A CORTO PLAZO]:\n - Sujeto ID_1 (Caja AZUL): Historial -> Persona de pie (predicción con puca confianza) ALTA FIABILIDAD: Presencia humana confirmada por ambos modelos.. Se ha detectado actividad humana."", ""En la zona 'Habitación Compartida 3': [YOLO]: Estado: Se han detectado 1 persona(s). Persona 1: Persona de pie (predicción con poca confianza) | [VLM]: [MEMORIA A CORTO PLAZO]:\n - Sujeto ID_1 (Caja AZUL): Historial -> Persona de pie o caminando ALTA FIABILIDAD: Presencia humana confirmada por ambos modelos.. Se ha detectado actividad humana."", ""En la zona 'Habitación Compartida 2': [YOLO]: Estado: Se han detectado 1 persona(s). Persona 1: Persona de pie (predicción con poca confianza) | [VLM]: [MEMORIA A CORTO PLAZO]:\n - Sujeto ID_1 (Caja AZUL): Historial -> Persona de pie (predicción con puca confianza) ALTA FIABILIDAD: Presencia humana confirmada por ambos modelos.. Se ha detectado actividad humana."", ""En la zona 'Sala Común': [YOLO]: Estado: Se han detectado 1 persona(s). Persona 58: Persona de pie (predicción con poca confianza) | [VLM]: [MEMORIA A CORTO PLAZO]:\n - Sujeto ID_58 (Caja AMARILLA): Historial -> Persona de pie o caminando ALTA FIABILIDAD: Presencia humana confirmada por ambos modelos.. Se ha detectado actividad humana."", ""En la zona 'Sala Común': [YOLO]: Estado: Se han detectado 1 persona(s). Persona 1: Persona de pie (predicción con poca confianza) | [VLM]: [MEMORIA A CORTO PLAZO]:\n - Sujeto ID_1 (Caja AZUL): Historial -> Persona de pie (predicción con puca confianza) ALTA FIABILIDAD: Presencia humana confirmada por ambos modelos.. Se ha detectado actividad humana."", ""En la zona 'Quirófano 2': [YOLO]: Estado: Se han detectado 1 persona(s). Persona 1: Persona sentada | [VLM]: [MEMORIA A CORTO PLAZO]:\n - Sujeto ID_1 (Caja AZUL): Historial -> Persona de pie o caminando ALTA FIABILIDAD: Presencia humana confirmada por ambos modelos.. Se ha detectado actividad humana."", ""En la zona 'Quirófano 2': [YOLO]: Estado: Se han detectado 1 persona(s). Persona 1: Persona de pie (predicción con poca confianza) | [VLM]: [MEMORIA A CORTO PLAZO]:\n - Sujeto ID_1 (Caja AZUL): Historial -> Persona de pie (predicción con puca confianza) ALTA FIABILIDAD: Presencia humana confirmada por ambos modelos.. Se ha detectado actividad humana."", ""En la zona 'Quirófano 2': [YOLO]: Estado: Se han detectado 1 persona(s). Persona 1: Persona de pie (predicción con poca confianza) | [VLM]: [MEMORIA A CORTO PLAZO]:\n - Sujeto ID_1 (Caja AZUL): Historial -> Persona sentada ALTA FIABILIDAD: Presencia humana confirmada por ambos modelos.. Se ha detectado actividad humana."", ""En la zona 'Quirófano 2': [YOLO]: Estado: Se han detectado 3 persona(s). Persona 1: Persona de pie (predicción con poca confianza) Persona 2: Persona de pie (predicción con poca confianza) Persona 3: Persona de pie (predicción con poca confianza) | [VLM]: - Sujeto ID_1 (Caja AZUL): Historial -> Persona de pie (predicción con puca confianza) \n - Sujeto ID_2 (Caja VERDE): Historial -> Persona sentada o torso visible \n - Sujeto ID_3 (Caja AMARILLA): Historial -> Persona de pie o caminando ALTA FIABILIDAD: Presencia humana confirmada por ambos modelos.. Se ha detectado actividad humana."", ""En la zona 'Quirófano 2': [YOLO]: Estado: Se han detectado 2 persona(s). Persona 65: Persona de pie (predicción con poca confianza) Persona 66: Persona de pie (predicción con poca confianza) | [VLM]: - Sujeto ID_65 (Caja ROJA): Historial -> Persona de pie (predicción con poca confianza) ALTA FIABILIDAD: Presencia humana confirmada por ambos modelos.. Se ha detectado actividad humana."", ""En la zona 'Quirófano 2': [YOLO]: Estado: Se han detectado 1 persona(s). Persona 68: Persona sentada | [VLM]: [MEMORIA A CORTO PLAZO]:\n - Sujeto ID_68 (Caja AMARILLA): Historial -> Persona sentada ALTA FIABILIDAD: Presencia humana confirmada por ambos modelos.. Se ha detectado actividad humana."", ""En la zona 'Habitación Compartida 4': [YOLO]: Estado: Se han detectado 1 persona(s). Persona 1: Persona de pie (predicción con poca confianza) | [VLM]: [MEMORIA A CORTO PLAZO]:\n - Sujeto ID_1 (Caja AZUL): Historial -> Persona de pie (predicción con puca confianza) ALTA FIABILIDAD: Presencia humana confirmada por ambos modelos.. Se ha detectado actividad humana."", ""En la zona 'Habitación Compartida 4': [YOLO]: Estado: Se han detectado 2 persona(s). Persona 1: Persona de pie (predicción con poca confianza) Persona 2: Persona de pie (predicción con poca confianza) | [VLM]: - Sujeto ID_1 (Caja AZUL): Historial -> Persona de pie o caminando \n - Sujeto ID_2 (Caja VERDE): Historial -> Persona de pie o caminando ALTA FIABILIDAD: Presencia humana confirmada por ambos modelos.. Se ha detectado actividad humana."", ""En la zona 'Baño 2': [YOLO]: Estado: Se han detectado 1 persona(s). Persona 1: Persona de pie (predicción con poca confianza) | [VLM]: 1. Sujeto ID_1 (Caja AZUL): Historial -> Persona de pie (predicción con puca confianza) ALTA FIABILIDAD: Presencia humana confirmada por ambos modelos.. Se ha detectado actividad humana."", ""En la zona 'Baño 2': [YOLO]: Estado: Se han detectado 1 persona(s). Persona 1: Persona sentada | [VLM]: [MEMORIA A CORTO PLAZO]:\n - Sujeto ID_1 (Caja AZUL): Historial -> Persona de pie (predicción con puca confianza) \n - Sujeto ID_2 (Caja AZUL): Historial -> persona de pie (predicción con puca confianza) ALTA FIABILIDAD: Presencia humana confirmada por ambos modelos.. Se ha detectado actividad humana."", ""En la zona 'Baño 2': [YOLO]: Estado: Se han detectado 1 persona(s). Persona 1: Persona de pie (predicción con poca confianza) | [VLM]: [MEMORIA A CORTO PLAZO]:\n - Sujeto ID_1 (Caja AZUL): Historial -> Persona de pie o caminando ALTA FIABILIDAD: Presencia humana confirmada por ambos modelos.. Se ha detectado actividad humana."", ""En la zona 'Habitación Compartida 5': [YOLO]: Estado: Se han detectado 1 persona(s). Persona 76: Persona sentada | [VLM]: [MEMORIA A CORTO PLAZO]:\n - Sujeto ID_76 (Caja AZUL): Historial -> Persona sentada ALTA FIABILIDAD: Presencia humana confirmada por ambos modelos.. Se ha detectado actividad humana."", ""En la zona 'Habitación Compartida 5': [YOLO]: Estado: Se han detectado 1 persona(s). Persona 76: Persona sentada | [VLM]: [MEMORIA A CORTO PLAZO]:\n - Sujeto ID_76 (Caja AZUL): Historial -> Persona sentada ALTA FIABILIDAD: Presencia humana confirmada por ambos modelos.. Se ha detectado actividad humana."", ""En la zona 'Habitación Compartida 5': [YOLO]: Estado: Se han detectado 1 persona(s). Persona 76: Persona sentada | [VLM]: [MEMORIA A CORTO PLAZO]:\n - Sujeto ID_76 (Caja AZUL): Historial -> Persona de pie o caminando ALTA FIABILIDAD: Presencia humana confirmada por ambos modelos.. Se ha detectado actividad humana."", ""En la zona 'Oficina 2': [YOLO]: Estado: Se han detectado 1 persona(s). Persona 76: Persona sentada | [VLM]: [MEMORIA A CORTO PLAZO]:\n - Sujeto ID_76 (Caja AZUL): Historial -> Persona sentada ALTA FIABILIDAD: Presencia humana confirmada por ambos modelos.. Se ha detectado actividad humana."", ""En la zona 'Oficina 2': [YOLO]: Estado: Se han detectado 1 persona(s). Persona 79: Persona sentada | [VLM]: [MEMORIA A CORTO PLAZO]:\n - Sujeto ID_79 (Caja MAGENTA): Historial -> Persona sentada ALTA FIABILIDAD: Presencia humana confirmada por ambos modelos.. Se ha detectado actividad humana."", ""En la zona 'Oficina 2': [YOLO]: Estado: Se han detectado 1 persona(s). Persona 79: Persona sentada | [VLM]: [MEMORIA A CORTO PLAZO]:\n - Sujeto ID_79 (Caja MAGENTA): Historial -> Persona sentada ALTA FIABILIDAD: Presencia humana confirmada por ambos modelos.. Se ha detectado actividad humana."", ""En la zona 'Oficina 2': [YOLO]: Estado: Se han detectado 2 persona(s). Persona 1: Persona de pie (predicción con poca confianza) Persona 2: Persona de pie (predicción con poca confianza) | [VLM]: - Sujeto ID_1 (Caja AZUL): Historial -> Persona de pie (predicción con puca confianza) \n- Sujeto ID_2 (Caja VERDE): Historial -> Persona de pie (predicción con puca confianza) ALTA FIABILIDAD: Presencia humana confirmada por ambos modelos.. Se ha detectado actividad humana."", ""En la zona 'Oficina 2': [YOLO]: Estado: Se han detectado 1 persona(s). Persona 1: Persona sentada | [VLM]: [MEMORIA A CORTO PLAZO]:\n - Sujeto ID_1 (Caja AZUL): Historial -> Persona de pie o caminando ALTA FIABILIDAD: Presencia humana confirmada por ambos modelos.. Se ha detectado actividad humana."", ""En la zona 'Oficina 2': [YOLO]: Estado: Se han detectado 1 persona(s). Persona 84: Persona de pie (predicción con poca confianza) | [VLM]: [MEMORIA A CORTO PLAZO]:\n - Sujeto ID_84 (Caja MAGENTA): Historial -> Persona de pie (predicción con poca confianza) ALTA FIABILIDAD: Presencia humana confirmada por ambos modelos.. Se ha detectado actividad humana."", ""En la zona 'Oficina 2': [YOLO]: Estado: Se han detectado 1 persona(s). Persona 85: Persona sentada | [VLM]: [MEMORIA A CORTO PLAZO]:\n - Sujeto ID_85 (Caja ROJA): Historial -> Persona sentada ALTA FIABILIDAD: Presencia humana confirmada por ambos modelos.. Se ha detectado actividad humana."", ""En la zona 'Oficina 2': [YOLO]: Estado: Se han detectado 1 persona(s). Persona 85: Persona sentada | [VLM]: [MEMORIA A CORTO PLAZO]:\n - Sujeto ID_85 (Caja ROJA): Historial -> Persona sentada ALTA FIABILIDAD: Presencia humana confirmada por ambos modelos.. Se ha detectado actividad humana."", ""En la zona 'Oficina 2': [YOLO]: Estado: Se han detectado 1 persona(s). Persona 85: Persona sentada | [VLM]: [MEMORIA A CORTO PLAZO]:\n - Sujeto ID_85 (Caja ROJA): Historial -> Persona sentada ALTA FIABILIDAD: Presencia humana confirmada por ambos modelos.. Se ha detectado actividad humana."", ""En la zona 'Oficina 2': [YOLO]: Estado: Se han detectado 2 persona(s). Persona 85: Persona sentada Persona 87: Persona sentada | [VLM]: - Sujeto ID_85 (Caja ROJA): Historial -> Persona sentada \n - Sujeto ID_87 (Caja VERDE): Historial -> Persona sentada ALTA FIABILIDAD: Presencia humana confirmada por ambos modelos.. Se ha detectado actividad humana."", ""En la zona 'Oficina 2': [YOLO]: Estado: Se han detectado 3 persona(s). Persona 85: Persona sentada Persona 87: Persona sentada Persona 88: Persona sentada | [VLM]: - Sujeto ID_85 (Caja ROJA): Historial -> Persona sentada | persona sentada | persona sentada ALTA FIABILIDAD: Presencia humana confirmada por ambos modelos.. Se ha detectado actividad humana."", ""En la zona 'Oficina 2': [YOLO]: Estado: Se han detectado 2 persona(s). Persona 87: Persona sentada Persona 88: Persona sentada | [VLM]: - Sujeto ID_87 (Caja VERDE): Historial -> Persona sentada | persona sentada | persona sentada ALTA FIABILIDAD: Presencia humana confirmada por ambos modelos.. Se ha detectado actividad humana."", ""La zona 'Habitación Individual 3' está despejada, sin eventos ni personas."", ""En la zona 'Habitación Individual 4': [YOLO]: Estado: Se han detectado 1 persona(s). Persona 1: Persona sentada | [VLM]: [MEMORIA A CORTO PLAZO]:\n - Sujeto ID_1 (Caja AZUL): Historial -> Persona de pie o caminando \n - Sujeto ID_2 (Caja AZUL): Historial -> persona sentada ALTA FIABILIDAD: Presencia humana confirmada por ambos modelos.. Se ha detectado actividad humana."", ""En la zona 'Almacén 2': [YOLO]: Estado: Se han detectado 1 persona(s). Persona 1: Persona de pie (predicción con poca confianza) | [VLM]: [MEMORIA A CORTO PLAZO]:\n - Sujeto ID_1 (Caja AZUL): Historial -> Persona de pie o caminando ALTA FIABILIDAD: Presencia humana confirmada por ambos modelos.. Se ha detectado actividad humana."", ""En la zona 'Almacén 2': [YOLO]: Estado: Se han detectado 2 persona(s). Persona 1: Persona sentada Persona 2: Persona sentada | [VLM]: - Sujeto ID_1 (Caja AZUL): Historial -> Persona sentada | persona de pie (predicción con poca confianza) ALTA FIABILIDAD: Presencia humana confirmada por ambos modelos.. Se ha detectado actividad humana."", ""La zona 'Escaleras 2' está despejada, sin eventos ni personas.""]",,300w_WithTrack,short,,
¿Hay cajas o paquetes en los almacenes?,No hay cajas o paquetes mencionados en los eventos recientes del almacén 2.,"Sí, hay una montaña de cajas en ambos almacenes",0.1947482091504466,0.4670264160852128,300w_WithTrack,system,"[""En la zona 'Recepcion': [YOLO]: Estado: Se han detectado 2 persona(s). Persona 1: Persona de pie (predicción con poca confianza) Persona 2: Persona sentada | [VLM]: - Sujeto ID_1 (Caja AZUL): Historial -> Persona de pie (predicción con poca confianza) ALTA FIABILIDAD: Presencia humana confirmada por ambos modelos.. Se ha detectado actividad humana."", ""En la zona 'Recepcion': [YOLO]: Estado: Se han detectado 5 persona(s). Persona 1: Persona de pie (predicción con poca confianza) Persona 2: Persona sentada Persona 3: Persona sentada Persona 4: Persona sentada Persona 5: Persona sentada | [VLM]: - Sujeto ID_1 (Caja AZUL): Historial -> Persona de pie (predicción con poca confianza) \n- Sujeto ID_2 (Caja VERDE): Historial -> Persona sentada \n- Sujeto ID_3 (Caja AMARILLA): Historial -> Persona sentada ALTA FIABILIDAD: Presencia humana confirmada por ambos modelos.. Se ha detectado actividad humana."", ""En la zona 'Recepcion': [YOLO]: Estado: Se han detectado 1 persona(s). Persona 6: Persona sentada | [VLM]: [MEMORIA A CORTO PLAZO]:\n - Sujeto ID_6 (Caja AZUL): Historial -> Persona sentada ALTA FIABILIDAD: Presencia humana confirmada por ambos modelos.. Se ha detectado actividad humana."", ""En la zona 'Recepcion': [YOLO]: Estado: Se han detectado 1 persona(s). Persona 8: Persona sentada | [VLM]: [MEMORIA A CORTO PLAZO]:\n - Sujeto ID_8 (Caja AMARILLA): Historial -> Persona sentada ALTA FIABILIDAD: Presencia humana confirmada por ambos modelos.. Se ha detectado actividad humana."", ""En la zona 'Recepcion': [YOLO]: Estado: Se han detectado 1 persona(s). Persona 12: Persona de pie (predicción con poca confianza) | [VLM]: [MEMORIA A CORTO PLAZO]:\n - Sujeto ID_12 (CajaVERDE): Historial -> Persona de pie o caminando ALTA FIABILIDAD: Presencia humana confirmada por ambos modelos.. Se ha detectado actividad humana."", ""En la zona 'Recepcion': [YOLO]: Estado: Se han detectado 2 persona(s). Persona 1: Persona sentada Persona 2: Persona sentada | [VLM]: - Sujeto ID_1 (Caja AZUL): Historial -> Persona de pie (predicción con poca confianza) \n - Sujeto ID_2 (Caja VERDE): Historial -> Persona sentada ALTA FIABILIDAD: Presencia humana confirmada por ambos modelos.. Se ha detectado actividad humana."", ""En la zona 'Recepcion': [YOLO]: Estado: Se han detectado 1 persona(s). Persona 20: Persona sentada | [VLM]: [MEMORIA A CORTO PLAZO]:\n - Sujeto ID_20 (Caja ROJA): Historial -> Persona sentada ALTA FIABILIDAD: Presencia humana confirmada por ambos modelos.. Se ha detectado actividad humana."", ""En la zona 'Recepcion': [YOLO]: Estado: Se han detectado 1 persona(s). Persona 20: Persona de pie (predicción con poca confianza) | [VLM]: [MEMORIA A CORTO PLAZO]:\n - Sujeto ID_20 (Caja ROJA): Historial -> Persona sentada ALTA FIABILIDAD: Presencia humana confirmada por ambos modelos.. Se ha detectado actividad humana."", ""En la zona 'Recepcion': [YOLO]: Estado: Se han detectado 1 persona(s). Persona 1: Persona sentada | [VLM]: [MEMORIA A CORTO PLAZO]:\n - Sujeto ID_1 (Caja AZUL): Historial -> Persona de pie o caminando ALTA FIABILIDAD: Presencia humana confirmada por ambos modelos.. Se ha detectado actividad humana."", ""En la zona 'Recepcion': [YOLO]: Estado: Se han detectado 1 persona(s). Persona 1: Persona de pie (predicción con poca confianza) | [VLM]: [MEMORIA A CORTO PLAZO]:\n - Sujeto ID_1 (Caja AZUL): Historial -> Persona sentada \n - Sujeto ID_2 (Caja AZUL): Historial -> persona no sentado. ALTA FIABILIDAD: Presencia humana confirmada por ambos modelos.. Se ha detectado actividad humana."", ""En la zona 'Recepcion': [YOLO]: Estado: Se han detectado 1 persona(s). Persona 1: Persona sentada | [VLM]: [MEMORIA A CORTO PLAZO]:\n - Sujeto ID_1 (Caja AZUL): Historial -> Persona sentada ALTA FIABILIDAD: Presencia humana confirmada por ambos modelos.. Se ha detectado actividad humana."", ""En la zona 'Recepcion': [YOLO]: Estado: Se han detectado 2 persona(s). Persona 1: Persona sentada Persona 2: Persona sentada | [VLM]: - Sujeto ID_1 (Caja AZUL): Historial -> Persona de pie (predicción con poca confianza) \n- Sujeto ID_2 (Caja VERDE): Historial -> Persona de pie o caminando ALTA FIABILIDAD: Presencia humana confirmada por ambos modelos.. Se ha detectado actividad humana."", ""En la zona 'Recepcion': [YOLO]: Estado: Se han detectado 1 persona(s). Persona 28: Persona de pie (predicción con poca confianza) | [VLM]: [MEMORIA A CORTO PLAZO]:\n - Sujeto ID_28 (Caja AMARILLA): Historial -> Persona de pie (predicción con poca confianza) ALTA FIABILIDAD: Presencia humana confirmada por ambos modelos.. Se ha detectado actividad humana."", ""En la zona 'Recepcion': [YOLO]: Estado: Se han detectado 1 persona(s). Persona 28: Persona sentada | [VLM]: [MEMORIA A CORTO PLAZO]:\n - Sujeto ID_28 (Caja AMARILLA): Historial -> Persona de pie (predicción con poca confianza) ALTA FIABILIDAD: Presencia humana confirmada por ambos modelos.. Se ha detectado actividad humana."", ""La zona 'Escaleras 1' está despejada, sin eventos ni personas."", ""En la zona 'Almacén 1': [YOLO]: Estado: Se han detectado 1 persona(s). Persona 1: Persona sentada | [VLM]: [MEMORIA A CORTO PLAZO]:\n - Sujeto ID_1 (Caja AZUL): Historial -> Persona sentada ALTA FIABILIDAD: Presencia humana confirmada por ambos modelos.. Se ha detectado actividad humana."", ""En la zona 'Almacén 1': [YOLO]: Estado: Se han detectado 1 persona(s). Persona 32: Persona sentada | [VLM]: [MEMORIA A CORTO PLAZO]:\n - Sujeto ID_32 (CajaVERDE): Historial -> Persona sentada ALTA FIABILIDAD: Presencia humana confirmada por ambos modelos.. Se ha detectado actividad humana."", ""En la zona 'Almacén 1': [YOLO]: Estado: Se han detectado 1 persona(s). Persona 32: Persona sentada | [VLM]: [MEMORIA A CORTO PLAZO]:\n - Sujeto ID_32 (CajaVERDE): Historial -> Persona sentada ALTA FIABILIDAD: Presencia humana confirmada por ambos modelos.. Se ha detectado actividad humana."", ""En la zona 'Almacén 1': [YOLO]: Estado: Se han detectado 2 persona(s). Persona 1: Persona sentada Persona 2: Persona sentada | [VLM]: - Sujeto ID_1 (Caja AZUL): Historial -> Persona sentada \n - Sujeto ID_2 (Caja VERDE): Historial -> Persona sentada ALTA FIABILIDAD: Presencia humana confirmada por ambos modelos.. Se ha detectado actividad humana."", ""En la zona 'Habitación Individual 1': [YOLO]: Estado: Se han detectado 1 persona(s). Persona 1: Persona de pie (predicción con poca confianza) | [VLM]: [MEMORIA A CORTO PLAZO]:\n - Sujeto ID_1 (Caja AZUL): Historial -> Persona sentada | Persona sentada | persona de pie (predicción con poca confianza) ALTA FIABILIDAD: Presencia humana confirmada por ambos modelos.. Se ha detectado actividad humana."", ""En la zona 'Habitación Individual 1': [YOLO]: Estado: Se han detectado 1 persona(s). Persona 1: Persona de pie (predicción con poca confianza) | [VLM]: [MEMORIA A CORTO PLAZO]:\n - Sujeto ID_1 (Caja AZUL): Historial -> Persona sentada ALTA FIABILIDAD: Presencia humana confirmada por ambos modelos.. Se ha detectado actividad humana."", ""En la zona 'Habitación Individual 1': [YOLO]: Estado: Se han detectado 1 persona(s). Persona 36: Persona de pie (predicción con poca confianza) | [VLM]: [MEMORIA A CORTO PLAZO]:\n - Sujeto ID_36 (Caja AZUL): Historial -> Persona de pie (predicción con poca confianza) ALTA FIABILIDAD: Presencia humana confirmada por ambos modelos.. Se ha detectado actividad humana."", ""En la zona 'Habitación Individual 1': [YOLO]: Estado: Se han detectado 1 persona(s). Persona 36: Persona de pie (predicción con poca confianza) | [VLM]: [MEMORIA A CORTO PLAZO]:\n - Sujeto ID_36 (Caja AZUL): Historial -> Persona de pie (predicción con poca confianza) ALTA FIABILIDAD: Presencia humana confirmada por ambos modelos.. Se ha detectado actividad humana."", ""En la zona 'Habitación Individual 2': [YOLO]: Estado: Se han detectado 1 persona(s). Persona 1: Persona de pie (predicción con poca confianza) | [VLM]: 1. Descubre el sujeto ID_1 (Caja AZUL): Es una zona de tipo Privada y pacientes. En esta zona puede que veas gente descansar en cama, recibir tratamiento. ALTA FIABILIDAD: Presencia humana confirmada por ambos modelos.. Se ha detectado actividad humana."", ""En la zona 'Habitación Individual 2': [YOLO]: Estado: Se han detectado 1 persona(s). Persona 1: Persona de pie (predicción con poca confianza) | [VLM]: 1. Sujeto ID_1 (Caja AZUL): Historial \n 2. Sujeto ID_2 (Caja AZUL): Historial \n 3. Sujeto ID_3 (Caja AZUL): Historial \n 4. Sujeto ID_4 (Caja AZUL): Historial ALTA FIABILIDAD: Presencia humana confirmada por ambos modelos.. Se ha detectado actividad humana."", ""En la zona 'Oficina 1': [YOLO]: Estado: Se han detectado 1 persona(s). Persona 1: Persona de pie (predicción con poca confianza) | [VLM]: [MEMORIA A CORTO PLAZO]:\n - Sujeto ID_1 (Caja AZUL): Historial -> Persona de pie (predicción con poca confianza) ALTA FIABILIDAD: Presencia humana confirmada por ambos modelos.. Se ha detectado actividad humana."", ""En la zona 'Oficina 1': [YOLO]: Estado: Se han detectado 2 persona(s). Persona 1: Persona de pie (predicción con poca confianza) Persona 2: Persona sentada | [VLM]: - Sujeto ID_1 (Caja AZUL): Historial -> Persona de pie (predicción con poca confianza) \n - Sujeto ID_2 (Caja VERDE): Historial -> Persona sentada ALTA FIABILIDAD: Presencia humana confirmada por ambos modelos.. Se ha detectado actividad humana."", ""En la zona 'Oficina 1': [YOLO]: Estado: Se han detectado 2 persona(s). Persona 1: Persona sentada Persona 2: Persona sentada | [VLM]: - Sujeto ID_1 (Caja AZUL): Historial -> Persona de pie (predicción con poca confianza) | Persona de pie o caminando ALTA FIABILIDAD: Presencia humana confirmada por ambos modelos.. Se ha detectado actividad humana."", ""En la zona 'Baño 1': [YOLO]: Estado: Se han detectado 1 persona(s). Persona 1: Persona de pie (predicción con poca confianza) | [VLM]: [MEMORIA A CORTO PLAZO]:\n - Sujeto ID_1 (Caja AZUL): Historial -> Persona sentada \n - Sujeto ID_2 (Caja AZUL): Historial -> persona de cualquier sujeto que se convirtió en la imagen. ALTA FIABILIDAD: Presencia humana confirmada por ambos modelos.. Se ha detectado actividad humana."", ""En la zona 'Baño 1': [YOLO]: Estado: Se han detectado 1 persona(s). Persona 1: Persona de pie (predicción con poca confianza) | [VLM]: 1. Sujeto ID_1 (Caja AZUL): Historial -> Persona de pie o caminando ALTA FIABILIDAD: Presencia humana confirmada por ambos modelos.. Se ha detectado actividad humana."", ""En la zona 'Habitación Compartida 1': [YOLO]: Estado: Se han detectado 2 persona(s). Persona 1: Persona de pie (predicción con poca confianza) Persona 2: Persona sentada o torso visible (predicción con poca confianza) | [VLM]: - Sujeto ID_1 (Caja AZUL): Historial -> Persona de pie (predicción con puca confianza) \n - Sujeto ID_2 (Caja VERDE): Historial -> Persona sentada o torso visible ALTA FIABILIDAD: Presencia humana confirmada por ambos modelos.. Se ha detectado actividad humana."", ""La zona 'Quirófano 1' está despejada, sin eventos ni personas."", ""En la zona 'Habitación Compartida 3': [YOLO]: Estado: Se han detectado 1 persona(s). Persona 1: Persona de pie (predicción con poca confianza) | [VLM]: [MEMORIA A CORTO PLAZO]:\n - Sujeto ID_1 (Caja AZUL): Historial -> Persona de pie (predicción con puca confianza) ALTA FIABILIDAD: Presencia humana confirmada por ambos modelos.. Se ha detectado actividad humana."", ""En la zona 'Habitación Compartida 3': [YOLO]: Estado: Se han detectado 1 persona(s). Persona 1: Persona de pie (predicción con poca confianza) | [VLM]: [MEMORIA A CORTO PLAZO]:\n - Sujeto ID_1 (Caja AZUL): Historial -> Persona de pie o caminando ALTA FIABILIDAD: Presencia humana confirmada por ambos modelos.. Se ha detectado actividad humana."", ""En la zona 'Habitación Compartida 2': [YOLO]: Estado: Se han detectado 1 persona(s). Persona 1: Persona de pie (predicción con poca confianza) | [VLM]: [MEMORIA A CORTO PLAZO]:\n - Sujeto ID_1 (Caja AZUL): Historial -> Persona de pie (predicción con puca confianza) ALTA FIABILIDAD: Presencia humana confirmada por ambos modelos.. Se ha detectado actividad humana."", ""En la zona 'Sala Común': [YOLO]: Estado: Se han detectado 1 persona(s). Persona 58: Persona de pie (predicción con poca confianza) | [VLM]: [MEMORIA A CORTO PLAZO]:\n - Sujeto ID_58 (Caja AMARILLA): Historial -> Persona de pie o caminando ALTA FIABILIDAD: Presencia humana confirmada por ambos modelos.. Se ha detectado actividad humana."", ""En la zona 'Sala Común': [YOLO]: Estado: Se han detectado 1 persona(s). Persona 1: Persona de pie (predicción con poca confianza) | [VLM]: [MEMORIA A CORTO PLAZO]:\n - Sujeto ID_1 (Caja AZUL): Historial -> Persona de pie (predicción con puca confianza) ALTA FIABILIDAD: Presencia humana confirmada por ambos modelos.. Se ha detectado actividad humana."", ""En la zona 'Quirófano 2': [YOLO]: Estado: Se han detectado 1 persona(s). Persona 1: Persona sentada | [VLM]: [MEMORIA A CORTO PLAZO]:\n - Sujeto ID_1 (Caja AZUL): Historial -> Persona de pie o caminando ALTA FIABILIDAD: Presencia humana confirmada por ambos modelos.. Se ha detectado actividad humana."", ""En la zona 'Quirófano 2': [YOLO]: Estado: Se han detectado 1 persona(s). Persona 1: Persona de pie (predicción con poca confianza) | [VLM]: [MEMORIA A CORTO PLAZO]:\n - Sujeto ID_1 (Caja AZUL): Historial -> Persona de pie (predicción con puca confianza) ALTA FIABILIDAD: Presencia humana confirmada por ambos modelos.. Se ha detectado actividad humana."", ""En la zona 'Quirófano 2': [YOLO]: Estado: Se han detectado 1 persona(s). Persona 1: Persona de pie (predicción con poca confianza) | [VLM]: [MEMORIA A CORTO PLAZO]:\n - Sujeto ID_1 (Caja AZUL): Historial -> Persona sentada ALTA FIABILIDAD: Presencia humana confirmada por ambos modelos.. Se ha detectado actividad humana."", ""En la zona 'Quirófano 2': [YOLO]: Estado: Se han detectado 3 persona(s). Persona 1: Persona de pie (predicción con poca confianza) Persona 2: Persona de pie (predicción con poca confianza) Persona 3: Persona de pie (predicción con poca confianza) | [VLM]: - Sujeto ID_1 (Caja AZUL): Historial -> Persona de pie (predicción con puca confianza) \n - Sujeto ID_2 (Caja VERDE): Historial -> Persona sentada o torso visible \n - Sujeto ID_3 (Caja AMARILLA): Historial -> Persona de pie o caminando ALTA FIABILIDAD: Presencia humana confirmada por ambos modelos.. Se ha detectado actividad humana."", ""En la zona 'Quirófano 2': [YOLO]: Estado: Se han detectado 2 persona(s). Persona 65: Persona de pie (predicción con poca confianza) Persona 66: Persona de pie (predicción con poca confianza) | [VLM]: - Sujeto ID_65 (Caja ROJA): Historial -> Persona de pie (predicción con poca confianza) ALTA FIABILIDAD: Presencia humana confirmada por ambos modelos.. Se ha detectado actividad humana."", ""En la zona 'Quirófano 2': [YOLO]: Estado: Se han detectado 1 persona(s). Persona 68: Persona sentada | [VLM]: [MEMORIA A CORTO PLAZO]:\n - Sujeto ID_68 (Caja AMARILLA): Historial -> Persona sentada ALTA FIABILIDAD: Presencia humana confirmada por ambos modelos.. Se ha detectado actividad humana."", ""En la zona 'Habitación Compartida 4': [YOLO]: Estado: Se han detectado 1 persona(s). Persona 1: Persona de pie (predicción con poca confianza) | [VLM]: [MEMORIA A CORTO PLAZO]:\n - Sujeto ID_1 (Caja AZUL): Historial -> Persona de pie (predicción con puca confianza) ALTA FIABILIDAD: Presencia humana confirmada por ambos modelos.. Se ha detectado actividad humana."", ""En la zona 'Habitación Compartida 4': [YOLO]: Estado: Se han detectado 2 persona(s). Persona 1: Persona de pie (predicción con poca confianza) Persona 2: Persona de pie (predicción con poca confianza) | [VLM]: - Sujeto ID_1 (Caja AZUL): Historial -> Persona de pie o caminando \n - Sujeto ID_2 (Caja VERDE): Historial -> Persona de pie o caminando ALTA FIABILIDAD: Presencia humana confirmada por ambos modelos.. Se ha detectado actividad humana."", ""En la zona 'Baño 2': [YOLO]: Estado: Se han detectado 1 persona(s). Persona 1: Persona de pie (predicción con poca confianza) | [VLM]: 1. Sujeto ID_1 (Caja AZUL): Historial -> Persona de pie (predicción con puca confianza) ALTA FIABILIDAD: Presencia humana confirmada por ambos modelos.. Se ha detectado actividad humana."", ""En la zona 'Baño 2': [YOLO]: Estado: Se han detectado 1 persona(s). Persona 1: Persona sentada | [VLM]: [MEMORIA A CORTO PLAZO]:\n - Sujeto ID_1 (Caja AZUL): Historial -> Persona de pie (predicción con puca confianza) \n - Sujeto ID_2 (Caja AZUL): Historial -> persona de pie (predicción con puca confianza) ALTA FIABILIDAD: Presencia humana confirmada por ambos modelos.. Se ha detectado actividad humana."", ""En la zona 'Baño 2': [YOLO]: Estado: Se han detectado 1 persona(s). Persona 1: Persona de pie (predicción con poca confianza) | [VLM]: [MEMORIA A CORTO PLAZO]:\n - Sujeto ID_1 (Caja AZUL): Historial -> Persona de pie o caminando ALTA FIABILIDAD: Presencia humana confirmada por ambos modelos.. Se ha detectado actividad humana."", ""En la zona 'Habitación Compartida 5': [YOLO]: Estado: Se han detectado 1 persona(s). Persona 76: Persona sentada | [VLM]: [MEMORIA A CORTO PLAZO]:\n - Sujeto ID_76 (Caja AZUL): Historial -> Persona sentada ALTA FIABILIDAD: Presencia humana confirmada por ambos modelos.. Se ha detectado actividad humana."", ""En la zona 'Habitación Compartida 5': [YOLO]: Estado: Se han detectado 1 persona(s). Persona 76: Persona sentada | [VLM]: [MEMORIA A CORTO PLAZO]:\n - Sujeto ID_76 (Caja AZUL): Historial -> Persona sentada ALTA FIABILIDAD: Presencia humana confirmada por ambos modelos.. Se ha detectado actividad humana."", ""En la zona 'Habitación Compartida 5': [YOLO]: Estado: Se han detectado 1 persona(s). Persona 76: Persona sentada | [VLM]: [MEMORIA A CORTO PLAZO]:\n - Sujeto ID_76 (Caja AZUL): Historial -> Persona de pie o caminando ALTA FIABILIDAD: Presencia humana confirmada por ambos modelos.. Se ha detectado actividad humana."", ""En la zona 'Oficina 2': [YOLO]: Estado: Se han detectado 1 persona(s). Persona 76: Persona sentada | [VLM]: [MEMORIA A CORTO PLAZO]:\n - Sujeto ID_76 (Caja AZUL): Historial -> Persona sentada ALTA FIABILIDAD: Presencia humana confirmada por ambos modelos.. Se ha detectado actividad humana."", ""En la zona 'Oficina 2': [YOLO]: Estado: Se han detectado 1 persona(s). Persona 79: Persona sentada | [VLM]: [MEMORIA A CORTO PLAZO]:\n - Sujeto ID_79 (Caja MAGENTA): Historial -> Persona sentada ALTA FIABILIDAD: Presencia humana confirmada por ambos modelos.. Se ha detectado actividad humana."", ""En la zona 'Oficina 2': [YOLO]: Estado: Se han detectado 1 persona(s). Persona 79: Persona sentada | [VLM]: [MEMORIA A CORTO PLAZO]:\n - Sujeto ID_79 (Caja MAGENTA): Historial -> Persona sentada ALTA FIABILIDAD: Presencia humana confirmada por ambos modelos.. Se ha detectado actividad humana."", ""En la zona 'Oficina 2': [YOLO]: Estado: Se han detectado 2 persona(s). Persona 1: Persona de pie (predicción con poca confianza) Persona 2: Persona de pie (predicción con poca confianza) | [VLM]: - Sujeto ID_1 (Caja AZUL): Historial -> Persona de pie (predicción con puca confianza) \n- Sujeto ID_2 (Caja VERDE): Historial -> Persona de pie (predicción con puca confianza) ALTA FIABILIDAD: Presencia humana confirmada por ambos modelos.. Se ha detectado actividad humana."", ""En la zona 'Oficina 2': [YOLO]: Estado: Se han detectado 1 persona(s). Persona 1: Persona sentada | [VLM]: [MEMORIA A CORTO PLAZO]:\n - Sujeto ID_1 (Caja AZUL): Historial -> Persona de pie o caminando ALTA FIABILIDAD: Presencia humana confirmada por ambos modelos.. Se ha detectado actividad humana."", ""En la zona 'Oficina 2': [YOLO]: Estado: Se han detectado 1 persona(s). Persona 84: Persona de pie (predicción con poca confianza) | [VLM]: [MEMORIA A CORTO PLAZO]:\n - Sujeto ID_84 (Caja MAGENTA): Historial -> Persona de pie (predicción con poca confianza) ALTA FIABILIDAD: Presencia humana confirmada por ambos modelos.. Se ha detectado actividad humana."", ""En la zona 'Oficina 2': [YOLO]: Estado: Se han detectado 1 persona(s). Persona 85: Persona sentada | [VLM]: [MEMORIA A CORTO PLAZO]:\n - Sujeto ID_85 (Caja ROJA): Historial -> Persona sentada ALTA FIABILIDAD: Presencia humana confirmada por ambos modelos.. Se ha detectado actividad humana."", ""En la zona 'Oficina 2': [YOLO]: Estado: Se han detectado 1 persona(s). Persona 85: Persona sentada | [VLM]: [MEMORIA A CORTO PLAZO]:\n - Sujeto ID_85 (Caja ROJA): Historial -> Persona sentada ALTA FIABILIDAD: Presencia humana confirmada por ambos modelos.. Se ha detectado actividad humana."", ""En la zona 'Oficina 2': [YOLO]: Estado: Se han detectado 1 persona(s). Persona 85: Persona sentada | [VLM]: [MEMORIA A CORTO PLAZO]:\n - Sujeto ID_85 (Caja ROJA): Historial -> Persona sentada ALTA FIABILIDAD: Presencia humana confirmada por ambos modelos.. Se ha detectado actividad humana."", ""En la zona 'Oficina 2': [YOLO]: Estado: Se han detectado 2 persona(s). Persona 85: Persona sentada Persona 87: Persona sentada | [VLM]: - Sujeto ID_85 (Caja ROJA): Historial -> Persona sentada \n - Sujeto ID_87 (Caja VERDE): Historial -> Persona sentada ALTA FIABILIDAD: Presencia humana confirmada por ambos modelos.. Se ha detectado actividad humana."", ""En la zona 'Oficina 2': [YOLO]: Estado: Se han detectado 3 persona(s). Persona 85: Persona sentada Persona 87: Persona sentada Persona 88: Persona sentada | [VLM]: - Sujeto ID_85 (Caja ROJA): Historial -> Persona sentada | persona sentada | persona sentada ALTA FIABILIDAD: Presencia humana confirmada por ambos modelos.. Se ha detectado actividad humana."", ""En la zona 'Oficina 2': [YOLO]: Estado: Se han detectado 2 persona(s). Persona 87: Persona sentada Persona 88: Persona sentada | [VLM]: - Sujeto ID_87 (Caja VERDE): Historial -> Persona sentada | persona sentada | persona sentada ALTA FIABILIDAD: Presencia humana confirmada por ambos modelos.. Se ha detectado actividad humana."", ""La zona 'Habitación Individual 3' está despejada, sin eventos ni personas."", ""En la zona 'Habitación Individual 4': [YOLO]: Estado: Se han detectado 1 persona(s). Persona 1: Persona sentada | [VLM]: [MEMORIA A CORTO PLAZO]:\n - Sujeto ID_1 (Caja AZUL): Historial -> Persona de pie o caminando \n - Sujeto ID_2 (Caja AZUL): Historial -> persona sentada ALTA FIABILIDAD: Presencia humana confirmada por ambos modelos.. Se ha detectado actividad humana."", ""En la zona 'Almacén 2': [YOLO]: Estado: Se han detectado 1 persona(s). Persona 1: Persona de pie (predicción con poca confianza) | [VLM]: [MEMORIA A CORTO PLAZO]:\n - Sujeto ID_1 (Caja AZUL): Historial -> Persona de pie o caminando ALTA FIABILIDAD: Presencia humana confirmada por ambos modelos.. Se ha detectado actividad humana."", ""En la zona 'Almacén 2': [YOLO]: Estado: Se han detectado 2 persona(s). Persona 1: Persona sentada Persona 2: Persona sentada | [VLM]: - Sujeto ID_1 (Caja AZUL): Historial -> Persona sentada | persona de pie (predicción con poca confianza) ALTA FIABILIDAD: Presencia humana confirmada por ambos modelos.. Se ha detectado actividad humana."", ""La zona 'Escaleras 2' está despejada, sin eventos ni personas.""]",,300w_WithTrack,short,,
"¿Qué actividad está realizando la persona en la Oficina 2 (ej. trabajando en el ordenador, leyendo, hablando)?","Según los registros, no hay información específica sobre la actividad que está realizando la persona en la Oficina 2. Sin embargo, se detectó a personas sentadas y de pie (con predicciones de confianza baja) en diferentes momentos del rango temporal. No hay evidencia de actividades específicas como trabajar en el ordenador o leer.",Hay una empleada sentada detrás del escritorio. No parece estar haciendo nada,0.5518776460300436,0.0,300w_WithTrack,system,"[""En la zona 'Oficina 2': [YOLO]: Estado: Se han detectado 1 persona(s). Persona 76: Persona sentada | [VLM]: [MEMORIA A CORTO PLAZO]:\n - Sujeto ID_76 (Caja AZUL): Historial -> Persona sentada ALTA FIABILIDAD: Presencia humana confirmada por ambos modelos.. Se ha detectado actividad humana."", ""En la zona 'Oficina 2': [YOLO]: Estado: Se han detectado 1 persona(s). Persona 79: Persona sentada | [VLM]: [MEMORIA A CORTO PLAZO]:\n - Sujeto ID_79 (Caja MAGENTA): Historial -> Persona sentada ALTA FIABILIDAD: Presencia humana confirmada por ambos modelos.. Se ha detectado actividad humana."", ""En la zona 'Oficina 2': [YOLO]: Estado: Se han detectado 1 persona(s). Persona 79: Persona sentada | [VLM]: [MEMORIA A CORTO PLAZO]:\n - Sujeto ID_79 (Caja MAGENTA): Historial -> Persona sentada ALTA FIABILIDAD: Presencia humana confirmada por ambos modelos.. Se ha detectado actividad humana."", ""En la zona 'Oficina 2': [YOLO]: Estado: Se han detectado 2 persona(s). Persona 1: Persona de pie (predicción con poca confianza) Persona 2: Persona de pie (predicción con poca confianza) | [VLM]: - Sujeto ID_1 (Caja AZUL): Historial -> Persona de pie (predicción con puca confianza) \n- Sujeto ID_2 (Caja VERDE): Historial -> Persona de pie (predicción con puca confianza) ALTA FIABILIDAD: Presencia humana confirmada por ambos modelos.. Se ha detectado actividad humana."", ""En la zona 'Oficina 2': [YOLO]: Estado: Se han detectado 1 persona(s). Persona 1: Persona sentada | [VLM]: [MEMORIA A CORTO PLAZO]:\n - Sujeto ID_1 (Caja AZUL): Historial -> Persona de pie o caminando ALTA FIABILIDAD: Presencia humana confirmada por ambos modelos.. Se ha detectado actividad humana."", ""En la zona 'Oficina 2': [YOLO]: Estado: Se han detectado 1 persona(s). Persona 84: Persona de pie (predicción con poca confianza) | [VLM]: [MEMORIA A CORTO PLAZO]:\n - Sujeto ID_84 (Caja MAGENTA): Historial -> Persona de pie (predicción con poca confianza) ALTA FIABILIDAD: Presencia humana confirmada por ambos modelos.. Se ha detectado actividad humana."", ""En la zona 'Oficina 2': [YOLO]: Estado: Se han detectado 1 persona(s). Persona 85: Persona sentada | [VLM]: [MEMORIA A CORTO PLAZO]:\n - Sujeto ID_85 (Caja ROJA): Historial -> Persona sentada ALTA FIABILIDAD: Presencia humana confirmada por ambos modelos.. Se ha detectado actividad humana."", ""En la zona 'Oficina 2': [YOLO]: Estado: Se han detectado 1 persona(s). Persona 85: Persona sentada | [VLM]: [MEMORIA A CORTO PLAZO]:\n - Sujeto ID_85 (Caja ROJA): Historial -> Persona sentada ALTA FIABILIDAD: Presencia humana confirmada por ambos modelos.. Se ha detectado actividad humana."", ""En la zona 'Oficina 2': [YOLO]: Estado: Se han detectado 1 persona(s). Persona 85: Persona sentada | [VLM]: [MEMORIA A CORTO PLAZO]:\n - Sujeto ID_85 (Caja ROJA): Historial -> Persona sentada ALTA FIABILIDAD: Presencia humana confirmada por ambos modelos.. Se ha detectado actividad humana."", ""En la zona 'Oficina 2': [YOLO]: Estado: Se han detectado 2 persona(s). Persona 85: Persona sentada Persona 87: Persona sentada | [VLM]: - Sujeto ID_85 (Caja ROJA): Historial -> Persona sentada \n - Sujeto ID_87 (Caja VERDE): Historial -> Persona sentada ALTA FIABILIDAD: Presencia humana confirmada por ambos modelos.. Se ha detectado actividad humana."", ""En la zona 'Oficina 2': [YOLO]: Estado: Se han detectado 3 persona(s). Persona 85: Persona sentada Persona 87: Persona sentada Persona 88: Persona sentada | [VLM]: - Sujeto ID_85 (Caja ROJA): Historial -> Persona sentada | persona sentada | persona sentada ALTA FIABILIDAD: Presencia humana confirmada por ambos modelos.. Se ha detectado actividad humana."", ""En la zona 'Oficina 2': [YOLO]: Estado: Se han detectado 2 persona(s). Persona 87: Persona sentada Persona 88: Persona sentada | [VLM]: - Sujeto ID_87 (Caja VERDE): Historial -> Persona sentada | persona sentada | persona sentada ALTA FIABILIDAD: Presencia humana confirmada por ambos modelos.. Se ha detectado actividad humana.""]",0.3333333333333333,300w_WithTrack,short,,
"En la zona de Recepción, ¿hay alguien interactuando directamente con el mostrador o están únicamente esperando?","En la zona de Recepción (Eres un sistema analizador de actividades humanas en un hospital), no hay información disponible sobre interacción directa con el mostrador en el rango temporal especificado. Sin embargo, según los eventos recientes, se han detectado personas esperando en la zona de Recepción sin interactuar directamente con el mostrador.","Hay tres personas de pie esperando/hablando, un hombre con el móvil, una mujer con un bolso y un hombre caminando. En las sillas se ven a varias sentadas, algunas con el móvil y un niño leyendo un libro",0.419088696094562,0.5009954647718687,300w_WithTrack,system,"[""En la zona 'Recepcion': [YOLO]: Estado: Se han detectado 2 persona(s). Persona 1: Persona de pie (predicción con poca confianza) Persona 2: Persona sentada | [VLM]: - Sujeto ID_1 (Caja AZUL): Historial -> Persona de pie (predicción con poca confianza) ALTA FIABILIDAD: Presencia humana confirmada por ambos modelos.. Se ha detectado actividad humana."", ""En la zona 'Recepcion': [YOLO]: Estado: Se han detectado 5 persona(s). Persona 1: Persona de pie (predicción con poca confianza) Persona 2: Persona sentada Persona 3: Persona sentada Persona 4: Persona sentada Persona 5: Persona sentada | [VLM]: - Sujeto ID_1 (Caja AZUL): Historial -> Persona de pie (predicción con poca confianza) \n- Sujeto ID_2 (Caja VERDE): Historial -> Persona sentada \n- Sujeto ID_3 (Caja AMARILLA): Historial -> Persona sentada ALTA FIABILIDAD: Presencia humana confirmada por ambos modelos.. Se ha detectado actividad humana."", ""En la zona 'Recepcion': [YOLO]: Estado: Se han detectado 1 persona(s). Persona 6: Persona sentada | [VLM]: [MEMORIA A CORTO PLAZO]:\n - Sujeto ID_6 (Caja AZUL): Historial -> Persona sentada ALTA FIABILIDAD: Presencia humana confirmada por ambos modelos.. Se ha detectado actividad humana."", ""En la zona 'Recepcion': [YOLO]: Estado: Se han detectado 1 persona(s). Persona 8: Persona sentada | [VLM]: [MEMORIA A CORTO PLAZO]:\n - Sujeto ID_8 (Caja AMARILLA): Historial -> Persona sentada ALTA FIABILIDAD: Presencia humana confirmada por ambos modelos.. Se ha detectado actividad humana."", ""En la zona 'Recepcion': [YOLO]: Estado: Se han detectado 1 persona(s). Persona 12: Persona de pie (predicción con poca confianza) | [VLM]: [MEMORIA A CORTO PLAZO]:\n - Sujeto ID_12 (CajaVERDE): Historial -> Persona de pie o caminando ALTA FIABILIDAD: Presencia humana confirmada por ambos modelos.. Se ha detectado actividad humana."", ""En la zona 'Recepcion': [YOLO]: Estado: Se han detectado 2 persona(s). Persona 1: Persona sentada Persona 2: Persona sentada | [VLM]: - Sujeto ID_1 (Caja AZUL): Historial -> Persona de pie (predicción con poca confianza) \n - Sujeto ID_2 (Caja VERDE): Historial -> Persona sentada ALTA FIABILIDAD: Presencia humana confirmada por ambos modelos.. Se ha detectado actividad humana."", ""En la zona 'Recepcion': [YOLO]: Estado: Se han detectado 1 persona(s). Persona 20: Persona sentada | [VLM]: [MEMORIA A CORTO PLAZO]:\n - Sujeto ID_20 (Caja ROJA): Historial -> Persona sentada ALTA FIABILIDAD: Presencia humana confirmada por ambos modelos.. Se ha detectado actividad humana."", ""En la zona 'Recepcion': [YOLO]: Estado: Se han detectado 1 persona(s). Persona 20: Persona de pie (predicción con poca confianza) | [VLM]: [MEMORIA A CORTO PLAZO]:\n - Sujeto ID_20 (Caja ROJA): Historial -> Persona sentada ALTA FIABILIDAD: Presencia humana confirmada por ambos modelos.. Se ha detectado actividad humana."", ""En la zona 'Recepcion': [YOLO]: Estado: Se han detectado 1 persona(s). Persona 1: Persona sentada | [VLM]: [MEMORIA A CORTO PLAZO]:\n - Sujeto ID_1 (Caja AZUL): Historial -> Persona de pie o caminando ALTA FIABILIDAD: Presencia humana confirmada por ambos modelos.. Se ha detectado actividad humana."", ""En la zona 'Recepcion': [YOLO]: Estado: Se han detectado 1 persona(s). Persona 1: Persona de pie (predicción con poca confianza) | [VLM]: [MEMORIA A CORTO PLAZO]:\n - Sujeto ID_1 (Caja AZUL): Historial -> Persona sentada \n - Sujeto ID_2 (Caja AZUL): Historial -> persona no sentado. ALTA FIABILIDAD: Presencia humana confirmada por ambos modelos.. Se ha detectado actividad humana."", ""En la zona 'Recepcion': [YOLO]: Estado: Se han detectado 1 persona(s). Persona 1: Persona sentada | [VLM]: [MEMORIA A CORTO PLAZO]:\n - Sujeto ID_1 (Caja AZUL): Historial -> Persona sentada ALTA FIABILIDAD: Presencia humana confirmada por ambos modelos.. Se ha detectado actividad humana."", ""En la zona 'Recepcion': [YOLO]: Estado: Se han detectado 2 persona(s). Persona 1: Persona sentada Persona 2: Persona sentada | [VLM]: - Sujeto ID_1 (Caja AZUL): Historial -> Persona de pie (predicción con poca confianza) \n- Sujeto ID_2 (Caja VERDE): Historial -> Persona de pie o caminando ALTA FIABILIDAD: Presencia humana confirmada por ambos modelos.. Se ha detectado actividad humana."", ""En la zona 'Recepcion': [YOLO]: Estado: Se han detectado 1 persona(s). Persona 28: Persona de pie (predicción con poca confianza) | [VLM]: [MEMORIA A CORTO PLAZO]:\n - Sujeto ID_28 (Caja AMARILLA): Historial -> Persona de pie (predicción con poca confianza) ALTA FIABILIDAD: Presencia humana confirmada por ambos modelos.. Se ha detectado actividad humana."", ""En la zona 'Recepcion': [YOLO]: Estado: Se han detectado 1 persona(s). Persona 28: Persona sentada | [VLM]: [MEMORIA A CORTO PLAZO]:\n - Sujeto ID_28 (Caja AMARILLA): Historial -> Persona de pie (predicción con poca confianza) ALTA FIABILIDAD: Presencia humana confirmada por ambos modelos.. Se ha detectado actividad humana."", ""La zona 'Escaleras 1' está despejada, sin eventos ni personas."", ""En la zona 'Almacén 1': [YOLO]: Estado: Se han detectado 1 persona(s). Persona 1: Persona sentada | [VLM]: [MEMORIA A CORTO PLAZO]:\n - Sujeto ID_1 (Caja AZUL): Historial -> Persona sentada ALTA FIABILIDAD: Presencia humana confirmada por ambos modelos.. Se ha detectado actividad humana."", ""En la zona 'Almacén 1': [YOLO]: Estado: Se han detectado 1 persona(s). Persona 32: Persona sentada | [VLM]: [MEMORIA A CORTO PLAZO]:\n - Sujeto ID_32 (CajaVERDE): Historial -> Persona sentada ALTA FIABILIDAD: Presencia humana confirmada por ambos modelos.. Se ha detectado actividad humana."", ""En la zona 'Almacén 1': [YOLO]: Estado: Se han detectado 1 persona(s). Persona 32: Persona sentada | [VLM]: [MEMORIA A CORTO PLAZO]:\n - Sujeto ID_32 (CajaVERDE): Historial -> Persona sentada ALTA FIABILIDAD: Presencia humana confirmada por ambos modelos.. Se ha detectado actividad humana."", ""En la zona 'Almacén 1': [YOLO]: Estado: Se han detectado 2 persona(s). Persona 1: Persona sentada Persona 2: Persona sentada | [VLM]: - Sujeto ID_1 (Caja AZUL): Historial -> Persona sentada \n - Sujeto ID_2 (Caja VERDE): Historial -> Persona sentada ALTA FIABILIDAD: Presencia humana confirmada por ambos modelos.. Se ha detectado actividad humana."", ""En la zona 'Habitación Individual 1': [YOLO]: Estado: Se han detectado 1 persona(s). Persona 1: Persona de pie (predicción con poca confianza) | [VLM]: [MEMORIA A CORTO PLAZO]:\n - Sujeto ID_1 (Caja AZUL): Historial -> Persona sentada | Persona sentada | persona de pie (predicción con poca confianza) ALTA FIABILIDAD: Presencia humana confirmada por ambos modelos.. Se ha detectado actividad humana."", ""En la zona 'Habitación Individual 1': [YOLO]: Estado: Se han detectado 1 persona(s). Persona 1: Persona de pie (predicción con poca confianza) | [VLM]: [MEMORIA A CORTO PLAZO]:\n - Sujeto ID_1 (Caja AZUL): Historial -> Persona sentada ALTA FIABILIDAD: Presencia humana confirmada por ambos modelos.. Se ha detectado actividad humana."", ""En la zona 'Habitación Individual 1': [YOLO]: Estado: Se han detectado 1 persona(s). Persona 36: Persona de pie (predicción con poca confianza) | [VLM]: [MEMORIA A CORTO PLAZO]:\n - Sujeto ID_36 (Caja AZUL): Historial -> Persona de pie (predicción con poca confianza) ALTA FIABILIDAD: Presencia humana confirmada por ambos modelos.. Se ha detectado actividad humana."", ""En la zona 'Habitación Individual 1': [YOLO]: Estado: Se han detectado 1 persona(s). Persona 36: Persona de pie (predicción con poca confianza) | [VLM]: [MEMORIA A CORTO PLAZO]:\n - Sujeto ID_36 (Caja AZUL): Historial -> Persona de pie (predicción con poca confianza) ALTA FIABILIDAD: Presencia humana confirmada por ambos modelos.. Se ha detectado actividad humana."", ""En la zona 'Habitación Individual 2': [YOLO]: Estado: Se han detectado 1 persona(s). Persona 1: Persona de pie (predicción con poca confianza) | [VLM]: 1. Descubre el sujeto ID_1 (Caja AZUL): Es una zona de tipo Privada y pacientes. En esta zona puede que veas gente descansar en cama, recibir tratamiento. ALTA FIABILIDAD: Presencia humana confirmada por ambos modelos.. Se ha detectado actividad humana."", ""En la zona 'Habitación Individual 2': [YOLO]: Estado: Se han detectado 1 persona(s). Persona 1: Persona de pie (predicción con poca confianza) | [VLM]: 1. Sujeto ID_1 (Caja AZUL): Historial \n 2. Sujeto ID_2 (Caja AZUL): Historial \n 3. Sujeto ID_3 (Caja AZUL): Historial \n 4. Sujeto ID_4 (Caja AZUL): Historial ALTA FIABILIDAD: Presencia humana confirmada por ambos modelos.. Se ha detectado actividad humana."", ""En la zona 'Oficina 1': [YOLO]: Estado: Se han detectado 1 persona(s). Persona 1: Persona de pie (predicción con poca confianza) | [VLM]: [MEMORIA A CORTO PLAZO]:\n - Sujeto ID_1 (Caja AZUL): Historial -> Persona de pie (predicción con poca confianza) ALTA FIABILIDAD: Presencia humana confirmada por ambos modelos.. Se ha detectado actividad humana."", ""En la zona 'Oficina 1': [YOLO]: Estado: Se han detectado 2 persona(s). Persona 1: Persona de pie (predicción con poca confianza) Persona 2: Persona sentada | [VLM]: - Sujeto ID_1 (Caja AZUL): Historial -> Persona de pie (predicción con poca confianza) \n - Sujeto ID_2 (Caja VERDE): Historial -> Persona sentada ALTA FIABILIDAD: Presencia humana confirmada por ambos modelos.. Se ha detectado actividad humana."", ""En la zona 'Oficina 1': [YOLO]: Estado: Se han detectado 2 persona(s). Persona 1: Persona sentada Persona 2: Persona sentada | [VLM]: - Sujeto ID_1 (Caja AZUL): Historial -> Persona de pie (predicción con poca confianza) | Persona de pie o caminando ALTA FIABILIDAD: Presencia humana confirmada por ambos modelos.. Se ha detectado actividad humana."", ""En la zona 'Baño 1': [YOLO]: Estado: Se han detectado 1 persona(s). Persona 1: Persona de pie (predicción con poca confianza) | [VLM]: [MEMORIA A CORTO PLAZO]:\n - Sujeto ID_1 (Caja AZUL): Historial -> Persona sentada \n - Sujeto ID_2 (Caja AZUL): Historial -> persona de cualquier sujeto que se convirtió en la imagen. ALTA FIABILIDAD: Presencia humana confirmada por ambos modelos.. Se ha detectado actividad humana."", ""En la zona 'Baño 1': [YOLO]: Estado: Se han detectado 1 persona(s). Persona 1: Persona de pie (predicción con poca confianza) | [VLM]: 1. Sujeto ID_1 (Caja AZUL): Historial -> Persona de pie o caminando ALTA FIABILIDAD: Presencia humana confirmada por ambos modelos.. Se ha detectado actividad humana."", ""En la zona 'Habitación Compartida 1': [YOLO]: Estado: Se han detectado 2 persona(s). Persona 1: Persona de pie (predicción con poca confianza) Persona 2: Persona sentada o torso visible (predicción con poca confianza) | [VLM]: - Sujeto ID_1 (Caja AZUL): Historial -> Persona de pie (predicción con puca confianza) \n - Sujeto ID_2 (Caja VERDE): Historial -> Persona sentada o torso visible ALTA FIABILIDAD: Presencia humana confirmada por ambos modelos.. Se ha detectado actividad humana."", ""La zona 'Quirófano 1' está despejada, sin eventos ni personas."", ""En la zona 'Habitación Compartida 3': [YOLO]: Estado: Se han detectado 1 persona(s). Persona 1: Persona de pie (predicción con poca confianza) | [VLM]: [MEMORIA A CORTO PLAZO]:\n - Sujeto ID_1 (Caja AZUL): Historial -> Persona de pie (predicción con puca confianza) ALTA FIABILIDAD: Presencia humana confirmada por ambos modelos.. Se ha detectado actividad humana."", ""En la zona 'Habitación Compartida 3': [YOLO]: Estado: Se han detectado 1 persona(s). Persona 1: Persona de pie (predicción con poca confianza) | [VLM]: [MEMORIA A CORTO PLAZO]:\n - Sujeto ID_1 (Caja AZUL): Historial -> Persona de pie o caminando ALTA FIABILIDAD: Presencia humana confirmada por ambos modelos.. Se ha detectado actividad humana."", ""En la zona 'Habitación Compartida 2': [YOLO]: Estado: Se han detectado 1 persona(s). Persona 1: Persona de pie (predicción con poca confianza) | [VLM]: [MEMORIA A CORTO PLAZO]:\n - Sujeto ID_1 (Caja AZUL): Historial -> Persona de pie (predicción con puca confianza) ALTA FIABILIDAD: Presencia humana confirmada por ambos modelos.. Se ha detectado actividad humana."", ""En la zona 'Sala Común': [YOLO]: Estado: Se han detectado 1 persona(s). Persona 58: Persona de pie (predicción con poca confianza) | [VLM]: [MEMORIA A CORTO PLAZO]:\n - Sujeto ID_58 (Caja AMARILLA): Historial -> Persona de pie o caminando ALTA FIABILIDAD: Presencia humana confirmada por ambos modelos.. Se ha detectado actividad humana."", ""En la zona 'Sala Común': [YOLO]: Estado: Se han detectado 1 persona(s). Persona 1: Persona de pie (predicción con poca confianza) | [VLM]: [MEMORIA A CORTO PLAZO]:\n - Sujeto ID_1 (Caja AZUL): Historial -> Persona de pie (predicción con puca confianza) ALTA FIABILIDAD: Presencia humana confirmada por ambos modelos.. Se ha detectado actividad humana."", ""En la zona 'Quirófano 2': [YOLO]: Estado: Se han detectado 1 persona(s). Persona 1: Persona sentada | [VLM]: [MEMORIA A CORTO PLAZO]:\n - Sujeto ID_1 (Caja AZUL): Historial -> Persona de pie o caminando ALTA FIABILIDAD: Presencia humana confirmada por ambos modelos.. Se ha detectado actividad humana."", ""En la zona 'Quirófano 2': [YOLO]: Estado: Se han detectado 1 persona(s). Persona 1: Persona de pie (predicción con poca confianza) | [VLM]: [MEMORIA A CORTO PLAZO]:\n - Sujeto ID_1 (Caja AZUL): Historial -> Persona de pie (predicción con puca confianza) ALTA FIABILIDAD: Presencia humana confirmada por ambos modelos.. Se ha detectado actividad humana."", ""En la zona 'Quirófano 2': [YOLO]: Estado: Se han detectado 1 persona(s). Persona 1: Persona de pie (predicción con poca confianza) | [VLM]: [MEMORIA A CORTO PLAZO]:\n - Sujeto ID_1 (Caja AZUL): Historial -> Persona sentada ALTA FIABILIDAD: Presencia humana confirmada por ambos modelos.. Se ha detectado actividad humana."", ""En la zona 'Quirófano 2': [YOLO]: Estado: Se han detectado 3 persona(s). Persona 1: Persona de pie (predicción con poca confianza) Persona 2: Persona de pie (predicción con poca confianza) Persona 3: Persona de pie (predicción con poca confianza) | [VLM]: - Sujeto ID_1 (Caja AZUL): Historial -> Persona de pie (predicción con puca confianza) \n - Sujeto ID_2 (Caja VERDE): Historial -> Persona sentada o torso visible \n - Sujeto ID_3 (Caja AMARILLA): Historial -> Persona de pie o caminando ALTA FIABILIDAD: Presencia humana confirmada por ambos modelos.. Se ha detectado actividad humana."", ""En la zona 'Quirófano 2': [YOLO]: Estado: Se han detectado 2 persona(s). Persona 65: Persona de pie (predicción con poca confianza) Persona 66: Persona de pie (predicción con poca confianza) | [VLM]: - Sujeto ID_65 (Caja ROJA): Historial -> Persona de pie (predicción con poca confianza) ALTA FIABILIDAD: Presencia humana confirmada por ambos modelos.. Se ha detectado actividad humana."", ""En la zona 'Quirófano 2': [YOLO]: Estado: Se han detectado 1 persona(s). Persona 68: Persona sentada | [VLM]: [MEMORIA A CORTO PLAZO]:\n - Sujeto ID_68 (Caja AMARILLA): Historial -> Persona sentada ALTA FIABILIDAD: Presencia humana confirmada por ambos modelos.. Se ha detectado actividad humana."", ""En la zona 'Habitación Compartida 4': [YOLO]: Estado: Se han detectado 1 persona(s). Persona 1: Persona de pie (predicción con poca confianza) | [VLM]: [MEMORIA A CORTO PLAZO]:\n - Sujeto ID_1 (Caja AZUL): Historial -> Persona de pie (predicción con puca confianza) ALTA FIABILIDAD: Presencia humana confirmada por ambos modelos.. Se ha detectado actividad humana."", ""En la zona 'Habitación Compartida 4': [YOLO]: Estado: Se han detectado 2 persona(s). Persona 1: Persona de pie (predicción con poca confianza) Persona 2: Persona de pie (predicción con poca confianza) | [VLM]: - Sujeto ID_1 (Caja AZUL): Historial -> Persona de pie o caminando \n - Sujeto ID_2 (Caja VERDE): Historial -> Persona de pie o caminando ALTA FIABILIDAD: Presencia humana confirmada por ambos modelos.. Se ha detectado actividad humana."", ""En la zona 'Baño 2': [YOLO]: Estado: Se han detectado 1 persona(s). Persona 1: Persona de pie (predicción con poca confianza) | [VLM]: 1. Sujeto ID_1 (Caja AZUL): Historial -> Persona de pie (predicción con puca confianza) ALTA FIABILIDAD: Presencia humana confirmada por ambos modelos.. Se ha detectado actividad humana."", ""En la zona 'Baño 2': [YOLO]: Estado: Se han detectado 1 persona(s). Persona 1: Persona sentada | [VLM]: [MEMORIA A CORTO PLAZO]:\n - Sujeto ID_1 (Caja AZUL): Historial -> Persona de pie (predicción con puca confianza) \n - Sujeto ID_2 (Caja AZUL): Historial -> persona de pie (predicción con puca confianza) ALTA FIABILIDAD: Presencia humana confirmada por ambos modelos.. Se ha detectado actividad humana."", ""En la zona 'Baño 2': [YOLO]: Estado: Se han detectado 1 persona(s). Persona 1: Persona de pie (predicción con poca confianza) | [VLM]: [MEMORIA A CORTO PLAZO]:\n - Sujeto ID_1 (Caja AZUL): Historial -> Persona de pie o caminando ALTA FIABILIDAD: Presencia humana confirmada por ambos modelos.. Se ha detectado actividad humana."", ""En la zona 'Habitación Compartida 5': [YOLO]: Estado: Se han detectado 1 persona(s). Persona 76: Persona sentada | [VLM]: [MEMORIA A CORTO PLAZO]:\n - Sujeto ID_76 (Caja AZUL): Historial -> Persona sentada ALTA FIABILIDAD: Presencia humana confirmada por ambos modelos.. Se ha detectado actividad humana."", ""En la zona 'Habitación Compartida 5': [YOLO]: Estado: Se han detectado 1 persona(s). Persona 76: Persona sentada | [VLM]: [MEMORIA A CORTO PLAZO]:\n - Sujeto ID_76 (Caja AZUL): Historial -> Persona sentada ALTA FIABILIDAD: Presencia humana confirmada por ambos modelos.. Se ha detectado actividad humana."", ""En la zona 'Habitación Compartida 5': [YOLO]: Estado: Se han detectado 1 persona(s). Persona 76: Persona sentada | [VLM]: [MEMORIA A CORTO PLAZO]:\n - Sujeto ID_76 (Caja AZUL): Historial -> Persona de pie o caminando ALTA FIABILIDAD: Presencia humana confirmada por ambos modelos.. Se ha detectado actividad humana."", ""En la zona 'Oficina 2': [YOLO]: Estado: Se han detectado 1 persona(s). Persona 76: Persona sentada | [VLM]: [MEMORIA A CORTO PLAZO]:\n - Sujeto ID_76 (Caja AZUL): Historial -> Persona sentada ALTA FIABILIDAD: Presencia humana confirmada por ambos modelos.. Se ha detectado actividad humana."", ""En la zona 'Oficina 2': [YOLO]: Estado: Se han detectado 1 persona(s). Persona 79: Persona sentada | [VLM]: [MEMORIA A CORTO PLAZO]:\n - Sujeto ID_79 (Caja MAGENTA): Historial -> Persona sentada ALTA FIABILIDAD: Presencia humana confirmada por ambos modelos.. Se ha detectado actividad humana."", ""En la zona 'Oficina 2': [YOLO]: Estado: Se han detectado 1 persona(s). Persona 79: Persona sentada | [VLM]: [MEMORIA A CORTO PLAZO]:\n - Sujeto ID_79 (Caja MAGENTA): Historial -> Persona sentada ALTA FIABILIDAD: Presencia humana confirmada por ambos modelos.. Se ha detectado actividad humana."", ""En la zona 'Oficina 2': [YOLO]: Estado: Se han detectado 2 persona(s). Persona 1: Persona de pie (predicción con poca confianza) Persona 2: Persona de pie (predicción con poca confianza) | [VLM]: - Sujeto ID_1 (Caja AZUL): Historial -> Persona de pie (predicción con puca confianza) \n- Sujeto ID_2 (Caja VERDE): Historial -> Persona de pie (predicción con puca confianza) ALTA FIABILIDAD: Presencia humana confirmada por ambos modelos.. Se ha detectado actividad humana."", ""En la zona 'Oficina 2': [YOLO]: Estado: Se han detectado 1 persona(s). Persona 1: Persona sentada | [VLM]: [MEMORIA A CORTO PLAZO]:\n - Sujeto ID_1 (Caja AZUL): Historial -> Persona de pie o caminando ALTA FIABILIDAD: Presencia humana confirmada por ambos modelos.. Se ha detectado actividad humana."", ""En la zona 'Oficina 2': [YOLO]: Estado: Se han detectado 1 persona(s). Persona 84: Persona de pie (predicción con poca confianza) | [VLM]: [MEMORIA A CORTO PLAZO]:\n - Sujeto ID_84 (Caja MAGENTA): Historial -> Persona de pie (predicción con poca confianza) ALTA FIABILIDAD: Presencia humana confirmada por ambos modelos.. Se ha detectado actividad humana."", ""En la zona 'Oficina 2': [YOLO]: Estado: Se han detectado 1 persona(s). Persona 85: Persona sentada | [VLM]: [MEMORIA A CORTO PLAZO]:\n - Sujeto ID_85 (Caja ROJA): Historial -> Persona sentada ALTA FIABILIDAD: Presencia humana confirmada por ambos modelos.. Se ha detectado actividad humana."", ""En la zona 'Oficina 2': [YOLO]: Estado: Se han detectado 1 persona(s). Persona 85: Persona sentada | [VLM]: [MEMORIA A CORTO PLAZO]:\n - Sujeto ID_85 (Caja ROJA): Historial -> Persona sentada ALTA FIABILIDAD: Presencia humana confirmada por ambos modelos.. Se ha detectado actividad humana."", ""En la zona 'Oficina 2': [YOLO]: Estado: Se han detectado 1 persona(s). Persona 85: Persona sentada | [VLM]: [MEMORIA A CORTO PLAZO]:\n - Sujeto ID_85 (Caja ROJA): Historial -> Persona sentada ALTA FIABILIDAD: Presencia humana confirmada por ambos modelos.. Se ha detectado actividad humana."", ""En la zona 'Oficina 2': [YOLO]: Estado: Se han detectado 2 persona(s). Persona 85: Persona sentada Persona 87: Persona sentada | [VLM]: - Sujeto ID_85 (Caja ROJA): Historial -> Persona sentada \n - Sujeto ID_87 (Caja VERDE): Historial -> Persona sentada ALTA FIABILIDAD: Presencia humana confirmada por ambos modelos.. Se ha detectado actividad humana."", ""En la zona 'Oficina 2': [YOLO]: Estado: Se han detectado 3 persona(s). Persona 85: Persona sentada Persona 87: Persona sentada Persona 88: Persona sentada | [VLM]: - Sujeto ID_85 (Caja ROJA): Historial -> Persona sentada | persona sentada | persona sentada ALTA FIABILIDAD: Presencia humana confirmada por ambos modelos.. Se ha detectado actividad humana."", ""En la zona 'Oficina 2': [YOLO]: Estado: Se han detectado 2 persona(s). Persona 87: Persona sentada Persona 88: Persona sentada | [VLM]: - Sujeto ID_87 (Caja VERDE): Historial -> Persona sentada | persona sentada | persona sentada ALTA FIABILIDAD: Presencia humana confirmada por ambos modelos.. Se ha detectado actividad humana."", ""La zona 'Habitación Individual 3' está despejada, sin eventos ni personas."", ""En la zona 'Habitación Individual 4': [YOLO]: Estado: Se han detectado 1 persona(s). Persona 1: Persona sentada | [VLM]: [MEMORIA A CORTO PLAZO]:\n - Sujeto ID_1 (Caja AZUL): Historial -> Persona de pie o caminando \n - Sujeto ID_2 (Caja AZUL): Historial -> persona sentada ALTA FIABILIDAD: Presencia humana confirmada por ambos modelos.. Se ha detectado actividad humana."", ""En la zona 'Almacén 2': [YOLO]: Estado: Se han detectado 1 persona(s). Persona 1: Persona de pie (predicción con poca confianza) | [VLM]: [MEMORIA A CORTO PLAZO]:\n - Sujeto ID_1 (Caja AZUL): Historial -> Persona de pie o caminando ALTA FIABILIDAD: Presencia humana confirmada por ambos modelos.. Se ha detectado actividad humana."", ""En la zona 'Almacén 2': [YOLO]: Estado: Se han detectado 2 persona(s). Persona 1: Persona sentada Persona 2: Persona sentada | [VLM]: - Sujeto ID_1 (Caja AZUL): Historial -> Persona sentada | persona de pie (predicción con poca confianza) ALTA FIABILIDAD: Presencia humana confirmada por ambos modelos.. Se ha detectado actividad humana."", ""La zona 'Escaleras 2' está despejada, sin eventos ni personas.""]",,300w_WithTrack,short,,
"¿Se observa a alguien manipulando objetos, estanterías o cajas dentro del Almacén 1?","Según el registro de eventos, no hay mencionado a alguien manipulando objetos, estanterías o cajas dentro del Almacén 1. No se registraron eventos en este sentido en ese momento específico.",No hay nadie en el Almacén 1,0.7362763133310328,0.8828578433023418,300w_WithTrack,system,"[""En la zona 'Almacén 1': [YOLO]: Estado: Se han detectado 1 persona(s). Persona 1: Persona sentada | [VLM]: [MEMORIA A CORTO PLAZO]:\n - Sujeto ID_1 (Caja AZUL): Historial -> Persona sentada ALTA FIABILIDAD: Presencia humana confirmada por ambos modelos.. Se ha detectado actividad humana."", ""En la zona 'Almacén 1': [YOLO]: Estado: Se han detectado 1 persona(s). Persona 32: Persona sentada | [VLM]: [MEMORIA A CORTO PLAZO]:\n - Sujeto ID_32 (CajaVERDE): Historial -> Persona sentada ALTA FIABILIDAD: Presencia humana confirmada por ambos modelos.. Se ha detectado actividad humana."", ""En la zona 'Almacén 1': [YOLO]: Estado: Se han detectado 1 persona(s). Persona 32: Persona sentada | [VLM]: [MEMORIA A CORTO PLAZO]:\n - Sujeto ID_32 (CajaVERDE): Historial -> Persona sentada ALTA FIABILIDAD: Presencia humana confirmada por ambos modelos.. Se ha detectado actividad humana."", ""En la zona 'Almacén 1': [YOLO]: Estado: Se han detectado 2 persona(s). Persona 1: Persona sentada Persona 2: Persona sentada | [VLM]: - Sujeto ID_1 (Caja AZUL): Historial -> Persona sentada \n - Sujeto ID_2 (Caja VERDE): Historial -> Persona sentada ALTA FIABILIDAD: Presencia humana confirmada por ambos modelos.. Se ha detectado actividad humana.""]",0.0,300w_WithTrack,short,,
¿La cama de la Habitación Individual 4 se encuentra ocupada por un paciente en este momento?,"No, la Habitación Individual 4 no tiene eventos recientes registrados, lo que indica que no hay pacientes allí.","Sí, hay una mujer sentada en la cama",0.66371934592663,0.7457040245103709,300w_WithTrack,system,"[""En la zona 'Habitación Individual 4': [YOLO]: Estado: Se han detectado 1 persona(s). Persona 1: Persona sentada | [VLM]: [MEMORIA A CORTO PLAZO]:\n - Sujeto ID_1 (Caja AZUL): Historial -> Persona de pie o caminando \n - Sujeto ID_2 (Caja AZUL): Historial -> persona sentada ALTA FIABILIDAD: Presencia humana confirmada por ambos modelos.. Se ha detectado actividad humana.""]",0.0,300w_WithTrack,short,,
¿Se detecta a alguien interactuando con equipamiento médico en el Quirófano 2?,"No, no se detecta a nadie interactuando con equipamiento médico en el quirófano 2.","Sí, hay tres trabajadores de pie interactuando con equipo médico y un paciente en la cama",0.5711505005288467,0.6511784951192517,300w_WithTrack,system,"[""En la zona 'Quirófano 2': [YOLO]: Estado: Se han detectado 1 persona(s). Persona 1: Persona sentada | [VLM]: [MEMORIA A CORTO PLAZO]:\n - Sujeto ID_1 (Caja AZUL): Historial -> Persona de pie o caminando ALTA FIABILIDAD: Presencia humana confirmada por ambos modelos.. Se ha detectado actividad humana."", ""En la zona 'Quirófano 2': [YOLO]: Estado: Se han detectado 1 persona(s). Persona 1: Persona de pie (predicción con poca confianza) | [VLM]: [MEMORIA A CORTO PLAZO]:\n - Sujeto ID_1 (Caja AZUL): Historial -> Persona de pie (predicción con puca confianza) ALTA FIABILIDAD: Presencia humana confirmada por ambos modelos.. Se ha detectado actividad humana."", ""En la zona 'Quirófano 2': [YOLO]: Estado: Se han detectado 1 persona(s). Persona 1: Persona de pie (predicción con poca confianza) | [VLM]: [MEMORIA A CORTO PLAZO]:\n - Sujeto ID_1 (Caja AZUL): Historial -> Persona sentada ALTA FIABILIDAD: Presencia humana confirmada por ambos modelos.. Se ha detectado actividad humana."", ""En la zona 'Quirófano 2': [YOLO]: Estado: Se han detectado 3 persona(s). Persona 1: Persona de pie (predicción con poca confianza) Persona 2: Persona de pie (predicción con poca confianza) Persona 3: Persona de pie (predicción con poca confianza) | [VLM]: - Sujeto ID_1 (Caja AZUL): Historial -> Persona de pie (predicción con puca confianza) \n - Sujeto ID_2 (Caja VERDE): Historial -> Persona sentada o torso visible \n - Sujeto ID_3 (Caja AMARILLA): Historial -> Persona de pie o caminando ALTA FIABILIDAD: Presencia humana confirmada por ambos modelos.. Se ha detectado actividad humana."", ""En la zona 'Quirófano 2': [YOLO]: Estado: Se han detectado 2 persona(s). Persona 65: Persona de pie (predicción con poca confianza) Persona 66: Persona de pie (predicción con poca confianza) | [VLM]: - Sujeto ID_65 (Caja ROJA): Historial -> Persona de pie (predicción con poca confianza) ALTA FIABILIDAD: Presencia humana confirmada por ambos modelos.. Se ha detectado actividad humana."", ""En la zona 'Quirófano 2': [YOLO]: Estado: Se han detectado 1 persona(s). Persona 68: Persona sentada | [VLM]: [MEMORIA A CORTO PLAZO]:\n - Sujeto ID_68 (Caja AMARILLA): Historial -> Persona sentada ALTA FIABILIDAD: Presencia humana confirmada por ambos modelos.. Se ha detectado actividad humana.""]",0.0,300w_WithTrack,short,,
¿Se detecta a alguna persona presente en la sala compartida 2?,"Sí, se detecta a personas presentes en la sala compartida 2. Según los eventos recientes, se han detectado varias personas presentes en ese área entre los tiempos 1884s y 1905s.","Sí, hay una mujer tirada en el suelo. Se recomienda enviar ayuda",0.5908021816804119,0.960705492191354,300w_WithTrack,system,"[""En la zona 'Recepcion': [YOLO]: Estado: Se han detectado 2 persona(s). Persona 1: Persona de pie (predicción con poca confianza) Persona 2: Persona sentada | [VLM]: - Sujeto ID_1 (Caja AZUL): Historial -> Persona de pie (predicción con poca confianza) ALTA FIABILIDAD: Presencia humana confirmada por ambos modelos.. Se ha detectado actividad humana."", ""En la zona 'Recepcion': [YOLO]: Estado: Se han detectado 5 persona(s). Persona 1: Persona de pie (predicción con poca confianza) Persona 2: Persona sentada Persona 3: Persona sentada Persona 4: Persona sentada Persona 5: Persona sentada | [VLM]: - Sujeto ID_1 (Caja AZUL): Historial -> Persona de pie (predicción con poca confianza) \n- Sujeto ID_2 (Caja VERDE): Historial -> Persona sentada \n- Sujeto ID_3 (Caja AMARILLA): Historial -> Persona sentada ALTA FIABILIDAD: Presencia humana confirmada por ambos modelos.. Se ha detectado actividad humana."", ""En la zona 'Recepcion': [YOLO]: Estado: Se han detectado 1 persona(s). Persona 6: Persona sentada | [VLM]: [MEMORIA A CORTO PLAZO]:\n - Sujeto ID_6 (Caja AZUL): Historial -> Persona sentada ALTA FIABILIDAD: Presencia humana confirmada por ambos modelos.. Se ha detectado actividad humana."", ""En la zona 'Recepcion': [YOLO]: Estado: Se han detectado 1 persona(s). Persona 8: Persona sentada | [VLM]: [MEMORIA A CORTO PLAZO]:\n - Sujeto ID_8 (Caja AMARILLA): Historial -> Persona sentada ALTA FIABILIDAD: Presencia humana confirmada por ambos modelos.. Se ha detectado actividad humana."", ""En la zona 'Recepcion': [YOLO]: Estado: Se han detectado 1 persona(s). Persona 12: Persona de pie (predicción con poca confianza) | [VLM]: [MEMORIA A CORTO PLAZO]:\n - Sujeto ID_12 (CajaVERDE): Historial -> Persona de pie o caminando ALTA FIABILIDAD: Presencia humana confirmada por ambos modelos.. Se ha detectado actividad humana."", ""En la zona 'Recepcion': [YOLO]: Estado: Se han detectado 2 persona(s). Persona 1: Persona sentada Persona 2: Persona sentada | [VLM]: - Sujeto ID_1 (Caja AZUL): Historial -> Persona de pie (predicción con poca confianza) \n - Sujeto ID_2 (Caja VERDE): Historial -> Persona sentada ALTA FIABILIDAD: Presencia humana confirmada por ambos modelos.. Se ha detectado actividad humana."", ""En la zona 'Recepcion': [YOLO]: Estado: Se han detectado 1 persona(s). Persona 20: Persona sentada | [VLM]: [MEMORIA A CORTO PLAZO]:\n - Sujeto ID_20 (Caja ROJA): Historial -> Persona sentada ALTA FIABILIDAD: Presencia humana confirmada por ambos modelos.. Se ha detectado actividad humana."", ""En la zona 'Recepcion': [YOLO]: Estado: Se han detectado 1 persona(s). Persona 20: Persona de pie (predicción con poca confianza) | [VLM]: [MEMORIA A CORTO PLAZO]:\n - Sujeto ID_20 (Caja ROJA): Historial -> Persona sentada ALTA FIABILIDAD: Presencia humana confirmada por ambos modelos.. Se ha detectado actividad humana."", ""En la zona 'Recepcion': [YOLO]: Estado: Se han detectado 1 persona(s). Persona 1: Persona sentada | [VLM]: [MEMORIA A CORTO PLAZO]:\n - Sujeto ID_1 (Caja AZUL): Historial -> Persona de pie o caminando ALTA FIABILIDAD: Presencia humana confirmada por ambos modelos.. Se ha detectado actividad humana."", ""En la zona 'Recepcion': [YOLO]: Estado: Se han detectado 1 persona(s). Persona 1: Persona de pie (predicción con poca confianza) | [VLM]: [MEMORIA A CORTO PLAZO]:\n - Sujeto ID_1 (Caja AZUL): Historial -> Persona sentada \n - Sujeto ID_2 (Caja AZUL): Historial -> persona no sentado. ALTA FIABILIDAD: Presencia humana confirmada por ambos modelos.. Se ha detectado actividad humana."", ""En la zona 'Recepcion': [YOLO]: Estado: Se han detectado 1 persona(s). Persona 1: Persona sentada | [VLM]: [MEMORIA A CORTO PLAZO]:\n - Sujeto ID_1 (Caja AZUL): Historial -> Persona sentada ALTA FIABILIDAD: Presencia humana confirmada por ambos modelos.. Se ha detectado actividad humana."", ""En la zona 'Recepcion': [YOLO]: Estado: Se han detectado 2 persona(s). Persona 1: Persona sentada Persona 2: Persona sentada | [VLM]: - Sujeto ID_1 (Caja AZUL): Historial -> Persona de pie (predicción con poca confianza) \n- Sujeto ID_2 (Caja VERDE): Historial -> Persona de pie o caminando ALTA FIABILIDAD: Presencia humana confirmada por ambos modelos.. Se ha detectado actividad humana."", ""En la zona 'Recepcion': [YOLO]: Estado: Se han detectado 1 persona(s). Persona 28: Persona de pie (predicción con poca confianza) | [VLM]: [MEMORIA A CORTO PLAZO]:\n - Sujeto ID_28 (Caja AMARILLA): Historial -> Persona de pie (predicción con poca confianza) ALTA FIABILIDAD: Presencia humana confirmada por ambos modelos.. Se ha detectado actividad humana."", ""En la zona 'Recepcion': [YOLO]: Estado: Se han detectado 1 persona(s). Persona 28: Persona sentada | [VLM]: [MEMORIA A CORTO PLAZO]:\n - Sujeto ID_28 (Caja AMARILLA): Historial -> Persona de pie (predicción con poca confianza) ALTA FIABILIDAD: Presencia humana confirmada por ambos modelos.. Se ha detectado actividad humana."", ""La zona 'Escaleras 1' está despejada, sin eventos ni personas."", ""En la zona 'Almacén 1': [YOLO]: Estado: Se han detectado 1 persona(s). Persona 1: Persona sentada | [VLM]: [MEMORIA A CORTO PLAZO]:\n - Sujeto ID_1 (Caja AZUL): Historial -> Persona sentada ALTA FIABILIDAD: Presencia humana confirmada por ambos modelos.. Se ha detectado actividad humana."", ""En la zona 'Almacén 1': [YOLO]: Estado: Se han detectado 1 persona(s). Persona 32: Persona sentada | [VLM]: [MEMORIA A CORTO PLAZO]:\n - Sujeto ID_32 (CajaVERDE): Historial -> Persona sentada ALTA FIABILIDAD: Presencia humana confirmada por ambos modelos.. Se ha detectado actividad humana."", ""En la zona 'Almacén 1': [YOLO]: Estado: Se han detectado 1 persona(s). Persona 32: Persona sentada | [VLM]: [MEMORIA A CORTO PLAZO]:\n - Sujeto ID_32 (CajaVERDE): Historial -> Persona sentada ALTA FIABILIDAD: Presencia humana confirmada por ambos modelos.. Se ha detectado actividad humana."", ""En la zona 'Almacén 1': [YOLO]: Estado: Se han detectado 2 persona(s). Persona 1: Persona sentada Persona 2: Persona sentada | [VLM]: - Sujeto ID_1 (Caja AZUL): Historial -> Persona sentada \n - Sujeto ID_2 (Caja VERDE): Historial -> Persona sentada ALTA FIABILIDAD: Presencia humana confirmada por ambos modelos.. Se ha detectado actividad humana."", ""En la zona 'Habitación Individual 1': [YOLO]: Estado: Se han detectado 1 persona(s). Persona 1: Persona de pie (predicción con poca confianza) | [VLM]: [MEMORIA A CORTO PLAZO]:\n - Sujeto ID_1 (Caja AZUL): Historial -> Persona sentada | Persona sentada | persona de pie (predicción con poca confianza) ALTA FIABILIDAD: Presencia humana confirmada por ambos modelos.. Se ha detectado actividad humana."", ""En la zona 'Habitación Individual 1': [YOLO]: Estado: Se han detectado 1 persona(s). Persona 1: Persona de pie (predicción con poca confianza) | [VLM]: [MEMORIA A CORTO PLAZO]:\n - Sujeto ID_1 (Caja AZUL): Historial -> Persona sentada ALTA FIABILIDAD: Presencia humana confirmada por ambos modelos.. Se ha detectado actividad humana."", ""En la zona 'Habitación Individual 1': [YOLO]: Estado: Se han detectado 1 persona(s). Persona 36: Persona de pie (predicción con poca confianza) | [VLM]: [MEMORIA A CORTO PLAZO]:\n - Sujeto ID_36 (Caja AZUL): Historial -> Persona de pie (predicción con poca confianza) ALTA FIABILIDAD: Presencia humana confirmada por ambos modelos.. Se ha detectado actividad humana."", ""En la zona 'Habitación Individual 1': [YOLO]: Estado: Se han detectado 1 persona(s). Persona 36: Persona de pie (predicción con poca confianza) | [VLM]: [MEMORIA A CORTO PLAZO]:\n - Sujeto ID_36 (Caja AZUL): Historial -> Persona de pie (predicción con poca confianza) ALTA FIABILIDAD: Presencia humana confirmada por ambos modelos.. Se ha detectado actividad humana."", ""En la zona 'Habitación Individual 2': [YOLO]: Estado: Se han detectado 1 persona(s). Persona 1: Persona de pie (predicción con poca confianza) | [VLM]: 1. Descubre el sujeto ID_1 (Caja AZUL): Es una zona de tipo Privada y pacientes. En esta zona puede que veas gente descansar en cama, recibir tratamiento. ALTA FIABILIDAD: Presencia humana confirmada por ambos modelos.. Se ha detectado actividad humana."", ""En la zona 'Habitación Individual 2': [YOLO]: Estado: Se han detectado 1 persona(s). Persona 1: Persona de pie (predicción con poca confianza) | [VLM]: 1. Sujeto ID_1 (Caja AZUL): Historial \n 2. Sujeto ID_2 (Caja AZUL): Historial \n 3. Sujeto ID_3 (Caja AZUL): Historial \n 4. Sujeto ID_4 (Caja AZUL): Historial ALTA FIABILIDAD: Presencia humana confirmada por ambos modelos.. Se ha detectado actividad humana."", ""En la zona 'Oficina 1': [YOLO]: Estado: Se han detectado 1 persona(s). Persona 1: Persona de pie (predicción con poca confianza) | [VLM]: [MEMORIA A CORTO PLAZO]:\n - Sujeto ID_1 (Caja AZUL): Historial -> Persona de pie (predicción con poca confianza) ALTA FIABILIDAD: Presencia humana confirmada por ambos modelos.. Se ha detectado actividad humana."", ""En la zona 'Oficina 1': [YOLO]: Estado: Se han detectado 2 persona(s). Persona 1: Persona de pie (predicción con poca confianza) Persona 2: Persona sentada | [VLM]: - Sujeto ID_1 (Caja AZUL): Historial -> Persona de pie (predicción con poca confianza) \n - Sujeto ID_2 (Caja VERDE): Historial -> Persona sentada ALTA FIABILIDAD: Presencia humana confirmada por ambos modelos.. Se ha detectado actividad humana."", ""En la zona 'Oficina 1': [YOLO]: Estado: Se han detectado 2 persona(s). Persona 1: Persona sentada Persona 2: Persona sentada | [VLM]: - Sujeto ID_1 (Caja AZUL): Historial -> Persona de pie (predicción con poca confianza) | Persona de pie o caminando ALTA FIABILIDAD: Presencia humana confirmada por ambos modelos.. Se ha detectado actividad humana."", ""En la zona 'Baño 1': [YOLO]: Estado: Se han detectado 1 persona(s). Persona 1: Persona de pie (predicción con poca confianza) | [VLM]: [MEMORIA A CORTO PLAZO]:\n - Sujeto ID_1 (Caja AZUL): Historial -> Persona sentada \n - Sujeto ID_2 (Caja AZUL): Historial -> persona de cualquier sujeto que se convirtió en la imagen. ALTA FIABILIDAD: Presencia humana confirmada por ambos modelos.. Se ha detectado actividad humana."", ""En la zona 'Baño 1': [YOLO]: Estado: Se han detectado 1 persona(s). Persona 1: Persona de pie (predicción con poca confianza) | [VLM]: 1. Sujeto ID_1 (Caja AZUL): Historial -> Persona de pie o caminando ALTA FIABILIDAD: Presencia humana confirmada por ambos modelos.. Se ha detectado actividad humana."", ""En la zona 'Habitación Compartida 1': [YOLO]: Estado: Se han detectado 2 persona(s). Persona 1: Persona de pie (predicción con poca confianza) Persona 2: Persona sentada o torso visible (predicción con poca confianza) | [VLM]: - Sujeto ID_1 (Caja AZUL): Historial -> Persona de pie (predicción con puca confianza) \n - Sujeto ID_2 (Caja VERDE): Historial -> Persona sentada o torso visible ALTA FIABILIDAD: Presencia humana confirmada por ambos modelos.. Se ha detectado actividad humana."", ""La zona 'Quirófano 1' está despejada, sin eventos ni personas."", ""En la zona 'Habitación Compartida 3': [YOLO]: Estado: Se han detectado 1 persona(s). Persona 1: Persona de pie (predicción con poca confianza) | [VLM]: [MEMORIA A CORTO PLAZO]:\n - Sujeto ID_1 (Caja AZUL): Historial -> Persona de pie (predicción con puca confianza) ALTA FIABILIDAD: Presencia humana confirmada por ambos modelos.. Se ha detectado actividad humana."", ""En la zona 'Habitación Compartida 3': [YOLO]: Estado: Se han detectado 1 persona(s). Persona 1: Persona de pie (predicción con poca confianza) | [VLM]: [MEMORIA A CORTO PLAZO]:\n - Sujeto ID_1 (Caja AZUL): Historial -> Persona de pie o caminando ALTA FIABILIDAD: Presencia humana confirmada por ambos modelos.. Se ha detectado actividad humana."", ""En la zona 'Habitación Compartida 2': [YOLO]: Estado: Se han detectado 1 persona(s). Persona 1: Persona de pie (predicción con poca confianza) | [VLM]: [MEMORIA A CORTO PLAZO]:\n - Sujeto ID_1 (Caja AZUL): Historial -> Persona de pie (predicción con puca confianza) ALTA FIABILIDAD: Presencia humana confirmada por ambos modelos.. Se ha detectado actividad humana."", ""En la zona 'Sala Común': [YOLO]: Estado: Se han detectado 1 persona(s). Persona 58: Persona de pie (predicción con poca confianza) | [VLM]: [MEMORIA A CORTO PLAZO]:\n - Sujeto ID_58 (Caja AMARILLA): Historial -> Persona de pie o caminando ALTA FIABILIDAD: Presencia humana confirmada por ambos modelos.. Se ha detectado actividad humana."", ""En la zona 'Sala Común': [YOLO]: Estado: Se han detectado 1 persona(s). Persona 1: Persona de pie (predicción con poca confianza) | [VLM]: [MEMORIA A CORTO PLAZO]:\n - Sujeto ID_1 (Caja AZUL): Historial -> Persona de pie (predicción con puca confianza) ALTA FIABILIDAD: Presencia humana confirmada por ambos modelos.. Se ha detectado actividad humana."", ""En la zona 'Quirófano 2': [YOLO]: Estado: Se han detectado 1 persona(s). Persona 1: Persona sentada | [VLM]: [MEMORIA A CORTO PLAZO]:\n - Sujeto ID_1 (Caja AZUL): Historial -> Persona de pie o caminando ALTA FIABILIDAD: Presencia humana confirmada por ambos modelos.. Se ha detectado actividad humana."", ""En la zona 'Quirófano 2': [YOLO]: Estado: Se han detectado 1 persona(s). Persona 1: Persona de pie (predicción con poca confianza) | [VLM]: [MEMORIA A CORTO PLAZO]:\n - Sujeto ID_1 (Caja AZUL): Historial -> Persona de pie (predicción con puca confianza) ALTA FIABILIDAD: Presencia humana confirmada por ambos modelos.. Se ha detectado actividad humana."", ""En la zona 'Quirófano 2': [YOLO]: Estado: Se han detectado 1 persona(s). Persona 1: Persona de pie (predicción con poca confianza) | [VLM]: [MEMORIA A CORTO PLAZO]:\n - Sujeto ID_1 (Caja AZUL): Historial -> Persona sentada ALTA FIABILIDAD: Presencia humana confirmada por ambos modelos.. Se ha detectado actividad humana."", ""En la zona 'Quirófano 2': [YOLO]: Estado: Se han detectado 3 persona(s). Persona 1: Persona de pie (predicción con poca confianza) Persona 2: Persona de pie (predicción con poca confianza) Persona 3: Persona de pie (predicción con poca confianza) | [VLM]: - Sujeto ID_1 (Caja AZUL): Historial -> Persona de pie (predicción con puca confianza) \n - Sujeto ID_2 (Caja VERDE): Historial -> Persona sentada o torso visible \n - Sujeto ID_3 (Caja AMARILLA): Historial -> Persona de pie o caminando ALTA FIABILIDAD: Presencia humana confirmada por ambos modelos.. Se ha detectado actividad humana."", ""En la zona 'Quirófano 2': [YOLO]: Estado: Se han detectado 2 persona(s). Persona 65: Persona de pie (predicción con poca confianza) Persona 66: Persona de pie (predicción con poca confianza) | [VLM]: - Sujeto ID_65 (Caja ROJA): Historial -> Persona de pie (predicción con poca confianza) ALTA FIABILIDAD: Presencia humana confirmada por ambos modelos.. Se ha detectado actividad humana."", ""En la zona 'Quirófano 2': [YOLO]: Estado: Se han detectado 1 persona(s). Persona 68: Persona sentada | [VLM]: [MEMORIA A CORTO PLAZO]:\n - Sujeto ID_68 (Caja AMARILLA): Historial -> Persona sentada ALTA FIABILIDAD: Presencia humana confirmada por ambos modelos.. Se ha detectado actividad humana."", ""En la zona 'Habitación Compartida 4': [YOLO]: Estado: Se han detectado 1 persona(s). Persona 1: Persona de pie (predicción con poca confianza) | [VLM]: [MEMORIA A CORTO PLAZO]:\n - Sujeto ID_1 (Caja AZUL): Historial -> Persona de pie (predicción con puca confianza) ALTA FIABILIDAD: Presencia humana confirmada por ambos modelos.. Se ha detectado actividad humana."", ""En la zona 'Habitación Compartida 4': [YOLO]: Estado: Se han detectado 2 persona(s). Persona 1: Persona de pie (predicción con poca confianza) Persona 2: Persona de pie (predicción con poca confianza) | [VLM]: - Sujeto ID_1 (Caja AZUL): Historial -> Persona de pie o caminando \n - Sujeto ID_2 (Caja VERDE): Historial -> Persona de pie o caminando ALTA FIABILIDAD: Presencia humana confirmada por ambos modelos.. Se ha detectado actividad humana."", ""En la zona 'Baño 2': [YOLO]: Estado: Se han detectado 1 persona(s). Persona 1: Persona de pie (predicción con poca confianza) | [VLM]: 1. Sujeto ID_1 (Caja AZUL): Historial -> Persona de pie (predicción con puca confianza) ALTA FIABILIDAD: Presencia humana confirmada por ambos modelos.. Se ha detectado actividad humana."", ""En la zona 'Baño 2': [YOLO]: Estado: Se han detectado 1 persona(s). Persona 1: Persona sentada | [VLM]: [MEMORIA A CORTO PLAZO]:\n - Sujeto ID_1 (Caja AZUL): Historial -> Persona de pie (predicción con puca confianza) \n - Sujeto ID_2 (Caja AZUL): Historial -> persona de pie (predicción con puca confianza) ALTA FIABILIDAD: Presencia humana confirmada por ambos modelos.. Se ha detectado actividad humana."", ""En la zona 'Baño 2': [YOLO]: Estado: Se han detectado 1 persona(s). Persona 1: Persona de pie (predicción con poca confianza) | [VLM]: [MEMORIA A CORTO PLAZO]:\n - Sujeto ID_1 (Caja AZUL): Historial -> Persona de pie o caminando ALTA FIABILIDAD: Presencia humana confirmada por ambos modelos.. Se ha detectado actividad humana."", ""En la zona 'Habitación Compartida 5': [YOLO]: Estado: Se han detectado 1 persona(s). Persona 76: Persona sentada | [VLM]: [MEMORIA A CORTO PLAZO]:\n - Sujeto ID_76 (Caja AZUL): Historial -> Persona sentada ALTA FIABILIDAD: Presencia humana confirmada por ambos modelos.. Se ha detectado actividad humana."", ""En la zona 'Habitación Compartida 5': [YOLO]: Estado: Se han detectado 1 persona(s). Persona 76: Persona sentada | [VLM]: [MEMORIA A CORTO PLAZO]:\n - Sujeto ID_76 (Caja AZUL): Historial -> Persona sentada ALTA FIABILIDAD: Presencia humana confirmada por ambos modelos.. Se ha detectado actividad humana."", ""En la zona 'Habitación Compartida 5': [YOLO]: Estado: Se han detectado 1 persona(s). Persona 76: Persona sentada | [VLM]: [MEMORIA A CORTO PLAZO]:\n - Sujeto ID_76 (Caja AZUL): Historial -> Persona de pie o caminando ALTA FIABILIDAD: Presencia humana confirmada por ambos modelos.. Se ha detectado actividad humana."", ""En la zona 'Oficina 2': [YOLO]: Estado: Se han detectado 1 persona(s). Persona 76: Persona sentada | [VLM]: [MEMORIA A CORTO PLAZO]:\n - Sujeto ID_76 (Caja AZUL): Historial -> Persona sentada ALTA FIABILIDAD: Presencia humana confirmada por ambos modelos.. Se ha detectado actividad humana."", ""En la zona 'Oficina 2': [YOLO]: Estado: Se han detectado 1 persona(s). Persona 79: Persona sentada | [VLM]: [MEMORIA A CORTO PLAZO]:\n - Sujeto ID_79 (Caja MAGENTA): Historial -> Persona sentada ALTA FIABILIDAD: Presencia humana confirmada por ambos modelos.. Se ha detectado actividad humana."", ""En la zona 'Oficina 2': [YOLO]: Estado: Se han detectado 1 persona(s). Persona 79: Persona sentada | [VLM]: [MEMORIA A CORTO PLAZO]:\n - Sujeto ID_79 (Caja MAGENTA): Historial -> Persona sentada ALTA FIABILIDAD: Presencia humana confirmada por ambos modelos.. Se ha detectado actividad humana."", ""En la zona 'Oficina 2': [YOLO]: Estado: Se han detectado 2 persona(s). Persona 1: Persona de pie (predicción con poca confianza) Persona 2: Persona de pie (predicción con poca confianza) | [VLM]: - Sujeto ID_1 (Caja AZUL): Historial -> Persona de pie (predicción con puca confianza) \n- Sujeto ID_2 (Caja VERDE): Historial -> Persona de pie (predicción con puca confianza) ALTA FIABILIDAD: Presencia humana confirmada por ambos modelos.. Se ha detectado actividad humana."", ""En la zona 'Oficina 2': [YOLO]: Estado: Se han detectado 1 persona(s). Persona 1: Persona sentada | [VLM]: [MEMORIA A CORTO PLAZO]:\n - Sujeto ID_1 (Caja AZUL): Historial -> Persona de pie o caminando ALTA FIABILIDAD: Presencia humana confirmada por ambos modelos.. Se ha detectado actividad humana."", ""En la zona 'Oficina 2': [YOLO]: Estado: Se han detectado 1 persona(s). Persona 84: Persona de pie (predicción con poca confianza) | [VLM]: [MEMORIA A CORTO PLAZO]:\n - Sujeto ID_84 (Caja MAGENTA): Historial -> Persona de pie (predicción con poca confianza) ALTA FIABILIDAD: Presencia humana confirmada por ambos modelos.. Se ha detectado actividad humana."", ""En la zona 'Oficina 2': [YOLO]: Estado: Se han detectado 1 persona(s). Persona 85: Persona sentada | [VLM]: [MEMORIA A CORTO PLAZO]:\n - Sujeto ID_85 (Caja ROJA): Historial -> Persona sentada ALTA FIABILIDAD: Presencia humana confirmada por ambos modelos.. Se ha detectado actividad humana."", ""En la zona 'Oficina 2': [YOLO]: Estado: Se han detectado 1 persona(s). Persona 85: Persona sentada | [VLM]: [MEMORIA A CORTO PLAZO]:\n - Sujeto ID_85 (Caja ROJA): Historial -> Persona sentada ALTA FIABILIDAD: Presencia humana confirmada por ambos modelos.. Se ha detectado actividad humana."", ""En la zona 'Oficina 2': [YOLO]: Estado: Se han detectado 1 persona(s). Persona 85: Persona sentada | [VLM]: [MEMORIA A CORTO PLAZO]:\n - Sujeto ID_85 (Caja ROJA): Historial -> Persona sentada ALTA FIABILIDAD: Presencia humana confirmada por ambos modelos.. Se ha detectado actividad humana."", ""En la zona 'Oficina 2': [YOLO]: Estado: Se han detectado 2 persona(s). Persona 85: Persona sentada Persona 87: Persona sentada | [VLM]: - Sujeto ID_85 (Caja ROJA): Historial -> Persona sentada \n - Sujeto ID_87 (Caja VERDE): Historial -> Persona sentada ALTA FIABILIDAD: Presencia humana confirmada por ambos modelos.. Se ha detectado actividad humana."", ""En la zona 'Oficina 2': [YOLO]: Estado: Se han detectado 3 persona(s). Persona 85: Persona sentada Persona 87: Persona sentada Persona 88: Persona sentada | [VLM]: - Sujeto ID_85 (Caja ROJA): Historial -> Persona sentada | persona sentada | persona sentada ALTA FIABILIDAD: Presencia humana confirmada por ambos modelos.. Se ha detectado actividad humana."", ""En la zona 'Oficina 2': [YOLO]: Estado: Se han detectado 2 persona(s). Persona 87: Persona sentada Persona 88: Persona sentada | [VLM]: - Sujeto ID_87 (Caja VERDE): Historial -> Persona sentada | persona sentada | persona sentada ALTA FIABILIDAD: Presencia humana confirmada por ambos modelos.. Se ha detectado actividad humana."", ""La zona 'Habitación Individual 3' está despejada, sin eventos ni personas."", ""En la zona 'Habitación Individual 4': [YOLO]: Estado: Se han detectado 1 persona(s). Persona 1: Persona sentada | [VLM]: [MEMORIA A CORTO PLAZO]:\n - Sujeto ID_1 (Caja AZUL): Historial -> Persona de pie o caminando \n - Sujeto ID_2 (Caja AZUL): Historial -> persona sentada ALTA FIABILIDAD: Presencia humana confirmada por ambos modelos.. Se ha detectado actividad humana."", ""En la zona 'Almacén 2': [YOLO]: Estado: Se han detectado 1 persona(s). Persona 1: Persona de pie (predicción con poca confianza) | [VLM]: [MEMORIA A CORTO PLAZO]:\n - Sujeto ID_1 (Caja AZUL): Historial -> Persona de pie o caminando ALTA FIABILIDAD: Presencia humana confirmada por ambos modelos.. Se ha detectado actividad humana."", ""En la zona 'Almacén 2': [YOLO]: Estado: Se han detectado 2 persona(s). Persona 1: Persona sentada Persona 2: Persona sentada | [VLM]: - Sujeto ID_1 (Caja AZUL): Historial -> Persona sentada | persona de pie (predicción con poca confianza) ALTA FIABILIDAD: Presencia humana confirmada por ambos modelos.. Se ha detectado actividad humana."", ""La zona 'Escaleras 2' está despejada, sin eventos ni personas.""]",,300w_WithTrack,short,,
¿Hay más de una persona simultáneamente detrás del mostrador de la Recepción atendiendo a los visitantes?,"No, no hay más de una persona simultáneamente detrás del mostrador de la Recepción atendiendo a los visitantes. El análisis de actividades humanas en el hospital no registra eventos que indiquen la presencia de más de una persona en ese lugar y tiempo.",Solo hay una empleada atendiendo a los visitantes,0.7899912353757106,0.5289136891693459,300w_WithTrack,system,"[""En la zona 'Recepcion': [YOLO]: Estado: Se han detectado 2 persona(s). Persona 1: Persona de pie (predicción con poca confianza) Persona 2: Persona sentada | [VLM]: - Sujeto ID_1 (Caja AZUL): Historial -> Persona de pie (predicción con poca confianza) ALTA FIABILIDAD: Presencia humana confirmada por ambos modelos.. Se ha detectado actividad humana."", ""En la zona 'Recepcion': [YOLO]: Estado: Se han detectado 5 persona(s). Persona 1: Persona de pie (predicción con poca confianza) Persona 2: Persona sentada Persona 3: Persona sentada Persona 4: Persona sentada Persona 5: Persona sentada | [VLM]: - Sujeto ID_1 (Caja AZUL): Historial -> Persona de pie (predicción con poca confianza) \n- Sujeto ID_2 (Caja VERDE): Historial -> Persona sentada \n- Sujeto ID_3 (Caja AMARILLA): Historial -> Persona sentada ALTA FIABILIDAD: Presencia humana confirmada por ambos modelos.. Se ha detectado actividad humana."", ""En la zona 'Recepcion': [YOLO]: Estado: Se han detectado 1 persona(s). Persona 6: Persona sentada | [VLM]: [MEMORIA A CORTO PLAZO]:\n - Sujeto ID_6 (Caja AZUL): Historial -> Persona sentada ALTA FIABILIDAD: Presencia humana confirmada por ambos modelos.. Se ha detectado actividad humana."", ""En la zona 'Recepcion': [YOLO]: Estado: Se han detectado 1 persona(s). Persona 8: Persona sentada | [VLM]: [MEMORIA A CORTO PLAZO]:\n - Sujeto ID_8 (Caja AMARILLA): Historial -> Persona sentada ALTA FIABILIDAD: Presencia humana confirmada por ambos modelos.. Se ha detectado actividad humana."", ""En la zona 'Recepcion': [YOLO]: Estado: Se han detectado 1 persona(s). Persona 12: Persona de pie (predicción con poca confianza) | [VLM]: [MEMORIA A CORTO PLAZO]:\n - Sujeto ID_12 (CajaVERDE): Historial -> Persona de pie o caminando ALTA FIABILIDAD: Presencia humana confirmada por ambos modelos.. Se ha detectado actividad humana."", ""En la zona 'Recepcion': [YOLO]: Estado: Se han detectado 2 persona(s). Persona 1: Persona sentada Persona 2: Persona sentada | [VLM]: - Sujeto ID_1 (Caja AZUL): Historial -> Persona de pie (predicción con poca confianza) \n - Sujeto ID_2 (Caja VERDE): Historial -> Persona sentada ALTA FIABILIDAD: Presencia humana confirmada por ambos modelos.. Se ha detectado actividad humana."", ""En la zona 'Recepcion': [YOLO]: Estado: Se han detectado 1 persona(s). Persona 20: Persona sentada | [VLM]: [MEMORIA A CORTO PLAZO]:\n - Sujeto ID_20 (Caja ROJA): Historial -> Persona sentada ALTA FIABILIDAD: Presencia humana confirmada por ambos modelos.. Se ha detectado actividad humana."", ""En la zona 'Recepcion': [YOLO]: Estado: Se han detectado 1 persona(s). Persona 20: Persona de pie (predicción con poca confianza) | [VLM]: [MEMORIA A CORTO PLAZO]:\n - Sujeto ID_20 (Caja ROJA): Historial -> Persona sentada ALTA FIABILIDAD: Presencia humana confirmada por ambos modelos.. Se ha detectado actividad humana."", ""En la zona 'Recepcion': [YOLO]: Estado: Se han detectado 1 persona(s). Persona 1: Persona sentada | [VLM]: [MEMORIA A CORTO PLAZO]:\n - Sujeto ID_1 (Caja AZUL): Historial -> Persona de pie o caminando ALTA FIABILIDAD: Presencia humana confirmada por ambos modelos.. Se ha detectado actividad humana."", ""En la zona 'Recepcion': [YOLO]: Estado: Se han detectado 1 persona(s). Persona 1: Persona de pie (predicción con poca confianza) | [VLM]: [MEMORIA A CORTO PLAZO]:\n - Sujeto ID_1 (Caja AZUL): Historial -> Persona sentada \n - Sujeto ID_2 (Caja AZUL): Historial -> persona no sentado. ALTA FIABILIDAD: Presencia humana confirmada por ambos modelos.. Se ha detectado actividad humana."", ""En la zona 'Recepcion': [YOLO]: Estado: Se han detectado 1 persona(s). Persona 1: Persona sentada | [VLM]: [MEMORIA A CORTO PLAZO]:\n - Sujeto ID_1 (Caja AZUL): Historial -> Persona sentada ALTA FIABILIDAD: Presencia humana confirmada por ambos modelos.. Se ha detectado actividad humana."", ""En la zona 'Recepcion': [YOLO]: Estado: Se han detectado 2 persona(s). Persona 1: Persona sentada Persona 2: Persona sentada | [VLM]: - Sujeto ID_1 (Caja AZUL): Historial -> Persona de pie (predicción con poca confianza) \n- Sujeto ID_2 (Caja VERDE): Historial -> Persona de pie o caminando ALTA FIABILIDAD: Presencia humana confirmada por ambos modelos.. Se ha detectado actividad humana."", ""En la zona 'Recepcion': [YOLO]: Estado: Se han detectado 1 persona(s). Persona 28: Persona de pie (predicción con poca confianza) | [VLM]: [MEMORIA A CORTO PLAZO]:\n - Sujeto ID_28 (Caja AMARILLA): Historial -> Persona de pie (predicción con poca confianza) ALTA FIABILIDAD: Presencia humana confirmada por ambos modelos.. Se ha detectado actividad humana."", ""En la zona 'Recepcion': [YOLO]: Estado: Se han detectado 1 persona(s). Persona 28: Persona sentada | [VLM]: [MEMORIA A CORTO PLAZO]:\n - Sujeto ID_28 (Caja AMARILLA): Historial -> Persona de pie (predicción con poca confianza) ALTA FIABILIDAD: Presencia humana confirmada por ambos modelos.. Se ha detectado actividad humana."", ""La zona 'Escaleras 1' está despejada, sin eventos ni personas."", ""En la zona 'Almacén 1': [YOLO]: Estado: Se han detectado 1 persona(s). Persona 1: Persona sentada | [VLM]: [MEMORIA A CORTO PLAZO]:\n - Sujeto ID_1 (Caja AZUL): Historial -> Persona sentada ALTA FIABILIDAD: Presencia humana confirmada por ambos modelos.. Se ha detectado actividad humana."", ""En la zona 'Almacén 1': [YOLO]: Estado: Se han detectado 1 persona(s). Persona 32: Persona sentada | [VLM]: [MEMORIA A CORTO PLAZO]:\n - Sujeto ID_32 (CajaVERDE): Historial -> Persona sentada ALTA FIABILIDAD: Presencia humana confirmada por ambos modelos.. Se ha detectado actividad humana."", ""En la zona 'Almacén 1': [YOLO]: Estado: Se han detectado 1 persona(s). Persona 32: Persona sentada | [VLM]: [MEMORIA A CORTO PLAZO]:\n - Sujeto ID_32 (CajaVERDE): Historial -> Persona sentada ALTA FIABILIDAD: Presencia humana confirmada por ambos modelos.. Se ha detectado actividad humana."", ""En la zona 'Almacén 1': [YOLO]: Estado: Se han detectado 2 persona(s). Persona 1: Persona sentada Persona 2: Persona sentada | [VLM]: - Sujeto ID_1 (Caja AZUL): Historial -> Persona sentada \n - Sujeto ID_2 (Caja VERDE): Historial -> Persona sentada ALTA FIABILIDAD: Presencia humana confirmada por ambos modelos.. Se ha detectado actividad humana."", ""En la zona 'Habitación Individual 1': [YOLO]: Estado: Se han detectado 1 persona(s). Persona 1: Persona de pie (predicción con poca confianza) | [VLM]: [MEMORIA A CORTO PLAZO]:\n - Sujeto ID_1 (Caja AZUL): Historial -> Persona sentada | Persona sentada | persona de pie (predicción con poca confianza) ALTA FIABILIDAD: Presencia humana confirmada por ambos modelos.. Se ha detectado actividad humana."", ""En la zona 'Habitación Individual 1': [YOLO]: Estado: Se han detectado 1 persona(s). Persona 1: Persona de pie (predicción con poca confianza) | [VLM]: [MEMORIA A CORTO PLAZO]:\n - Sujeto ID_1 (Caja AZUL): Historial -> Persona sentada ALTA FIABILIDAD: Presencia humana confirmada por ambos modelos.. Se ha detectado actividad humana."", ""En la zona 'Habitación Individual 1': [YOLO]: Estado: Se han detectado 1 persona(s). Persona 36: Persona de pie (predicción con poca confianza) | [VLM]: [MEMORIA A CORTO PLAZO]:\n - Sujeto ID_36 (Caja AZUL): Historial -> Persona de pie (predicción con poca confianza) ALTA FIABILIDAD: Presencia humana confirmada por ambos modelos.. Se ha detectado actividad humana."", ""En la zona 'Habitación Individual 1': [YOLO]: Estado: Se han detectado 1 persona(s). Persona 36: Persona de pie (predicción con poca confianza) | [VLM]: [MEMORIA A CORTO PLAZO]:\n - Sujeto ID_36 (Caja AZUL): Historial -> Persona de pie (predicción con poca confianza) ALTA FIABILIDAD: Presencia humana confirmada por ambos modelos.. Se ha detectado actividad humana."", ""En la zona 'Habitación Individual 2': [YOLO]: Estado: Se han detectado 1 persona(s). Persona 1: Persona de pie (predicción con poca confianza) | [VLM]: 1. Descubre el sujeto ID_1 (Caja AZUL): Es una zona de tipo Privada y pacientes. En esta zona puede que veas gente descansar en cama, recibir tratamiento. ALTA FIABILIDAD: Presencia humana confirmada por ambos modelos.. Se ha detectado actividad humana."", ""En la zona 'Habitación Individual 2': [YOLO]: Estado: Se han detectado 1 persona(s). Persona 1: Persona de pie (predicción con poca confianza) | [VLM]: 1. Sujeto ID_1 (Caja AZUL): Historial \n 2. Sujeto ID_2 (Caja AZUL): Historial \n 3. Sujeto ID_3 (Caja AZUL): Historial \n 4. Sujeto ID_4 (Caja AZUL): Historial ALTA FIABILIDAD: Presencia humana confirmada por ambos modelos.. Se ha detectado actividad humana."", ""En la zona 'Oficina 1': [YOLO]: Estado: Se han detectado 1 persona(s). Persona 1: Persona de pie (predicción con poca confianza) | [VLM]: [MEMORIA A CORTO PLAZO]:\n - Sujeto ID_1 (Caja AZUL): Historial -> Persona de pie (predicción con poca confianza) ALTA FIABILIDAD: Presencia humana confirmada por ambos modelos.. Se ha detectado actividad humana."", ""En la zona 'Oficina 1': [YOLO]: Estado: Se han detectado 2 persona(s). Persona 1: Persona de pie (predicción con poca confianza) Persona 2: Persona sentada | [VLM]: - Sujeto ID_1 (Caja AZUL): Historial -> Persona de pie (predicción con poca confianza) \n - Sujeto ID_2 (Caja VERDE): Historial -> Persona sentada ALTA FIABILIDAD: Presencia humana confirmada por ambos modelos.. Se ha detectado actividad humana."", ""En la zona 'Oficina 1': [YOLO]: Estado: Se han detectado 2 persona(s). Persona 1: Persona sentada Persona 2: Persona sentada | [VLM]: - Sujeto ID_1 (Caja AZUL): Historial -> Persona de pie (predicción con poca confianza) | Persona de pie o caminando ALTA FIABILIDAD: Presencia humana confirmada por ambos modelos.. Se ha detectado actividad humana."", ""En la zona 'Baño 1': [YOLO]: Estado: Se han detectado 1 persona(s). Persona 1: Persona de pie (predicción con poca confianza) | [VLM]: [MEMORIA A CORTO PLAZO]:\n - Sujeto ID_1 (Caja AZUL): Historial -> Persona sentada \n - Sujeto ID_2 (Caja AZUL): Historial -> persona de cualquier sujeto que se convirtió en la imagen. ALTA FIABILIDAD: Presencia humana confirmada por ambos modelos.. Se ha detectado actividad humana."", ""En la zona 'Baño 1': [YOLO]: Estado: Se han detectado 1 persona(s). Persona 1: Persona de pie (predicción con poca confianza) | [VLM]: 1. Sujeto ID_1 (Caja AZUL): Historial -> Persona de pie o caminando ALTA FIABILIDAD: Presencia humana confirmada por ambos modelos.. Se ha detectado actividad humana."", ""En la zona 'Habitación Compartida 1': [YOLO]: Estado: Se han detectado 2 persona(s). Persona 1: Persona de pie (predicción con poca confianza) Persona 2: Persona sentada o torso visible (predicción con poca confianza) | [VLM]: - Sujeto ID_1 (Caja AZUL): Historial -> Persona de pie (predicción con puca confianza) \n - Sujeto ID_2 (Caja VERDE): Historial -> Persona sentada o torso visible ALTA FIABILIDAD: Presencia humana confirmada por ambos modelos.. Se ha detectado actividad humana."", ""La zona 'Quirófano 1' está despejada, sin eventos ni personas."", ""En la zona 'Habitación Compartida 3': [YOLO]: Estado: Se han detectado 1 persona(s). Persona 1: Persona de pie (predicción con poca confianza) | [VLM]: [MEMORIA A CORTO PLAZO]:\n - Sujeto ID_1 (Caja AZUL): Historial -> Persona de pie (predicción con puca confianza) ALTA FIABILIDAD: Presencia humana confirmada por ambos modelos.. Se ha detectado actividad humana."", ""En la zona 'Habitación Compartida 3': [YOLO]: Estado: Se han detectado 1 persona(s). Persona 1: Persona de pie (predicción con poca confianza) | [VLM]: [MEMORIA A CORTO PLAZO]:\n - Sujeto ID_1 (Caja AZUL): Historial -> Persona de pie o caminando ALTA FIABILIDAD: Presencia humana confirmada por ambos modelos.. Se ha detectado actividad humana."", ""En la zona 'Habitación Compartida 2': [YOLO]: Estado: Se han detectado 1 persona(s). Persona 1: Persona de pie (predicción con poca confianza) | [VLM]: [MEMORIA A CORTO PLAZO]:\n - Sujeto ID_1 (Caja AZUL): Historial -> Persona de pie (predicción con puca confianza) ALTA FIABILIDAD: Presencia humana confirmada por ambos modelos.. Se ha detectado actividad humana."", ""En la zona 'Sala Común': [YOLO]: Estado: Se han detectado 1 persona(s). Persona 58: Persona de pie (predicción con poca confianza) | [VLM]: [MEMORIA A CORTO PLAZO]:\n - Sujeto ID_58 (Caja AMARILLA): Historial -> Persona de pie o caminando ALTA FIABILIDAD: Presencia humana confirmada por ambos modelos.. Se ha detectado actividad humana."", ""En la zona 'Sala Común': [YOLO]: Estado: Se han detectado 1 persona(s). Persona 1: Persona de pie (predicción con poca confianza) | [VLM]: [MEMORIA A CORTO PLAZO]:\n - Sujeto ID_1 (Caja AZUL): Historial -> Persona de pie (predicción con puca confianza) ALTA FIABILIDAD: Presencia humana confirmada por ambos modelos.. Se ha detectado actividad humana."", ""En la zona 'Quirófano 2': [YOLO]: Estado: Se han detectado 1 persona(s). Persona 1: Persona sentada | [VLM]: [MEMORIA A CORTO PLAZO]:\n - Sujeto ID_1 (Caja AZUL): Historial -> Persona de pie o caminando ALTA FIABILIDAD: Presencia humana confirmada por ambos modelos.. Se ha detectado actividad humana."", ""En la zona 'Quirófano 2': [YOLO]: Estado: Se han detectado 1 persona(s). Persona 1: Persona de pie (predicción con poca confianza) | [VLM]: [MEMORIA A CORTO PLAZO]:\n - Sujeto ID_1 (Caja AZUL): Historial -> Persona de pie (predicción con puca confianza) ALTA FIABILIDAD: Presencia humana confirmada por ambos modelos.. Se ha detectado actividad humana."", ""En la zona 'Quirófano 2': [YOLO]: Estado: Se han detectado 1 persona(s). Persona 1: Persona de pie (predicción con poca confianza) | [VLM]: [MEMORIA A CORTO PLAZO]:\n - Sujeto ID_1 (Caja AZUL): Historial -> Persona sentada ALTA FIABILIDAD: Presencia humana confirmada por ambos modelos.. Se ha detectado actividad humana."", ""En la zona 'Quirófano 2': [YOLO]: Estado: Se han detectado 3 persona(s). Persona 1: Persona de pie (predicción con poca confianza) Persona 2: Persona de pie (predicción con poca confianza) Persona 3: Persona de pie (predicción con poca confianza) | [VLM]: - Sujeto ID_1 (Caja AZUL): Historial -> Persona de pie (predicción con puca confianza) \n - Sujeto ID_2 (Caja VERDE): Historial -> Persona sentada o torso visible \n - Sujeto ID_3 (Caja AMARILLA): Historial -> Persona de pie o caminando ALTA FIABILIDAD: Presencia humana confirmada por ambos modelos.. Se ha detectado actividad humana."", ""En la zona 'Quirófano 2': [YOLO]: Estado: Se han detectado 2 persona(s). Persona 65: Persona de pie (predicción con poca confianza) Persona 66: Persona de pie (predicción con poca confianza) | [VLM]: - Sujeto ID_65 (Caja ROJA): Historial -> Persona de pie (predicción con poca confianza) ALTA FIABILIDAD: Presencia humana confirmada por ambos modelos.. Se ha detectado actividad humana."", ""En la zona 'Quirófano 2': [YOLO]: Estado: Se han detectado 1 persona(s). Persona 68: Persona sentada | [VLM]: [MEMORIA A CORTO PLAZO]:\n - Sujeto ID_68 (Caja AMARILLA): Historial -> Persona sentada ALTA FIABILIDAD: Presencia humana confirmada por ambos modelos.. Se ha detectado actividad humana."", ""En la zona 'Habitación Compartida 4': [YOLO]: Estado: Se han detectado 1 persona(s). Persona 1: Persona de pie (predicción con poca confianza) | [VLM]: [MEMORIA A CORTO PLAZO]:\n - Sujeto ID_1 (Caja AZUL): Historial -> Persona de pie (predicción con puca confianza) ALTA FIABILIDAD: Presencia humana confirmada por ambos modelos.. Se ha detectado actividad humana."", ""En la zona 'Habitación Compartida 4': [YOLO]: Estado: Se han detectado 2 persona(s). Persona 1: Persona de pie (predicción con poca confianza) Persona 2: Persona de pie (predicción con poca confianza) | [VLM]: - Sujeto ID_1 (Caja AZUL): Historial -> Persona de pie o caminando \n - Sujeto ID_2 (Caja VERDE): Historial -> Persona de pie o caminando ALTA FIABILIDAD: Presencia humana confirmada por ambos modelos.. Se ha detectado actividad humana."", ""En la zona 'Baño 2': [YOLO]: Estado: Se han detectado 1 persona(s). Persona 1: Persona de pie (predicción con poca confianza) | [VLM]: 1. Sujeto ID_1 (Caja AZUL): Historial -> Persona de pie (predicción con puca confianza) ALTA FIABILIDAD: Presencia humana confirmada por ambos modelos.. Se ha detectado actividad humana."", ""En la zona 'Baño 2': [YOLO]: Estado: Se han detectado 1 persona(s). Persona 1: Persona sentada | [VLM]: [MEMORIA A CORTO PLAZO]:\n - Sujeto ID_1 (Caja AZUL): Historial -> Persona de pie (predicción con puca confianza) \n - Sujeto ID_2 (Caja AZUL): Historial -> persona de pie (predicción con puca confianza) ALTA FIABILIDAD: Presencia humana confirmada por ambos modelos.. Se ha detectado actividad humana."", ""En la zona 'Baño 2': [YOLO]: Estado: Se han detectado 1 persona(s). Persona 1: Persona de pie (predicción con poca confianza) | [VLM]: [MEMORIA A CORTO PLAZO]:\n - Sujeto ID_1 (Caja AZUL): Historial -> Persona de pie o caminando ALTA FIABILIDAD: Presencia humana confirmada por ambos modelos.. Se ha detectado actividad humana."", ""En la zona 'Habitación Compartida 5': [YOLO]: Estado: Se han detectado 1 persona(s). Persona 76: Persona sentada | [VLM]: [MEMORIA A CORTO PLAZO]:\n - Sujeto ID_76 (Caja AZUL): Historial -> Persona sentada ALTA FIABILIDAD: Presencia humana confirmada por ambos modelos.. Se ha detectado actividad humana."", ""En la zona 'Habitación Compartida 5': [YOLO]: Estado: Se han detectado 1 persona(s). Persona 76: Persona sentada | [VLM]: [MEMORIA A CORTO PLAZO]:\n - Sujeto ID_76 (Caja AZUL): Historial -> Persona sentada ALTA FIABILIDAD: Presencia humana confirmada por ambos modelos.. Se ha detectado actividad humana."", ""En la zona 'Habitación Compartida 5': [YOLO]: Estado: Se han detectado 1 persona(s). Persona 76: Persona sentada | [VLM]: [MEMORIA A CORTO PLAZO]:\n - Sujeto ID_76 (Caja AZUL): Historial -> Persona de pie o caminando ALTA FIABILIDAD: Presencia humana confirmada por ambos modelos.. Se ha detectado actividad humana."", ""En la zona 'Oficina 2': [YOLO]: Estado: Se han detectado 1 persona(s). Persona 76: Persona sentada | [VLM]: [MEMORIA A CORTO PLAZO]:\n - Sujeto ID_76 (Caja AZUL): Historial -> Persona sentada ALTA FIABILIDAD: Presencia humana confirmada por ambos modelos.. Se ha detectado actividad humana."", ""En la zona 'Oficina 2': [YOLO]: Estado: Se han detectado 1 persona(s). Persona 79: Persona sentada | [VLM]: [MEMORIA A CORTO PLAZO]:\n - Sujeto ID_79 (Caja MAGENTA): Historial -> Persona sentada ALTA FIABILIDAD: Presencia humana confirmada por ambos modelos.. Se ha detectado actividad humana."", ""En la zona 'Oficina 2': [YOLO]: Estado: Se han detectado 1 persona(s). Persona 79: Persona sentada | [VLM]: [MEMORIA A CORTO PLAZO]:\n - Sujeto ID_79 (Caja MAGENTA): Historial -> Persona sentada ALTA FIABILIDAD: Presencia humana confirmada por ambos modelos.. Se ha detectado actividad humana."", ""En la zona 'Oficina 2': [YOLO]: Estado: Se han detectado 2 persona(s). Persona 1: Persona de pie (predicción con poca confianza) Persona 2: Persona de pie (predicción con poca confianza) | [VLM]: - Sujeto ID_1 (Caja AZUL): Historial -> Persona de pie (predicción con puca confianza) \n- Sujeto ID_2 (Caja VERDE): Historial -> Persona de pie (predicción con puca confianza) ALTA FIABILIDAD: Presencia humana confirmada por ambos modelos.. Se ha detectado actividad humana."", ""En la zona 'Oficina 2': [YOLO]: Estado: Se han detectado 1 persona(s). Persona 1: Persona sentada | [VLM]: [MEMORIA A CORTO PLAZO]:\n - Sujeto ID_1 (Caja AZUL): Historial -> Persona de pie o caminando ALTA FIABILIDAD: Presencia humana confirmada por ambos modelos.. Se ha detectado actividad humana."", ""En la zona 'Oficina 2': [YOLO]: Estado: Se han detectado 1 persona(s). Persona 84: Persona de pie (predicción con poca confianza) | [VLM]: [MEMORIA A CORTO PLAZO]:\n - Sujeto ID_84 (Caja MAGENTA): Historial -> Persona de pie (predicción con poca confianza) ALTA FIABILIDAD: Presencia humana confirmada por ambos modelos.. Se ha detectado actividad humana."", ""En la zona 'Oficina 2': [YOLO]: Estado: Se han detectado 1 persona(s). Persona 85: Persona sentada | [VLM]: [MEMORIA A CORTO PLAZO]:\n - Sujeto ID_85 (Caja ROJA): Historial -> Persona sentada ALTA FIABILIDAD: Presencia humana confirmada por ambos modelos.. Se ha detectado actividad humana."", ""En la zona 'Oficina 2': [YOLO]: Estado: Se han detectado 1 persona(s). Persona 85: Persona sentada | [VLM]: [MEMORIA A CORTO PLAZO]:\n - Sujeto ID_85 (Caja ROJA): Historial -> Persona sentada ALTA FIABILIDAD: Presencia humana confirmada por ambos modelos.. Se ha detectado actividad humana."", ""En la zona 'Oficina 2': [YOLO]: Estado: Se han detectado 1 persona(s). Persona 85: Persona sentada | [VLM]: [MEMORIA A CORTO PLAZO]:\n - Sujeto ID_85 (Caja ROJA): Historial -> Persona sentada ALTA FIABILIDAD: Presencia humana confirmada por ambos modelos.. Se ha detectado actividad humana."", ""En la zona 'Oficina 2': [YOLO]: Estado: Se han detectado 2 persona(s). Persona 85: Persona sentada Persona 87: Persona sentada | [VLM]: - Sujeto ID_85 (Caja ROJA): Historial -> Persona sentada \n - Sujeto ID_87 (Caja VERDE): Historial -> Persona sentada ALTA FIABILIDAD: Presencia humana confirmada por ambos modelos.. Se ha detectado actividad humana."", ""En la zona 'Oficina 2': [YOLO]: Estado: Se han detectado 3 persona(s). Persona 85: Persona sentada Persona 87: Persona sentada Persona 88: Persona sentada | [VLM]: - Sujeto ID_85 (Caja ROJA): Historial -> Persona sentada | persona sentada | persona sentada ALTA FIABILIDAD: Presencia humana confirmada por ambos modelos.. Se ha detectado actividad humana."", ""En la zona 'Oficina 2': [YOLO]: Estado: Se han detectado 2 persona(s). Persona 87: Persona sentada Persona 88: Persona sentada | [VLM]: - Sujeto ID_87 (Caja VERDE): Historial -> Persona sentada | persona sentada | persona sentada ALTA FIABILIDAD: Presencia humana confirmada por ambos modelos.. Se ha detectado actividad humana."", ""La zona 'Habitación Individual 3' está despejada, sin eventos ni personas."", ""En la zona 'Habitación Individual 4': [YOLO]: Estado: Se han detectado 1 persona(s). Persona 1: Persona sentada | [VLM]: [MEMORIA A CORTO PLAZO]:\n - Sujeto ID_1 (Caja AZUL): Historial -> Persona de pie o caminando \n - Sujeto ID_2 (Caja AZUL): Historial -> persona sentada ALTA FIABILIDAD: Presencia humana confirmada por ambos modelos.. Se ha detectado actividad humana."", ""En la zona 'Almacén 2': [YOLO]: Estado: Se han detectado 1 persona(s). Persona 1: Persona de pie (predicción con poca confianza) | [VLM]: [MEMORIA A CORTO PLAZO]:\n - Sujeto ID_1 (Caja AZUL): Historial -> Persona de pie o caminando ALTA FIABILIDAD: Presencia humana confirmada por ambos modelos.. Se ha detectado actividad humana."", ""En la zona 'Almacén 2': [YOLO]: Estado: Se han detectado 2 persona(s). Persona 1: Persona sentada Persona 2: Persona sentada | [VLM]: - Sujeto ID_1 (Caja AZUL): Historial -> Persona sentada | persona de pie (predicción con poca confianza) ALTA FIABILIDAD: Presencia humana confirmada por ambos modelos.. Se ha detectado actividad humana."", ""La zona 'Escaleras 2' está despejada, sin eventos ni personas.""]",,300w_WithTrack,short,,
"En la Habitación Compartida 5, ¿hay algún trabajador (persona de pie) acompañando a los pacientes acostados?",No. No se detecta ninguna persona de pie (trabajador) en la Habitación Compartida 5. Los eventos recientes solo registran personas sentadas (pacientes).,"Sí, hay un trabajador de pie cerca a una cama con un paciente",0.6298461931794358,0.6673861791939774,300w_WithTrack,system,"[""En la zona 'Habitación Compartida 5': [YOLO]: Estado: Se han detectado 1 persona(s). Persona 76: Persona sentada | [VLM]: [MEMORIA A CORTO PLAZO]:\n - Sujeto ID_76 (Caja AZUL): Historial -> Persona sentada ALTA FIABILIDAD: Presencia humana confirmada por ambos modelos.. Se ha detectado actividad humana."", ""En la zona 'Habitación Compartida 5': [YOLO]: Estado: Se han detectado 1 persona(s). Persona 76: Persona sentada | [VLM]: [MEMORIA A CORTO PLAZO]:\n - Sujeto ID_76 (Caja AZUL): Historial -> Persona sentada ALTA FIABILIDAD: Presencia humana confirmada por ambos modelos.. Se ha detectado actividad humana."", ""En la zona 'Habitación Compartida 5': [YOLO]: Estado: Se han detectado 1 persona(s). Persona 76: Persona sentada | [VLM]: [MEMORIA A CORTO PLAZO]:\n - Sujeto ID_76 (Caja AZUL): Historial -> Persona de pie o caminando ALTA FIABILIDAD: Presencia humana confirmada por ambos modelos.. Se ha detectado actividad humana.""]",0.6666666666666666,300w_WithTrack,short,,
¿Hay alguien deambulando por el pasillo?,"No, no hay nadie deambulando por el pasillo en este momento.",Hay dos personas deambulando por el pasillo,0.2085675577098453,0.4290040364677356,300w_WithTrack,system,"[""En la zona 'Recepcion': [YOLO]: Estado: Se han detectado 2 persona(s). Persona 1: Persona de pie (predicción con poca confianza) Persona 2: Persona sentada | [VLM]: - Sujeto ID_1 (Caja AZUL): Historial -> Persona de pie (predicción con poca confianza) ALTA FIABILIDAD: Presencia humana confirmada por ambos modelos.. Se ha detectado actividad humana."", ""En la zona 'Recepcion': [YOLO]: Estado: Se han detectado 5 persona(s). Persona 1: Persona de pie (predicción con poca confianza) Persona 2: Persona sentada Persona 3: Persona sentada Persona 4: Persona sentada Persona 5: Persona sentada | [VLM]: - Sujeto ID_1 (Caja AZUL): Historial -> Persona de pie (predicción con poca confianza) \n- Sujeto ID_2 (Caja VERDE): Historial -> Persona sentada \n- Sujeto ID_3 (Caja AMARILLA): Historial -> Persona sentada ALTA FIABILIDAD: Presencia humana confirmada por ambos modelos.. Se ha detectado actividad humana."", ""En la zona 'Recepcion': [YOLO]: Estado: Se han detectado 1 persona(s). Persona 6: Persona sentada | [VLM]: [MEMORIA A CORTO PLAZO]:\n - Sujeto ID_6 (Caja AZUL): Historial -> Persona sentada ALTA FIABILIDAD: Presencia humana confirmada por ambos modelos.. Se ha detectado actividad humana."", ""En la zona 'Recepcion': [YOLO]: Estado: Se han detectado 1 persona(s). Persona 8: Persona sentada | [VLM]: [MEMORIA A CORTO PLAZO]:\n - Sujeto ID_8 (Caja AMARILLA): Historial -> Persona sentada ALTA FIABILIDAD: Presencia humana confirmada por ambos modelos.. Se ha detectado actividad humana."", ""En la zona 'Recepcion': [YOLO]: Estado: Se han detectado 1 persona(s). Persona 12: Persona de pie (predicción con poca confianza) | [VLM]: [MEMORIA A CORTO PLAZO]:\n - Sujeto ID_12 (CajaVERDE): Historial -> Persona de pie o caminando ALTA FIABILIDAD: Presencia humana confirmada por ambos modelos.. Se ha detectado actividad humana."", ""En la zona 'Recepcion': [YOLO]: Estado: Se han detectado 2 persona(s). Persona 1: Persona sentada Persona 2: Persona sentada | [VLM]: - Sujeto ID_1 (Caja AZUL): Historial -> Persona de pie (predicción con poca confianza) \n - Sujeto ID_2 (Caja VERDE): Historial -> Persona sentada ALTA FIABILIDAD: Presencia humana confirmada por ambos modelos.. Se ha detectado actividad humana."", ""En la zona 'Recepcion': [YOLO]: Estado: Se han detectado 1 persona(s). Persona 20: Persona sentada | [VLM]: [MEMORIA A CORTO PLAZO]:\n - Sujeto ID_20 (Caja ROJA): Historial -> Persona sentada ALTA FIABILIDAD: Presencia humana confirmada por ambos modelos.. Se ha detectado actividad humana."", ""En la zona 'Recepcion': [YOLO]: Estado: Se han detectado 1 persona(s). Persona 20: Persona de pie (predicción con poca confianza) | [VLM]: [MEMORIA A CORTO PLAZO]:\n - Sujeto ID_20 (Caja ROJA): Historial -> Persona sentada ALTA FIABILIDAD: Presencia humana confirmada por ambos modelos.. Se ha detectado actividad humana."", ""En la zona 'Recepcion': [YOLO]: Estado: Se han detectado 1 persona(s). Persona 1: Persona sentada | [VLM]: [MEMORIA A CORTO PLAZO]:\n - Sujeto ID_1 (Caja AZUL): Historial -> Persona de pie o caminando ALTA FIABILIDAD: Presencia humana confirmada por ambos modelos.. Se ha detectado actividad humana."", ""En la zona 'Recepcion': [YOLO]: Estado: Se han detectado 1 persona(s). Persona 1: Persona de pie (predicción con poca confianza) | [VLM]: [MEMORIA A CORTO PLAZO]:\n - Sujeto ID_1 (Caja AZUL): Historial -> Persona sentada \n - Sujeto ID_2 (Caja AZUL): Historial -> persona no sentado. ALTA FIABILIDAD: Presencia humana confirmada por ambos modelos.. Se ha detectado actividad humana."", ""En la zona 'Recepcion': [YOLO]: Estado: Se han detectado 1 persona(s). Persona 1: Persona sentada | [VLM]: [MEMORIA A CORTO PLAZO]:\n - Sujeto ID_1 (Caja AZUL): Historial -> Persona sentada ALTA FIABILIDAD: Presencia humana confirmada por ambos modelos.. Se ha detectado actividad humana."", ""En la zona 'Recepcion': [YOLO]: Estado: Se han detectado 2 persona(s). Persona 1: Persona sentada Persona 2: Persona sentada | [VLM]: - Sujeto ID_1 (Caja AZUL): Historial -> Persona de pie (predicción con poca confianza) \n- Sujeto ID_2 (Caja VERDE): Historial -> Persona de pie o caminando ALTA FIABILIDAD: Presencia humana confirmada por ambos modelos.. Se ha detectado actividad humana."", ""En la zona 'Recepcion': [YOLO]: Estado: Se han detectado 1 persona(s). Persona 28: Persona de pie (predicción con poca confianza) | [VLM]: [MEMORIA A CORTO PLAZO]:\n - Sujeto ID_28 (Caja AMARILLA): Historial -> Persona de pie (predicción con poca confianza) ALTA FIABILIDAD: Presencia humana confirmada por ambos modelos.. Se ha detectado actividad humana."", ""En la zona 'Recepcion': [YOLO]: Estado: Se han detectado 1 persona(s). Persona 28: Persona sentada | [VLM]: [MEMORIA A CORTO PLAZO]:\n - Sujeto ID_28 (Caja AMARILLA): Historial -> Persona de pie (predicción con poca confianza) ALTA FIABILIDAD: Presencia humana confirmada por ambos modelos.. Se ha detectado actividad humana."", ""La zona 'Escaleras 1' está despejada, sin eventos ni personas."", ""En la zona 'Almacén 1': [YOLO]: Estado: Se han detectado 1 persona(s). Persona 1: Persona sentada | [VLM]: [MEMORIA A CORTO PLAZO]:\n - Sujeto ID_1 (Caja AZUL): Historial -> Persona sentada ALTA FIABILIDAD: Presencia humana confirmada por ambos modelos.. Se ha detectado actividad humana."", ""En la zona 'Almacén 1': [YOLO]: Estado: Se han detectado 1 persona(s). Persona 32: Persona sentada | [VLM]: [MEMORIA A CORTO PLAZO]:\n - Sujeto ID_32 (CajaVERDE): Historial -> Persona sentada ALTA FIABILIDAD: Presencia humana confirmada por ambos modelos.. Se ha detectado actividad humana."", ""En la zona 'Almacén 1': [YOLO]: Estado: Se han detectado 1 persona(s). Persona 32: Persona sentada | [VLM]: [MEMORIA A CORTO PLAZO]:\n - Sujeto ID_32 (CajaVERDE): Historial -> Persona sentada ALTA FIABILIDAD: Presencia humana confirmada por ambos modelos.. Se ha detectado actividad humana."", ""En la zona 'Almacén 1': [YOLO]: Estado: Se han detectado 2 persona(s). Persona 1: Persona sentada Persona 2: Persona sentada | [VLM]: - Sujeto ID_1 (Caja AZUL): Historial -> Persona sentada \n - Sujeto ID_2 (Caja VERDE): Historial -> Persona sentada ALTA FIABILIDAD: Presencia humana confirmada por ambos modelos.. Se ha detectado actividad humana."", ""En la zona 'Habitación Individual 1': [YOLO]: Estado: Se han detectado 1 persona(s). Persona 1: Persona de pie (predicción con poca confianza) | [VLM]: [MEMORIA A CORTO PLAZO]:\n - Sujeto ID_1 (Caja AZUL): Historial -> Persona sentada | Persona sentada | persona de pie (predicción con poca confianza) ALTA FIABILIDAD: Presencia humana confirmada por ambos modelos.. Se ha detectado actividad humana."", ""En la zona 'Habitación Individual 1': [YOLO]: Estado: Se han detectado 1 persona(s). Persona 1: Persona de pie (predicción con poca confianza) | [VLM]: [MEMORIA A CORTO PLAZO]:\n - Sujeto ID_1 (Caja AZUL): Historial -> Persona sentada ALTA FIABILIDAD: Presencia humana confirmada por ambos modelos.. Se ha detectado actividad humana."", ""En la zona 'Habitación Individual 1': [YOLO]: Estado: Se han detectado 1 persona(s). Persona 36: Persona de pie (predicción con poca confianza) | [VLM]: [MEMORIA A CORTO PLAZO]:\n - Sujeto ID_36 (Caja AZUL): Historial -> Persona de pie (predicción con poca confianza) ALTA FIABILIDAD: Presencia humana confirmada por ambos modelos.. Se ha detectado actividad humana."", ""En la zona 'Habitación Individual 1': [YOLO]: Estado: Se han detectado 1 persona(s). Persona 36: Persona de pie (predicción con poca confianza) | [VLM]: [MEMORIA A CORTO PLAZO]:\n - Sujeto ID_36 (Caja AZUL): Historial -> Persona de pie (predicción con poca confianza) ALTA FIABILIDAD: Presencia humana confirmada por ambos modelos.. Se ha detectado actividad humana."", ""En la zona 'Habitación Individual 2': [YOLO]: Estado: Se han detectado 1 persona(s). Persona 1: Persona de pie (predicción con poca confianza) | [VLM]: 1. Descubre el sujeto ID_1 (Caja AZUL): Es una zona de tipo Privada y pacientes. En esta zona puede que veas gente descansar en cama, recibir tratamiento. ALTA FIABILIDAD: Presencia humana confirmada por ambos modelos.. Se ha detectado actividad humana."", ""En la zona 'Habitación Individual 2': [YOLO]: Estado: Se han detectado 1 persona(s). Persona 1: Persona de pie (predicción con poca confianza) | [VLM]: 1. Sujeto ID_1 (Caja AZUL): Historial \n 2. Sujeto ID_2 (Caja AZUL): Historial \n 3. Sujeto ID_3 (Caja AZUL): Historial \n 4. Sujeto ID_4 (Caja AZUL): Historial ALTA FIABILIDAD: Presencia humana confirmada por ambos modelos.. Se ha detectado actividad humana."", ""En la zona 'Oficina 1': [YOLO]: Estado: Se han detectado 1 persona(s). Persona 1: Persona de pie (predicción con poca confianza) | [VLM]: [MEMORIA A CORTO PLAZO]:\n - Sujeto ID_1 (Caja AZUL): Historial -> Persona de pie (predicción con poca confianza) ALTA FIABILIDAD: Presencia humana confirmada por ambos modelos.. Se ha detectado actividad humana."", ""En la zona 'Oficina 1': [YOLO]: Estado: Se han detectado 2 persona(s). Persona 1: Persona de pie (predicción con poca confianza) Persona 2: Persona sentada | [VLM]: - Sujeto ID_1 (Caja AZUL): Historial -> Persona de pie (predicción con poca confianza) \n - Sujeto ID_2 (Caja VERDE): Historial -> Persona sentada ALTA FIABILIDAD: Presencia humana confirmada por ambos modelos.. Se ha detectado actividad humana."", ""En la zona 'Oficina 1': [YOLO]: Estado: Se han detectado 2 persona(s). Persona 1: Persona sentada Persona 2: Persona sentada | [VLM]: - Sujeto ID_1 (Caja AZUL): Historial -> Persona de pie (predicción con poca confianza) | Persona de pie o caminando ALTA FIABILIDAD: Presencia humana confirmada por ambos modelos.. Se ha detectado actividad humana."", ""En la zona 'Baño 1': [YOLO]: Estado: Se han detectado 1 persona(s). Persona 1: Persona de pie (predicción con poca confianza) | [VLM]: [MEMORIA A CORTO PLAZO]:\n - Sujeto ID_1 (Caja AZUL): Historial -> Persona sentada \n - Sujeto ID_2 (Caja AZUL): Historial -> persona de cualquier sujeto que se convirtió en la imagen. ALTA FIABILIDAD: Presencia humana confirmada por ambos modelos.. Se ha detectado actividad humana."", ""En la zona 'Baño 1': [YOLO]: Estado: Se han detectado 1 persona(s). Persona 1: Persona de pie (predicción con poca confianza) | [VLM]: 1. Sujeto ID_1 (Caja AZUL): Historial -> Persona de pie o caminando ALTA FIABILIDAD: Presencia humana confirmada por ambos modelos.. Se ha detectado actividad humana."", ""En la zona 'Habitación Compartida 1': [YOLO]: Estado: Se han detectado 2 persona(s). Persona 1: Persona de pie (predicción con poca confianza) Persona 2: Persona sentada o torso visible (predicción con poca confianza) | [VLM]: - Sujeto ID_1 (Caja AZUL): Historial -> Persona de pie (predicción con puca confianza) \n - Sujeto ID_2 (Caja VERDE): Historial -> Persona sentada o torso visible ALTA FIABILIDAD: Presencia humana confirmada por ambos modelos.. Se ha detectado actividad humana."", ""La zona 'Quirófano 1' está despejada, sin eventos ni personas."", ""En la zona 'Habitación Compartida 3': [YOLO]: Estado: Se han detectado 1 persona(s). Persona 1: Persona de pie (predicción con poca confianza) | [VLM]: [MEMORIA A CORTO PLAZO]:\n - Sujeto ID_1 (Caja AZUL): Historial -> Persona de pie (predicción con puca confianza) ALTA FIABILIDAD: Presencia humana confirmada por ambos modelos.. Se ha detectado actividad humana."", ""En la zona 'Habitación Compartida 3': [YOLO]: Estado: Se han detectado 1 persona(s). Persona 1: Persona de pie (predicción con poca confianza) | [VLM]: [MEMORIA A CORTO PLAZO]:\n - Sujeto ID_1 (Caja AZUL): Historial -> Persona de pie o caminando ALTA FIABILIDAD: Presencia humana confirmada por ambos modelos.. Se ha detectado actividad humana."", ""En la zona 'Habitación Compartida 2': [YOLO]: Estado: Se han detectado 1 persona(s). Persona 1: Persona de pie (predicción con poca confianza) | [VLM]: [MEMORIA A CORTO PLAZO]:\n - Sujeto ID_1 (Caja AZUL): Historial -> Persona de pie (predicción con puca confianza) ALTA FIABILIDAD: Presencia humana confirmada por ambos modelos.. Se ha detectado actividad humana."", ""En la zona 'Sala Común': [YOLO]: Estado: Se han detectado 1 persona(s). Persona 58: Persona de pie (predicción con poca confianza) | [VLM]: [MEMORIA A CORTO PLAZO]:\n - Sujeto ID_58 (Caja AMARILLA): Historial -> Persona de pie o caminando ALTA FIABILIDAD: Presencia humana confirmada por ambos modelos.. Se ha detectado actividad humana."", ""En la zona 'Sala Común': [YOLO]: Estado: Se han detectado 1 persona(s). Persona 1: Persona de pie (predicción con poca confianza) | [VLM]: [MEMORIA A CORTO PLAZO]:\n - Sujeto ID_1 (Caja AZUL): Historial -> Persona de pie (predicción con puca confianza) ALTA FIABILIDAD: Presencia humana confirmada por ambos modelos.. Se ha detectado actividad humana."", ""En la zona 'Quirófano 2': [YOLO]: Estado: Se han detectado 1 persona(s). Persona 1: Persona sentada | [VLM]: [MEMORIA A CORTO PLAZO]:\n - Sujeto ID_1 (Caja AZUL): Historial -> Persona de pie o caminando ALTA FIABILIDAD: Presencia humana confirmada por ambos modelos.. Se ha detectado actividad humana."", ""En la zona 'Quirófano 2': [YOLO]: Estado: Se han detectado 1 persona(s). Persona 1: Persona de pie (predicción con poca confianza) | [VLM]: [MEMORIA A CORTO PLAZO]:\n - Sujeto ID_1 (Caja AZUL): Historial -> Persona de pie (predicción con puca confianza) ALTA FIABILIDAD: Presencia humana confirmada por ambos modelos.. Se ha detectado actividad humana."", ""En la zona 'Quirófano 2': [YOLO]: Estado: Se han detectado 1 persona(s). Persona 1: Persona de pie (predicción con poca confianza) | [VLM]: [MEMORIA A CORTO PLAZO]:\n - Sujeto ID_1 (Caja AZUL): Historial -> Persona sentada ALTA FIABILIDAD: Presencia humana confirmada por ambos modelos.. Se ha detectado actividad humana."", ""En la zona 'Quirófano 2': [YOLO]: Estado: Se han detectado 3 persona(s). Persona 1: Persona de pie (predicción con poca confianza) Persona 2: Persona de pie (predicción con poca confianza) Persona 3: Persona de pie (predicción con poca confianza) | [VLM]: - Sujeto ID_1 (Caja AZUL): Historial -> Persona de pie (predicción con puca confianza) \n - Sujeto ID_2 (Caja VERDE): Historial -> Persona sentada o torso visible \n - Sujeto ID_3 (Caja AMARILLA): Historial -> Persona de pie o caminando ALTA FIABILIDAD: Presencia humana confirmada por ambos modelos.. Se ha detectado actividad humana."", ""En la zona 'Quirófano 2': [YOLO]: Estado: Se han detectado 2 persona(s). Persona 65: Persona de pie (predicción con poca confianza) Persona 66: Persona de pie (predicción con poca confianza) | [VLM]: - Sujeto ID_65 (Caja ROJA): Historial -> Persona de pie (predicción con poca confianza) ALTA FIABILIDAD: Presencia humana confirmada por ambos modelos.. Se ha detectado actividad humana."", ""En la zona 'Quirófano 2': [YOLO]: Estado: Se han detectado 1 persona(s). Persona 68: Persona sentada | [VLM]: [MEMORIA A CORTO PLAZO]:\n - Sujeto ID_68 (Caja AMARILLA): Historial -> Persona sentada ALTA FIABILIDAD: Presencia humana confirmada por ambos modelos.. Se ha detectado actividad humana."", ""En la zona 'Habitación Compartida 4': [YOLO]: Estado: Se han detectado 1 persona(s). Persona 1: Persona de pie (predicción con poca confianza) | [VLM]: [MEMORIA A CORTO PLAZO]:\n - Sujeto ID_1 (Caja AZUL): Historial -> Persona de pie (predicción con puca confianza) ALTA FIABILIDAD: Presencia humana confirmada por ambos modelos.. Se ha detectado actividad humana."", ""En la zona 'Habitación Compartida 4': [YOLO]: Estado: Se han detectado 2 persona(s). Persona 1: Persona de pie (predicción con poca confianza) Persona 2: Persona de pie (predicción con poca confianza) | [VLM]: - Sujeto ID_1 (Caja AZUL): Historial -> Persona de pie o caminando \n - Sujeto ID_2 (Caja VERDE): Historial -> Persona de pie o caminando ALTA FIABILIDAD: Presencia humana confirmada por ambos modelos.. Se ha detectado actividad humana."", ""En la zona 'Baño 2': [YOLO]: Estado: Se han detectado 1 persona(s). Persona 1: Persona de pie (predicción con poca confianza) | [VLM]: 1. Sujeto ID_1 (Caja AZUL): Historial -> Persona de pie (predicción con puca confianza) ALTA FIABILIDAD: Presencia humana confirmada por ambos modelos.. Se ha detectado actividad humana."", ""En la zona 'Baño 2': [YOLO]: Estado: Se han detectado 1 persona(s). Persona 1: Persona sentada | [VLM]: [MEMORIA A CORTO PLAZO]:\n - Sujeto ID_1 (Caja AZUL): Historial -> Persona de pie (predicción con puca confianza) \n - Sujeto ID_2 (Caja AZUL): Historial -> persona de pie (predicción con puca confianza) ALTA FIABILIDAD: Presencia humana confirmada por ambos modelos.. Se ha detectado actividad humana."", ""En la zona 'Baño 2': [YOLO]: Estado: Se han detectado 1 persona(s). Persona 1: Persona de pie (predicción con poca confianza) | [VLM]: [MEMORIA A CORTO PLAZO]:\n - Sujeto ID_1 (Caja AZUL): Historial -> Persona de pie o caminando ALTA FIABILIDAD: Presencia humana confirmada por ambos modelos.. Se ha detectado actividad humana."", ""En la zona 'Habitación Compartida 5': [YOLO]: Estado: Se han detectado 1 persona(s). Persona 76: Persona sentada | [VLM]: [MEMORIA A CORTO PLAZO]:\n - Sujeto ID_76 (Caja AZUL): Historial -> Persona sentada ALTA FIABILIDAD: Presencia humana confirmada por ambos modelos.. Se ha detectado actividad humana."", ""En la zona 'Habitación Compartida 5': [YOLO]: Estado: Se han detectado 1 persona(s). Persona 76: Persona sentada | [VLM]: [MEMORIA A CORTO PLAZO]:\n - Sujeto ID_76 (Caja AZUL): Historial -> Persona sentada ALTA FIABILIDAD: Presencia humana confirmada por ambos modelos.. Se ha detectado actividad humana."", ""En la zona 'Habitación Compartida 5': [YOLO]: Estado: Se han detectado 1 persona(s). Persona 76: Persona sentada | [VLM]: [MEMORIA A CORTO PLAZO]:\n - Sujeto ID_76 (Caja AZUL): Historial -> Persona de pie o caminando ALTA FIABILIDAD: Presencia humana confirmada por ambos modelos.. Se ha detectado actividad humana."", ""En la zona 'Oficina 2': [YOLO]: Estado: Se han detectado 1 persona(s). Persona 76: Persona sentada | [VLM]: [MEMORIA A CORTO PLAZO]:\n - Sujeto ID_76 (Caja AZUL): Historial -> Persona sentada ALTA FIABILIDAD: Presencia humana confirmada por ambos modelos.. Se ha detectado actividad humana."", ""En la zona 'Oficina 2': [YOLO]: Estado: Se han detectado 1 persona(s). Persona 79: Persona sentada | [VLM]: [MEMORIA A CORTO PLAZO]:\n - Sujeto ID_79 (Caja MAGENTA): Historial -> Persona sentada ALTA FIABILIDAD: Presencia humana confirmada por ambos modelos.. Se ha detectado actividad humana."", ""En la zona 'Oficina 2': [YOLO]: Estado: Se han detectado 1 persona(s). Persona 79: Persona sentada | [VLM]: [MEMORIA A CORTO PLAZO]:\n - Sujeto ID_79 (Caja MAGENTA): Historial -> Persona sentada ALTA FIABILIDAD: Presencia humana confirmada por ambos modelos.. Se ha detectado actividad humana."", ""En la zona 'Oficina 2': [YOLO]: Estado: Se han detectado 2 persona(s). Persona 1: Persona de pie (predicción con poca confianza) Persona 2: Persona de pie (predicción con poca confianza) | [VLM]: - Sujeto ID_1 (Caja AZUL): Historial -> Persona de pie (predicción con puca confianza) \n- Sujeto ID_2 (Caja VERDE): Historial -> Persona de pie (predicción con puca confianza) ALTA FIABILIDAD: Presencia humana confirmada por ambos modelos.. Se ha detectado actividad humana."", ""En la zona 'Oficina 2': [YOLO]: Estado: Se han detectado 1 persona(s). Persona 1: Persona sentada | [VLM]: [MEMORIA A CORTO PLAZO]:\n - Sujeto ID_1 (Caja AZUL): Historial -> Persona de pie o caminando ALTA FIABILIDAD: Presencia humana confirmada por ambos modelos.. Se ha detectado actividad humana."", ""En la zona 'Oficina 2': [YOLO]: Estado: Se han detectado 1 persona(s). Persona 84: Persona de pie (predicción con poca confianza) | [VLM]: [MEMORIA A CORTO PLAZO]:\n - Sujeto ID_84 (Caja MAGENTA): Historial -> Persona de pie (predicción con poca confianza) ALTA FIABILIDAD: Presencia humana confirmada por ambos modelos.. Se ha detectado actividad humana."", ""En la zona 'Oficina 2': [YOLO]: Estado: Se han detectado 1 persona(s). Persona 85: Persona sentada | [VLM]: [MEMORIA A CORTO PLAZO]:\n - Sujeto ID_85 (Caja ROJA): Historial -> Persona sentada ALTA FIABILIDAD: Presencia humana confirmada por ambos modelos.. Se ha detectado actividad humana."", ""En la zona 'Oficina 2': [YOLO]: Estado: Se han detectado 1 persona(s). Persona 85: Persona sentada | [VLM]: [MEMORIA A CORTO PLAZO]:\n - Sujeto ID_85 (Caja ROJA): Historial -> Persona sentada ALTA FIABILIDAD: Presencia humana confirmada por ambos modelos.. Se ha detectado actividad humana."", ""En la zona 'Oficina 2': [YOLO]: Estado: Se han detectado 1 persona(s). Persona 85: Persona sentada | [VLM]: [MEMORIA A CORTO PLAZO]:\n - Sujeto ID_85 (Caja ROJA): Historial -> Persona sentada ALTA FIABILIDAD: Presencia humana confirmada por ambos modelos.. Se ha detectado actividad humana."", ""En la zona 'Oficina 2': [YOLO]: Estado: Se han detectado 2 persona(s). Persona 85: Persona sentada Persona 87: Persona sentada | [VLM]: - Sujeto ID_85 (Caja ROJA): Historial -> Persona sentada \n - Sujeto ID_87 (Caja VERDE): Historial -> Persona sentada ALTA FIABILIDAD: Presencia humana confirmada por ambos modelos.. Se ha detectado actividad humana."", ""En la zona 'Oficina 2': [YOLO]: Estado: Se han detectado 3 persona(s). Persona 85: Persona sentada Persona 87: Persona sentada Persona 88: Persona sentada | [VLM]: - Sujeto ID_85 (Caja ROJA): Historial -> Persona sentada | persona sentada | persona sentada ALTA FIABILIDAD: Presencia humana confirmada por ambos modelos.. Se ha detectado actividad humana."", ""En la zona 'Oficina 2': [YOLO]: Estado: Se han detectado 2 persona(s). Persona 87: Persona sentada Persona 88: Persona sentada | [VLM]: - Sujeto ID_87 (Caja VERDE): Historial -> Persona sentada | persona sentada | persona sentada ALTA FIABILIDAD: Presencia humana confirmada por ambos modelos.. Se ha detectado actividad humana."", ""La zona 'Habitación Individual 3' está despejada, sin eventos ni personas."", ""En la zona 'Habitación Individual 4': [YOLO]: Estado: Se han detectado 1 persona(s). Persona 1: Persona sentada | [VLM]: [MEMORIA A CORTO PLAZO]:\n - Sujeto ID_1 (Caja AZUL): Historial -> Persona de pie o caminando \n - Sujeto ID_2 (Caja AZUL): Historial -> persona sentada ALTA FIABILIDAD: Presencia humana confirmada por ambos modelos.. Se ha detectado actividad humana."", ""En la zona 'Almacén 2': [YOLO]: Estado: Se han detectado 1 persona(s). Persona 1: Persona de pie (predicción con poca confianza) | [VLM]: [MEMORIA A CORTO PLAZO]:\n - Sujeto ID_1 (Caja AZUL): Historial -> Persona de pie o caminando ALTA FIABILIDAD: Presencia humana confirmada por ambos modelos.. Se ha detectado actividad humana."", ""En la zona 'Almacén 2': [YOLO]: Estado: Se han detectado 2 persona(s). Persona 1: Persona sentada Persona 2: Persona sentada | [VLM]: - Sujeto ID_1 (Caja AZUL): Historial -> Persona sentada | persona de pie (predicción con poca confianza) ALTA FIABILIDAD: Presencia humana confirmada por ambos modelos.. Se ha detectado actividad humana."", ""La zona 'Escaleras 2' está despejada, sin eventos ni personas.""]",,300w_WithTrack,short,,
¿Se ha detectado la presencia de alguna persona obstaculizando el paso o sentada en los peldaños de las Escaleras 2?,"No, según los eventos recientes registrados, no se ha detectado la presencia de ninguna persona obstaculizando el paso o sentada en los peldaños de las Escaleras 2.",No hay nadie en las escaleras 2.,0.7728644044178848,0.9102776607967852,300w_WithTrack,system,"[""La zona 'Escaleras 2' está despejada, sin eventos ni personas.""]",0.5,300w_WithTrack,short,,
Redacta el informe de seguridad global de la patrulla del hospital.,"**Resumen Global de Seguridad**

Después de analizar los informes parciales de patrulla, se han identificado algunas anomalías y riesgos para la vida que requieren atención inmediata. A continuación, se presentan los resultados:

* No se han reportado caídas o incidentes graves en ninguna zona.
* Sin embargo, se ha detectado una persona de pie con poca confianza (alerta) en el Almacén 2 entre las 2449s y 2454s. Aunque no hay información adicional sobre esta situación, es importante supervisarla para asegurarse de que no represente un riesgo para la vida.
* No se han violado protocolos en áreas restringidas o fuera del horario permitido.

En cuanto a la ayuda necesaria, no se ha reportado a nadie que haya caído o esté necesitando asistencia. Sin embargo, es importante estar atento a cualquier actividad anómala que pueda indicar un riesgo inminente para la vida.

**Recomendaciones**

* Asegurarse de supervisar el Almacén 2 y verificar la situación de la persona detectada con poca confianza.
* Continuar monitoreando las actividades en todas las zonas del hospital para detectar cualquier riesgo o anomalía que pueda requerir atención inmediata.

**Conclusión**

En general, el patrullaje ha sido normal y no se han reportado incidentes graves. Sin embargo, es importante estar atento a cualquier actividad anómala o riesgo para la vida y tomar medidas para mitigarlos en caso de emergencia.","Se detecta una emergencia crítica en la Habitación Compartida 2, donde una trabajadora se encuentra tirada en el suelo. Se requiere enviar asistencia médica de forma inmediata a esta ubicación para socorrerla. Por otro lado, se reporta una infracción de seguridad en el pasillo, ya que el sistema ha detectado a una persona corriendo cerca de otra trabajadora que traslada a un paciente en silla de ruedas, lo que supone un riesgo de colisión. Además, se observa una gran acumulación de cajas en ambos almacenes que podría obstaculizar el paso, y se registra a una empleada inactiva en la Oficina 2. El resto de las instalaciones del hospital funciona con normalidad y bajo los protocolos establecidos. En el Quirófano 2 se está llevando a cabo una intervención quirúrgica con el personal médico necesario, la zona de Recepción opera de forma habitual con varios visitantes y una sola persona al mostrador, y las habitaciones ocupadas tienen a sus pacientes seguros y atendidos. Zonas como los baños, las escaleras 2 y la habitación individual 1 se encuentran completamente vacías y despejadas.",0.4195291351599978,,300w_WithTrack,system,"['**Resumen Parcial**\n\nEl hospital registró un total de 14 personas en diferentes áreas. Se destacan:\n\n* En la recepción, se detectaron 2-5 personas sentadas o de pie durante los primeros 116 segundos y una persona caminando o de pie (con predicción de baja confianza) entre los 389 y 598 segundos.\n* En la Habitación Individual 1, se registró una persona de pie con confianza baja sin incidentes ni caídas entre los 280-374 segundos.\n* En la Oficina 1, se detectaron dos personas: una de pie y otra sentada (confirmadas por ambos modelos) entre los 518s-1910s. Luego, se vieron nuevamente dos personas sentadas.\n* En el Baño 1, se detectó una persona de pie confirmada por ambos modelos entre los 647s-869s.\n\nNo hubo reportes de caídas o incidentes en ninguna zona.\n\n**Resumen Brevísimo del Reporte Parcial**\n\nLa actividad más destacada se registró en la Habitación Compartida 5, relacionada con ID_76. En el Almacén 2, se detectó una persona de pie con poca confianza (alerta) y dos personas sentadas con alta fiabilidad.\n\n**Eventos Relevantes**\n\n* En la Habitación Individual 4: Persona sentada con alta fiabilidad a las 2334s.\n* En el Almacén 2: Persona de pie con poca confianza (alerta) a las 2449s y dos personas sentadas con alta fiabilidad a las 2454s.']",0.75,300w_WithTrack,summary,"['**Resumen Parcial**\n\nEl hospital registró un total de 14 personas en diferentes áreas. Se destacan:\n\n* En la recepción, se detectaron 2-5 personas sentadas o de pie durante los primeros 116 segundos y una persona caminando o de pie (con predicción de baja confianza) entre los 389 y 598 segundos.\n* En la Habitación Individual 1, se registró una persona de pie con confianza baja sin incidentes ni caídas entre los 280-374 segundos.\n* En la Oficina 1, se detectaron dos personas: una de pie y otra sentada (confirmadas por ambos modelos) entre los 518s-1910s. Luego, se vieron nuevamente dos personas sentadas.\n* En el Baño 1, se detectó una persona de pie confirmada por ambos modelos entre los 647s-869s.\n\nNo hubo reportes de caídas o incidentes en ninguna zona.\n\n**Resumen Brevísimo del Reporte Parcial**\n\nLa actividad más destacada se registró en la Habitación Compartida 5, relacionada con ID_76. En el Almacén 2, se detectó una persona de pie con poca confianza (alerta) y dos personas sentadas con alta fiabilidad.\n\n**Eventos Relevantes**\n\n* En la Habitación Individual 4: Persona sentada con alta fiabilidad a las 2334s.\n* En el Almacén 2: Persona de pie con poca confianza (alerta) a las 2449s y dos personas sentadas con alta fiabilidad a las 2454s.']",0.1500000000000397
