[0.326s] DEBUG:colcon:Command line arguments: ['/usr/bin/colcon', 'build', '--symlink-install']
[0.326s] DEBUG:colcon:Parsed command line arguments: Namespace(log_base=None, log_level=None, verb_name='build', build_base='build', install_base='install', merge_install=False, symlink_install=True, test_result_base=None, continue_on_error=False, executor='parallel', parallel_workers=8, event_handlers=None, ignore_user_meta=False, metas=['./colcon.meta'], base_paths=['.'], packages_ignore=None, packages_ignore_regex=None, paths=None, packages_up_to=None, packages_up_to_regex=None, packages_above=None, packages_above_and_dependencies=None, packages_above_depth=None, packages_select_by_dep=None, packages_skip_by_dep=None, packages_skip_up_to=None, packages_select_build_failed=False, packages_skip_build_finished=False, packages_select_test_failures=False, packages_skip_test_passed=False, packages_select=None, packages_skip=None, packages_select_regex=None, packages_skip_regex=None, packages_start=None, packages_end=None, allow_overriding=[], cmake_args=None, cmake_target=None, cmake_target_skip_unavailable=False, cmake_clean_cache=False, cmake_clean_first=False, cmake_force_configure=False, ament_cmake_args=None, catkin_cmake_args=None, catkin_skip_building_tests=False, mixin_files=None, mixin=None, verb_parser=<colcon_mixin.mixin.mixin_argument.MixinArgumentDecorator object at 0x7520bfa62590>, verb_extension=<colcon_core.verb.build.BuildVerb object at 0x7520bfb5f4f0>, main=<bound method BuildVerb.main of <colcon_core.verb.build.BuildVerb object at 0x7520bfb5f4f0>>, mixin_verb=('build',))
[0.561s] Level 1:colcon.colcon_core.package_discovery:discover_packages(colcon_meta) check parameters
[0.561s] Level 1:colcon.colcon_core.package_discovery:discover_packages(recursive) check parameters
[0.561s] Level 1:colcon.colcon_core.package_discovery:discover_packages(ignore) check parameters
[0.561s] Level 1:colcon.colcon_core.package_discovery:discover_packages(path) check parameters
[0.561s] Level 1:colcon.colcon_core.package_discovery:discover_packages(colcon_meta) discover
[0.561s] Level 1:colcon.colcon_core.package_discovery:discover_packages(recursive) discover
[0.561s] INFO:colcon.colcon_core.package_discovery:Crawling recursively for packages in '/home/alberto/tiago_public_ws'
[0.561s] Level 1:colcon.colcon_core.package_identification:_identify(.) by extensions ['ignore', 'ignore_ament_install']
[0.561s] Level 1:colcon.colcon_core.package_identification:_identify(.) by extension 'ignore'
[0.562s] Level 1:colcon.colcon_core.package_identification:_identify(.) by extension 'ignore_ament_install'
[0.562s] Level 1:colcon.colcon_core.package_identification:_identify(.) by extensions ['colcon_pkg']
[0.562s] Level 1:colcon.colcon_core.package_identification:_identify(.) by extension 'colcon_pkg'
[0.562s] Level 1:colcon.colcon_core.package_identification:_identify(.) by extensions ['colcon_meta']
[0.562s] Level 1:colcon.colcon_core.package_identification:_identify(.) by extension 'colcon_meta'
[0.562s] Level 1:colcon.colcon_core.package_identification:_identify(.) by extensions ['ros']
[0.562s] Level 1:colcon.colcon_core.package_identification:_identify(.) by extension 'ros'
[0.573s] Level 1:colcon.colcon_core.package_identification:_identify(.) by extensions ['cmake', 'python']
[0.573s] Level 1:colcon.colcon_core.package_identification:_identify(.) by extension 'cmake'
[0.573s] Level 1:colcon.colcon_core.package_identification:_identify(.) by extension 'python'
[0.573s] Level 1:colcon.colcon_core.package_identification:_identify(.) by extensions ['python_setup_py']
[0.573s] Level 1:colcon.colcon_core.package_identification:_identify(.) by extension 'python_setup_py'
[0.573s] Level 1:colcon.colcon_core.package_identification:_identify(build) by extensions ['ignore', 'ignore_ament_install']
[0.573s] Level 1:colcon.colcon_core.package_identification:_identify(build) by extension 'ignore'
[0.573s] Level 1:colcon.colcon_core.package_identification:_identify(build) ignored
[0.574s] Level 1:colcon.colcon_core.package_identification:_identify(install) by extensions ['ignore', 'ignore_ament_install']
[0.574s] Level 1:colcon.colcon_core.package_identification:_identify(install) by extension 'ignore'
[0.574s] Level 1:colcon.colcon_core.package_identification:_identify(install) ignored
[0.574s] Level 1:colcon.colcon_core.package_identification:_identify(log) by extensions ['ignore', 'ignore_ament_install']
[0.574s] Level 1:colcon.colcon_core.package_identification:_identify(log) by extension 'ignore'
[0.574s] Level 1:colcon.colcon_core.package_identification:_identify(log) ignored
[0.574s] Level 1:colcon.colcon_core.package_identification:_identify(src) by extensions ['ignore', 'ignore_ament_install']
[0.574s] Level 1:colcon.colcon_core.package_identification:_identify(src) by extension 'ignore'
[0.574s] Level 1:colcon.colcon_core.package_identification:_identify(src) by extension 'ignore_ament_install'
[0.574s] Level 1:colcon.colcon_core.package_identification:_identify(src) by extensions ['colcon_pkg']
[0.574s] Level 1:colcon.colcon_core.package_identification:_identify(src) by extension 'colcon_pkg'
[0.574s] Level 1:colcon.colcon_core.package_identification:_identify(src) by extensions ['colcon_meta']
[0.574s] Level 1:colcon.colcon_core.package_identification:_identify(src) by extension 'colcon_meta'
[0.574s] Level 1:colcon.colcon_core.package_identification:_identify(src) by extensions ['ros']
[0.574s] Level 1:colcon.colcon_core.package_identification:_identify(src) by extension 'ros'
[0.575s] Level 1:colcon.colcon_core.package_identification:_identify(src) by extensions ['cmake', 'python']
[0.575s] Level 1:colcon.colcon_core.package_identification:_identify(src) by extension 'cmake'
[0.575s] Level 1:colcon.colcon_core.package_identification:_identify(src) by extension 'python'
[0.575s] Level 1:colcon.colcon_core.package_identification:_identify(src) by extensions ['python_setup_py']
[0.575s] Level 1:colcon.colcon_core.package_identification:_identify(src) by extension 'python_setup_py'
[0.575s] Level 1:colcon.colcon_core.package_identification:_identify(src/launch_pal) by extensions ['ignore', 'ignore_ament_install']
[0.575s] Level 1:colcon.colcon_core.package_identification:_identify(src/launch_pal) by extension 'ignore'
[0.575s] Level 1:colcon.colcon_core.package_identification:_identify(src/launch_pal) by extension 'ignore_ament_install'
[0.575s] Level 1:colcon.colcon_core.package_identification:_identify(src/launch_pal) by extensions ['colcon_pkg']
[0.575s] Level 1:colcon.colcon_core.package_identification:_identify(src/launch_pal) by extension 'colcon_pkg'
[0.575s] Level 1:colcon.colcon_core.package_identification:_identify(src/launch_pal) by extensions ['colcon_meta']
[0.575s] Level 1:colcon.colcon_core.package_identification:_identify(src/launch_pal) by extension 'colcon_meta'
[0.575s] Level 1:colcon.colcon_core.package_identification:_identify(src/launch_pal) by extensions ['ros']
[0.575s] Level 1:colcon.colcon_core.package_identification:_identify(src/launch_pal) by extension 'ros'
[0.578s] DEBUG:colcon.colcon_core.package_identification:Package 'src/launch_pal' with type 'ros.ament_python' and name 'launch_pal'
[0.578s] Level 1:colcon.colcon_core.package_identification:_identify(src/pal_gazebo_worlds) by extensions ['ignore', 'ignore_ament_install']
[0.578s] Level 1:colcon.colcon_core.package_identification:_identify(src/pal_gazebo_worlds) by extension 'ignore'
[0.578s] Level 1:colcon.colcon_core.package_identification:_identify(src/pal_gazebo_worlds) by extension 'ignore_ament_install'
[0.578s] Level 1:colcon.colcon_core.package_identification:_identify(src/pal_gazebo_worlds) by extensions ['colcon_pkg']
[0.578s] Level 1:colcon.colcon_core.package_identification:_identify(src/pal_gazebo_worlds) by extension 'colcon_pkg'
[0.578s] Level 1:colcon.colcon_core.package_identification:_identify(src/pal_gazebo_worlds) by extensions ['colcon_meta']
[0.578s] Level 1:colcon.colcon_core.package_identification:_identify(src/pal_gazebo_worlds) by extension 'colcon_meta'
[0.578s] Level 1:colcon.colcon_core.package_identification:_identify(src/pal_gazebo_worlds) by extensions ['ros']
[0.578s] Level 1:colcon.colcon_core.package_identification:_identify(src/pal_gazebo_worlds) by extension 'ros'
[0.581s] DEBUG:colcon.colcon_core.package_identification:Package 'src/pal_gazebo_worlds' with type 'ros.ament_cmake' and name 'pal_gazebo_worlds'
[0.581s] Level 1:colcon.colcon_core.package_identification:_identify(src/pal_gripper) by extensions ['ignore', 'ignore_ament_install']
[0.581s] Level 1:colcon.colcon_core.package_identification:_identify(src/pal_gripper) by extension 'ignore'
[0.581s] Level 1:colcon.colcon_core.package_identification:_identify(src/pal_gripper) by extension 'ignore_ament_install'
[0.581s] Level 1:colcon.colcon_core.package_identification:_identify(src/pal_gripper) by extensions ['colcon_pkg']
[0.581s] Level 1:colcon.colcon_core.package_identification:_identify(src/pal_gripper) by extension 'colcon_pkg'
[0.581s] Level 1:colcon.colcon_core.package_identification:_identify(src/pal_gripper) by extensions ['colcon_meta']
[0.581s] Level 1:colcon.colcon_core.package_identification:_identify(src/pal_gripper) by extension 'colcon_meta'
[0.581s] Level 1:colcon.colcon_core.package_identification:_identify(src/pal_gripper) by extensions ['ros']
[0.581s] Level 1:colcon.colcon_core.package_identification:_identify(src/pal_gripper) by extension 'ros'
[0.581s] Level 1:colcon.colcon_core.package_identification:_identify(src/pal_gripper) by extensions ['cmake', 'python']
[0.581s] Level 1:colcon.colcon_core.package_identification:_identify(src/pal_gripper) by extension 'cmake'
[0.581s] Level 1:colcon.colcon_core.package_identification:_identify(src/pal_gripper) by extension 'python'
[0.581s] Level 1:colcon.colcon_core.package_identification:_identify(src/pal_gripper) by extensions ['python_setup_py']
[0.581s] Level 1:colcon.colcon_core.package_identification:_identify(src/pal_gripper) by extension 'python_setup_py'
[0.581s] Level 1:colcon.colcon_core.package_identification:_identify(src/pal_gripper/pal_gripper) by extensions ['ignore', 'ignore_ament_install']
[0.582s] Level 1:colcon.colcon_core.package_identification:_identify(src/pal_gripper/pal_gripper) by extension 'ignore'
[0.582s] Level 1:colcon.colcon_core.package_identification:_identify(src/pal_gripper/pal_gripper) by extension 'ignore_ament_install'
[0.582s] Level 1:colcon.colcon_core.package_identification:_identify(src/pal_gripper/pal_gripper) by extensions ['colcon_pkg']
[0.582s] Level 1:colcon.colcon_core.package_identification:_identify(src/pal_gripper/pal_gripper) by extension 'colcon_pkg'
[0.582s] Level 1:colcon.colcon_core.package_identification:_identify(src/pal_gripper/pal_gripper) by extensions ['colcon_meta']
[0.582s] Level 1:colcon.colcon_core.package_identification:_identify(src/pal_gripper/pal_gripper) by extension 'colcon_meta'
[0.582s] Level 1:colcon.colcon_core.package_identification:_identify(src/pal_gripper/pal_gripper) by extensions ['ros']
[0.582s] Level 1:colcon.colcon_core.package_identification:_identify(src/pal_gripper/pal_gripper) by extension 'ros'
[0.582s] DEBUG:colcon.colcon_core.package_identification:Package 'src/pal_gripper/pal_gripper' with type 'ros.ament_cmake' and name 'pal_gripper'
[0.583s] Level 1:colcon.colcon_core.package_identification:_identify(src/pal_gripper/pal_gripper_controller_configuration) by extensions ['ignore', 'ignore_ament_install']
[0.583s] Level 1:colcon.colcon_core.package_identification:_identify(src/pal_gripper/pal_gripper_controller_configuration) by extension 'ignore'
[0.583s] Level 1:colcon.colcon_core.package_identification:_identify(src/pal_gripper/pal_gripper_controller_configuration) by extension 'ignore_ament_install'
[0.583s] Level 1:colcon.colcon_core.package_identification:_identify(src/pal_gripper/pal_gripper_controller_configuration) by extensions ['colcon_pkg']
[0.583s] Level 1:colcon.colcon_core.package_identification:_identify(src/pal_gripper/pal_gripper_controller_configuration) by extension 'colcon_pkg'
[0.583s] Level 1:colcon.colcon_core.package_identification:_identify(src/pal_gripper/pal_gripper_controller_configuration) by extensions ['colcon_meta']
[0.583s] Level 1:colcon.colcon_core.package_identification:_identify(src/pal_gripper/pal_gripper_controller_configuration) by extension 'colcon_meta'
[0.583s] Level 1:colcon.colcon_core.package_identification:_identify(src/pal_gripper/pal_gripper_controller_configuration) by extensions ['ros']
[0.583s] Level 1:colcon.colcon_core.package_identification:_identify(src/pal_gripper/pal_gripper_controller_configuration) by extension 'ros'
[0.584s] DEBUG:colcon.colcon_core.package_identification:Package 'src/pal_gripper/pal_gripper_controller_configuration' with type 'ros.ament_cmake' and name 'pal_gripper_controller_configuration'
[0.584s] Level 1:colcon.colcon_core.package_identification:_identify(src/pal_gripper/pal_gripper_description) by extensions ['ignore', 'ignore_ament_install']
[0.584s] Level 1:colcon.colcon_core.package_identification:_identify(src/pal_gripper/pal_gripper_description) by extension 'ignore'
[0.584s] Level 1:colcon.colcon_core.package_identification:_identify(src/pal_gripper/pal_gripper_description) by extension 'ignore_ament_install'
[0.584s] Level 1:colcon.colcon_core.package_identification:_identify(src/pal_gripper/pal_gripper_description) by extensions ['colcon_pkg']
[0.584s] Level 1:colcon.colcon_core.package_identification:_identify(src/pal_gripper/pal_gripper_description) by extension 'colcon_pkg'
[0.584s] Level 1:colcon.colcon_core.package_identification:_identify(src/pal_gripper/pal_gripper_description) by extensions ['colcon_meta']
[0.584s] Level 1:colcon.colcon_core.package_identification:_identify(src/pal_gripper/pal_gripper_description) by extension 'colcon_meta'
[0.584s] Level 1:colcon.colcon_core.package_identification:_identify(src/pal_gripper/pal_gripper_description) by extensions ['ros']
[0.584s] Level 1:colcon.colcon_core.package_identification:_identify(src/pal_gripper/pal_gripper_description) by extension 'ros'
[0.585s] DEBUG:colcon.colcon_core.package_identification:Package 'src/pal_gripper/pal_gripper_description' with type 'ros.ament_cmake' and name 'pal_gripper_description'
[0.585s] Level 1:colcon.colcon_core.package_identification:_identify(src/pal_gripper/pal_gripper_gazebo) by extensions ['ignore', 'ignore_ament_install']
[0.585s] Level 1:colcon.colcon_core.package_identification:_identify(src/pal_gripper/pal_gripper_gazebo) by extension 'ignore'
[0.585s] Level 1:colcon.colcon_core.package_identification:_identify(src/pal_gripper/pal_gripper_gazebo) ignored
[0.585s] Level 1:colcon.colcon_core.package_identification:_identify(src/pal_gripper/pal_gripper_simulation) by extensions ['ignore', 'ignore_ament_install']
[0.585s] Level 1:colcon.colcon_core.package_identification:_identify(src/pal_gripper/pal_gripper_simulation) by extension 'ignore'
[0.585s] Level 1:colcon.colcon_core.package_identification:_identify(src/pal_gripper/pal_gripper_simulation) by extension 'ignore_ament_install'
[0.585s] Level 1:colcon.colcon_core.package_identification:_identify(src/pal_gripper/pal_gripper_simulation) by extensions ['colcon_pkg']
[0.585s] Level 1:colcon.colcon_core.package_identification:_identify(src/pal_gripper/pal_gripper_simulation) by extension 'colcon_pkg'
[0.586s] Level 1:colcon.colcon_core.package_identification:_identify(src/pal_gripper/pal_gripper_simulation) by extensions ['colcon_meta']
[0.586s] Level 1:colcon.colcon_core.package_identification:_identify(src/pal_gripper/pal_gripper_simulation) by extension 'colcon_meta'
[0.586s] Level 1:colcon.colcon_core.package_identification:_identify(src/pal_gripper/pal_gripper_simulation) by extensions ['ros']
[0.586s] Level 1:colcon.colcon_core.package_identification:_identify(src/pal_gripper/pal_gripper_simulation) by extension 'ros'
[0.586s] DEBUG:colcon.colcon_core.package_identification:Package 'src/pal_gripper/pal_gripper_simulation' with type 'ros.ament_cmake' and name 'pal_gripper_simulation'
[0.586s] Level 1:colcon.colcon_core.package_identification:_identify(src/pal_gripper/pal_parallel_gripper_wrapper) by extensions ['ignore', 'ignore_ament_install']
[0.586s] Level 1:colcon.colcon_core.package_identification:_identify(src/pal_gripper/pal_parallel_gripper_wrapper) by extension 'ignore'
[0.586s] Level 1:colcon.colcon_core.package_identification:_identify(src/pal_gripper/pal_parallel_gripper_wrapper) ignored
[0.587s] Level 1:colcon.colcon_core.package_identification:_identify(src/pal_hey5) by extensions ['ignore', 'ignore_ament_install']
[0.587s] Level 1:colcon.colcon_core.package_identification:_identify(src/pal_hey5) by extension 'ignore'
[0.587s] Level 1:colcon.colcon_core.package_identification:_identify(src/pal_hey5) by extension 'ignore_ament_install'
[0.587s] Level 1:colcon.colcon_core.package_identification:_identify(src/pal_hey5) by extensions ['colcon_pkg']
[0.587s] Level 1:colcon.colcon_core.package_identification:_identify(src/pal_hey5) by extension 'colcon_pkg'
[0.587s] Level 1:colcon.colcon_core.package_identification:_identify(src/pal_hey5) by extensions ['colcon_meta']
[0.587s] Level 1:colcon.colcon_core.package_identification:_identify(src/pal_hey5) by extension 'colcon_meta'
[0.587s] Level 1:colcon.colcon_core.package_identification:_identify(src/pal_hey5) by extensions ['ros']
[0.587s] Level 1:colcon.colcon_core.package_identification:_identify(src/pal_hey5) by extension 'ros'
[0.587s] Level 1:colcon.colcon_core.package_identification:_identify(src/pal_hey5) by extensions ['cmake', 'python']
[0.587s] Level 1:colcon.colcon_core.package_identification:_identify(src/pal_hey5) by extension 'cmake'
[0.587s] Level 1:colcon.colcon_core.package_identification:_identify(src/pal_hey5) by extension 'python'
[0.587s] Level 1:colcon.colcon_core.package_identification:_identify(src/pal_hey5) by extensions ['python_setup_py']
[0.587s] Level 1:colcon.colcon_core.package_identification:_identify(src/pal_hey5) by extension 'python_setup_py'
[0.587s] Level 1:colcon.colcon_core.package_identification:_identify(src/pal_hey5/pal_hey5) by extensions ['ignore', 'ignore_ament_install']
[0.587s] Level 1:colcon.colcon_core.package_identification:_identify(src/pal_hey5/pal_hey5) by extension 'ignore'
[0.587s] Level 1:colcon.colcon_core.package_identification:_identify(src/pal_hey5/pal_hey5) by extension 'ignore_ament_install'
[0.588s] Level 1:colcon.colcon_core.package_identification:_identify(src/pal_hey5/pal_hey5) by extensions ['colcon_pkg']
[0.588s] Level 1:colcon.colcon_core.package_identification:_identify(src/pal_hey5/pal_hey5) by extension 'colcon_pkg'
[0.588s] Level 1:colcon.colcon_core.package_identification:_identify(src/pal_hey5/pal_hey5) by extensions ['colcon_meta']
[0.588s] Level 1:colcon.colcon_core.package_identification:_identify(src/pal_hey5/pal_hey5) by extension 'colcon_meta'
[0.588s] Level 1:colcon.colcon_core.package_identification:_identify(src/pal_hey5/pal_hey5) by extensions ['ros']
[0.588s] Level 1:colcon.colcon_core.package_identification:_identify(src/pal_hey5/pal_hey5) by extension 'ros'
[0.588s] DEBUG:colcon.colcon_core.package_identification:Package 'src/pal_hey5/pal_hey5' with type 'ros.ament_cmake' and name 'pal_hey5'
[0.588s] Level 1:colcon.colcon_core.package_identification:_identify(src/pal_hey5/pal_hey5_controller_configuration) by extensions ['ignore', 'ignore_ament_install']
[0.589s] Level 1:colcon.colcon_core.package_identification:_identify(src/pal_hey5/pal_hey5_controller_configuration) by extension 'ignore'
[0.589s] Level 1:colcon.colcon_core.package_identification:_identify(src/pal_hey5/pal_hey5_controller_configuration) by extension 'ignore_ament_install'
[0.589s] Level 1:colcon.colcon_core.package_identification:_identify(src/pal_hey5/pal_hey5_controller_configuration) by extensions ['colcon_pkg']
[0.589s] Level 1:colcon.colcon_core.package_identification:_identify(src/pal_hey5/pal_hey5_controller_configuration) by extension 'colcon_pkg'
[0.589s] Level 1:colcon.colcon_core.package_identification:_identify(src/pal_hey5/pal_hey5_controller_configuration) by extensions ['colcon_meta']
[0.589s] Level 1:colcon.colcon_core.package_identification:_identify(src/pal_hey5/pal_hey5_controller_configuration) by extension 'colcon_meta'
[0.589s] Level 1:colcon.colcon_core.package_identification:_identify(src/pal_hey5/pal_hey5_controller_configuration) by extensions ['ros']
[0.589s] Level 1:colcon.colcon_core.package_identification:_identify(src/pal_hey5/pal_hey5_controller_configuration) by extension 'ros'
[0.589s] DEBUG:colcon.colcon_core.package_identification:Package 'src/pal_hey5/pal_hey5_controller_configuration' with type 'ros.ament_cmake' and name 'pal_hey5_controller_configuration'
[0.589s] Level 1:colcon.colcon_core.package_identification:_identify(src/pal_hey5/pal_hey5_description) by extensions ['ignore', 'ignore_ament_install']
[0.590s] Level 1:colcon.colcon_core.package_identification:_identify(src/pal_hey5/pal_hey5_description) by extension 'ignore'
[0.590s] Level 1:colcon.colcon_core.package_identification:_identify(src/pal_hey5/pal_hey5_description) by extension 'ignore_ament_install'
[0.590s] Level 1:colcon.colcon_core.package_identification:_identify(src/pal_hey5/pal_hey5_description) by extensions ['colcon_pkg']
[0.590s] Level 1:colcon.colcon_core.package_identification:_identify(src/pal_hey5/pal_hey5_description) by extension 'colcon_pkg'
[0.590s] Level 1:colcon.colcon_core.package_identification:_identify(src/pal_hey5/pal_hey5_description) by extensions ['colcon_meta']
[0.590s] Level 1:colcon.colcon_core.package_identification:_identify(src/pal_hey5/pal_hey5_description) by extension 'colcon_meta'
[0.590s] Level 1:colcon.colcon_core.package_identification:_identify(src/pal_hey5/pal_hey5_description) by extensions ['ros']
[0.590s] Level 1:colcon.colcon_core.package_identification:_identify(src/pal_hey5/pal_hey5_description) by extension 'ros'
[0.590s] DEBUG:colcon.colcon_core.package_identification:Package 'src/pal_hey5/pal_hey5_description' with type 'ros.ament_cmake' and name 'pal_hey5_description'
[0.591s] Level 1:colcon.colcon_core.package_identification:_identify(src/pal_navigation_cfg_public) by extensions ['ignore', 'ignore_ament_install']
[0.591s] Level 1:colcon.colcon_core.package_identification:_identify(src/pal_navigation_cfg_public) by extension 'ignore'
[0.591s] Level 1:colcon.colcon_core.package_identification:_identify(src/pal_navigation_cfg_public) by extension 'ignore_ament_install'
[0.591s] Level 1:colcon.colcon_core.package_identification:_identify(src/pal_navigation_cfg_public) by extensions ['colcon_pkg']
[0.591s] Level 1:colcon.colcon_core.package_identification:_identify(src/pal_navigation_cfg_public) by extension 'colcon_pkg'
[0.591s] Level 1:colcon.colcon_core.package_identification:_identify(src/pal_navigation_cfg_public) by extensions ['colcon_meta']
[0.591s] Level 1:colcon.colcon_core.package_identification:_identify(src/pal_navigation_cfg_public) by extension 'colcon_meta'
[0.591s] Level 1:colcon.colcon_core.package_identification:_identify(src/pal_navigation_cfg_public) by extensions ['ros']
[0.591s] Level 1:colcon.colcon_core.package_identification:_identify(src/pal_navigation_cfg_public) by extension 'ros'
[0.591s] Level 1:colcon.colcon_core.package_identification:_identify(src/pal_navigation_cfg_public) by extensions ['cmake', 'python']
[0.591s] Level 1:colcon.colcon_core.package_identification:_identify(src/pal_navigation_cfg_public) by extension 'cmake'
[0.591s] Level 1:colcon.colcon_core.package_identification:_identify(src/pal_navigation_cfg_public) by extension 'python'
[0.591s] Level 1:colcon.colcon_core.package_identification:_identify(src/pal_navigation_cfg_public) by extensions ['python_setup_py']
[0.591s] Level 1:colcon.colcon_core.package_identification:_identify(src/pal_navigation_cfg_public) by extension 'python_setup_py'
[0.591s] Level 1:colcon.colcon_core.package_identification:_identify(src/pal_navigation_cfg_public/pal_navigation_cfg_bringup) by extensions ['ignore', 'ignore_ament_install']
[0.591s] Level 1:colcon.colcon_core.package_identification:_identify(src/pal_navigation_cfg_public/pal_navigation_cfg_bringup) by extension 'ignore'
[0.591s] Level 1:colcon.colcon_core.package_identification:_identify(src/pal_navigation_cfg_public/pal_navigation_cfg_bringup) by extension 'ignore_ament_install'
[0.591s] Level 1:colcon.colcon_core.package_identification:_identify(src/pal_navigation_cfg_public/pal_navigation_cfg_bringup) by extensions ['colcon_pkg']
[0.592s] Level 1:colcon.colcon_core.package_identification:_identify(src/pal_navigation_cfg_public/pal_navigation_cfg_bringup) by extension 'colcon_pkg'
[0.592s] Level 1:colcon.colcon_core.package_identification:_identify(src/pal_navigation_cfg_public/pal_navigation_cfg_bringup) by extensions ['colcon_meta']
[0.592s] Level 1:colcon.colcon_core.package_identification:_identify(src/pal_navigation_cfg_public/pal_navigation_cfg_bringup) by extension 'colcon_meta'
[0.592s] Level 1:colcon.colcon_core.package_identification:_identify(src/pal_navigation_cfg_public/pal_navigation_cfg_bringup) by extensions ['ros']
[0.592s] Level 1:colcon.colcon_core.package_identification:_identify(src/pal_navigation_cfg_public/pal_navigation_cfg_bringup) by extension 'ros'
[0.593s] DEBUG:colcon.colcon_core.package_identification:Package 'src/pal_navigation_cfg_public/pal_navigation_cfg_bringup' with type 'ros.ament_cmake' and name 'pal_navigation_cfg_bringup'
[0.593s] Level 1:colcon.colcon_core.package_identification:_identify(src/pal_navigation_cfg_public/pal_navigation_cfg_params) by extensions ['ignore', 'ignore_ament_install']
[0.593s] Level 1:colcon.colcon_core.package_identification:_identify(src/pal_navigation_cfg_public/pal_navigation_cfg_params) by extension 'ignore'
[0.593s] Level 1:colcon.colcon_core.package_identification:_identify(src/pal_navigation_cfg_public/pal_navigation_cfg_params) by extension 'ignore_ament_install'
[0.593s] Level 1:colcon.colcon_core.package_identification:_identify(src/pal_navigation_cfg_public/pal_navigation_cfg_params) by extensions ['colcon_pkg']
[0.593s] Level 1:colcon.colcon_core.package_identification:_identify(src/pal_navigation_cfg_public/pal_navigation_cfg_params) by extension 'colcon_pkg'
[0.593s] Level 1:colcon.colcon_core.package_identification:_identify(src/pal_navigation_cfg_public/pal_navigation_cfg_params) by extensions ['colcon_meta']
[0.593s] Level 1:colcon.colcon_core.package_identification:_identify(src/pal_navigation_cfg_public/pal_navigation_cfg_params) by extension 'colcon_meta'
[0.594s] Level 1:colcon.colcon_core.package_identification:_identify(src/pal_navigation_cfg_public/pal_navigation_cfg_params) by extensions ['ros']
[0.594s] Level 1:colcon.colcon_core.package_identification:_identify(src/pal_navigation_cfg_public/pal_navigation_cfg_params) by extension 'ros'
[0.594s] DEBUG:colcon.colcon_core.package_identification:Package 'src/pal_navigation_cfg_public/pal_navigation_cfg_params' with type 'ros.ament_cmake' and name 'pal_navigation_cfg_params'
[0.594s] Level 1:colcon.colcon_core.package_identification:_identify(src/pal_navigation_cfg_public/pal_navigation_cfg_public) by extensions ['ignore', 'ignore_ament_install']
[0.594s] Level 1:colcon.colcon_core.package_identification:_identify(src/pal_navigation_cfg_public/pal_navigation_cfg_public) by extension 'ignore'
[0.594s] Level 1:colcon.colcon_core.package_identification:_identify(src/pal_navigation_cfg_public/pal_navigation_cfg_public) by extension 'ignore_ament_install'
[0.594s] Level 1:colcon.colcon_core.package_identification:_identify(src/pal_navigation_cfg_public/pal_navigation_cfg_public) by extensions ['colcon_pkg']
[0.594s] Level 1:colcon.colcon_core.package_identification:_identify(src/pal_navigation_cfg_public/pal_navigation_cfg_public) by extension 'colcon_pkg'
[0.594s] Level 1:colcon.colcon_core.package_identification:_identify(src/pal_navigation_cfg_public/pal_navigation_cfg_public) by extensions ['colcon_meta']
[0.594s] Level 1:colcon.colcon_core.package_identification:_identify(src/pal_navigation_cfg_public/pal_navigation_cfg_public) by extension 'colcon_meta'
[0.595s] Level 1:colcon.colcon_core.package_identification:_identify(src/pal_navigation_cfg_public/pal_navigation_cfg_public) by extensions ['ros']
[0.595s] Level 1:colcon.colcon_core.package_identification:_identify(src/pal_navigation_cfg_public/pal_navigation_cfg_public) by extension 'ros'
[0.595s] DEBUG:colcon.colcon_core.package_identification:Package 'src/pal_navigation_cfg_public/pal_navigation_cfg_public' with type 'ros.ament_cmake' and name 'pal_navigation_cfg'
[0.595s] Level 1:colcon.colcon_core.package_identification:_identify(src/pal_robotiq_gripper) by extensions ['ignore', 'ignore_ament_install']
[0.595s] Level 1:colcon.colcon_core.package_identification:_identify(src/pal_robotiq_gripper) by extension 'ignore'
[0.595s] Level 1:colcon.colcon_core.package_identification:_identify(src/pal_robotiq_gripper) by extension 'ignore_ament_install'
[0.595s] Level 1:colcon.colcon_core.package_identification:_identify(src/pal_robotiq_gripper) by extensions ['colcon_pkg']
[0.595s] Level 1:colcon.colcon_core.package_identification:_identify(src/pal_robotiq_gripper) by extension 'colcon_pkg'
[0.595s] Level 1:colcon.colcon_core.package_identification:_identify(src/pal_robotiq_gripper) by extensions ['colcon_meta']
[0.595s] Level 1:colcon.colcon_core.package_identification:_identify(src/pal_robotiq_gripper) by extension 'colcon_meta'
[0.596s] Level 1:colcon.colcon_core.package_identification:_identify(src/pal_robotiq_gripper) by extensions ['ros']
[0.596s] Level 1:colcon.colcon_core.package_identification:_identify(src/pal_robotiq_gripper) by extension 'ros'
[0.596s] Level 1:colcon.colcon_core.package_identification:_identify(src/pal_robotiq_gripper) by extensions ['cmake', 'python']
[0.596s] Level 1:colcon.colcon_core.package_identification:_identify(src/pal_robotiq_gripper) by extension 'cmake'
[0.596s] Level 1:colcon.colcon_core.package_identification:_identify(src/pal_robotiq_gripper) by extension 'python'
[0.596s] Level 1:colcon.colcon_core.package_identification:_identify(src/pal_robotiq_gripper) by extensions ['python_setup_py']
[0.596s] Level 1:colcon.colcon_core.package_identification:_identify(src/pal_robotiq_gripper) by extension 'python_setup_py'
[0.596s] Level 1:colcon.colcon_core.package_identification:_identify(src/pal_robotiq_gripper/pal_robotiq_controller_configuration) by extensions ['ignore', 'ignore_ament_install']
[0.596s] Level 1:colcon.colcon_core.package_identification:_identify(src/pal_robotiq_gripper/pal_robotiq_controller_configuration) by extension 'ignore'
[0.596s] Level 1:colcon.colcon_core.package_identification:_identify(src/pal_robotiq_gripper/pal_robotiq_controller_configuration) by extension 'ignore_ament_install'
[0.596s] Level 1:colcon.colcon_core.package_identification:_identify(src/pal_robotiq_gripper/pal_robotiq_controller_configuration) by extensions ['colcon_pkg']
[0.596s] Level 1:colcon.colcon_core.package_identification:_identify(src/pal_robotiq_gripper/pal_robotiq_controller_configuration) by extension 'colcon_pkg'
[0.596s] Level 1:colcon.colcon_core.package_identification:_identify(src/pal_robotiq_gripper/pal_robotiq_controller_configuration) by extensions ['colcon_meta']
[0.596s] Level 1:colcon.colcon_core.package_identification:_identify(src/pal_robotiq_gripper/pal_robotiq_controller_configuration) by extension 'colcon_meta'
[0.596s] Level 1:colcon.colcon_core.package_identification:_identify(src/pal_robotiq_gripper/pal_robotiq_controller_configuration) by extensions ['ros']
[0.596s] Level 1:colcon.colcon_core.package_identification:_identify(src/pal_robotiq_gripper/pal_robotiq_controller_configuration) by extension 'ros'
[0.597s] DEBUG:colcon.colcon_core.package_identification:Package 'src/pal_robotiq_gripper/pal_robotiq_controller_configuration' with type 'ros.ament_cmake' and name 'pal_robotiq_controller_configuration'
[0.597s] Level 1:colcon.colcon_core.package_identification:_identify(src/pal_robotiq_gripper/pal_robotiq_description) by extensions ['ignore', 'ignore_ament_install']
[0.597s] Level 1:colcon.colcon_core.package_identification:_identify(src/pal_robotiq_gripper/pal_robotiq_description) by extension 'ignore'
[0.597s] Level 1:colcon.colcon_core.package_identification:_identify(src/pal_robotiq_gripper/pal_robotiq_description) by extension 'ignore_ament_install'
[0.597s] Level 1:colcon.colcon_core.package_identification:_identify(src/pal_robotiq_gripper/pal_robotiq_description) by extensions ['colcon_pkg']
[0.597s] Level 1:colcon.colcon_core.package_identification:_identify(src/pal_robotiq_gripper/pal_robotiq_description) by extension 'colcon_pkg'
[0.597s] Level 1:colcon.colcon_core.package_identification:_identify(src/pal_robotiq_gripper/pal_robotiq_description) by extensions ['colcon_meta']
[0.597s] Level 1:colcon.colcon_core.package_identification:_identify(src/pal_robotiq_gripper/pal_robotiq_description) by extension 'colcon_meta'
[0.597s] Level 1:colcon.colcon_core.package_identification:_identify(src/pal_robotiq_gripper/pal_robotiq_description) by extensions ['ros']
[0.597s] Level 1:colcon.colcon_core.package_identification:_identify(src/pal_robotiq_gripper/pal_robotiq_description) by extension 'ros'
[0.598s] DEBUG:colcon.colcon_core.package_identification:Package 'src/pal_robotiq_gripper/pal_robotiq_description' with type 'ros.ament_cmake' and name 'pal_robotiq_description'
[0.598s] Level 1:colcon.colcon_core.package_identification:_identify(src/pal_robotiq_gripper/pal_robotiq_epick_gripper) by extensions ['ignore', 'ignore_ament_install']
[0.598s] Level 1:colcon.colcon_core.package_identification:_identify(src/pal_robotiq_gripper/pal_robotiq_epick_gripper) by extension 'ignore'
[0.598s] Level 1:colcon.colcon_core.package_identification:_identify(src/pal_robotiq_gripper/pal_robotiq_epick_gripper) by extension 'ignore_ament_install'
[0.598s] Level 1:colcon.colcon_core.package_identification:_identify(src/pal_robotiq_gripper/pal_robotiq_epick_gripper) by extensions ['colcon_pkg']
[0.598s] Level 1:colcon.colcon_core.package_identification:_identify(src/pal_robotiq_gripper/pal_robotiq_epick_gripper) by extension 'colcon_pkg'
[0.598s] Level 1:colcon.colcon_core.package_identification:_identify(src/pal_robotiq_gripper/pal_robotiq_epick_gripper) by extensions ['colcon_meta']
[0.598s] Level 1:colcon.colcon_core.package_identification:_identify(src/pal_robotiq_gripper/pal_robotiq_epick_gripper) by extension 'colcon_meta'
[0.598s] Level 1:colcon.colcon_core.package_identification:_identify(src/pal_robotiq_gripper/pal_robotiq_epick_gripper) by extensions ['ros']
[0.598s] Level 1:colcon.colcon_core.package_identification:_identify(src/pal_robotiq_gripper/pal_robotiq_epick_gripper) by extension 'ros'
[0.598s] Level 1:colcon.colcon_core.package_identification:_identify(src/pal_robotiq_gripper/pal_robotiq_epick_gripper) by extensions ['cmake', 'python']
[0.598s] Level 1:colcon.colcon_core.package_identification:_identify(src/pal_robotiq_gripper/pal_robotiq_epick_gripper) by extension 'cmake'
[0.599s] Level 1:colcon.colcon_core.package_identification:_identify(src/pal_robotiq_gripper/pal_robotiq_epick_gripper) by extension 'python'
[0.599s] Level 1:colcon.colcon_core.package_identification:_identify(src/pal_robotiq_gripper/pal_robotiq_epick_gripper) by extensions ['python_setup_py']
[0.599s] Level 1:colcon.colcon_core.package_identification:_identify(src/pal_robotiq_gripper/pal_robotiq_epick_gripper) by extension 'python_setup_py'
[0.599s] Level 1:colcon.colcon_core.package_identification:_identify(src/pal_robotiq_gripper/pal_robotiq_epick_gripper/pal_robotiq_epick_description) by extensions ['ignore', 'ignore_ament_install']
[0.599s] Level 1:colcon.colcon_core.package_identification:_identify(src/pal_robotiq_gripper/pal_robotiq_epick_gripper/pal_robotiq_epick_description) by extension 'ignore'
[0.599s] Level 1:colcon.colcon_core.package_identification:_identify(src/pal_robotiq_gripper/pal_robotiq_epick_gripper/pal_robotiq_epick_description) ignored
[0.599s] Level 1:colcon.colcon_core.package_identification:_identify(src/pal_robotiq_gripper/pal_robotiq_epick_gripper/pal_robotiq_epick_gripper) by extensions ['ignore', 'ignore_ament_install']
[0.599s] Level 1:colcon.colcon_core.package_identification:_identify(src/pal_robotiq_gripper/pal_robotiq_epick_gripper/pal_robotiq_epick_gripper) by extension 'ignore'
[0.599s] Level 1:colcon.colcon_core.package_identification:_identify(src/pal_robotiq_gripper/pal_robotiq_epick_gripper/pal_robotiq_epick_gripper) ignored
[0.599s] Level 1:colcon.colcon_core.package_identification:_identify(src/pal_robotiq_gripper/pal_robotiq_gripper) by extensions ['ignore', 'ignore_ament_install']
[0.599s] Level 1:colcon.colcon_core.package_identification:_identify(src/pal_robotiq_gripper/pal_robotiq_gripper) by extension 'ignore'
[0.599s] Level 1:colcon.colcon_core.package_identification:_identify(src/pal_robotiq_gripper/pal_robotiq_gripper) by extension 'ignore_ament_install'
[0.599s] Level 1:colcon.colcon_core.package_identification:_identify(src/pal_robotiq_gripper/pal_robotiq_gripper) by extensions ['colcon_pkg']
[0.599s] Level 1:colcon.colcon_core.package_identification:_identify(src/pal_robotiq_gripper/pal_robotiq_gripper) by extension 'colcon_pkg'
[0.599s] Level 1:colcon.colcon_core.package_identification:_identify(src/pal_robotiq_gripper/pal_robotiq_gripper) by extensions ['colcon_meta']
[0.600s] Level 1:colcon.colcon_core.package_identification:_identify(src/pal_robotiq_gripper/pal_robotiq_gripper) by extension 'colcon_meta'
[0.600s] Level 1:colcon.colcon_core.package_identification:_identify(src/pal_robotiq_gripper/pal_robotiq_gripper) by extensions ['ros']
[0.600s] Level 1:colcon.colcon_core.package_identification:_identify(src/pal_robotiq_gripper/pal_robotiq_gripper) by extension 'ros'
[0.600s] DEBUG:colcon.colcon_core.package_identification:Package 'src/pal_robotiq_gripper/pal_robotiq_gripper' with type 'ros.ament_cmake' and name 'pal_robotiq_gripper'
[0.600s] Level 1:colcon.colcon_core.package_identification:_identify(src/pal_robotiq_gripper/pal_robotiq_gripper_wrapper) by extensions ['ignore', 'ignore_ament_install']
[0.600s] Level 1:colcon.colcon_core.package_identification:_identify(src/pal_robotiq_gripper/pal_robotiq_gripper_wrapper) by extension 'ignore'
[0.600s] Level 1:colcon.colcon_core.package_identification:_identify(src/pal_robotiq_gripper/pal_robotiq_gripper_wrapper) ignored
[0.600s] Level 1:colcon.colcon_core.package_identification:_identify(src/pal_urdf_utils) by extensions ['ignore', 'ignore_ament_install']
[0.601s] Level 1:colcon.colcon_core.package_identification:_identify(src/pal_urdf_utils) by extension 'ignore'
[0.601s] Level 1:colcon.colcon_core.package_identification:_identify(src/pal_urdf_utils) by extension 'ignore_ament_install'
[0.601s] Level 1:colcon.colcon_core.package_identification:_identify(src/pal_urdf_utils) by extensions ['colcon_pkg']
[0.601s] Level 1:colcon.colcon_core.package_identification:_identify(src/pal_urdf_utils) by extension 'colcon_pkg'
[0.601s] Level 1:colcon.colcon_core.package_identification:_identify(src/pal_urdf_utils) by extensions ['colcon_meta']
[0.601s] Level 1:colcon.colcon_core.package_identification:_identify(src/pal_urdf_utils) by extension 'colcon_meta'
[0.601s] Level 1:colcon.colcon_core.package_identification:_identify(src/pal_urdf_utils) by extensions ['ros']
[0.601s] Level 1:colcon.colcon_core.package_identification:_identify(src/pal_urdf_utils) by extension 'ros'
[0.601s] DEBUG:colcon.colcon_core.package_identification:Package 'src/pal_urdf_utils' with type 'ros.ament_cmake' and name 'pal_urdf_utils'
[0.601s] Level 1:colcon.colcon_core.package_identification:_identify(src/play_motion2) by extensions ['ignore', 'ignore_ament_install']
[0.602s] Level 1:colcon.colcon_core.package_identification:_identify(src/play_motion2) by extension 'ignore'
[0.602s] Level 1:colcon.colcon_core.package_identification:_identify(src/play_motion2) by extension 'ignore_ament_install'
[0.602s] Level 1:colcon.colcon_core.package_identification:_identify(src/play_motion2) by extensions ['colcon_pkg']
[0.602s] Level 1:colcon.colcon_core.package_identification:_identify(src/play_motion2) by extension 'colcon_pkg'
[0.602s] Level 1:colcon.colcon_core.package_identification:_identify(src/play_motion2) by extensions ['colcon_meta']
[0.602s] Level 1:colcon.colcon_core.package_identification:_identify(src/play_motion2) by extension 'colcon_meta'
[0.602s] Level 1:colcon.colcon_core.package_identification:_identify(src/play_motion2) by extensions ['ros']
[0.602s] Level 1:colcon.colcon_core.package_identification:_identify(src/play_motion2) by extension 'ros'
[0.602s] Level 1:colcon.colcon_core.package_identification:_identify(src/play_motion2) by extensions ['cmake', 'python']
[0.602s] Level 1:colcon.colcon_core.package_identification:_identify(src/play_motion2) by extension 'cmake'
[0.602s] Level 1:colcon.colcon_core.package_identification:_identify(src/play_motion2) by extension 'python'
[0.602s] Level 1:colcon.colcon_core.package_identification:_identify(src/play_motion2) by extensions ['python_setup_py']
[0.602s] Level 1:colcon.colcon_core.package_identification:_identify(src/play_motion2) by extension 'python_setup_py'
[0.602s] Level 1:colcon.colcon_core.package_identification:_identify(src/play_motion2/play_motion2) by extensions ['ignore', 'ignore_ament_install']
[0.602s] Level 1:colcon.colcon_core.package_identification:_identify(src/play_motion2/play_motion2) by extension 'ignore'
[0.602s] Level 1:colcon.colcon_core.package_identification:_identify(src/play_motion2/play_motion2) by extension 'ignore_ament_install'
[0.602s] Level 1:colcon.colcon_core.package_identification:_identify(src/play_motion2/play_motion2) by extensions ['colcon_pkg']
[0.603s] Level 1:colcon.colcon_core.package_identification:_identify(src/play_motion2/play_motion2) by extension 'colcon_pkg'
[0.603s] Level 1:colcon.colcon_core.package_identification:_identify(src/play_motion2/play_motion2) by extensions ['colcon_meta']
[0.603s] Level 1:colcon.colcon_core.package_identification:_identify(src/play_motion2/play_motion2) by extension 'colcon_meta'
[0.603s] Level 1:colcon.colcon_core.package_identification:_identify(src/play_motion2/play_motion2) by extensions ['ros']
[0.603s] Level 1:colcon.colcon_core.package_identification:_identify(src/play_motion2/play_motion2) by extension 'ros'
[0.614s] DEBUG:colcon.colcon_core.package_identification:Package 'src/play_motion2/play_motion2' with type 'ros.ament_cmake' and name 'play_motion2'
[0.614s] Level 1:colcon.colcon_core.package_identification:_identify(src/play_motion2/play_motion2_msgs) by extensions ['ignore', 'ignore_ament_install']
[0.614s] Level 1:colcon.colcon_core.package_identification:_identify(src/play_motion2/play_motion2_msgs) by extension 'ignore'
[0.614s] Level 1:colcon.colcon_core.package_identification:_identify(src/play_motion2/play_motion2_msgs) by extension 'ignore_ament_install'
[0.614s] Level 1:colcon.colcon_core.package_identification:_identify(src/play_motion2/play_motion2_msgs) by extensions ['colcon_pkg']
[0.614s] Level 1:colcon.colcon_core.package_identification:_identify(src/play_motion2/play_motion2_msgs) by extension 'colcon_pkg'
[0.614s] Level 1:colcon.colcon_core.package_identification:_identify(src/play_motion2/play_motion2_msgs) by extensions ['colcon_meta']
[0.614s] Level 1:colcon.colcon_core.package_identification:_identify(src/play_motion2/play_motion2_msgs) by extension 'colcon_meta'
[0.614s] Level 1:colcon.colcon_core.package_identification:_identify(src/play_motion2/play_motion2_msgs) by extensions ['ros']
[0.614s] Level 1:colcon.colcon_core.package_identification:_identify(src/play_motion2/play_motion2_msgs) by extension 'ros'
[0.615s] DEBUG:colcon.colcon_core.package_identification:Package 'src/play_motion2/play_motion2_msgs' with type 'ros.ament_cmake' and name 'play_motion2_msgs'
[0.615s] Level 1:colcon.colcon_core.package_identification:_identify(src/pmb2_navigation) by extensions ['ignore', 'ignore_ament_install']
[0.615s] Level 1:colcon.colcon_core.package_identification:_identify(src/pmb2_navigation) by extension 'ignore'
[0.615s] Level 1:colcon.colcon_core.package_identification:_identify(src/pmb2_navigation) by extension 'ignore_ament_install'
[0.615s] Level 1:colcon.colcon_core.package_identification:_identify(src/pmb2_navigation) by extensions ['colcon_pkg']
[0.615s] Level 1:colcon.colcon_core.package_identification:_identify(src/pmb2_navigation) by extension 'colcon_pkg'
[0.616s] Level 1:colcon.colcon_core.package_identification:_identify(src/pmb2_navigation) by extensions ['colcon_meta']
[0.616s] Level 1:colcon.colcon_core.package_identification:_identify(src/pmb2_navigation) by extension 'colcon_meta'
[0.616s] Level 1:colcon.colcon_core.package_identification:_identify(src/pmb2_navigation) by extensions ['ros']
[0.616s] Level 1:colcon.colcon_core.package_identification:_identify(src/pmb2_navigation) by extension 'ros'
[0.616s] Level 1:colcon.colcon_core.package_identification:_identify(src/pmb2_navigation) by extensions ['cmake', 'python']
[0.616s] Level 1:colcon.colcon_core.package_identification:_identify(src/pmb2_navigation) by extension 'cmake'
[0.616s] Level 1:colcon.colcon_core.package_identification:_identify(src/pmb2_navigation) by extension 'python'
[0.616s] Level 1:colcon.colcon_core.package_identification:_identify(src/pmb2_navigation) by extensions ['python_setup_py']
[0.616s] Level 1:colcon.colcon_core.package_identification:_identify(src/pmb2_navigation) by extension 'python_setup_py'
[0.616s] Level 1:colcon.colcon_core.package_identification:_identify(src/pmb2_navigation/pmb2_2dnav) by extensions ['ignore', 'ignore_ament_install']
[0.616s] Level 1:colcon.colcon_core.package_identification:_identify(src/pmb2_navigation/pmb2_2dnav) by extension 'ignore'
[0.616s] Level 1:colcon.colcon_core.package_identification:_identify(src/pmb2_navigation/pmb2_2dnav) by extension 'ignore_ament_install'
[0.616s] Level 1:colcon.colcon_core.package_identification:_identify(src/pmb2_navigation/pmb2_2dnav) by extensions ['colcon_pkg']
[0.616s] Level 1:colcon.colcon_core.package_identification:_identify(src/pmb2_navigation/pmb2_2dnav) by extension 'colcon_pkg'
[0.616s] Level 1:colcon.colcon_core.package_identification:_identify(src/pmb2_navigation/pmb2_2dnav) by extensions ['colcon_meta']
[0.616s] Level 1:colcon.colcon_core.package_identification:_identify(src/pmb2_navigation/pmb2_2dnav) by extension 'colcon_meta'
[0.616s] Level 1:colcon.colcon_core.package_identification:_identify(src/pmb2_navigation/pmb2_2dnav) by extensions ['ros']
[0.616s] Level 1:colcon.colcon_core.package_identification:_identify(src/pmb2_navigation/pmb2_2dnav) by extension 'ros'
[0.622s] DEBUG:colcon.colcon_core.package_identification:Package 'src/pmb2_navigation/pmb2_2dnav' with type 'ros.ament_cmake' and name 'pmb2_2dnav'
[0.622s] Level 1:colcon.colcon_core.package_identification:_identify(src/pmb2_navigation/pmb2_laser_sensors) by extensions ['ignore', 'ignore_ament_install']
[0.623s] Level 1:colcon.colcon_core.package_identification:_identify(src/pmb2_navigation/pmb2_laser_sensors) by extension 'ignore'
[0.623s] Level 1:colcon.colcon_core.package_identification:_identify(src/pmb2_navigation/pmb2_laser_sensors) by extension 'ignore_ament_install'
[0.623s] Level 1:colcon.colcon_core.package_identification:_identify(src/pmb2_navigation/pmb2_laser_sensors) by extensions ['colcon_pkg']
[0.623s] Level 1:colcon.colcon_core.package_identification:_identify(src/pmb2_navigation/pmb2_laser_sensors) by extension 'colcon_pkg'
[0.623s] Level 1:colcon.colcon_core.package_identification:_identify(src/pmb2_navigation/pmb2_laser_sensors) by extensions ['colcon_meta']
[0.623s] Level 1:colcon.colcon_core.package_identification:_identify(src/pmb2_navigation/pmb2_laser_sensors) by extension 'colcon_meta'
[0.623s] Level 1:colcon.colcon_core.package_identification:_identify(src/pmb2_navigation/pmb2_laser_sensors) by extensions ['ros']
[0.623s] Level 1:colcon.colcon_core.package_identification:_identify(src/pmb2_navigation/pmb2_laser_sensors) by extension 'ros'
[0.626s] DEBUG:colcon.colcon_core.package_identification:Package 'src/pmb2_navigation/pmb2_laser_sensors' with type 'ros.ament_cmake' and name 'pmb2_laser_sensors'
[0.626s] Level 1:colcon.colcon_core.package_identification:_identify(src/pmb2_navigation/pmb2_navigation) by extensions ['ignore', 'ignore_ament_install']
[0.626s] Level 1:colcon.colcon_core.package_identification:_identify(src/pmb2_navigation/pmb2_navigation) by extension 'ignore'
[0.626s] Level 1:colcon.colcon_core.package_identification:_identify(src/pmb2_navigation/pmb2_navigation) by extension 'ignore_ament_install'
[0.626s] Level 1:colcon.colcon_core.package_identification:_identify(src/pmb2_navigation/pmb2_navigation) by extensions ['colcon_pkg']
[0.626s] Level 1:colcon.colcon_core.package_identification:_identify(src/pmb2_navigation/pmb2_navigation) by extension 'colcon_pkg'
[0.626s] Level 1:colcon.colcon_core.package_identification:_identify(src/pmb2_navigation/pmb2_navigation) by extensions ['colcon_meta']
[0.626s] Level 1:colcon.colcon_core.package_identification:_identify(src/pmb2_navigation/pmb2_navigation) by extension 'colcon_meta'
[0.627s] Level 1:colcon.colcon_core.package_identification:_identify(src/pmb2_navigation/pmb2_navigation) by extensions ['ros']
[0.627s] Level 1:colcon.colcon_core.package_identification:_identify(src/pmb2_navigation/pmb2_navigation) by extension 'ros'
[0.627s] DEBUG:colcon.colcon_core.package_identification:Package 'src/pmb2_navigation/pmb2_navigation' with type 'ros.ament_cmake' and name 'pmb2_navigation'
[0.627s] Level 1:colcon.colcon_core.package_identification:_identify(src/pmb2_navigation/pmb2_rgbd_sensors) by extensions ['ignore', 'ignore_ament_install']
[0.627s] Level 1:colcon.colcon_core.package_identification:_identify(src/pmb2_navigation/pmb2_rgbd_sensors) by extension 'ignore'
[0.627s] Level 1:colcon.colcon_core.package_identification:_identify(src/pmb2_navigation/pmb2_rgbd_sensors) by extension 'ignore_ament_install'
[0.627s] Level 1:colcon.colcon_core.package_identification:_identify(src/pmb2_navigation/pmb2_rgbd_sensors) by extensions ['colcon_pkg']
[0.627s] Level 1:colcon.colcon_core.package_identification:_identify(src/pmb2_navigation/pmb2_rgbd_sensors) by extension 'colcon_pkg'
[0.627s] Level 1:colcon.colcon_core.package_identification:_identify(src/pmb2_navigation/pmb2_rgbd_sensors) by extensions ['colcon_meta']
[0.628s] Level 1:colcon.colcon_core.package_identification:_identify(src/pmb2_navigation/pmb2_rgbd_sensors) by extension 'colcon_meta'
[0.628s] Level 1:colcon.colcon_core.package_identification:_identify(src/pmb2_navigation/pmb2_rgbd_sensors) by extensions ['ros']
[0.628s] Level 1:colcon.colcon_core.package_identification:_identify(src/pmb2_navigation/pmb2_rgbd_sensors) by extension 'ros'
[0.630s] DEBUG:colcon.colcon_core.package_identification:Package 'src/pmb2_navigation/pmb2_rgbd_sensors' with type 'ros.ament_cmake' and name 'pmb2_rgbd_sensors'
[0.630s] Level 1:colcon.colcon_core.package_identification:_identify(src/pmb2_robot) by extensions ['ignore', 'ignore_ament_install']
[0.630s] Level 1:colcon.colcon_core.package_identification:_identify(src/pmb2_robot) by extension 'ignore'
[0.630s] Level 1:colcon.colcon_core.package_identification:_identify(src/pmb2_robot) by extension 'ignore_ament_install'
[0.630s] Level 1:colcon.colcon_core.package_identification:_identify(src/pmb2_robot) by extensions ['colcon_pkg']
[0.630s] Level 1:colcon.colcon_core.package_identification:_identify(src/pmb2_robot) by extension 'colcon_pkg'
[0.630s] Level 1:colcon.colcon_core.package_identification:_identify(src/pmb2_robot) by extensions ['colcon_meta']
[0.630s] Level 1:colcon.colcon_core.package_identification:_identify(src/pmb2_robot) by extension 'colcon_meta'
[0.630s] Level 1:colcon.colcon_core.package_identification:_identify(src/pmb2_robot) by extensions ['ros']
[0.630s] Level 1:colcon.colcon_core.package_identification:_identify(src/pmb2_robot) by extension 'ros'
[0.630s] Level 1:colcon.colcon_core.package_identification:_identify(src/pmb2_robot) by extensions ['cmake', 'python']
[0.630s] Level 1:colcon.colcon_core.package_identification:_identify(src/pmb2_robot) by extension 'cmake'
[0.630s] Level 1:colcon.colcon_core.package_identification:_identify(src/pmb2_robot) by extension 'python'
[0.630s] Level 1:colcon.colcon_core.package_identification:_identify(src/pmb2_robot) by extensions ['python_setup_py']
[0.631s] Level 1:colcon.colcon_core.package_identification:_identify(src/pmb2_robot) by extension 'python_setup_py'
[0.631s] Level 1:colcon.colcon_core.package_identification:_identify(src/pmb2_robot/pmb2_bringup) by extensions ['ignore', 'ignore_ament_install']
[0.631s] Level 1:colcon.colcon_core.package_identification:_identify(src/pmb2_robot/pmb2_bringup) by extension 'ignore'
[0.631s] Level 1:colcon.colcon_core.package_identification:_identify(src/pmb2_robot/pmb2_bringup) by extension 'ignore_ament_install'
[0.631s] Level 1:colcon.colcon_core.package_identification:_identify(src/pmb2_robot/pmb2_bringup) by extensions ['colcon_pkg']
[0.631s] Level 1:colcon.colcon_core.package_identification:_identify(src/pmb2_robot/pmb2_bringup) by extension 'colcon_pkg'
[0.631s] Level 1:colcon.colcon_core.package_identification:_identify(src/pmb2_robot/pmb2_bringup) by extensions ['colcon_meta']
[0.631s] Level 1:colcon.colcon_core.package_identification:_identify(src/pmb2_robot/pmb2_bringup) by extension 'colcon_meta'
[0.631s] Level 1:colcon.colcon_core.package_identification:_identify(src/pmb2_robot/pmb2_bringup) by extensions ['ros']
[0.631s] Level 1:colcon.colcon_core.package_identification:_identify(src/pmb2_robot/pmb2_bringup) by extension 'ros'
[0.632s] DEBUG:colcon.colcon_core.package_identification:Package 'src/pmb2_robot/pmb2_bringup' with type 'ros.ament_cmake' and name 'pmb2_bringup'
[0.632s] Level 1:colcon.colcon_core.package_identification:_identify(src/pmb2_robot/pmb2_controller_configuration) by extensions ['ignore', 'ignore_ament_install']
[0.632s] Level 1:colcon.colcon_core.package_identification:_identify(src/pmb2_robot/pmb2_controller_configuration) by extension 'ignore'
[0.632s] Level 1:colcon.colcon_core.package_identification:_identify(src/pmb2_robot/pmb2_controller_configuration) by extension 'ignore_ament_install'
[0.632s] Level 1:colcon.colcon_core.package_identification:_identify(src/pmb2_robot/pmb2_controller_configuration) by extensions ['colcon_pkg']
[0.632s] Level 1:colcon.colcon_core.package_identification:_identify(src/pmb2_robot/pmb2_controller_configuration) by extension 'colcon_pkg'
[0.633s] Level 1:colcon.colcon_core.package_identification:_identify(src/pmb2_robot/pmb2_controller_configuration) by extensions ['colcon_meta']
[0.633s] Level 1:colcon.colcon_core.package_identification:_identify(src/pmb2_robot/pmb2_controller_configuration) by extension 'colcon_meta'
[0.633s] Level 1:colcon.colcon_core.package_identification:_identify(src/pmb2_robot/pmb2_controller_configuration) by extensions ['ros']
[0.633s] Level 1:colcon.colcon_core.package_identification:_identify(src/pmb2_robot/pmb2_controller_configuration) by extension 'ros'
[0.633s] DEBUG:colcon.colcon_core.package_identification:Package 'src/pmb2_robot/pmb2_controller_configuration' with type 'ros.ament_cmake' and name 'pmb2_controller_configuration'
[0.634s] Level 1:colcon.colcon_core.package_identification:_identify(src/pmb2_robot/pmb2_description) by extensions ['ignore', 'ignore_ament_install']
[0.634s] Level 1:colcon.colcon_core.package_identification:_identify(src/pmb2_robot/pmb2_description) by extension 'ignore'
[0.634s] Level 1:colcon.colcon_core.package_identification:_identify(src/pmb2_robot/pmb2_description) by extension 'ignore_ament_install'
[0.634s] Level 1:colcon.colcon_core.package_identification:_identify(src/pmb2_robot/pmb2_description) by extensions ['colcon_pkg']
[0.634s] Level 1:colcon.colcon_core.package_identification:_identify(src/pmb2_robot/pmb2_description) by extension 'colcon_pkg'
[0.634s] Level 1:colcon.colcon_core.package_identification:_identify(src/pmb2_robot/pmb2_description) by extensions ['colcon_meta']
[0.634s] Level 1:colcon.colcon_core.package_identification:_identify(src/pmb2_robot/pmb2_description) by extension 'colcon_meta'
[0.634s] Level 1:colcon.colcon_core.package_identification:_identify(src/pmb2_robot/pmb2_description) by extensions ['ros']
[0.634s] Level 1:colcon.colcon_core.package_identification:_identify(src/pmb2_robot/pmb2_description) by extension 'ros'
[0.635s] DEBUG:colcon.colcon_core.package_identification:Package 'src/pmb2_robot/pmb2_description' with type 'ros.ament_cmake' and name 'pmb2_description'
[0.635s] Level 1:colcon.colcon_core.package_identification:_identify(src/pmb2_robot/pmb2_robot) by extensions ['ignore', 'ignore_ament_install']
[0.636s] Level 1:colcon.colcon_core.package_identification:_identify(src/pmb2_robot/pmb2_robot) by extension 'ignore'
[0.636s] Level 1:colcon.colcon_core.package_identification:_identify(src/pmb2_robot/pmb2_robot) by extension 'ignore_ament_install'
[0.636s] Level 1:colcon.colcon_core.package_identification:_identify(src/pmb2_robot/pmb2_robot) by extensions ['colcon_pkg']
[0.636s] Level 1:colcon.colcon_core.package_identification:_identify(src/pmb2_robot/pmb2_robot) by extension 'colcon_pkg'
[0.636s] Level 1:colcon.colcon_core.package_identification:_identify(src/pmb2_robot/pmb2_robot) by extensions ['colcon_meta']
[0.636s] Level 1:colcon.colcon_core.package_identification:_identify(src/pmb2_robot/pmb2_robot) by extension 'colcon_meta'
[0.636s] Level 1:colcon.colcon_core.package_identification:_identify(src/pmb2_robot/pmb2_robot) by extensions ['ros']
[0.636s] Level 1:colcon.colcon_core.package_identification:_identify(src/pmb2_robot/pmb2_robot) by extension 'ros'
[0.636s] DEBUG:colcon.colcon_core.package_identification:Package 'src/pmb2_robot/pmb2_robot' with type 'ros.ament_cmake' and name 'pmb2_robot'
[0.637s] Level 1:colcon.colcon_core.package_identification:_identify(src/tiago_moveit_config) by extensions ['ignore', 'ignore_ament_install']
[0.637s] Level 1:colcon.colcon_core.package_identification:_identify(src/tiago_moveit_config) by extension 'ignore'
[0.637s] Level 1:colcon.colcon_core.package_identification:_identify(src/tiago_moveit_config) by extension 'ignore_ament_install'
[0.637s] Level 1:colcon.colcon_core.package_identification:_identify(src/tiago_moveit_config) by extensions ['colcon_pkg']
[0.637s] Level 1:colcon.colcon_core.package_identification:_identify(src/tiago_moveit_config) by extension 'colcon_pkg'
[0.637s] Level 1:colcon.colcon_core.package_identification:_identify(src/tiago_moveit_config) by extensions ['colcon_meta']
[0.637s] Level 1:colcon.colcon_core.package_identification:_identify(src/tiago_moveit_config) by extension 'colcon_meta'
[0.637s] Level 1:colcon.colcon_core.package_identification:_identify(src/tiago_moveit_config) by extensions ['ros']
[0.637s] Level 1:colcon.colcon_core.package_identification:_identify(src/tiago_moveit_config) by extension 'ros'
[0.638s] DEBUG:colcon.colcon_core.package_identification:Package 'src/tiago_moveit_config' with type 'ros.ament_cmake' and name 'tiago_moveit_config'
[0.638s] Level 1:colcon.colcon_core.package_identification:_identify(src/tiago_navigation) by extensions ['ignore', 'ignore_ament_install']
[0.638s] Level 1:colcon.colcon_core.package_identification:_identify(src/tiago_navigation) by extension 'ignore'
[0.638s] Level 1:colcon.colcon_core.package_identification:_identify(src/tiago_navigation) by extension 'ignore_ament_install'
[0.638s] Level 1:colcon.colcon_core.package_identification:_identify(src/tiago_navigation) by extensions ['colcon_pkg']
[0.638s] Level 1:colcon.colcon_core.package_identification:_identify(src/tiago_navigation) by extension 'colcon_pkg'
[0.638s] Level 1:colcon.colcon_core.package_identification:_identify(src/tiago_navigation) by extensions ['colcon_meta']
[0.638s] Level 1:colcon.colcon_core.package_identification:_identify(src/tiago_navigation) by extension 'colcon_meta'
[0.638s] Level 1:colcon.colcon_core.package_identification:_identify(src/tiago_navigation) by extensions ['ros']
[0.638s] Level 1:colcon.colcon_core.package_identification:_identify(src/tiago_navigation) by extension 'ros'
[0.638s] Level 1:colcon.colcon_core.package_identification:_identify(src/tiago_navigation) by extensions ['cmake', 'python']
[0.638s] Level 1:colcon.colcon_core.package_identification:_identify(src/tiago_navigation) by extension 'cmake'
[0.639s] Level 1:colcon.colcon_core.package_identification:_identify(src/tiago_navigation) by extension 'python'
[0.639s] Level 1:colcon.colcon_core.package_identification:_identify(src/tiago_navigation) by extensions ['python_setup_py']
[0.639s] Level 1:colcon.colcon_core.package_identification:_identify(src/tiago_navigation) by extension 'python_setup_py'
[0.639s] Level 1:colcon.colcon_core.package_identification:_identify(src/tiago_navigation/tiago_2dnav) by extensions ['ignore', 'ignore_ament_install']
[0.639s] Level 1:colcon.colcon_core.package_identification:_identify(src/tiago_navigation/tiago_2dnav) by extension 'ignore'
[0.639s] Level 1:colcon.colcon_core.package_identification:_identify(src/tiago_navigation/tiago_2dnav) by extension 'ignore_ament_install'
[0.639s] Level 1:colcon.colcon_core.package_identification:_identify(src/tiago_navigation/tiago_2dnav) by extensions ['colcon_pkg']
[0.639s] Level 1:colcon.colcon_core.package_identification:_identify(src/tiago_navigation/tiago_2dnav) by extension 'colcon_pkg'
[0.639s] Level 1:colcon.colcon_core.package_identification:_identify(src/tiago_navigation/tiago_2dnav) by extensions ['colcon_meta']
[0.639s] Level 1:colcon.colcon_core.package_identification:_identify(src/tiago_navigation/tiago_2dnav) by extension 'colcon_meta'
[0.639s] Level 1:colcon.colcon_core.package_identification:_identify(src/tiago_navigation/tiago_2dnav) by extensions ['ros']
[0.639s] Level 1:colcon.colcon_core.package_identification:_identify(src/tiago_navigation/tiago_2dnav) by extension 'ros'
[0.640s] DEBUG:colcon.colcon_core.package_identification:Package 'src/tiago_navigation/tiago_2dnav' with type 'ros.ament_cmake' and name 'tiago_2dnav'
[0.640s] Level 1:colcon.colcon_core.package_identification:_identify(src/tiago_navigation/tiago_laser_sensors) by extensions ['ignore', 'ignore_ament_install']
[0.640s] Level 1:colcon.colcon_core.package_identification:_identify(src/tiago_navigation/tiago_laser_sensors) by extension 'ignore'
[0.640s] Level 1:colcon.colcon_core.package_identification:_identify(src/tiago_navigation/tiago_laser_sensors) by extension 'ignore_ament_install'
[0.641s] Level 1:colcon.colcon_core.package_identification:_identify(src/tiago_navigation/tiago_laser_sensors) by extensions ['colcon_pkg']
[0.641s] Level 1:colcon.colcon_core.package_identification:_identify(src/tiago_navigation/tiago_laser_sensors) by extension 'colcon_pkg'
[0.641s] Level 1:colcon.colcon_core.package_identification:_identify(src/tiago_navigation/tiago_laser_sensors) by extensions ['colcon_meta']
[0.641s] Level 1:colcon.colcon_core.package_identification:_identify(src/tiago_navigation/tiago_laser_sensors) by extension 'colcon_meta'
[0.641s] Level 1:colcon.colcon_core.package_identification:_identify(src/tiago_navigation/tiago_laser_sensors) by extensions ['ros']
[0.641s] Level 1:colcon.colcon_core.package_identification:_identify(src/tiago_navigation/tiago_laser_sensors) by extension 'ros'
[0.641s] DEBUG:colcon.colcon_core.package_identification:Package 'src/tiago_navigation/tiago_laser_sensors' with type 'ros.ament_cmake' and name 'tiago_laser_sensors'
[0.642s] Level 1:colcon.colcon_core.package_identification:_identify(src/tiago_navigation/tiago_navigation) by extensions ['ignore', 'ignore_ament_install']
[0.642s] Level 1:colcon.colcon_core.package_identification:_identify(src/tiago_navigation/tiago_navigation) by extension 'ignore'
[0.642s] Level 1:colcon.colcon_core.package_identification:_identify(src/tiago_navigation/tiago_navigation) by extension 'ignore_ament_install'
[0.642s] Level 1:colcon.colcon_core.package_identification:_identify(src/tiago_navigation/tiago_navigation) by extensions ['colcon_pkg']
[0.642s] Level 1:colcon.colcon_core.package_identification:_identify(src/tiago_navigation/tiago_navigation) by extension 'colcon_pkg'
[0.642s] Level 1:colcon.colcon_core.package_identification:_identify(src/tiago_navigation/tiago_navigation) by extensions ['colcon_meta']
[0.642s] Level 1:colcon.colcon_core.package_identification:_identify(src/tiago_navigation/tiago_navigation) by extension 'colcon_meta'
[0.642s] Level 1:colcon.colcon_core.package_identification:_identify(src/tiago_navigation/tiago_navigation) by extensions ['ros']
[0.642s] Level 1:colcon.colcon_core.package_identification:_identify(src/tiago_navigation/tiago_navigation) by extension 'ros'
[0.643s] DEBUG:colcon.colcon_core.package_identification:Package 'src/tiago_navigation/tiago_navigation' with type 'ros.ament_cmake' and name 'tiago_navigation'
[0.643s] Level 1:colcon.colcon_core.package_identification:_identify(src/tiago_navigation/tiago_rgbd_sensors) by extensions ['ignore', 'ignore_ament_install']
[0.643s] Level 1:colcon.colcon_core.package_identification:_identify(src/tiago_navigation/tiago_rgbd_sensors) by extension 'ignore'
[0.643s] Level 1:colcon.colcon_core.package_identification:_identify(src/tiago_navigation/tiago_rgbd_sensors) by extension 'ignore_ament_install'
[0.643s] Level 1:colcon.colcon_core.package_identification:_identify(src/tiago_navigation/tiago_rgbd_sensors) by extensions ['colcon_pkg']
[0.643s] Level 1:colcon.colcon_core.package_identification:_identify(src/tiago_navigation/tiago_rgbd_sensors) by extension 'colcon_pkg'
[0.643s] Level 1:colcon.colcon_core.package_identification:_identify(src/tiago_navigation/tiago_rgbd_sensors) by extensions ['colcon_meta']
[0.643s] Level 1:colcon.colcon_core.package_identification:_identify(src/tiago_navigation/tiago_rgbd_sensors) by extension 'colcon_meta'
[0.643s] Level 1:colcon.colcon_core.package_identification:_identify(src/tiago_navigation/tiago_rgbd_sensors) by extensions ['ros']
[0.643s] Level 1:colcon.colcon_core.package_identification:_identify(src/tiago_navigation/tiago_rgbd_sensors) by extension 'ros'
[0.644s] DEBUG:colcon.colcon_core.package_identification:Package 'src/tiago_navigation/tiago_rgbd_sensors' with type 'ros.ament_cmake' and name 'tiago_rgbd_sensors'
[0.644s] Level 1:colcon.colcon_core.package_identification:_identify(src/tiago_robot) by extensions ['ignore', 'ignore_ament_install']
[0.645s] Level 1:colcon.colcon_core.package_identification:_identify(src/tiago_robot) by extension 'ignore'
[0.645s] Level 1:colcon.colcon_core.package_identification:_identify(src/tiago_robot) by extension 'ignore_ament_install'
[0.645s] Level 1:colcon.colcon_core.package_identification:_identify(src/tiago_robot) by extensions ['colcon_pkg']
[0.645s] Level 1:colcon.colcon_core.package_identification:_identify(src/tiago_robot) by extension 'colcon_pkg'
[0.645s] Level 1:colcon.colcon_core.package_identification:_identify(src/tiago_robot) by extensions ['colcon_meta']
[0.645s] Level 1:colcon.colcon_core.package_identification:_identify(src/tiago_robot) by extension 'colcon_meta'
[0.645s] Level 1:colcon.colcon_core.package_identification:_identify(src/tiago_robot) by extensions ['ros']
[0.645s] Level 1:colcon.colcon_core.package_identification:_identify(src/tiago_robot) by extension 'ros'
[0.645s] Level 1:colcon.colcon_core.package_identification:_identify(src/tiago_robot) by extensions ['cmake', 'python']
[0.645s] Level 1:colcon.colcon_core.package_identification:_identify(src/tiago_robot) by extension 'cmake'
[0.645s] Level 1:colcon.colcon_core.package_identification:_identify(src/tiago_robot) by extension 'python'
[0.645s] Level 1:colcon.colcon_core.package_identification:_identify(src/tiago_robot) by extensions ['python_setup_py']
[0.645s] Level 1:colcon.colcon_core.package_identification:_identify(src/tiago_robot) by extension 'python_setup_py'
[0.645s] Level 1:colcon.colcon_core.package_identification:_identify(src/tiago_robot/tiago_bringup) by extensions ['ignore', 'ignore_ament_install']
[0.645s] Level 1:colcon.colcon_core.package_identification:_identify(src/tiago_robot/tiago_bringup) by extension 'ignore'
[0.645s] Level 1:colcon.colcon_core.package_identification:_identify(src/tiago_robot/tiago_bringup) by extension 'ignore_ament_install'
[0.645s] Level 1:colcon.colcon_core.package_identification:_identify(src/tiago_robot/tiago_bringup) by extensions ['colcon_pkg']
[0.645s] Level 1:colcon.colcon_core.package_identification:_identify(src/tiago_robot/tiago_bringup) by extension 'colcon_pkg'
[0.646s] Level 1:colcon.colcon_core.package_identification:_identify(src/tiago_robot/tiago_bringup) by extensions ['colcon_meta']
[0.646s] Level 1:colcon.colcon_core.package_identification:_identify(src/tiago_robot/tiago_bringup) by extension 'colcon_meta'
[0.646s] Level 1:colcon.colcon_core.package_identification:_identify(src/tiago_robot/tiago_bringup) by extensions ['ros']
[0.646s] Level 1:colcon.colcon_core.package_identification:_identify(src/tiago_robot/tiago_bringup) by extension 'ros'
[0.647s] DEBUG:colcon.colcon_core.package_identification:Package 'src/tiago_robot/tiago_bringup' with type 'ros.ament_cmake' and name 'tiago_bringup'
[0.647s] Level 1:colcon.colcon_core.package_identification:_identify(src/tiago_robot/tiago_controller_configuration) by extensions ['ignore', 'ignore_ament_install']
[0.647s] Level 1:colcon.colcon_core.package_identification:_identify(src/tiago_robot/tiago_controller_configuration) by extension 'ignore'
[0.647s] Level 1:colcon.colcon_core.package_identification:_identify(src/tiago_robot/tiago_controller_configuration) by extension 'ignore_ament_install'
[0.647s] Level 1:colcon.colcon_core.package_identification:_identify(src/tiago_robot/tiago_controller_configuration) by extensions ['colcon_pkg']
[0.647s] Level 1:colcon.colcon_core.package_identification:_identify(src/tiago_robot/tiago_controller_configuration) by extension 'colcon_pkg'
[0.647s] Level 1:colcon.colcon_core.package_identification:_identify(src/tiago_robot/tiago_controller_configuration) by extensions ['colcon_meta']
[0.647s] Level 1:colcon.colcon_core.package_identification:_identify(src/tiago_robot/tiago_controller_configuration) by extension 'colcon_meta'
[0.647s] Level 1:colcon.colcon_core.package_identification:_identify(src/tiago_robot/tiago_controller_configuration) by extensions ['ros']
[0.647s] Level 1:colcon.colcon_core.package_identification:_identify(src/tiago_robot/tiago_controller_configuration) by extension 'ros'
[0.649s] DEBUG:colcon.colcon_core.package_identification:Package 'src/tiago_robot/tiago_controller_configuration' with type 'ros.ament_cmake' and name 'tiago_controller_configuration'
[0.649s] Level 1:colcon.colcon_core.package_identification:_identify(src/tiago_robot/tiago_description) by extensions ['ignore', 'ignore_ament_install']
[0.649s] Level 1:colcon.colcon_core.package_identification:_identify(src/tiago_robot/tiago_description) by extension 'ignore'
[0.649s] Level 1:colcon.colcon_core.package_identification:_identify(src/tiago_robot/tiago_description) by extension 'ignore_ament_install'
[0.649s] Level 1:colcon.colcon_core.package_identification:_identify(src/tiago_robot/tiago_description) by extensions ['colcon_pkg']
[0.649s] Level 1:colcon.colcon_core.package_identification:_identify(src/tiago_robot/tiago_description) by extension 'colcon_pkg'
[0.649s] Level 1:colcon.colcon_core.package_identification:_identify(src/tiago_robot/tiago_description) by extensions ['colcon_meta']
[0.649s] Level 1:colcon.colcon_core.package_identification:_identify(src/tiago_robot/tiago_description) by extension 'colcon_meta'
[0.649s] Level 1:colcon.colcon_core.package_identification:_identify(src/tiago_robot/tiago_description) by extensions ['ros']
[0.649s] Level 1:colcon.colcon_core.package_identification:_identify(src/tiago_robot/tiago_description) by extension 'ros'
[0.650s] DEBUG:colcon.colcon_core.package_identification:Package 'src/tiago_robot/tiago_description' with type 'ros.ament_cmake' and name 'tiago_description'
[0.650s] Level 1:colcon.colcon_core.package_identification:_identify(src/tiago_robot/tiago_robot) by extensions ['ignore', 'ignore_ament_install']
[0.651s] Level 1:colcon.colcon_core.package_identification:_identify(src/tiago_robot/tiago_robot) by extension 'ignore'
[0.651s] Level 1:colcon.colcon_core.package_identification:_identify(src/tiago_robot/tiago_robot) by extension 'ignore_ament_install'
[0.651s] Level 1:colcon.colcon_core.package_identification:_identify(src/tiago_robot/tiago_robot) by extensions ['colcon_pkg']
[0.651s] Level 1:colcon.colcon_core.package_identification:_identify(src/tiago_robot/tiago_robot) by extension 'colcon_pkg'
[0.651s] Level 1:colcon.colcon_core.package_identification:_identify(src/tiago_robot/tiago_robot) by extensions ['colcon_meta']
[0.651s] Level 1:colcon.colcon_core.package_identification:_identify(src/tiago_robot/tiago_robot) by extension 'colcon_meta'
[0.651s] Level 1:colcon.colcon_core.package_identification:_identify(src/tiago_robot/tiago_robot) by extensions ['ros']
[0.651s] Level 1:colcon.colcon_core.package_identification:_identify(src/tiago_robot/tiago_robot) by extension 'ros'
[0.651s] DEBUG:colcon.colcon_core.package_identification:Package 'src/tiago_robot/tiago_robot' with type 'ros.ament_cmake' and name 'tiago_robot'
[0.652s] Level 1:colcon.colcon_core.package_identification:_identify(src/tiago_simulation) by extensions ['ignore', 'ignore_ament_install']
[0.652s] Level 1:colcon.colcon_core.package_identification:_identify(src/tiago_simulation) by extension 'ignore'
[0.652s] Level 1:colcon.colcon_core.package_identification:_identify(src/tiago_simulation) by extension 'ignore_ament_install'
[0.652s] Level 1:colcon.colcon_core.package_identification:_identify(src/tiago_simulation) by extensions ['colcon_pkg']
[0.652s] Level 1:colcon.colcon_core.package_identification:_identify(src/tiago_simulation) by extension 'colcon_pkg'
[0.652s] Level 1:colcon.colcon_core.package_identification:_identify(src/tiago_simulation) by extensions ['colcon_meta']
[0.652s] Level 1:colcon.colcon_core.package_identification:_identify(src/tiago_simulation) by extension 'colcon_meta'
[0.652s] Level 1:colcon.colcon_core.package_identification:_identify(src/tiago_simulation) by extensions ['ros']
[0.652s] Level 1:colcon.colcon_core.package_identification:_identify(src/tiago_simulation) by extension 'ros'
[0.652s] Level 1:colcon.colcon_core.package_identification:_identify(src/tiago_simulation) by extensions ['cmake', 'python']
[0.652s] Level 1:colcon.colcon_core.package_identification:_identify(src/tiago_simulation) by extension 'cmake'
[0.652s] Level 1:colcon.colcon_core.package_identification:_identify(src/tiago_simulation) by extension 'python'
[0.652s] Level 1:colcon.colcon_core.package_identification:_identify(src/tiago_simulation) by extensions ['python_setup_py']
[0.652s] Level 1:colcon.colcon_core.package_identification:_identify(src/tiago_simulation) by extension 'python_setup_py'
[0.652s] Level 1:colcon.colcon_core.package_identification:_identify(src/tiago_simulation/doc) by extensions ['ignore', 'ignore_ament_install']
[0.652s] Level 1:colcon.colcon_core.package_identification:_identify(src/tiago_simulation/doc) by extension 'ignore'
[0.652s] Level 1:colcon.colcon_core.package_identification:_identify(src/tiago_simulation/doc) by extension 'ignore_ament_install'
[0.652s] Level 1:colcon.colcon_core.package_identification:_identify(src/tiago_simulation/doc) by extensions ['colcon_pkg']
[0.653s] Level 1:colcon.colcon_core.package_identification:_identify(src/tiago_simulation/doc) by extension 'colcon_pkg'
[0.653s] Level 1:colcon.colcon_core.package_identification:_identify(src/tiago_simulation/doc) by extensions ['colcon_meta']
[0.653s] Level 1:colcon.colcon_core.package_identification:_identify(src/tiago_simulation/doc) by extension 'colcon_meta'
[0.653s] Level 1:colcon.colcon_core.package_identification:_identify(src/tiago_simulation/doc) by extensions ['ros']
[0.653s] Level 1:colcon.colcon_core.package_identification:_identify(src/tiago_simulation/doc) by extension 'ros'
[0.653s] Level 1:colcon.colcon_core.package_identification:_identify(src/tiago_simulation/doc) by extensions ['cmake', 'python']
[0.653s] Level 1:colcon.colcon_core.package_identification:_identify(src/tiago_simulation/doc) by extension 'cmake'
[0.653s] Level 1:colcon.colcon_core.package_identification:_identify(src/tiago_simulation/doc) by extension 'python'
[0.653s] Level 1:colcon.colcon_core.package_identification:_identify(src/tiago_simulation/doc) by extensions ['python_setup_py']
[0.653s] Level 1:colcon.colcon_core.package_identification:_identify(src/tiago_simulation/doc) by extension 'python_setup_py'
[0.653s] Level 1:colcon.colcon_core.package_identification:_identify(src/tiago_simulation/doc/media) by extensions ['ignore', 'ignore_ament_install']
[0.653s] Level 1:colcon.colcon_core.package_identification:_identify(src/tiago_simulation/doc/media) by extension 'ignore'
[0.653s] Level 1:colcon.colcon_core.package_identification:_identify(src/tiago_simulation/doc/media) by extension 'ignore_ament_install'
[0.653s] Level 1:colcon.colcon_core.package_identification:_identify(src/tiago_simulation/doc/media) by extensions ['colcon_pkg']
[0.653s] Level 1:colcon.colcon_core.package_identification:_identify(src/tiago_simulation/doc/media) by extension 'colcon_pkg'
[0.653s] Level 1:colcon.colcon_core.package_identification:_identify(src/tiago_simulation/doc/media) by extensions ['colcon_meta']
[0.653s] Level 1:colcon.colcon_core.package_identification:_identify(src/tiago_simulation/doc/media) by extension 'colcon_meta'
[0.653s] Level 1:colcon.colcon_core.package_identification:_identify(src/tiago_simulation/doc/media) by extensions ['ros']
[0.653s] Level 1:colcon.colcon_core.package_identification:_identify(src/tiago_simulation/doc/media) by extension 'ros'
[0.654s] Level 1:colcon.colcon_core.package_identification:_identify(src/tiago_simulation/doc/media) by extensions ['cmake', 'python']
[0.654s] Level 1:colcon.colcon_core.package_identification:_identify(src/tiago_simulation/doc/media) by extension 'cmake'
[0.654s] Level 1:colcon.colcon_core.package_identification:_identify(src/tiago_simulation/doc/media) by extension 'python'
[0.654s] Level 1:colcon.colcon_core.package_identification:_identify(src/tiago_simulation/doc/media) by extensions ['python_setup_py']
[0.654s] Level 1:colcon.colcon_core.package_identification:_identify(src/tiago_simulation/doc/media) by extension 'python_setup_py'
[0.654s] Level 1:colcon.colcon_core.package_identification:_identify(src/tiago_simulation/tiago_gazebo) by extensions ['ignore', 'ignore_ament_install']
[0.654s] Level 1:colcon.colcon_core.package_identification:_identify(src/tiago_simulation/tiago_gazebo) by extension 'ignore'
[0.654s] Level 1:colcon.colcon_core.package_identification:_identify(src/tiago_simulation/tiago_gazebo) by extension 'ignore_ament_install'
[0.654s] Level 1:colcon.colcon_core.package_identification:_identify(src/tiago_simulation/tiago_gazebo) by extensions ['colcon_pkg']
[0.654s] Level 1:colcon.colcon_core.package_identification:_identify(src/tiago_simulation/tiago_gazebo) by extension 'colcon_pkg'
[0.654s] Level 1:colcon.colcon_core.package_identification:_identify(src/tiago_simulation/tiago_gazebo) by extensions ['colcon_meta']
[0.654s] Level 1:colcon.colcon_core.package_identification:_identify(src/tiago_simulation/tiago_gazebo) by extension 'colcon_meta'
[0.654s] Level 1:colcon.colcon_core.package_identification:_identify(src/tiago_simulation/tiago_gazebo) by extensions ['ros']
[0.654s] Level 1:colcon.colcon_core.package_identification:_identify(src/tiago_simulation/tiago_gazebo) by extension 'ros'
[0.656s] DEBUG:colcon.colcon_core.package_identification:Package 'src/tiago_simulation/tiago_gazebo' with type 'ros.ament_cmake' and name 'tiago_gazebo'
[0.656s] Level 1:colcon.colcon_core.package_identification:_identify(src/tiago_simulation/tiago_multi) by extensions ['ignore', 'ignore_ament_install']
[0.656s] Level 1:colcon.colcon_core.package_identification:_identify(src/tiago_simulation/tiago_multi) by extension 'ignore'
[0.656s] Level 1:colcon.colcon_core.package_identification:_identify(src/tiago_simulation/tiago_multi) ignored
[0.656s] Level 1:colcon.colcon_core.package_identification:_identify(src/tiago_simulation/tiago_simulation) by extensions ['ignore', 'ignore_ament_install']
[0.656s] Level 1:colcon.colcon_core.package_identification:_identify(src/tiago_simulation/tiago_simulation) by extension 'ignore'
[0.656s] Level 1:colcon.colcon_core.package_identification:_identify(src/tiago_simulation/tiago_simulation) by extension 'ignore_ament_install'
[0.656s] Level 1:colcon.colcon_core.package_identification:_identify(src/tiago_simulation/tiago_simulation) by extensions ['colcon_pkg']
[0.656s] Level 1:colcon.colcon_core.package_identification:_identify(src/tiago_simulation/tiago_simulation) by extension 'colcon_pkg'
[0.656s] Level 1:colcon.colcon_core.package_identification:_identify(src/tiago_simulation/tiago_simulation) by extensions ['colcon_meta']
[0.656s] Level 1:colcon.colcon_core.package_identification:_identify(src/tiago_simulation/tiago_simulation) by extension 'colcon_meta'
[0.656s] Level 1:colcon.colcon_core.package_identification:_identify(src/tiago_simulation/tiago_simulation) by extensions ['ros']
[0.656s] Level 1:colcon.colcon_core.package_identification:_identify(src/tiago_simulation/tiago_simulation) by extension 'ros'
[0.657s] DEBUG:colcon.colcon_core.package_identification:Package 'src/tiago_simulation/tiago_simulation' with type 'ros.ament_cmake' and name 'tiago_simulation'
[0.657s] Level 1:colcon.colcon_core.package_identification:_identify(src/urdf_test) by extensions ['ignore', 'ignore_ament_install']
[0.657s] Level 1:colcon.colcon_core.package_identification:_identify(src/urdf_test) by extension 'ignore'
[0.657s] Level 1:colcon.colcon_core.package_identification:_identify(src/urdf_test) by extension 'ignore_ament_install'
[0.657s] Level 1:colcon.colcon_core.package_identification:_identify(src/urdf_test) by extensions ['colcon_pkg']
[0.657s] Level 1:colcon.colcon_core.package_identification:_identify(src/urdf_test) by extension 'colcon_pkg'
[0.657s] Level 1:colcon.colcon_core.package_identification:_identify(src/urdf_test) by extensions ['colcon_meta']
[0.657s] Level 1:colcon.colcon_core.package_identification:_identify(src/urdf_test) by extension 'colcon_meta'
[0.657s] Level 1:colcon.colcon_core.package_identification:_identify(src/urdf_test) by extensions ['ros']
[0.657s] Level 1:colcon.colcon_core.package_identification:_identify(src/urdf_test) by extension 'ros'
[0.658s] DEBUG:colcon.colcon_core.package_identification:Package 'src/urdf_test' with type 'ros.ament_cmake' and name 'urdf_test'
[0.658s] Level 1:colcon.colcon_core.package_discovery:discover_packages(recursive) using defaults
[0.658s] Level 1:colcon.colcon_core.package_discovery:discover_packages(ignore) discover
[0.658s] Level 1:colcon.colcon_core.package_discovery:discover_packages(ignore) using defaults
[0.658s] Level 1:colcon.colcon_core.package_discovery:discover_packages(path) discover
[0.658s] Level 1:colcon.colcon_core.package_discovery:discover_packages(path) using defaults
[0.714s] Level 1:colcon.colcon_core.package_discovery:discover_packages(prefix_path) check parameters
[0.714s] Level 1:colcon.colcon_core.package_discovery:discover_packages(prefix_path) discover
[0.720s] DEBUG:colcon.colcon_installed_package_information.package_discovery:Found 392 installed packages in /opt/ros/humble
[0.722s] Level 1:colcon.colcon_core.package_discovery:discover_packages(prefix_path) using defaults
[0.773s] WARNING:colcon.colcon_core.package_selection:Some selected packages are already built in one or more underlay workspaces:
	'launch_pal' is in: /opt/ros/humble
	'pal_urdf_utils' is in: /opt/ros/humble
If a package in a merged underlay workspace is overridden and it installs headers, then all packages in the overlay must sort their include directories by workspace order. Failure to do so may result in build failures or undefined behavior at run time.
If the overridden package is used by another package in any underlay, then the overriding package in the overlay must be API and ABI compatible or undefined behavior at run time may occur.

If you understand the risks and want to override a package anyways, add the following to the command line:
	--allow-overriding launch_pal pal_urdf_utils

This may be promoted to an error in a future release of colcon-override-check.
[0.774s] Level 5:colcon.colcon_core.verb:set package 'launch_pal' build argument 'cmake_args' from command line to 'None'
[0.774s] Level 5:colcon.colcon_core.verb:set package 'launch_pal' build argument 'cmake_target' from command line to 'None'
[0.774s] Level 5:colcon.colcon_core.verb:set package 'launch_pal' build argument 'cmake_target_skip_unavailable' from command line to 'False'
[0.774s] Level 5:colcon.colcon_core.verb:set package 'launch_pal' build argument 'cmake_clean_cache' from command line to 'False'
[0.774s] Level 5:colcon.colcon_core.verb:set package 'launch_pal' build argument 'cmake_clean_first' from command line to 'False'
[0.774s] Level 5:colcon.colcon_core.verb:set package 'launch_pal' build argument 'cmake_force_configure' from command line to 'False'
[0.774s] Level 5:colcon.colcon_core.verb:set package 'launch_pal' build argument 'ament_cmake_args' from command line to 'None'
[0.774s] Level 5:colcon.colcon_core.verb:set package 'launch_pal' build argument 'catkin_cmake_args' from command line to 'None'
[0.774s] Level 5:colcon.colcon_core.verb:set package 'launch_pal' build argument 'catkin_skip_building_tests' from command line to 'False'
[0.775s] DEBUG:colcon.colcon_core.verb:Building package 'launch_pal' with the following arguments: {'ament_cmake_args': None, 'build_base': '/home/alberto/tiago_public_ws/build/launch_pal', 'catkin_cmake_args': None, 'catkin_skip_building_tests': False, 'cmake_args': None, 'cmake_clean_cache': False, 'cmake_clean_first': False, 'cmake_force_configure': False, 'cmake_target': None, 'cmake_target_skip_unavailable': False, 'install_base': '/home/alberto/tiago_public_ws/install/launch_pal', 'merge_install': False, 'path': '/home/alberto/tiago_public_ws/src/launch_pal', 'symlink_install': True, 'test_result_base': None}
[0.775s] Level 5:colcon.colcon_core.verb:set package 'pal_gazebo_worlds' build argument 'cmake_args' from command line to 'None'
[0.775s] Level 5:colcon.colcon_core.verb:set package 'pal_gazebo_worlds' build argument 'cmake_target' from command line to 'None'
[0.775s] Level 5:colcon.colcon_core.verb:set package 'pal_gazebo_worlds' build argument 'cmake_target_skip_unavailable' from command line to 'False'
[0.775s] Level 5:colcon.colcon_core.verb:set package 'pal_gazebo_worlds' build argument 'cmake_clean_cache' from command line to 'False'
[0.775s] Level 5:colcon.colcon_core.verb:set package 'pal_gazebo_worlds' build argument 'cmake_clean_first' from command line to 'False'
[0.775s] Level 5:colcon.colcon_core.verb:set package 'pal_gazebo_worlds' build argument 'cmake_force_configure' from command line to 'False'
[0.775s] Level 5:colcon.colcon_core.verb:set package 'pal_gazebo_worlds' build argument 'ament_cmake_args' from command line to 'None'
[0.775s] Level 5:colcon.colcon_core.verb:set package 'pal_gazebo_worlds' build argument 'catkin_cmake_args' from command line to 'None'
[0.775s] Level 5:colcon.colcon_core.verb:set package 'pal_gazebo_worlds' build argument 'catkin_skip_building_tests' from command line to 'False'
[0.775s] DEBUG:colcon.colcon_core.verb:Building package 'pal_gazebo_worlds' with the following arguments: {'ament_cmake_args': None, 'build_base': '/home/alberto/tiago_public_ws/build/pal_gazebo_worlds', 'catkin_cmake_args': None, 'catkin_skip_building_tests': False, 'cmake_args': None, 'cmake_clean_cache': False, 'cmake_clean_first': False, 'cmake_force_configure': False, 'cmake_target': None, 'cmake_target_skip_unavailable': False, 'install_base': '/home/alberto/tiago_public_ws/install/pal_gazebo_worlds', 'merge_install': False, 'path': '/home/alberto/tiago_public_ws/src/pal_gazebo_worlds', 'symlink_install': True, 'test_result_base': None}
[0.775s] Level 5:colcon.colcon_core.verb:set package 'pal_gripper_controller_configuration' build argument 'cmake_args' from command line to 'None'
[0.776s] Level 5:colcon.colcon_core.verb:set package 'pal_gripper_controller_configuration' build argument 'cmake_target' from command line to 'None'
[0.776s] Level 5:colcon.colcon_core.verb:set package 'pal_gripper_controller_configuration' build argument 'cmake_target_skip_unavailable' from command line to 'False'
[0.776s] Level 5:colcon.colcon_core.verb:set package 'pal_gripper_controller_configuration' build argument 'cmake_clean_cache' from command line to 'False'
[0.776s] Level 5:colcon.colcon_core.verb:set package 'pal_gripper_controller_configuration' build argument 'cmake_clean_first' from command line to 'False'
[0.776s] Level 5:colcon.colcon_core.verb:set package 'pal_gripper_controller_configuration' build argument 'cmake_force_configure' from command line to 'False'
[0.776s] Level 5:colcon.colcon_core.verb:set package 'pal_gripper_controller_configuration' build argument 'ament_cmake_args' from command line to 'None'
[0.776s] Level 5:colcon.colcon_core.verb:set package 'pal_gripper_controller_configuration' build argument 'catkin_cmake_args' from command line to 'None'
[0.776s] Level 5:colcon.colcon_core.verb:set package 'pal_gripper_controller_configuration' build argument 'catkin_skip_building_tests' from command line to 'False'
[0.776s] DEBUG:colcon.colcon_core.verb:Building package 'pal_gripper_controller_configuration' with the following arguments: {'ament_cmake_args': None, 'build_base': '/home/alberto/tiago_public_ws/build/pal_gripper_controller_configuration', 'catkin_cmake_args': None, 'catkin_skip_building_tests': False, 'cmake_args': None, 'cmake_clean_cache': False, 'cmake_clean_first': False, 'cmake_force_configure': False, 'cmake_target': None, 'cmake_target_skip_unavailable': False, 'install_base': '/home/alberto/tiago_public_ws/install/pal_gripper_controller_configuration', 'merge_install': False, 'path': '/home/alberto/tiago_public_ws/src/pal_gripper/pal_gripper_controller_configuration', 'symlink_install': True, 'test_result_base': None}
[0.776s] Level 5:colcon.colcon_core.verb:set package 'pal_hey5_controller_configuration' build argument 'cmake_args' from command line to 'None'
[0.776s] Level 5:colcon.colcon_core.verb:set package 'pal_hey5_controller_configuration' build argument 'cmake_target' from command line to 'None'
[0.776s] Level 5:colcon.colcon_core.verb:set package 'pal_hey5_controller_configuration' build argument 'cmake_target_skip_unavailable' from command line to 'False'
[0.776s] Level 5:colcon.colcon_core.verb:set package 'pal_hey5_controller_configuration' build argument 'cmake_clean_cache' from command line to 'False'
[0.776s] Level 5:colcon.colcon_core.verb:set package 'pal_hey5_controller_configuration' build argument 'cmake_clean_first' from command line to 'False'
[0.776s] Level 5:colcon.colcon_core.verb:set package 'pal_hey5_controller_configuration' build argument 'cmake_force_configure' from command line to 'False'
[0.776s] Level 5:colcon.colcon_core.verb:set package 'pal_hey5_controller_configuration' build argument 'ament_cmake_args' from command line to 'None'
[0.776s] Level 5:colcon.colcon_core.verb:set package 'pal_hey5_controller_configuration' build argument 'catkin_cmake_args' from command line to 'None'
[0.776s] Level 5:colcon.colcon_core.verb:set package 'pal_hey5_controller_configuration' build argument 'catkin_skip_building_tests' from command line to 'False'
[0.776s] DEBUG:colcon.colcon_core.verb:Building package 'pal_hey5_controller_configuration' with the following arguments: {'ament_cmake_args': None, 'build_base': '/home/alberto/tiago_public_ws/build/pal_hey5_controller_configuration', 'catkin_cmake_args': None, 'catkin_skip_building_tests': False, 'cmake_args': None, 'cmake_clean_cache': False, 'cmake_clean_first': False, 'cmake_force_configure': False, 'cmake_target': None, 'cmake_target_skip_unavailable': False, 'install_base': '/home/alberto/tiago_public_ws/install/pal_hey5_controller_configuration', 'merge_install': False, 'path': '/home/alberto/tiago_public_ws/src/pal_hey5/pal_hey5_controller_configuration', 'symlink_install': True, 'test_result_base': None}
[0.777s] Level 5:colcon.colcon_core.verb:set package 'pal_navigation_cfg_params' build argument 'cmake_args' from command line to 'None'
[0.777s] Level 5:colcon.colcon_core.verb:set package 'pal_navigation_cfg_params' build argument 'cmake_target' from command line to 'None'
[0.777s] Level 5:colcon.colcon_core.verb:set package 'pal_navigation_cfg_params' build argument 'cmake_target_skip_unavailable' from command line to 'False'
[0.777s] Level 5:colcon.colcon_core.verb:set package 'pal_navigation_cfg_params' build argument 'cmake_clean_cache' from command line to 'False'
[0.777s] Level 5:colcon.colcon_core.verb:set package 'pal_navigation_cfg_params' build argument 'cmake_clean_first' from command line to 'False'
[0.777s] Level 5:colcon.colcon_core.verb:set package 'pal_navigation_cfg_params' build argument 'cmake_force_configure' from command line to 'False'
[0.777s] Level 5:colcon.colcon_core.verb:set package 'pal_navigation_cfg_params' build argument 'ament_cmake_args' from command line to 'None'
[0.777s] Level 5:colcon.colcon_core.verb:set package 'pal_navigation_cfg_params' build argument 'catkin_cmake_args' from command line to 'None'
[0.777s] Level 5:colcon.colcon_core.verb:set package 'pal_navigation_cfg_params' build argument 'catkin_skip_building_tests' from command line to 'False'
[0.777s] DEBUG:colcon.colcon_core.verb:Building package 'pal_navigation_cfg_params' with the following arguments: {'ament_cmake_args': None, 'build_base': '/home/alberto/tiago_public_ws/build/pal_navigation_cfg_params', 'catkin_cmake_args': None, 'catkin_skip_building_tests': False, 'cmake_args': None, 'cmake_clean_cache': False, 'cmake_clean_first': False, 'cmake_force_configure': False, 'cmake_target': None, 'cmake_target_skip_unavailable': False, 'install_base': '/home/alberto/tiago_public_ws/install/pal_navigation_cfg_params', 'merge_install': False, 'path': '/home/alberto/tiago_public_ws/src/pal_navigation_cfg_public/pal_navigation_cfg_params', 'symlink_install': True, 'test_result_base': None}
[0.777s] Level 5:colcon.colcon_core.verb:set package 'pal_robotiq_controller_configuration' build argument 'cmake_args' from command line to 'None'
[0.777s] Level 5:colcon.colcon_core.verb:set package 'pal_robotiq_controller_configuration' build argument 'cmake_target' from command line to 'None'
[0.777s] Level 5:colcon.colcon_core.verb:set package 'pal_robotiq_controller_configuration' build argument 'cmake_target_skip_unavailable' from command line to 'False'
[0.777s] Level 5:colcon.colcon_core.verb:set package 'pal_robotiq_controller_configuration' build argument 'cmake_clean_cache' from command line to 'False'
[0.777s] Level 5:colcon.colcon_core.verb:set package 'pal_robotiq_controller_configuration' build argument 'cmake_clean_first' from command line to 'False'
[0.777s] Level 5:colcon.colcon_core.verb:set package 'pal_robotiq_controller_configuration' build argument 'cmake_force_configure' from command line to 'False'
[0.777s] Level 5:colcon.colcon_core.verb:set package 'pal_robotiq_controller_configuration' build argument 'ament_cmake_args' from command line to 'None'
[0.777s] Level 5:colcon.colcon_core.verb:set package 'pal_robotiq_controller_configuration' build argument 'catkin_cmake_args' from command line to 'None'
[0.777s] Level 5:colcon.colcon_core.verb:set package 'pal_robotiq_controller_configuration' build argument 'catkin_skip_building_tests' from command line to 'False'
[0.777s] DEBUG:colcon.colcon_core.verb:Building package 'pal_robotiq_controller_configuration' with the following arguments: {'ament_cmake_args': None, 'build_base': '/home/alberto/tiago_public_ws/build/pal_robotiq_controller_configuration', 'catkin_cmake_args': None, 'catkin_skip_building_tests': False, 'cmake_args': None, 'cmake_clean_cache': False, 'cmake_clean_first': False, 'cmake_force_configure': False, 'cmake_target': None, 'cmake_target_skip_unavailable': False, 'install_base': '/home/alberto/tiago_public_ws/install/pal_robotiq_controller_configuration', 'merge_install': False, 'path': '/home/alberto/tiago_public_ws/src/pal_robotiq_gripper/pal_robotiq_controller_configuration', 'symlink_install': True, 'test_result_base': None}
[0.778s] Level 5:colcon.colcon_core.verb:set package 'pal_robotiq_description' build argument 'cmake_args' from command line to 'None'
[0.778s] Level 5:colcon.colcon_core.verb:set package 'pal_robotiq_description' build argument 'cmake_target' from command line to 'None'
[0.778s] Level 5:colcon.colcon_core.verb:set package 'pal_robotiq_description' build argument 'cmake_target_skip_unavailable' from command line to 'False'
[0.778s] Level 5:colcon.colcon_core.verb:set package 'pal_robotiq_description' build argument 'cmake_clean_cache' from command line to 'False'
[0.778s] Level 5:colcon.colcon_core.verb:set package 'pal_robotiq_description' build argument 'cmake_clean_first' from command line to 'False'
[0.778s] Level 5:colcon.colcon_core.verb:set package 'pal_robotiq_description' build argument 'cmake_force_configure' from command line to 'False'
[0.778s] Level 5:colcon.colcon_core.verb:set package 'pal_robotiq_description' build argument 'ament_cmake_args' from command line to 'None'
[0.778s] Level 5:colcon.colcon_core.verb:set package 'pal_robotiq_description' build argument 'catkin_cmake_args' from command line to 'None'
[0.778s] Level 5:colcon.colcon_core.verb:set package 'pal_robotiq_description' build argument 'catkin_skip_building_tests' from command line to 'False'
[0.778s] DEBUG:colcon.colcon_core.verb:Building package 'pal_robotiq_description' with the following arguments: {'ament_cmake_args': None, 'build_base': '/home/alberto/tiago_public_ws/build/pal_robotiq_description', 'catkin_cmake_args': None, 'catkin_skip_building_tests': False, 'cmake_args': None, 'cmake_clean_cache': False, 'cmake_clean_first': False, 'cmake_force_configure': False, 'cmake_target': None, 'cmake_target_skip_unavailable': False, 'install_base': '/home/alberto/tiago_public_ws/install/pal_robotiq_description', 'merge_install': False, 'path': '/home/alberto/tiago_public_ws/src/pal_robotiq_gripper/pal_robotiq_description', 'symlink_install': True, 'test_result_base': None}
[0.778s] Level 5:colcon.colcon_core.verb:set package 'pal_urdf_utils' build argument 'cmake_args' from command line to 'None'
[0.778s] Level 5:colcon.colcon_core.verb:set package 'pal_urdf_utils' build argument 'cmake_target' from command line to 'None'
[0.778s] Level 5:colcon.colcon_core.verb:set package 'pal_urdf_utils' build argument 'cmake_target_skip_unavailable' from command line to 'False'
[0.778s] Level 5:colcon.colcon_core.verb:set package 'pal_urdf_utils' build argument 'cmake_clean_cache' from command line to 'False'
[0.778s] Level 5:colcon.colcon_core.verb:set package 'pal_urdf_utils' build argument 'cmake_clean_first' from command line to 'False'
[0.778s] Level 5:colcon.colcon_core.verb:set package 'pal_urdf_utils' build argument 'cmake_force_configure' from command line to 'False'
[0.778s] Level 5:colcon.colcon_core.verb:set package 'pal_urdf_utils' build argument 'ament_cmake_args' from command line to 'None'
[0.778s] Level 5:colcon.colcon_core.verb:set package 'pal_urdf_utils' build argument 'catkin_cmake_args' from command line to 'None'
[0.778s] Level 5:colcon.colcon_core.verb:set package 'pal_urdf_utils' build argument 'catkin_skip_building_tests' from command line to 'False'
[0.779s] DEBUG:colcon.colcon_core.verb:Building package 'pal_urdf_utils' with the following arguments: {'ament_cmake_args': None, 'build_base': '/home/alberto/tiago_public_ws/build/pal_urdf_utils', 'catkin_cmake_args': None, 'catkin_skip_building_tests': False, 'cmake_args': None, 'cmake_clean_cache': False, 'cmake_clean_first': False, 'cmake_force_configure': False, 'cmake_target': None, 'cmake_target_skip_unavailable': False, 'install_base': '/home/alberto/tiago_public_ws/install/pal_urdf_utils', 'merge_install': False, 'path': '/home/alberto/tiago_public_ws/src/pal_urdf_utils', 'symlink_install': True, 'test_result_base': None}
[0.779s] Level 5:colcon.colcon_core.verb:set package 'play_motion2_msgs' build argument 'cmake_args' from command line to 'None'
[0.779s] Level 5:colcon.colcon_core.verb:set package 'play_motion2_msgs' build argument 'cmake_target' from command line to 'None'
[0.779s] Level 5:colcon.colcon_core.verb:set package 'play_motion2_msgs' build argument 'cmake_target_skip_unavailable' from command line to 'False'
[0.779s] Level 5:colcon.colcon_core.verb:set package 'play_motion2_msgs' build argument 'cmake_clean_cache' from command line to 'False'
[0.779s] Level 5:colcon.colcon_core.verb:set package 'play_motion2_msgs' build argument 'cmake_clean_first' from command line to 'False'
[0.779s] Level 5:colcon.colcon_core.verb:set package 'play_motion2_msgs' build argument 'cmake_force_configure' from command line to 'False'
[0.779s] Level 5:colcon.colcon_core.verb:set package 'play_motion2_msgs' build argument 'ament_cmake_args' from command line to 'None'
[0.779s] Level 5:colcon.colcon_core.verb:set package 'play_motion2_msgs' build argument 'catkin_cmake_args' from command line to 'None'
[0.779s] Level 5:colcon.colcon_core.verb:set package 'play_motion2_msgs' build argument 'catkin_skip_building_tests' from command line to 'False'
[0.779s] DEBUG:colcon.colcon_core.verb:Building package 'play_motion2_msgs' with the following arguments: {'ament_cmake_args': None, 'build_base': '/home/alberto/tiago_public_ws/build/play_motion2_msgs', 'catkin_cmake_args': None, 'catkin_skip_building_tests': False, 'cmake_args': None, 'cmake_clean_cache': False, 'cmake_clean_first': False, 'cmake_force_configure': False, 'cmake_target': None, 'cmake_target_skip_unavailable': False, 'install_base': '/home/alberto/tiago_public_ws/install/play_motion2_msgs', 'merge_install': False, 'path': '/home/alberto/tiago_public_ws/src/play_motion2/play_motion2_msgs', 'symlink_install': True, 'test_result_base': None}
[0.779s] Level 5:colcon.colcon_core.verb:set package 'pmb2_laser_sensors' build argument 'cmake_args' from command line to 'None'
[0.779s] Level 5:colcon.colcon_core.verb:set package 'pmb2_laser_sensors' build argument 'cmake_target' from command line to 'None'
[0.779s] Level 5:colcon.colcon_core.verb:set package 'pmb2_laser_sensors' build argument 'cmake_target_skip_unavailable' from command line to 'False'
[0.779s] Level 5:colcon.colcon_core.verb:set package 'pmb2_laser_sensors' build argument 'cmake_clean_cache' from command line to 'False'
[0.779s] Level 5:colcon.colcon_core.verb:set package 'pmb2_laser_sensors' build argument 'cmake_clean_first' from command line to 'False'
[0.779s] Level 5:colcon.colcon_core.verb:set package 'pmb2_laser_sensors' build argument 'cmake_force_configure' from command line to 'False'
[0.779s] Level 5:colcon.colcon_core.verb:set package 'pmb2_laser_sensors' build argument 'ament_cmake_args' from command line to 'None'
[0.780s] Level 5:colcon.colcon_core.verb:set package 'pmb2_laser_sensors' build argument 'catkin_cmake_args' from command line to 'None'
[0.780s] Level 5:colcon.colcon_core.verb:set package 'pmb2_laser_sensors' build argument 'catkin_skip_building_tests' from command line to 'False'
[0.780s] DEBUG:colcon.colcon_core.verb:Building package 'pmb2_laser_sensors' with the following arguments: {'ament_cmake_args': None, 'build_base': '/home/alberto/tiago_public_ws/build/pmb2_laser_sensors', 'catkin_cmake_args': None, 'catkin_skip_building_tests': False, 'cmake_args': None, 'cmake_clean_cache': False, 'cmake_clean_first': False, 'cmake_force_configure': False, 'cmake_target': None, 'cmake_target_skip_unavailable': False, 'install_base': '/home/alberto/tiago_public_ws/install/pmb2_laser_sensors', 'merge_install': False, 'path': '/home/alberto/tiago_public_ws/src/pmb2_navigation/pmb2_laser_sensors', 'symlink_install': True, 'test_result_base': None}
[0.780s] Level 5:colcon.colcon_core.verb:set package 'tiago_rgbd_sensors' build argument 'cmake_args' from command line to 'None'
[0.780s] Level 5:colcon.colcon_core.verb:set package 'tiago_rgbd_sensors' build argument 'cmake_target' from command line to 'None'
[0.780s] Level 5:colcon.colcon_core.verb:set package 'tiago_rgbd_sensors' build argument 'cmake_target_skip_unavailable' from command line to 'False'
[0.780s] Level 5:colcon.colcon_core.verb:set package 'tiago_rgbd_sensors' build argument 'cmake_clean_cache' from command line to 'False'
[0.780s] Level 5:colcon.colcon_core.verb:set package 'tiago_rgbd_sensors' build argument 'cmake_clean_first' from command line to 'False'
[0.780s] Level 5:colcon.colcon_core.verb:set package 'tiago_rgbd_sensors' build argument 'cmake_force_configure' from command line to 'False'
[0.780s] Level 5:colcon.colcon_core.verb:set package 'tiago_rgbd_sensors' build argument 'ament_cmake_args' from command line to 'None'
[0.780s] Level 5:colcon.colcon_core.verb:set package 'tiago_rgbd_sensors' build argument 'catkin_cmake_args' from command line to 'None'
[0.780s] Level 5:colcon.colcon_core.verb:set package 'tiago_rgbd_sensors' build argument 'catkin_skip_building_tests' from command line to 'False'
[0.780s] DEBUG:colcon.colcon_core.verb:Building package 'tiago_rgbd_sensors' with the following arguments: {'ament_cmake_args': None, 'build_base': '/home/alberto/tiago_public_ws/build/tiago_rgbd_sensors', 'catkin_cmake_args': None, 'catkin_skip_building_tests': False, 'cmake_args': None, 'cmake_clean_cache': False, 'cmake_clean_first': False, 'cmake_force_configure': False, 'cmake_target': None, 'cmake_target_skip_unavailable': False, 'install_base': '/home/alberto/tiago_public_ws/install/tiago_rgbd_sensors', 'merge_install': False, 'path': '/home/alberto/tiago_public_ws/src/tiago_navigation/tiago_rgbd_sensors', 'symlink_install': True, 'test_result_base': None}
[0.780s] Level 5:colcon.colcon_core.verb:set package 'urdf_test' build argument 'cmake_args' from command line to 'None'
[0.780s] Level 5:colcon.colcon_core.verb:set package 'urdf_test' build argument 'cmake_target' from command line to 'None'
[0.780s] Level 5:colcon.colcon_core.verb:set package 'urdf_test' build argument 'cmake_target_skip_unavailable' from command line to 'False'
[0.780s] Level 5:colcon.colcon_core.verb:set package 'urdf_test' build argument 'cmake_clean_cache' from command line to 'False'
[0.780s] Level 5:colcon.colcon_core.verb:set package 'urdf_test' build argument 'cmake_clean_first' from command line to 'False'
[0.781s] Level 5:colcon.colcon_core.verb:set package 'urdf_test' build argument 'cmake_force_configure' from command line to 'False'
[0.781s] Level 5:colcon.colcon_core.verb:set package 'urdf_test' build argument 'ament_cmake_args' from command line to 'None'
[0.781s] Level 5:colcon.colcon_core.verb:set package 'urdf_test' build argument 'catkin_cmake_args' from command line to 'None'
[0.781s] Level 5:colcon.colcon_core.verb:set package 'urdf_test' build argument 'catkin_skip_building_tests' from command line to 'False'
[0.781s] DEBUG:colcon.colcon_core.verb:Building package 'urdf_test' with the following arguments: {'ament_cmake_args': None, 'build_base': '/home/alberto/tiago_public_ws/build/urdf_test', 'catkin_cmake_args': None, 'catkin_skip_building_tests': False, 'cmake_args': None, 'cmake_clean_cache': False, 'cmake_clean_first': False, 'cmake_force_configure': False, 'cmake_target': None, 'cmake_target_skip_unavailable': False, 'install_base': '/home/alberto/tiago_public_ws/install/urdf_test', 'merge_install': False, 'path': '/home/alberto/tiago_public_ws/src/urdf_test', 'symlink_install': True, 'test_result_base': None}
[0.781s] Level 5:colcon.colcon_core.verb:set package 'pal_gripper_description' build argument 'cmake_args' from command line to 'None'
[0.781s] Level 5:colcon.colcon_core.verb:set package 'pal_gripper_description' build argument 'cmake_target' from command line to 'None'
[0.781s] Level 5:colcon.colcon_core.verb:set package 'pal_gripper_description' build argument 'cmake_target_skip_unavailable' from command line to 'False'
[0.781s] Level 5:colcon.colcon_core.verb:set package 'pal_gripper_description' build argument 'cmake_clean_cache' from command line to 'False'
[0.781s] Level 5:colcon.colcon_core.verb:set package 'pal_gripper_description' build argument 'cmake_clean_first' from command line to 'False'
[0.781s] Level 5:colcon.colcon_core.verb:set package 'pal_gripper_description' build argument 'cmake_force_configure' from command line to 'False'
[0.781s] Level 5:colcon.colcon_core.verb:set package 'pal_gripper_description' build argument 'ament_cmake_args' from command line to 'None'
[0.781s] Level 5:colcon.colcon_core.verb:set package 'pal_gripper_description' build argument 'catkin_cmake_args' from command line to 'None'
[0.781s] Level 5:colcon.colcon_core.verb:set package 'pal_gripper_description' build argument 'catkin_skip_building_tests' from command line to 'False'
[0.781s] DEBUG:colcon.colcon_core.verb:Building package 'pal_gripper_description' with the following arguments: {'ament_cmake_args': None, 'build_base': '/home/alberto/tiago_public_ws/build/pal_gripper_description', 'catkin_cmake_args': None, 'catkin_skip_building_tests': False, 'cmake_args': None, 'cmake_clean_cache': False, 'cmake_clean_first': False, 'cmake_force_configure': False, 'cmake_target': None, 'cmake_target_skip_unavailable': False, 'install_base': '/home/alberto/tiago_public_ws/install/pal_gripper_description', 'merge_install': False, 'path': '/home/alberto/tiago_public_ws/src/pal_gripper/pal_gripper_description', 'symlink_install': True, 'test_result_base': None}
[0.781s] Level 5:colcon.colcon_core.verb:set package 'pal_hey5_description' build argument 'cmake_args' from command line to 'None'
[0.781s] Level 5:colcon.colcon_core.verb:set package 'pal_hey5_description' build argument 'cmake_target' from command line to 'None'
[0.782s] Level 5:colcon.colcon_core.verb:set package 'pal_hey5_description' build argument 'cmake_target_skip_unavailable' from command line to 'False'
[0.782s] Level 5:colcon.colcon_core.verb:set package 'pal_hey5_description' build argument 'cmake_clean_cache' from command line to 'False'
[0.782s] Level 5:colcon.colcon_core.verb:set package 'pal_hey5_description' build argument 'cmake_clean_first' from command line to 'False'
[0.782s] Level 5:colcon.colcon_core.verb:set package 'pal_hey5_description' build argument 'cmake_force_configure' from command line to 'False'
[0.782s] Level 5:colcon.colcon_core.verb:set package 'pal_hey5_description' build argument 'ament_cmake_args' from command line to 'None'
[0.782s] Level 5:colcon.colcon_core.verb:set package 'pal_hey5_description' build argument 'catkin_cmake_args' from command line to 'None'
[0.782s] Level 5:colcon.colcon_core.verb:set package 'pal_hey5_description' build argument 'catkin_skip_building_tests' from command line to 'False'
[0.782s] DEBUG:colcon.colcon_core.verb:Building package 'pal_hey5_description' with the following arguments: {'ament_cmake_args': None, 'build_base': '/home/alberto/tiago_public_ws/build/pal_hey5_description', 'catkin_cmake_args': None, 'catkin_skip_building_tests': False, 'cmake_args': None, 'cmake_clean_cache': False, 'cmake_clean_first': False, 'cmake_force_configure': False, 'cmake_target': None, 'cmake_target_skip_unavailable': False, 'install_base': '/home/alberto/tiago_public_ws/install/pal_hey5_description', 'merge_install': False, 'path': '/home/alberto/tiago_public_ws/src/pal_hey5/pal_hey5_description', 'symlink_install': True, 'test_result_base': None}
[0.782s] Level 5:colcon.colcon_core.verb:set package 'pal_navigation_cfg_bringup' build argument 'cmake_args' from command line to 'None'
[0.782s] Level 5:colcon.colcon_core.verb:set package 'pal_navigation_cfg_bringup' build argument 'cmake_target' from command line to 'None'
[0.782s] Level 5:colcon.colcon_core.verb:set package 'pal_navigation_cfg_bringup' build argument 'cmake_target_skip_unavailable' from command line to 'False'
[0.782s] Level 5:colcon.colcon_core.verb:set package 'pal_navigation_cfg_bringup' build argument 'cmake_clean_cache' from command line to 'False'
[0.782s] Level 5:colcon.colcon_core.verb:set package 'pal_navigation_cfg_bringup' build argument 'cmake_clean_first' from command line to 'False'
[0.782s] Level 5:colcon.colcon_core.verb:set package 'pal_navigation_cfg_bringup' build argument 'cmake_force_configure' from command line to 'False'
[0.782s] Level 5:colcon.colcon_core.verb:set package 'pal_navigation_cfg_bringup' build argument 'ament_cmake_args' from command line to 'None'
[0.782s] Level 5:colcon.colcon_core.verb:set package 'pal_navigation_cfg_bringup' build argument 'catkin_cmake_args' from command line to 'None'
[0.782s] Level 5:colcon.colcon_core.verb:set package 'pal_navigation_cfg_bringup' build argument 'catkin_skip_building_tests' from command line to 'False'
[0.782s] DEBUG:colcon.colcon_core.verb:Building package 'pal_navigation_cfg_bringup' with the following arguments: {'ament_cmake_args': None, 'build_base': '/home/alberto/tiago_public_ws/build/pal_navigation_cfg_bringup', 'catkin_cmake_args': None, 'catkin_skip_building_tests': False, 'cmake_args': None, 'cmake_clean_cache': False, 'cmake_clean_first': False, 'cmake_force_configure': False, 'cmake_target': None, 'cmake_target_skip_unavailable': False, 'install_base': '/home/alberto/tiago_public_ws/install/pal_navigation_cfg_bringup', 'merge_install': False, 'path': '/home/alberto/tiago_public_ws/src/pal_navigation_cfg_public/pal_navigation_cfg_bringup', 'symlink_install': True, 'test_result_base': None}
[0.783s] Level 5:colcon.colcon_core.verb:set package 'pal_robotiq_gripper' build argument 'cmake_args' from command line to 'None'
[0.783s] Level 5:colcon.colcon_core.verb:set package 'pal_robotiq_gripper' build argument 'cmake_target' from command line to 'None'
[0.783s] Level 5:colcon.colcon_core.verb:set package 'pal_robotiq_gripper' build argument 'cmake_target_skip_unavailable' from command line to 'False'
[0.783s] Level 5:colcon.colcon_core.verb:set package 'pal_robotiq_gripper' build argument 'cmake_clean_cache' from command line to 'False'
[0.783s] Level 5:colcon.colcon_core.verb:set package 'pal_robotiq_gripper' build argument 'cmake_clean_first' from command line to 'False'
[0.783s] Level 5:colcon.colcon_core.verb:set package 'pal_robotiq_gripper' build argument 'cmake_force_configure' from command line to 'False'
[0.783s] Level 5:colcon.colcon_core.verb:set package 'pal_robotiq_gripper' build argument 'ament_cmake_args' from command line to 'None'
[0.783s] Level 5:colcon.colcon_core.verb:set package 'pal_robotiq_gripper' build argument 'catkin_cmake_args' from command line to 'None'
[0.783s] Level 5:colcon.colcon_core.verb:set package 'pal_robotiq_gripper' build argument 'catkin_skip_building_tests' from command line to 'False'
[0.783s] DEBUG:colcon.colcon_core.verb:Building package 'pal_robotiq_gripper' with the following arguments: {'ament_cmake_args': None, 'build_base': '/home/alberto/tiago_public_ws/build/pal_robotiq_gripper', 'catkin_cmake_args': None, 'catkin_skip_building_tests': False, 'cmake_args': None, 'cmake_clean_cache': False, 'cmake_clean_first': False, 'cmake_force_configure': False, 'cmake_target': None, 'cmake_target_skip_unavailable': False, 'install_base': '/home/alberto/tiago_public_ws/install/pal_robotiq_gripper', 'merge_install': False, 'path': '/home/alberto/tiago_public_ws/src/pal_robotiq_gripper/pal_robotiq_gripper', 'symlink_install': True, 'test_result_base': None}
[0.783s] Level 5:colcon.colcon_core.verb:set package 'play_motion2' build argument 'cmake_args' from command line to 'None'
[0.783s] Level 5:colcon.colcon_core.verb:set package 'play_motion2' build argument 'cmake_target' from command line to 'None'
[0.783s] Level 5:colcon.colcon_core.verb:set package 'play_motion2' build argument 'cmake_target_skip_unavailable' from command line to 'False'
[0.783s] Level 5:colcon.colcon_core.verb:set package 'play_motion2' build argument 'cmake_clean_cache' from command line to 'False'
[0.783s] Level 5:colcon.colcon_core.verb:set package 'play_motion2' build argument 'cmake_clean_first' from command line to 'False'
[0.783s] Level 5:colcon.colcon_core.verb:set package 'play_motion2' build argument 'cmake_force_configure' from command line to 'False'
[0.783s] Level 5:colcon.colcon_core.verb:set package 'play_motion2' build argument 'ament_cmake_args' from command line to 'None'
[0.783s] Level 5:colcon.colcon_core.verb:set package 'play_motion2' build argument 'catkin_cmake_args' from command line to 'None'
[0.783s] Level 5:colcon.colcon_core.verb:set package 'play_motion2' build argument 'catkin_skip_building_tests' from command line to 'False'
[0.783s] DEBUG:colcon.colcon_core.verb:Building package 'play_motion2' with the following arguments: {'ament_cmake_args': None, 'build_base': '/home/alberto/tiago_public_ws/build/play_motion2', 'catkin_cmake_args': None, 'catkin_skip_building_tests': False, 'cmake_args': None, 'cmake_clean_cache': False, 'cmake_clean_first': False, 'cmake_force_configure': False, 'cmake_target': None, 'cmake_target_skip_unavailable': False, 'install_base': '/home/alberto/tiago_public_ws/install/play_motion2', 'merge_install': False, 'path': '/home/alberto/tiago_public_ws/src/play_motion2/play_motion2', 'symlink_install': True, 'test_result_base': None}
[0.784s] Level 5:colcon.colcon_core.verb:set package 'pmb2_2dnav' build argument 'cmake_args' from command line to 'None'
[0.784s] Level 5:colcon.colcon_core.verb:set package 'pmb2_2dnav' build argument 'cmake_target' from command line to 'None'
[0.784s] Level 5:colcon.colcon_core.verb:set package 'pmb2_2dnav' build argument 'cmake_target_skip_unavailable' from command line to 'False'
[0.784s] Level 5:colcon.colcon_core.verb:set package 'pmb2_2dnav' build argument 'cmake_clean_cache' from command line to 'False'
[0.784s] Level 5:colcon.colcon_core.verb:set package 'pmb2_2dnav' build argument 'cmake_clean_first' from command line to 'False'
[0.784s] Level 5:colcon.colcon_core.verb:set package 'pmb2_2dnav' build argument 'cmake_force_configure' from command line to 'False'
[0.784s] Level 5:colcon.colcon_core.verb:set package 'pmb2_2dnav' build argument 'ament_cmake_args' from command line to 'None'
[0.784s] Level 5:colcon.colcon_core.verb:set package 'pmb2_2dnav' build argument 'catkin_cmake_args' from command line to 'None'
[0.784s] Level 5:colcon.colcon_core.verb:set package 'pmb2_2dnav' build argument 'catkin_skip_building_tests' from command line to 'False'
[0.784s] DEBUG:colcon.colcon_core.verb:Building package 'pmb2_2dnav' with the following arguments: {'ament_cmake_args': None, 'build_base': '/home/alberto/tiago_public_ws/build/pmb2_2dnav', 'catkin_cmake_args': None, 'catkin_skip_building_tests': False, 'cmake_args': None, 'cmake_clean_cache': False, 'cmake_clean_first': False, 'cmake_force_configure': False, 'cmake_target': None, 'cmake_target_skip_unavailable': False, 'install_base': '/home/alberto/tiago_public_ws/install/pmb2_2dnav', 'merge_install': False, 'path': '/home/alberto/tiago_public_ws/src/pmb2_navigation/pmb2_2dnav', 'symlink_install': True, 'test_result_base': None}
[0.784s] Level 5:colcon.colcon_core.verb:set package 'pmb2_controller_configuration' build argument 'cmake_args' from command line to 'None'
[0.784s] Level 5:colcon.colcon_core.verb:set package 'pmb2_controller_configuration' build argument 'cmake_target' from command line to 'None'
[0.784s] Level 5:colcon.colcon_core.verb:set package 'pmb2_controller_configuration' build argument 'cmake_target_skip_unavailable' from command line to 'False'
[0.784s] Level 5:colcon.colcon_core.verb:set package 'pmb2_controller_configuration' build argument 'cmake_clean_cache' from command line to 'False'
[0.784s] Level 5:colcon.colcon_core.verb:set package 'pmb2_controller_configuration' build argument 'cmake_clean_first' from command line to 'False'
[0.784s] Level 5:colcon.colcon_core.verb:set package 'pmb2_controller_configuration' build argument 'cmake_force_configure' from command line to 'False'
[0.784s] Level 5:colcon.colcon_core.verb:set package 'pmb2_controller_configuration' build argument 'ament_cmake_args' from command line to 'None'
[0.784s] Level 5:colcon.colcon_core.verb:set package 'pmb2_controller_configuration' build argument 'catkin_cmake_args' from command line to 'None'
[0.784s] Level 5:colcon.colcon_core.verb:set package 'pmb2_controller_configuration' build argument 'catkin_skip_building_tests' from command line to 'False'
[0.784s] DEBUG:colcon.colcon_core.verb:Building package 'pmb2_controller_configuration' with the following arguments: {'ament_cmake_args': None, 'build_base': '/home/alberto/tiago_public_ws/build/pmb2_controller_configuration', 'catkin_cmake_args': None, 'catkin_skip_building_tests': False, 'cmake_args': None, 'cmake_clean_cache': False, 'cmake_clean_first': False, 'cmake_force_configure': False, 'cmake_target': None, 'cmake_target_skip_unavailable': False, 'install_base': '/home/alberto/tiago_public_ws/install/pmb2_controller_configuration', 'merge_install': False, 'path': '/home/alberto/tiago_public_ws/src/pmb2_robot/pmb2_controller_configuration', 'symlink_install': True, 'test_result_base': None}
[0.785s] Level 5:colcon.colcon_core.verb:set package 'pmb2_description' build argument 'cmake_args' from command line to 'None'
[0.785s] Level 5:colcon.colcon_core.verb:set package 'pmb2_description' build argument 'cmake_target' from command line to 'None'
[0.785s] Level 5:colcon.colcon_core.verb:set package 'pmb2_description' build argument 'cmake_target_skip_unavailable' from command line to 'False'
[0.785s] Level 5:colcon.colcon_core.verb:set package 'pmb2_description' build argument 'cmake_clean_cache' from command line to 'False'
[0.785s] Level 5:colcon.colcon_core.verb:set package 'pmb2_description' build argument 'cmake_clean_first' from command line to 'False'
[0.785s] Level 5:colcon.colcon_core.verb:set package 'pmb2_description' build argument 'cmake_force_configure' from command line to 'False'
[0.785s] Level 5:colcon.colcon_core.verb:set package 'pmb2_description' build argument 'ament_cmake_args' from command line to 'None'
[0.785s] Level 5:colcon.colcon_core.verb:set package 'pmb2_description' build argument 'catkin_cmake_args' from command line to 'None'
[0.785s] Level 5:colcon.colcon_core.verb:set package 'pmb2_description' build argument 'catkin_skip_building_tests' from command line to 'False'
[0.785s] DEBUG:colcon.colcon_core.verb:Building package 'pmb2_description' with the following arguments: {'ament_cmake_args': None, 'build_base': '/home/alberto/tiago_public_ws/build/pmb2_description', 'catkin_cmake_args': None, 'catkin_skip_building_tests': False, 'cmake_args': None, 'cmake_clean_cache': False, 'cmake_clean_first': False, 'cmake_force_configure': False, 'cmake_target': None, 'cmake_target_skip_unavailable': False, 'install_base': '/home/alberto/tiago_public_ws/install/pmb2_description', 'merge_install': False, 'path': '/home/alberto/tiago_public_ws/src/pmb2_robot/pmb2_description', 'symlink_install': True, 'test_result_base': None}
[0.785s] Level 5:colcon.colcon_core.verb:set package 'pmb2_rgbd_sensors' build argument 'cmake_args' from command line to 'None'
[0.785s] Level 5:colcon.colcon_core.verb:set package 'pmb2_rgbd_sensors' build argument 'cmake_target' from command line to 'None'
[0.785s] Level 5:colcon.colcon_core.verb:set package 'pmb2_rgbd_sensors' build argument 'cmake_target_skip_unavailable' from command line to 'False'
[0.785s] Level 5:colcon.colcon_core.verb:set package 'pmb2_rgbd_sensors' build argument 'cmake_clean_cache' from command line to 'False'
[0.785s] Level 5:colcon.colcon_core.verb:set package 'pmb2_rgbd_sensors' build argument 'cmake_clean_first' from command line to 'False'
[0.785s] Level 5:colcon.colcon_core.verb:set package 'pmb2_rgbd_sensors' build argument 'cmake_force_configure' from command line to 'False'
[0.785s] Level 5:colcon.colcon_core.verb:set package 'pmb2_rgbd_sensors' build argument 'ament_cmake_args' from command line to 'None'
[0.785s] Level 5:colcon.colcon_core.verb:set package 'pmb2_rgbd_sensors' build argument 'catkin_cmake_args' from command line to 'None'
[0.785s] Level 5:colcon.colcon_core.verb:set package 'pmb2_rgbd_sensors' build argument 'catkin_skip_building_tests' from command line to 'False'
[0.785s] DEBUG:colcon.colcon_core.verb:Building package 'pmb2_rgbd_sensors' with the following arguments: {'ament_cmake_args': None, 'build_base': '/home/alberto/tiago_public_ws/build/pmb2_rgbd_sensors', 'catkin_cmake_args': None, 'catkin_skip_building_tests': False, 'cmake_args': None, 'cmake_clean_cache': False, 'cmake_clean_first': False, 'cmake_force_configure': False, 'cmake_target': None, 'cmake_target_skip_unavailable': False, 'install_base': '/home/alberto/tiago_public_ws/install/pmb2_rgbd_sensors', 'merge_install': False, 'path': '/home/alberto/tiago_public_ws/src/pmb2_navigation/pmb2_rgbd_sensors', 'symlink_install': True, 'test_result_base': None}
[0.786s] Level 5:colcon.colcon_core.verb:set package 'tiago_laser_sensors' build argument 'cmake_args' from command line to 'None'
[0.786s] Level 5:colcon.colcon_core.verb:set package 'tiago_laser_sensors' build argument 'cmake_target' from command line to 'None'
[0.786s] Level 5:colcon.colcon_core.verb:set package 'tiago_laser_sensors' build argument 'cmake_target_skip_unavailable' from command line to 'False'
[0.786s] Level 5:colcon.colcon_core.verb:set package 'tiago_laser_sensors' build argument 'cmake_clean_cache' from command line to 'False'
[0.786s] Level 5:colcon.colcon_core.verb:set package 'tiago_laser_sensors' build argument 'cmake_clean_first' from command line to 'False'
[0.786s] Level 5:colcon.colcon_core.verb:set package 'tiago_laser_sensors' build argument 'cmake_force_configure' from command line to 'False'
[0.786s] Level 5:colcon.colcon_core.verb:set package 'tiago_laser_sensors' build argument 'ament_cmake_args' from command line to 'None'
[0.786s] Level 5:colcon.colcon_core.verb:set package 'tiago_laser_sensors' build argument 'catkin_cmake_args' from command line to 'None'
[0.786s] Level 5:colcon.colcon_core.verb:set package 'tiago_laser_sensors' build argument 'catkin_skip_building_tests' from command line to 'False'
[0.786s] DEBUG:colcon.colcon_core.verb:Building package 'tiago_laser_sensors' with the following arguments: {'ament_cmake_args': None, 'build_base': '/home/alberto/tiago_public_ws/build/tiago_laser_sensors', 'catkin_cmake_args': None, 'catkin_skip_building_tests': False, 'cmake_args': None, 'cmake_clean_cache': False, 'cmake_clean_first': False, 'cmake_force_configure': False, 'cmake_target': None, 'cmake_target_skip_unavailable': False, 'install_base': '/home/alberto/tiago_public_ws/install/tiago_laser_sensors', 'merge_install': False, 'path': '/home/alberto/tiago_public_ws/src/tiago_navigation/tiago_laser_sensors', 'symlink_install': True, 'test_result_base': None}
[0.786s] Level 5:colcon.colcon_core.verb:set package 'pal_gripper' build argument 'cmake_args' from command line to 'None'
[0.786s] Level 5:colcon.colcon_core.verb:set package 'pal_gripper' build argument 'cmake_target' from command line to 'None'
[0.786s] Level 5:colcon.colcon_core.verb:set package 'pal_gripper' build argument 'cmake_target_skip_unavailable' from command line to 'False'
[0.786s] Level 5:colcon.colcon_core.verb:set package 'pal_gripper' build argument 'cmake_clean_cache' from command line to 'False'
[0.786s] Level 5:colcon.colcon_core.verb:set package 'pal_gripper' build argument 'cmake_clean_first' from command line to 'False'
[0.787s] Level 5:colcon.colcon_core.verb:set package 'pal_gripper' build argument 'cmake_force_configure' from command line to 'False'
[0.787s] Level 5:colcon.colcon_core.verb:set package 'pal_gripper' build argument 'ament_cmake_args' from command line to 'None'
[0.787s] Level 5:colcon.colcon_core.verb:set package 'pal_gripper' build argument 'catkin_cmake_args' from command line to 'None'
[0.787s] Level 5:colcon.colcon_core.verb:set package 'pal_gripper' build argument 'catkin_skip_building_tests' from command line to 'False'
[0.787s] DEBUG:colcon.colcon_core.verb:Building package 'pal_gripper' with the following arguments: {'ament_cmake_args': None, 'build_base': '/home/alberto/tiago_public_ws/build/pal_gripper', 'catkin_cmake_args': None, 'catkin_skip_building_tests': False, 'cmake_args': None, 'cmake_clean_cache': False, 'cmake_clean_first': False, 'cmake_force_configure': False, 'cmake_target': None, 'cmake_target_skip_unavailable': False, 'install_base': '/home/alberto/tiago_public_ws/install/pal_gripper', 'merge_install': False, 'path': '/home/alberto/tiago_public_ws/src/pal_gripper/pal_gripper', 'symlink_install': True, 'test_result_base': None}
[0.787s] Level 5:colcon.colcon_core.verb:set package 'pal_gripper_simulation' build argument 'cmake_args' from command line to 'None'
[0.787s] Level 5:colcon.colcon_core.verb:set package 'pal_gripper_simulation' build argument 'cmake_target' from command line to 'None'
[0.787s] Level 5:colcon.colcon_core.verb:set package 'pal_gripper_simulation' build argument 'cmake_target_skip_unavailable' from command line to 'False'
[0.787s] Level 5:colcon.colcon_core.verb:set package 'pal_gripper_simulation' build argument 'cmake_clean_cache' from command line to 'False'
[0.787s] Level 5:colcon.colcon_core.verb:set package 'pal_gripper_simulation' build argument 'cmake_clean_first' from command line to 'False'
[0.787s] Level 5:colcon.colcon_core.verb:set package 'pal_gripper_simulation' build argument 'cmake_force_configure' from command line to 'False'
[0.788s] Level 5:colcon.colcon_core.verb:set package 'pal_gripper_simulation' build argument 'ament_cmake_args' from command line to 'None'
[0.788s] Level 5:colcon.colcon_core.verb:set package 'pal_gripper_simulation' build argument 'catkin_cmake_args' from command line to 'None'
[0.788s] Level 5:colcon.colcon_core.verb:set package 'pal_gripper_simulation' build argument 'catkin_skip_building_tests' from command line to 'False'
[0.788s] DEBUG:colcon.colcon_core.verb:Building package 'pal_gripper_simulation' with the following arguments: {'ament_cmake_args': None, 'build_base': '/home/alberto/tiago_public_ws/build/pal_gripper_simulation', 'catkin_cmake_args': None, 'catkin_skip_building_tests': False, 'cmake_args': None, 'cmake_clean_cache': False, 'cmake_clean_first': False, 'cmake_force_configure': False, 'cmake_target': None, 'cmake_target_skip_unavailable': False, 'install_base': '/home/alberto/tiago_public_ws/install/pal_gripper_simulation', 'merge_install': False, 'path': '/home/alberto/tiago_public_ws/src/pal_gripper/pal_gripper_simulation', 'symlink_install': True, 'test_result_base': None}
[0.788s] Level 5:colcon.colcon_core.verb:set package 'pal_hey5' build argument 'cmake_args' from command line to 'None'
[0.788s] Level 5:colcon.colcon_core.verb:set package 'pal_hey5' build argument 'cmake_target' from command line to 'None'
[0.788s] Level 5:colcon.colcon_core.verb:set package 'pal_hey5' build argument 'cmake_target_skip_unavailable' from command line to 'False'
[0.788s] Level 5:colcon.colcon_core.verb:set package 'pal_hey5' build argument 'cmake_clean_cache' from command line to 'False'
[0.788s] Level 5:colcon.colcon_core.verb:set package 'pal_hey5' build argument 'cmake_clean_first' from command line to 'False'
[0.788s] Level 5:colcon.colcon_core.verb:set package 'pal_hey5' build argument 'cmake_force_configure' from command line to 'False'
[0.788s] Level 5:colcon.colcon_core.verb:set package 'pal_hey5' build argument 'ament_cmake_args' from command line to 'None'
[0.788s] Level 5:colcon.colcon_core.verb:set package 'pal_hey5' build argument 'catkin_cmake_args' from command line to 'None'
[0.788s] Level 5:colcon.colcon_core.verb:set package 'pal_hey5' build argument 'catkin_skip_building_tests' from command line to 'False'
[0.788s] DEBUG:colcon.colcon_core.verb:Building package 'pal_hey5' with the following arguments: {'ament_cmake_args': None, 'build_base': '/home/alberto/tiago_public_ws/build/pal_hey5', 'catkin_cmake_args': None, 'catkin_skip_building_tests': False, 'cmake_args': None, 'cmake_clean_cache': False, 'cmake_clean_first': False, 'cmake_force_configure': False, 'cmake_target': None, 'cmake_target_skip_unavailable': False, 'install_base': '/home/alberto/tiago_public_ws/install/pal_hey5', 'merge_install': False, 'path': '/home/alberto/tiago_public_ws/src/pal_hey5/pal_hey5', 'symlink_install': True, 'test_result_base': None}
[0.789s] Level 5:colcon.colcon_core.verb:set package 'pal_navigation_cfg' build argument 'cmake_args' from command line to 'None'
[0.789s] Level 5:colcon.colcon_core.verb:set package 'pal_navigation_cfg' build argument 'cmake_target' from command line to 'None'
[0.789s] Level 5:colcon.colcon_core.verb:set package 'pal_navigation_cfg' build argument 'cmake_target_skip_unavailable' from command line to 'False'
[0.789s] Level 5:colcon.colcon_core.verb:set package 'pal_navigation_cfg' build argument 'cmake_clean_cache' from command line to 'False'
[0.789s] Level 5:colcon.colcon_core.verb:set package 'pal_navigation_cfg' build argument 'cmake_clean_first' from command line to 'False'
[0.789s] Level 5:colcon.colcon_core.verb:set package 'pal_navigation_cfg' build argument 'cmake_force_configure' from command line to 'False'
[0.789s] Level 5:colcon.colcon_core.verb:set package 'pal_navigation_cfg' build argument 'ament_cmake_args' from command line to 'None'
[0.789s] Level 5:colcon.colcon_core.verb:set package 'pal_navigation_cfg' build argument 'catkin_cmake_args' from command line to 'None'
[0.789s] Level 5:colcon.colcon_core.verb:set package 'pal_navigation_cfg' build argument 'catkin_skip_building_tests' from command line to 'False'
[0.789s] DEBUG:colcon.colcon_core.verb:Building package 'pal_navigation_cfg' with the following arguments: {'ament_cmake_args': None, 'build_base': '/home/alberto/tiago_public_ws/build/pal_navigation_cfg', 'catkin_cmake_args': None, 'catkin_skip_building_tests': False, 'cmake_args': None, 'cmake_clean_cache': False, 'cmake_clean_first': False, 'cmake_force_configure': False, 'cmake_target': None, 'cmake_target_skip_unavailable': False, 'install_base': '/home/alberto/tiago_public_ws/install/pal_navigation_cfg', 'merge_install': False, 'path': '/home/alberto/tiago_public_ws/src/pal_navigation_cfg_public/pal_navigation_cfg_public', 'symlink_install': True, 'test_result_base': None}
[0.789s] Level 5:colcon.colcon_core.verb:set package 'pmb2_bringup' build argument 'cmake_args' from command line to 'None'
[0.789s] Level 5:colcon.colcon_core.verb:set package 'pmb2_bringup' build argument 'cmake_target' from command line to 'None'
[0.789s] Level 5:colcon.colcon_core.verb:set package 'pmb2_bringup' build argument 'cmake_target_skip_unavailable' from command line to 'False'
[0.789s] Level 5:colcon.colcon_core.verb:set package 'pmb2_bringup' build argument 'cmake_clean_cache' from command line to 'False'
[0.789s] Level 5:colcon.colcon_core.verb:set package 'pmb2_bringup' build argument 'cmake_clean_first' from command line to 'False'
[0.789s] Level 5:colcon.colcon_core.verb:set package 'pmb2_bringup' build argument 'cmake_force_configure' from command line to 'False'
[0.789s] Level 5:colcon.colcon_core.verb:set package 'pmb2_bringup' build argument 'ament_cmake_args' from command line to 'None'
[0.790s] Level 5:colcon.colcon_core.verb:set package 'pmb2_bringup' build argument 'catkin_cmake_args' from command line to 'None'
[0.790s] Level 5:colcon.colcon_core.verb:set package 'pmb2_bringup' build argument 'catkin_skip_building_tests' from command line to 'False'
[0.790s] DEBUG:colcon.colcon_core.verb:Building package 'pmb2_bringup' with the following arguments: {'ament_cmake_args': None, 'build_base': '/home/alberto/tiago_public_ws/build/pmb2_bringup', 'catkin_cmake_args': None, 'catkin_skip_building_tests': False, 'cmake_args': None, 'cmake_clean_cache': False, 'cmake_clean_first': False, 'cmake_force_configure': False, 'cmake_target': None, 'cmake_target_skip_unavailable': False, 'install_base': '/home/alberto/tiago_public_ws/install/pmb2_bringup', 'merge_install': False, 'path': '/home/alberto/tiago_public_ws/src/pmb2_robot/pmb2_bringup', 'symlink_install': True, 'test_result_base': None}
[0.790s] Level 5:colcon.colcon_core.verb:set package 'pmb2_navigation' build argument 'cmake_args' from command line to 'None'
[0.790s] Level 5:colcon.colcon_core.verb:set package 'pmb2_navigation' build argument 'cmake_target' from command line to 'None'
[0.790s] Level 5:colcon.colcon_core.verb:set package 'pmb2_navigation' build argument 'cmake_target_skip_unavailable' from command line to 'False'
[0.790s] Level 5:colcon.colcon_core.verb:set package 'pmb2_navigation' build argument 'cmake_clean_cache' from command line to 'False'
[0.790s] Level 5:colcon.colcon_core.verb:set package 'pmb2_navigation' build argument 'cmake_clean_first' from command line to 'False'
[0.790s] Level 5:colcon.colcon_core.verb:set package 'pmb2_navigation' build argument 'cmake_force_configure' from command line to 'False'
[0.790s] Level 5:colcon.colcon_core.verb:set package 'pmb2_navigation' build argument 'ament_cmake_args' from command line to 'None'
[0.790s] Level 5:colcon.colcon_core.verb:set package 'pmb2_navigation' build argument 'catkin_cmake_args' from command line to 'None'
[0.790s] Level 5:colcon.colcon_core.verb:set package 'pmb2_navigation' build argument 'catkin_skip_building_tests' from command line to 'False'
[0.790s] DEBUG:colcon.colcon_core.verb:Building package 'pmb2_navigation' with the following arguments: {'ament_cmake_args': None, 'build_base': '/home/alberto/tiago_public_ws/build/pmb2_navigation', 'catkin_cmake_args': None, 'catkin_skip_building_tests': False, 'cmake_args': None, 'cmake_clean_cache': False, 'cmake_clean_first': False, 'cmake_force_configure': False, 'cmake_target': None, 'cmake_target_skip_unavailable': False, 'install_base': '/home/alberto/tiago_public_ws/install/pmb2_navigation', 'merge_install': False, 'path': '/home/alberto/tiago_public_ws/src/pmb2_navigation/pmb2_navigation', 'symlink_install': True, 'test_result_base': None}
[0.790s] Level 5:colcon.colcon_core.verb:set package 'tiago_2dnav' build argument 'cmake_args' from command line to 'None'
[0.790s] Level 5:colcon.colcon_core.verb:set package 'tiago_2dnav' build argument 'cmake_target' from command line to 'None'
[0.791s] Level 5:colcon.colcon_core.verb:set package 'tiago_2dnav' build argument 'cmake_target_skip_unavailable' from command line to 'False'
[0.791s] Level 5:colcon.colcon_core.verb:set package 'tiago_2dnav' build argument 'cmake_clean_cache' from command line to 'False'
[0.791s] Level 5:colcon.colcon_core.verb:set package 'tiago_2dnav' build argument 'cmake_clean_first' from command line to 'False'
[0.791s] Level 5:colcon.colcon_core.verb:set package 'tiago_2dnav' build argument 'cmake_force_configure' from command line to 'False'
[0.791s] Level 5:colcon.colcon_core.verb:set package 'tiago_2dnav' build argument 'ament_cmake_args' from command line to 'None'
[0.791s] Level 5:colcon.colcon_core.verb:set package 'tiago_2dnav' build argument 'catkin_cmake_args' from command line to 'None'
[0.791s] Level 5:colcon.colcon_core.verb:set package 'tiago_2dnav' build argument 'catkin_skip_building_tests' from command line to 'False'
[0.791s] DEBUG:colcon.colcon_core.verb:Building package 'tiago_2dnav' with the following arguments: {'ament_cmake_args': None, 'build_base': '/home/alberto/tiago_public_ws/build/tiago_2dnav', 'catkin_cmake_args': None, 'catkin_skip_building_tests': False, 'cmake_args': None, 'cmake_clean_cache': False, 'cmake_clean_first': False, 'cmake_force_configure': False, 'cmake_target': None, 'cmake_target_skip_unavailable': False, 'install_base': '/home/alberto/tiago_public_ws/install/tiago_2dnav', 'merge_install': False, 'path': '/home/alberto/tiago_public_ws/src/tiago_navigation/tiago_2dnav', 'symlink_install': True, 'test_result_base': None}
[0.791s] Level 5:colcon.colcon_core.verb:set package 'tiago_controller_configuration' build argument 'cmake_args' from command line to 'None'
[0.791s] Level 5:colcon.colcon_core.verb:set package 'tiago_controller_configuration' build argument 'cmake_target' from command line to 'None'
[0.791s] Level 5:colcon.colcon_core.verb:set package 'tiago_controller_configuration' build argument 'cmake_target_skip_unavailable' from command line to 'False'
[0.791s] Level 5:colcon.colcon_core.verb:set package 'tiago_controller_configuration' build argument 'cmake_clean_cache' from command line to 'False'
[0.791s] Level 5:colcon.colcon_core.verb:set package 'tiago_controller_configuration' build argument 'cmake_clean_first' from command line to 'False'
[0.791s] Level 5:colcon.colcon_core.verb:set package 'tiago_controller_configuration' build argument 'cmake_force_configure' from command line to 'False'
[0.791s] Level 5:colcon.colcon_core.verb:set package 'tiago_controller_configuration' build argument 'ament_cmake_args' from command line to 'None'
[0.791s] Level 5:colcon.colcon_core.verb:set package 'tiago_controller_configuration' build argument 'catkin_cmake_args' from command line to 'None'
[0.791s] Level 5:colcon.colcon_core.verb:set package 'tiago_controller_configuration' build argument 'catkin_skip_building_tests' from command line to 'False'
[0.791s] DEBUG:colcon.colcon_core.verb:Building package 'tiago_controller_configuration' with the following arguments: {'ament_cmake_args': None, 'build_base': '/home/alberto/tiago_public_ws/build/tiago_controller_configuration', 'catkin_cmake_args': None, 'catkin_skip_building_tests': False, 'cmake_args': None, 'cmake_clean_cache': False, 'cmake_clean_first': False, 'cmake_force_configure': False, 'cmake_target': None, 'cmake_target_skip_unavailable': False, 'install_base': '/home/alberto/tiago_public_ws/install/tiago_controller_configuration', 'merge_install': False, 'path': '/home/alberto/tiago_public_ws/src/tiago_robot/tiago_controller_configuration', 'symlink_install': True, 'test_result_base': None}
[0.792s] Level 5:colcon.colcon_core.verb:set package 'tiago_description' build argument 'cmake_args' from command line to 'None'
[0.792s] Level 5:colcon.colcon_core.verb:set package 'tiago_description' build argument 'cmake_target' from command line to 'None'
[0.792s] Level 5:colcon.colcon_core.verb:set package 'tiago_description' build argument 'cmake_target_skip_unavailable' from command line to 'False'
[0.792s] Level 5:colcon.colcon_core.verb:set package 'tiago_description' build argument 'cmake_clean_cache' from command line to 'False'
[0.792s] Level 5:colcon.colcon_core.verb:set package 'tiago_description' build argument 'cmake_clean_first' from command line to 'False'
[0.792s] Level 5:colcon.colcon_core.verb:set package 'tiago_description' build argument 'cmake_force_configure' from command line to 'False'
[0.792s] Level 5:colcon.colcon_core.verb:set package 'tiago_description' build argument 'ament_cmake_args' from command line to 'None'
[0.792s] Level 5:colcon.colcon_core.verb:set package 'tiago_description' build argument 'catkin_cmake_args' from command line to 'None'
[0.792s] Level 5:colcon.colcon_core.verb:set package 'tiago_description' build argument 'catkin_skip_building_tests' from command line to 'False'
[0.792s] DEBUG:colcon.colcon_core.verb:Building package 'tiago_description' with the following arguments: {'ament_cmake_args': None, 'build_base': '/home/alberto/tiago_public_ws/build/tiago_description', 'catkin_cmake_args': None, 'catkin_skip_building_tests': False, 'cmake_args': None, 'cmake_clean_cache': False, 'cmake_clean_first': False, 'cmake_force_configure': False, 'cmake_target': None, 'cmake_target_skip_unavailable': False, 'install_base': '/home/alberto/tiago_public_ws/install/tiago_description', 'merge_install': False, 'path': '/home/alberto/tiago_public_ws/src/tiago_robot/tiago_description', 'symlink_install': True, 'test_result_base': None}
[0.792s] Level 5:colcon.colcon_core.verb:set package 'pmb2_robot' build argument 'cmake_args' from command line to 'None'
[0.792s] Level 5:colcon.colcon_core.verb:set package 'pmb2_robot' build argument 'cmake_target' from command line to 'None'
[0.792s] Level 5:colcon.colcon_core.verb:set package 'pmb2_robot' build argument 'cmake_target_skip_unavailable' from command line to 'False'
[0.792s] Level 5:colcon.colcon_core.verb:set package 'pmb2_robot' build argument 'cmake_clean_cache' from command line to 'False'
[0.792s] Level 5:colcon.colcon_core.verb:set package 'pmb2_robot' build argument 'cmake_clean_first' from command line to 'False'
[0.792s] Level 5:colcon.colcon_core.verb:set package 'pmb2_robot' build argument 'cmake_force_configure' from command line to 'False'
[0.792s] Level 5:colcon.colcon_core.verb:set package 'pmb2_robot' build argument 'ament_cmake_args' from command line to 'None'
[0.792s] Level 5:colcon.colcon_core.verb:set package 'pmb2_robot' build argument 'catkin_cmake_args' from command line to 'None'
[0.792s] Level 5:colcon.colcon_core.verb:set package 'pmb2_robot' build argument 'catkin_skip_building_tests' from command line to 'False'
[0.793s] DEBUG:colcon.colcon_core.verb:Building package 'pmb2_robot' with the following arguments: {'ament_cmake_args': None, 'build_base': '/home/alberto/tiago_public_ws/build/pmb2_robot', 'catkin_cmake_args': None, 'catkin_skip_building_tests': False, 'cmake_args': None, 'cmake_clean_cache': False, 'cmake_clean_first': False, 'cmake_force_configure': False, 'cmake_target': None, 'cmake_target_skip_unavailable': False, 'install_base': '/home/alberto/tiago_public_ws/install/pmb2_robot', 'merge_install': False, 'path': '/home/alberto/tiago_public_ws/src/pmb2_robot/pmb2_robot', 'symlink_install': True, 'test_result_base': None}
[0.793s] Level 5:colcon.colcon_core.verb:set package 'tiago_bringup' build argument 'cmake_args' from command line to 'None'
[0.793s] Level 5:colcon.colcon_core.verb:set package 'tiago_bringup' build argument 'cmake_target' from command line to 'None'
[0.793s] Level 5:colcon.colcon_core.verb:set package 'tiago_bringup' build argument 'cmake_target_skip_unavailable' from command line to 'False'
[0.793s] Level 5:colcon.colcon_core.verb:set package 'tiago_bringup' build argument 'cmake_clean_cache' from command line to 'False'
[0.793s] Level 5:colcon.colcon_core.verb:set package 'tiago_bringup' build argument 'cmake_clean_first' from command line to 'False'
[0.793s] Level 5:colcon.colcon_core.verb:set package 'tiago_bringup' build argument 'cmake_force_configure' from command line to 'False'
[0.793s] Level 5:colcon.colcon_core.verb:set package 'tiago_bringup' build argument 'ament_cmake_args' from command line to 'None'
[0.793s] Level 5:colcon.colcon_core.verb:set package 'tiago_bringup' build argument 'catkin_cmake_args' from command line to 'None'
[0.793s] Level 5:colcon.colcon_core.verb:set package 'tiago_bringup' build argument 'catkin_skip_building_tests' from command line to 'False'
[0.793s] DEBUG:colcon.colcon_core.verb:Building package 'tiago_bringup' with the following arguments: {'ament_cmake_args': None, 'build_base': '/home/alberto/tiago_public_ws/build/tiago_bringup', 'catkin_cmake_args': None, 'catkin_skip_building_tests': False, 'cmake_args': None, 'cmake_clean_cache': False, 'cmake_clean_first': False, 'cmake_force_configure': False, 'cmake_target': None, 'cmake_target_skip_unavailable': False, 'install_base': '/home/alberto/tiago_public_ws/install/tiago_bringup', 'merge_install': False, 'path': '/home/alberto/tiago_public_ws/src/tiago_robot/tiago_bringup', 'symlink_install': True, 'test_result_base': None}
[0.793s] Level 5:colcon.colcon_core.verb:set package 'tiago_moveit_config' build argument 'cmake_args' from command line to 'None'
[0.793s] Level 5:colcon.colcon_core.verb:set package 'tiago_moveit_config' build argument 'cmake_target' from command line to 'None'
[0.793s] Level 5:colcon.colcon_core.verb:set package 'tiago_moveit_config' build argument 'cmake_target_skip_unavailable' from command line to 'False'
[0.793s] Level 5:colcon.colcon_core.verb:set package 'tiago_moveit_config' build argument 'cmake_clean_cache' from command line to 'False'
[0.794s] Level 5:colcon.colcon_core.verb:set package 'tiago_moveit_config' build argument 'cmake_clean_first' from command line to 'False'
[0.794s] Level 5:colcon.colcon_core.verb:set package 'tiago_moveit_config' build argument 'cmake_force_configure' from command line to 'False'
[0.794s] Level 5:colcon.colcon_core.verb:set package 'tiago_moveit_config' build argument 'ament_cmake_args' from command line to 'None'
[0.794s] Level 5:colcon.colcon_core.verb:set package 'tiago_moveit_config' build argument 'catkin_cmake_args' from command line to 'None'
[0.794s] Level 5:colcon.colcon_core.verb:set package 'tiago_moveit_config' build argument 'catkin_skip_building_tests' from command line to 'False'
[0.794s] DEBUG:colcon.colcon_core.verb:Building package 'tiago_moveit_config' with the following arguments: {'ament_cmake_args': None, 'build_base': '/home/alberto/tiago_public_ws/build/tiago_moveit_config', 'catkin_cmake_args': None, 'catkin_skip_building_tests': False, 'cmake_args': None, 'cmake_clean_cache': False, 'cmake_clean_first': False, 'cmake_force_configure': False, 'cmake_target': None, 'cmake_target_skip_unavailable': False, 'install_base': '/home/alberto/tiago_public_ws/install/tiago_moveit_config', 'merge_install': False, 'path': '/home/alberto/tiago_public_ws/src/tiago_moveit_config', 'symlink_install': True, 'test_result_base': None}
[0.794s] Level 5:colcon.colcon_core.verb:set package 'tiago_navigation' build argument 'cmake_args' from command line to 'None'
[0.794s] Level 5:colcon.colcon_core.verb:set package 'tiago_navigation' build argument 'cmake_target' from command line to 'None'
[0.794s] Level 5:colcon.colcon_core.verb:set package 'tiago_navigation' build argument 'cmake_target_skip_unavailable' from command line to 'False'
[0.794s] Level 5:colcon.colcon_core.verb:set package 'tiago_navigation' build argument 'cmake_clean_cache' from command line to 'False'
[0.794s] Level 5:colcon.colcon_core.verb:set package 'tiago_navigation' build argument 'cmake_clean_first' from command line to 'False'
[0.794s] Level 5:colcon.colcon_core.verb:set package 'tiago_navigation' build argument 'cmake_force_configure' from command line to 'False'
[0.794s] Level 5:colcon.colcon_core.verb:set package 'tiago_navigation' build argument 'ament_cmake_args' from command line to 'None'
[0.794s] Level 5:colcon.colcon_core.verb:set package 'tiago_navigation' build argument 'catkin_cmake_args' from command line to 'None'
[0.794s] Level 5:colcon.colcon_core.verb:set package 'tiago_navigation' build argument 'catkin_skip_building_tests' from command line to 'False'
[0.794s] DEBUG:colcon.colcon_core.verb:Building package 'tiago_navigation' with the following arguments: {'ament_cmake_args': None, 'build_base': '/home/alberto/tiago_public_ws/build/tiago_navigation', 'catkin_cmake_args': None, 'catkin_skip_building_tests': False, 'cmake_args': None, 'cmake_clean_cache': False, 'cmake_clean_first': False, 'cmake_force_configure': False, 'cmake_target': None, 'cmake_target_skip_unavailable': False, 'install_base': '/home/alberto/tiago_public_ws/install/tiago_navigation', 'merge_install': False, 'path': '/home/alberto/tiago_public_ws/src/tiago_navigation/tiago_navigation', 'symlink_install': True, 'test_result_base': None}
[0.795s] Level 5:colcon.colcon_core.verb:set package 'tiago_gazebo' build argument 'cmake_args' from command line to 'None'
[0.795s] Level 5:colcon.colcon_core.verb:set package 'tiago_gazebo' build argument 'cmake_target' from command line to 'None'
[0.795s] Level 5:colcon.colcon_core.verb:set package 'tiago_gazebo' build argument 'cmake_target_skip_unavailable' from command line to 'False'
[0.795s] Level 5:colcon.colcon_core.verb:set package 'tiago_gazebo' build argument 'cmake_clean_cache' from command line to 'False'
[0.795s] Level 5:colcon.colcon_core.verb:set package 'tiago_gazebo' build argument 'cmake_clean_first' from command line to 'False'
[0.795s] Level 5:colcon.colcon_core.verb:set package 'tiago_gazebo' build argument 'cmake_force_configure' from command line to 'False'
[0.795s] Level 5:colcon.colcon_core.verb:set package 'tiago_gazebo' build argument 'ament_cmake_args' from command line to 'None'
[0.795s] Level 5:colcon.colcon_core.verb:set package 'tiago_gazebo' build argument 'catkin_cmake_args' from command line to 'None'
[0.795s] Level 5:colcon.colcon_core.verb:set package 'tiago_gazebo' build argument 'catkin_skip_building_tests' from command line to 'False'
[0.795s] DEBUG:colcon.colcon_core.verb:Building package 'tiago_gazebo' with the following arguments: {'ament_cmake_args': None, 'build_base': '/home/alberto/tiago_public_ws/build/tiago_gazebo', 'catkin_cmake_args': None, 'catkin_skip_building_tests': False, 'cmake_args': None, 'cmake_clean_cache': False, 'cmake_clean_first': False, 'cmake_force_configure': False, 'cmake_target': None, 'cmake_target_skip_unavailable': False, 'install_base': '/home/alberto/tiago_public_ws/install/tiago_gazebo', 'merge_install': False, 'path': '/home/alberto/tiago_public_ws/src/tiago_simulation/tiago_gazebo', 'symlink_install': True, 'test_result_base': None}
[0.795s] Level 5:colcon.colcon_core.verb:set package 'tiago_robot' build argument 'cmake_args' from command line to 'None'
[0.795s] Level 5:colcon.colcon_core.verb:set package 'tiago_robot' build argument 'cmake_target' from command line to 'None'
[0.795s] Level 5:colcon.colcon_core.verb:set package 'tiago_robot' build argument 'cmake_target_skip_unavailable' from command line to 'False'
[0.795s] Level 5:colcon.colcon_core.verb:set package 'tiago_robot' build argument 'cmake_clean_cache' from command line to 'False'
[0.795s] Level 5:colcon.colcon_core.verb:set package 'tiago_robot' build argument 'cmake_clean_first' from command line to 'False'
[0.795s] Level 5:colcon.colcon_core.verb:set package 'tiago_robot' build argument 'cmake_force_configure' from command line to 'False'
[0.795s] Level 5:colcon.colcon_core.verb:set package 'tiago_robot' build argument 'ament_cmake_args' from command line to 'None'
[0.795s] Level 5:colcon.colcon_core.verb:set package 'tiago_robot' build argument 'catkin_cmake_args' from command line to 'None'
[0.795s] Level 5:colcon.colcon_core.verb:set package 'tiago_robot' build argument 'catkin_skip_building_tests' from command line to 'False'
[0.795s] DEBUG:colcon.colcon_core.verb:Building package 'tiago_robot' with the following arguments: {'ament_cmake_args': None, 'build_base': '/home/alberto/tiago_public_ws/build/tiago_robot', 'catkin_cmake_args': None, 'catkin_skip_building_tests': False, 'cmake_args': None, 'cmake_clean_cache': False, 'cmake_clean_first': False, 'cmake_force_configure': False, 'cmake_target': None, 'cmake_target_skip_unavailable': False, 'install_base': '/home/alberto/tiago_public_ws/install/tiago_robot', 'merge_install': False, 'path': '/home/alberto/tiago_public_ws/src/tiago_robot/tiago_robot', 'symlink_install': True, 'test_result_base': None}
[0.796s] Level 5:colcon.colcon_core.verb:set package 'tiago_simulation' build argument 'cmake_args' from command line to 'None'
[0.796s] Level 5:colcon.colcon_core.verb:set package 'tiago_simulation' build argument 'cmake_target' from command line to 'None'
[0.796s] Level 5:colcon.colcon_core.verb:set package 'tiago_simulation' build argument 'cmake_target_skip_unavailable' from command line to 'False'
[0.796s] Level 5:colcon.colcon_core.verb:set package 'tiago_simulation' build argument 'cmake_clean_cache' from command line to 'False'
[0.796s] Level 5:colcon.colcon_core.verb:set package 'tiago_simulation' build argument 'cmake_clean_first' from command line to 'False'
[0.796s] Level 5:colcon.colcon_core.verb:set package 'tiago_simulation' build argument 'cmake_force_configure' from command line to 'False'
[0.796s] Level 5:colcon.colcon_core.verb:set package 'tiago_simulation' build argument 'ament_cmake_args' from command line to 'None'
[0.796s] Level 5:colcon.colcon_core.verb:set package 'tiago_simulation' build argument 'catkin_cmake_args' from command line to 'None'
[0.796s] Level 5:colcon.colcon_core.verb:set package 'tiago_simulation' build argument 'catkin_skip_building_tests' from command line to 'False'
[0.796s] DEBUG:colcon.colcon_core.verb:Building package 'tiago_simulation' with the following arguments: {'ament_cmake_args': None, 'build_base': '/home/alberto/tiago_public_ws/build/tiago_simulation', 'catkin_cmake_args': None, 'catkin_skip_building_tests': False, 'cmake_args': None, 'cmake_clean_cache': False, 'cmake_clean_first': False, 'cmake_force_configure': False, 'cmake_target': None, 'cmake_target_skip_unavailable': False, 'install_base': '/home/alberto/tiago_public_ws/install/tiago_simulation', 'merge_install': False, 'path': '/home/alberto/tiago_public_ws/src/tiago_simulation/tiago_simulation', 'symlink_install': True, 'test_result_base': None}
[0.796s] INFO:colcon.colcon_core.executor:Executing jobs using 'parallel' executor
[0.797s] DEBUG:colcon.colcon_parallel_executor.executor.parallel:run_until_complete
[0.798s] INFO:colcon.colcon_ros.task.ament_python.build:Building ROS package in '/home/alberto/tiago_public_ws/src/launch_pal' with build type 'ament_python'
[0.798s] Level 1:colcon.colcon_core.shell:create_environment_hook('launch_pal', 'ament_prefix_path')
[0.812s] INFO:colcon.colcon_core.plugin_system:Skipping extension 'colcon_core.shell.bat': Not used on non-Windows systems
[0.813s] INFO:colcon.colcon_core.shell:Creating environment hook '/home/alberto/tiago_public_ws/install/launch_pal/share/launch_pal/hook/ament_prefix_path.ps1'
[0.814s] INFO:colcon.colcon_core.shell:Creating environment descriptor '/home/alberto/tiago_public_ws/install/launch_pal/share/launch_pal/hook/ament_prefix_path.dsv'
[0.815s] INFO:colcon.colcon_core.shell:Creating environment hook '/home/alberto/tiago_public_ws/install/launch_pal/share/launch_pal/hook/ament_prefix_path.sh'
[0.817s] INFO:colcon.colcon_core.shell:Skip shell extension 'powershell' for command environment: Not usable outside of PowerShell
[0.817s] DEBUG:colcon.colcon_core.shell:Skip shell extension 'dsv' for command environment
[0.821s] INFO:colcon.colcon_ros.task.ament_cmake.build:Building ROS package in '/home/alberto/tiago_public_ws/src/pal_urdf_utils' with build type 'ament_cmake'
[0.821s] INFO:colcon.colcon_cmake.task.cmake.build:Building CMake package in '/home/alberto/tiago_public_ws/src/pal_urdf_utils'
[0.821s] INFO:colcon.colcon_core.shell:Skip shell extension 'powershell' for command environment: Not usable outside of PowerShell
[0.821s] DEBUG:colcon.colcon_core.shell:Skip shell extension 'dsv' for command environment
[0.825s] INFO:colcon.colcon_ros.task.ament_cmake.build:Building ROS package in '/home/alberto/tiago_public_ws/src/urdf_test' with build type 'ament_cmake'
[0.826s] INFO:colcon.colcon_cmake.task.cmake.build:Building CMake package in '/home/alberto/tiago_public_ws/src/urdf_test'
[0.826s] INFO:colcon.colcon_core.shell:Skip shell extension 'powershell' for command environment: Not usable outside of PowerShell
[0.826s] DEBUG:colcon.colcon_core.shell:Skip shell extension 'dsv' for command environment
[0.830s] INFO:colcon.colcon_ros.task.ament_cmake.build:Building ROS package in '/home/alberto/tiago_public_ws/src/pal_gripper/pal_gripper_controller_configuration' with build type 'ament_cmake'
[0.830s] INFO:colcon.colcon_cmake.task.cmake.build:Building CMake package in '/home/alberto/tiago_public_ws/src/pal_gripper/pal_gripper_controller_configuration'
[0.830s] INFO:colcon.colcon_core.shell:Skip shell extension 'powershell' for command environment: Not usable outside of PowerShell
[0.830s] DEBUG:colcon.colcon_core.shell:Skip shell extension 'dsv' for command environment
[0.833s] INFO:colcon.colcon_ros.task.ament_cmake.build:Building ROS package in '/home/alberto/tiago_public_ws/src/pal_robotiq_gripper/pal_robotiq_description' with build type 'ament_cmake'
[0.833s] INFO:colcon.colcon_cmake.task.cmake.build:Building CMake package in '/home/alberto/tiago_public_ws/src/pal_robotiq_gripper/pal_robotiq_description'
[0.834s] INFO:colcon.colcon_core.shell:Skip shell extension 'powershell' for command environment: Not usable outside of PowerShell
[0.834s] DEBUG:colcon.colcon_core.shell:Skip shell extension 'dsv' for command environment
[0.837s] INFO:colcon.colcon_ros.task.ament_cmake.build:Building ROS package in '/home/alberto/tiago_public_ws/src/pal_hey5/pal_hey5_controller_configuration' with build type 'ament_cmake'
[0.837s] INFO:colcon.colcon_cmake.task.cmake.build:Building CMake package in '/home/alberto/tiago_public_ws/src/pal_hey5/pal_hey5_controller_configuration'
[0.837s] INFO:colcon.colcon_core.shell:Skip shell extension 'powershell' for command environment: Not usable outside of PowerShell
[0.837s] DEBUG:colcon.colcon_core.shell:Skip shell extension 'dsv' for command environment
[0.841s] INFO:colcon.colcon_ros.task.ament_cmake.build:Building ROS package in '/home/alberto/tiago_public_ws/src/pal_robotiq_gripper/pal_robotiq_controller_configuration' with build type 'ament_cmake'
[0.842s] INFO:colcon.colcon_cmake.task.cmake.build:Building CMake package in '/home/alberto/tiago_public_ws/src/pal_robotiq_gripper/pal_robotiq_controller_configuration'
[0.842s] INFO:colcon.colcon_core.shell:Skip shell extension 'powershell' for command environment: Not usable outside of PowerShell
[0.842s] DEBUG:colcon.colcon_core.shell:Skip shell extension 'dsv' for command environment
[0.846s] INFO:colcon.colcon_ros.task.ament_cmake.build:Building ROS package in '/home/alberto/tiago_public_ws/src/play_motion2/play_motion2_msgs' with build type 'ament_cmake'
[0.846s] INFO:colcon.colcon_cmake.task.cmake.build:Building CMake package in '/home/alberto/tiago_public_ws/src/play_motion2/play_motion2_msgs'
[0.847s] INFO:colcon.colcon_core.shell:Skip shell extension 'powershell' for command environment: Not usable outside of PowerShell
[0.847s] DEBUG:colcon.colcon_core.shell:Skip shell extension 'dsv' for command environment
[1.171s] INFO:colcon.colcon_core.task.python.build:Building Python package in '/home/alberto/tiago_public_ws/src/launch_pal'
[1.171s] INFO:colcon.colcon_core.shell:Skip shell extension 'powershell' for command environment: Not usable outside of PowerShell
[1.172s] DEBUG:colcon.colcon_core.shell:Skip shell extension 'dsv' for command environment
[1.177s] DEBUG:colcon.colcon_core.event_handler.log_command:Invoking command in '/home/alberto/tiago_public_ws/build/pal_urdf_utils': CMAKE_PREFIX_PATH=/opt/ros/humble /usr/bin/cmake /home/alberto/tiago_public_ws/src/pal_urdf_utils -DAMENT_CMAKE_SYMLINK_INSTALL=1 -DCMAKE_INSTALL_PREFIX=/home/alberto/tiago_public_ws/install/pal_urdf_utils
[1.185s] DEBUG:colcon.colcon_core.event_handler.log_command:Invoking command in '/home/alberto/tiago_public_ws/build/urdf_test': CMAKE_PREFIX_PATH=/opt/ros/humble /usr/bin/cmake /home/alberto/tiago_public_ws/src/urdf_test -DAMENT_CMAKE_SYMLINK_INSTALL=1 -DCMAKE_INSTALL_PREFIX=/home/alberto/tiago_public_ws/install/urdf_test
[1.187s] DEBUG:colcon.colcon_core.event_handler.log_command:Invoking command in '/home/alberto/tiago_public_ws/build/pal_gripper_controller_configuration': CMAKE_PREFIX_PATH=/opt/ros/humble /usr/bin/cmake /home/alberto/tiago_public_ws/src/pal_gripper/pal_gripper_controller_configuration -DAMENT_CMAKE_SYMLINK_INSTALL=1 -DCMAKE_INSTALL_PREFIX=/home/alberto/tiago_public_ws/install/pal_gripper_controller_configuration
[1.190s] DEBUG:colcon.colcon_core.event_handler.log_command:Invoking command in '/home/alberto/tiago_public_ws/build/pal_robotiq_description': CMAKE_PREFIX_PATH=/opt/ros/humble /usr/bin/cmake /home/alberto/tiago_public_ws/src/pal_robotiq_gripper/pal_robotiq_description -DAMENT_CMAKE_SYMLINK_INSTALL=1 -DCMAKE_INSTALL_PREFIX=/home/alberto/tiago_public_ws/install/pal_robotiq_description
[1.192s] DEBUG:colcon.colcon_core.event_handler.log_command:Invoking command in '/home/alberto/tiago_public_ws/build/pal_hey5_controller_configuration': CMAKE_PREFIX_PATH=/opt/ros/humble /usr/bin/cmake /home/alberto/tiago_public_ws/src/pal_hey5/pal_hey5_controller_configuration -DAMENT_CMAKE_SYMLINK_INSTALL=1 -DCMAKE_INSTALL_PREFIX=/home/alberto/tiago_public_ws/install/pal_hey5_controller_configuration
[1.197s] DEBUG:colcon.colcon_core.event_handler.log_command:Invoking command in '/home/alberto/tiago_public_ws/build/pal_robotiq_controller_configuration': CMAKE_PREFIX_PATH=/opt/ros/humble /usr/bin/cmake /home/alberto/tiago_public_ws/src/pal_robotiq_gripper/pal_robotiq_controller_configuration -DAMENT_CMAKE_SYMLINK_INSTALL=1 -DCMAKE_INSTALL_PREFIX=/home/alberto/tiago_public_ws/install/pal_robotiq_controller_configuration
[1.205s] DEBUG:colcon.colcon_core.event_handler.log_command:Invoking command in '/home/alberto/tiago_public_ws/build/play_motion2_msgs': CMAKE_PREFIX_PATH=/opt/ros/humble /usr/bin/cmake /home/alberto/tiago_public_ws/src/play_motion2/play_motion2_msgs -DAMENT_CMAKE_SYMLINK_INSTALL=1 -DCMAKE_INSTALL_PREFIX=/home/alberto/tiago_public_ws/install/play_motion2_msgs
[2.128s] DEBUG:colcon.colcon_core.event_handler.log_command:Invoking command in '/home/alberto/tiago_public_ws/build/launch_pal': PYTHONPATH=/home/alberto/tiago_public_ws/build/launch_pal/prefix_override:/usr/lib/python3/dist-packages/colcon_core/task/python/colcon_distutils_commands:/home/alberto/tiago_public_ws/install/launch_pal/lib/python3.10/site-packages:${PYTHONPATH} /usr/bin/python3 -W ignore:setup.py install is deprecated -W ignore:easy_install command is deprecated setup.py develop --editable --build-directory /home/alberto/tiago_public_ws/build/launch_pal/build --no-deps symlink_data
[2.375s] DEBUG:colcon.colcon_core.event_handler.log_command:Invoked command in '/home/alberto/tiago_public_ws/build/pal_robotiq_controller_configuration' returned '0': CMAKE_PREFIX_PATH=/opt/ros/humble /usr/bin/cmake /home/alberto/tiago_public_ws/src/pal_robotiq_gripper/pal_robotiq_controller_configuration -DAMENT_CMAKE_SYMLINK_INSTALL=1 -DCMAKE_INSTALL_PREFIX=/home/alberto/tiago_public_ws/install/pal_robotiq_controller_configuration
[2.376s] DEBUG:colcon.colcon_core.event_handler.log_command:Invoking command in '/home/alberto/tiago_public_ws/build/pal_robotiq_controller_configuration': CMAKE_PREFIX_PATH=/opt/ros/humble /usr/bin/cmake --build /home/alberto/tiago_public_ws/build/pal_robotiq_controller_configuration -- -j8 -l8
[2.377s] DEBUG:colcon.colcon_core.event_handler.log_command:Invoked command in '/home/alberto/tiago_public_ws/build/pal_hey5_controller_configuration' returned '0': CMAKE_PREFIX_PATH=/opt/ros/humble /usr/bin/cmake /home/alberto/tiago_public_ws/src/pal_hey5/pal_hey5_controller_configuration -DAMENT_CMAKE_SYMLINK_INSTALL=1 -DCMAKE_INSTALL_PREFIX=/home/alberto/tiago_public_ws/install/pal_hey5_controller_configuration
[2.380s] DEBUG:colcon.colcon_core.event_handler.log_command:Invoking command in '/home/alberto/tiago_public_ws/build/pal_hey5_controller_configuration': CMAKE_PREFIX_PATH=/opt/ros/humble /usr/bin/cmake --build /home/alberto/tiago_public_ws/build/pal_hey5_controller_configuration -- -j8 -l8
[2.387s] DEBUG:colcon.colcon_core.event_handler.log_command:Invoked command in '/home/alberto/tiago_public_ws/build/pal_gripper_controller_configuration' returned '0': CMAKE_PREFIX_PATH=/opt/ros/humble /usr/bin/cmake /home/alberto/tiago_public_ws/src/pal_gripper/pal_gripper_controller_configuration -DAMENT_CMAKE_SYMLINK_INSTALL=1 -DCMAKE_INSTALL_PREFIX=/home/alberto/tiago_public_ws/install/pal_gripper_controller_configuration
[2.388s] DEBUG:colcon.colcon_core.event_handler.log_command:Invoking command in '/home/alberto/tiago_public_ws/build/pal_gripper_controller_configuration': CMAKE_PREFIX_PATH=/opt/ros/humble /usr/bin/cmake --build /home/alberto/tiago_public_ws/build/pal_gripper_controller_configuration -- -j8 -l8
[2.388s] DEBUG:colcon.colcon_core.event_handler.log_command:Invoked command in '/home/alberto/tiago_public_ws/build/pal_robotiq_description' returned '0': CMAKE_PREFIX_PATH=/opt/ros/humble /usr/bin/cmake /home/alberto/tiago_public_ws/src/pal_robotiq_gripper/pal_robotiq_description -DAMENT_CMAKE_SYMLINK_INSTALL=1 -DCMAKE_INSTALL_PREFIX=/home/alberto/tiago_public_ws/install/pal_robotiq_description
[2.389s] DEBUG:colcon.colcon_core.event_handler.log_command:Invoking command in '/home/alberto/tiago_public_ws/build/pal_robotiq_description': CMAKE_PREFIX_PATH=/opt/ros/humble /usr/bin/cmake --build /home/alberto/tiago_public_ws/build/pal_robotiq_description -- -j8 -l8
[2.404s] DEBUG:colcon.colcon_core.event_handler.log_command:Invoked command in '/home/alberto/tiago_public_ws/build/pal_urdf_utils' returned '0': CMAKE_PREFIX_PATH=/opt/ros/humble /usr/bin/cmake /home/alberto/tiago_public_ws/src/pal_urdf_utils -DAMENT_CMAKE_SYMLINK_INSTALL=1 -DCMAKE_INSTALL_PREFIX=/home/alberto/tiago_public_ws/install/pal_urdf_utils
[2.408s] DEBUG:colcon.colcon_core.event_handler.log_command:Invoking command in '/home/alberto/tiago_public_ws/build/pal_urdf_utils': CMAKE_PREFIX_PATH=/opt/ros/humble /usr/bin/cmake --build /home/alberto/tiago_public_ws/build/pal_urdf_utils -- -j8 -l8
[2.433s] DEBUG:colcon.colcon_core.event_handler.log_command:Invoked command in '/home/alberto/tiago_public_ws/build/pal_hey5_controller_configuration' returned '0': CMAKE_PREFIX_PATH=/opt/ros/humble /usr/bin/cmake --build /home/alberto/tiago_public_ws/build/pal_hey5_controller_configuration -- -j8 -l8
[2.451s] DEBUG:colcon.colcon_core.event_handler.log_command:Invoking command in '/home/alberto/tiago_public_ws/build/pal_hey5_controller_configuration': CMAKE_PREFIX_PATH=/opt/ros/humble /usr/bin/cmake --install /home/alberto/tiago_public_ws/build/pal_hey5_controller_configuration
[2.451s] DEBUG:colcon.colcon_core.event_handler.log_command:Invoked command in '/home/alberto/tiago_public_ws/build/pal_robotiq_controller_configuration' returned '0': CMAKE_PREFIX_PATH=/opt/ros/humble /usr/bin/cmake --build /home/alberto/tiago_public_ws/build/pal_robotiq_controller_configuration -- -j8 -l8
[2.454s] DEBUG:colcon.colcon_core.event_handler.log_command:Invoking command in '/home/alberto/tiago_public_ws/build/pal_robotiq_controller_configuration': CMAKE_PREFIX_PATH=/opt/ros/humble /usr/bin/cmake --install /home/alberto/tiago_public_ws/build/pal_robotiq_controller_configuration
[2.461s] DEBUG:colcon.colcon_core.event_handler.log_command:Invoked command in '/home/alberto/tiago_public_ws/build/pal_gripper_controller_configuration' returned '0': CMAKE_PREFIX_PATH=/opt/ros/humble /usr/bin/cmake --build /home/alberto/tiago_public_ws/build/pal_gripper_controller_configuration -- -j8 -l8
[2.463s] DEBUG:colcon.colcon_core.event_handler.log_command:Invoking command in '/home/alberto/tiago_public_ws/build/pal_gripper_controller_configuration': CMAKE_PREFIX_PATH=/opt/ros/humble /usr/bin/cmake --install /home/alberto/tiago_public_ws/build/pal_gripper_controller_configuration
[2.465s] DEBUG:colcon.colcon_core.event_handler.log_command:Invoked command in '/home/alberto/tiago_public_ws/build/pal_robotiq_description' returned '0': CMAKE_PREFIX_PATH=/opt/ros/humble /usr/bin/cmake --build /home/alberto/tiago_public_ws/build/pal_robotiq_description -- -j8 -l8
[2.471s] DEBUG:colcon.colcon_core.event_handler.log_command:Invoking command in '/home/alberto/tiago_public_ws/build/pal_robotiq_description': CMAKE_PREFIX_PATH=/opt/ros/humble /usr/bin/cmake --install /home/alberto/tiago_public_ws/build/pal_robotiq_description
[2.474s] DEBUG:colcon.colcon_core.event_handler.log_command:Invoked command in '/home/alberto/tiago_public_ws/build/pal_urdf_utils' returned '0': CMAKE_PREFIX_PATH=/opt/ros/humble /usr/bin/cmake --build /home/alberto/tiago_public_ws/build/pal_urdf_utils -- -j8 -l8
[2.477s] DEBUG:colcon.colcon_core.event_handler.log_command:Invoking command in '/home/alberto/tiago_public_ws/build/pal_urdf_utils': CMAKE_PREFIX_PATH=/opt/ros/humble /usr/bin/cmake --install /home/alberto/tiago_public_ws/build/pal_urdf_utils
[2.672s] Level 1:colcon.colcon_core.environment:create_environment_scripts_only(pal_hey5_controller_configuration)
[2.680s] DEBUG:colcon.colcon_core.event_handler.log_command:Invoked command in '/home/alberto/tiago_public_ws/build/pal_hey5_controller_configuration' returned '0': CMAKE_PREFIX_PATH=/opt/ros/humble /usr/bin/cmake --install /home/alberto/tiago_public_ws/build/pal_hey5_controller_configuration
[2.695s] Level 1:colcon.colcon_core.environment:checking '/home/alberto/tiago_public_ws/install/pal_hey5_controller_configuration' for CMake module files
[2.695s] Level 1:colcon.colcon_core.environment:checking '/home/alberto/tiago_public_ws/install/pal_hey5_controller_configuration' for CMake config files
[2.696s] Level 1:colcon.colcon_core.shell:create_environment_hook('pal_hey5_controller_configuration', 'cmake_prefix_path')
[2.696s] INFO:colcon.colcon_core.shell:Creating environment hook '/home/alberto/tiago_public_ws/install/pal_hey5_controller_configuration/share/pal_hey5_controller_configuration/hook/cmake_prefix_path.ps1'
[2.697s] INFO:colcon.colcon_core.shell:Creating environment descriptor '/home/alberto/tiago_public_ws/install/pal_hey5_controller_configuration/share/pal_hey5_controller_configuration/hook/cmake_prefix_path.dsv'
[2.697s] INFO:colcon.colcon_core.shell:Creating environment hook '/home/alberto/tiago_public_ws/install/pal_hey5_controller_configuration/share/pal_hey5_controller_configuration/hook/cmake_prefix_path.sh'
[2.698s] Level 1:colcon.colcon_core.environment:checking '/home/alberto/tiago_public_ws/install/pal_hey5_controller_configuration/bin'
[2.698s] Level 1:colcon.colcon_core.environment:checking '/home/alberto/tiago_public_ws/install/pal_hey5_controller_configuration/lib/pkgconfig/pal_hey5_controller_configuration.pc'
[2.698s] Level 1:colcon.colcon_core.environment:checking '/home/alberto/tiago_public_ws/install/pal_hey5_controller_configuration/lib/python3.10/site-packages'
[2.698s] Level 1:colcon.colcon_core.environment:checking '/home/alberto/tiago_public_ws/install/pal_hey5_controller_configuration/bin'
[2.699s] INFO:colcon.colcon_core.shell:Creating package script '/home/alberto/tiago_public_ws/install/pal_hey5_controller_configuration/share/pal_hey5_controller_configuration/package.ps1'
[2.701s] INFO:colcon.colcon_core.shell:Creating package descriptor '/home/alberto/tiago_public_ws/install/pal_hey5_controller_configuration/share/pal_hey5_controller_configuration/package.dsv'
[2.702s] INFO:colcon.colcon_core.shell:Creating package script '/home/alberto/tiago_public_ws/install/pal_hey5_controller_configuration/share/pal_hey5_controller_configuration/package.sh'
[2.703s] INFO:colcon.colcon_core.shell:Creating package script '/home/alberto/tiago_public_ws/install/pal_hey5_controller_configuration/share/pal_hey5_controller_configuration/package.bash'
[2.705s] INFO:colcon.colcon_core.shell:Creating package script '/home/alberto/tiago_public_ws/install/pal_hey5_controller_configuration/share/pal_hey5_controller_configuration/package.zsh'
[2.707s] Level 1:colcon.colcon_core.environment:create_file_with_runtime_dependencies(/home/alberto/tiago_public_ws/install/pal_hey5_controller_configuration/share/colcon-core/packages/pal_hey5_controller_configuration)
[2.708s] Level 1:colcon.colcon_core.environment:create_environment_scripts_only(pal_hey5_controller_configuration)
[2.709s] Level 1:colcon.colcon_core.environment:checking '/home/alberto/tiago_public_ws/install/pal_hey5_controller_configuration' for CMake module files
[2.709s] Level 1:colcon.colcon_core.environment:checking '/home/alberto/tiago_public_ws/install/pal_hey5_controller_configuration' for CMake config files
[2.710s] Level 1:colcon.colcon_core.shell:create_environment_hook('pal_hey5_controller_configuration', 'cmake_prefix_path')
[2.710s] INFO:colcon.colcon_core.shell:Creating environment hook '/home/alberto/tiago_public_ws/install/pal_hey5_controller_configuration/share/pal_hey5_controller_configuration/hook/cmake_prefix_path.ps1'
[2.711s] INFO:colcon.colcon_core.shell:Creating environment descriptor '/home/alberto/tiago_public_ws/install/pal_hey5_controller_configuration/share/pal_hey5_controller_configuration/hook/cmake_prefix_path.dsv'
[2.711s] INFO:colcon.colcon_core.shell:Creating environment hook '/home/alberto/tiago_public_ws/install/pal_hey5_controller_configuration/share/pal_hey5_controller_configuration/hook/cmake_prefix_path.sh'
[2.712s] Level 1:colcon.colcon_core.environment:checking '/home/alberto/tiago_public_ws/install/pal_hey5_controller_configuration/bin'
[2.712s] Level 1:colcon.colcon_core.environment:checking '/home/alberto/tiago_public_ws/install/pal_hey5_controller_configuration/lib/pkgconfig/pal_hey5_controller_configuration.pc'
[2.712s] Level 1:colcon.colcon_core.environment:checking '/home/alberto/tiago_public_ws/install/pal_hey5_controller_configuration/lib/python3.10/site-packages'
[2.713s] Level 1:colcon.colcon_core.environment:checking '/home/alberto/tiago_public_ws/install/pal_hey5_controller_configuration/bin'
[2.713s] INFO:colcon.colcon_core.shell:Creating package script '/home/alberto/tiago_public_ws/install/pal_hey5_controller_configuration/share/pal_hey5_controller_configuration/package.ps1'
[2.713s] INFO:colcon.colcon_core.shell:Creating package descriptor '/home/alberto/tiago_public_ws/install/pal_hey5_controller_configuration/share/pal_hey5_controller_configuration/package.dsv'
[2.714s] INFO:colcon.colcon_core.shell:Creating package script '/home/alberto/tiago_public_ws/install/pal_hey5_controller_configuration/share/pal_hey5_controller_configuration/package.sh'
[2.715s] INFO:colcon.colcon_core.shell:Creating package script '/home/alberto/tiago_public_ws/install/pal_hey5_controller_configuration/share/pal_hey5_controller_configuration/package.bash'
[2.715s] INFO:colcon.colcon_core.shell:Creating package script '/home/alberto/tiago_public_ws/install/pal_hey5_controller_configuration/share/pal_hey5_controller_configuration/package.zsh'
[2.716s] Level 1:colcon.colcon_core.environment:create_file_with_runtime_dependencies(/home/alberto/tiago_public_ws/install/pal_hey5_controller_configuration/share/colcon-core/packages/pal_hey5_controller_configuration)
[2.717s] INFO:colcon.colcon_ros.task.ament_cmake.build:Building ROS package in '/home/alberto/tiago_public_ws/src/pmb2_navigation/pmb2_laser_sensors' with build type 'ament_cmake'
[2.717s] INFO:colcon.colcon_cmake.task.cmake.build:Building CMake package in '/home/alberto/tiago_public_ws/src/pmb2_navigation/pmb2_laser_sensors'
[2.717s] INFO:colcon.colcon_core.shell:Skip shell extension 'powershell' for command environment: Not usable outside of PowerShell
[2.717s] DEBUG:colcon.colcon_core.shell:Skip shell extension 'dsv' for command environment
[2.722s] Level 1:colcon.colcon_core.environment:create_environment_scripts_only(pal_robotiq_controller_configuration)
[2.723s] Level 1:colcon.colcon_core.environment:checking '/home/alberto/tiago_public_ws/install/pal_robotiq_controller_configuration' for CMake module files
[2.730s] DEBUG:colcon.colcon_core.event_handler.log_command:Invoked command in '/home/alberto/tiago_public_ws/build/pal_robotiq_controller_configuration' returned '0': CMAKE_PREFIX_PATH=/opt/ros/humble /usr/bin/cmake --install /home/alberto/tiago_public_ws/build/pal_robotiq_controller_configuration
[2.731s] Level 1:colcon.colcon_core.environment:checking '/home/alberto/tiago_public_ws/install/pal_robotiq_controller_configuration' for CMake config files
[2.732s] Level 1:colcon.colcon_core.shell:create_environment_hook('pal_robotiq_controller_configuration', 'cmake_prefix_path')
[2.732s] INFO:colcon.colcon_core.shell:Creating environment hook '/home/alberto/tiago_public_ws/install/pal_robotiq_controller_configuration/share/pal_robotiq_controller_configuration/hook/cmake_prefix_path.ps1'
[2.733s] INFO:colcon.colcon_core.shell:Creating environment descriptor '/home/alberto/tiago_public_ws/install/pal_robotiq_controller_configuration/share/pal_robotiq_controller_configuration/hook/cmake_prefix_path.dsv'
[2.733s] INFO:colcon.colcon_core.shell:Creating environment hook '/home/alberto/tiago_public_ws/install/pal_robotiq_controller_configuration/share/pal_robotiq_controller_configuration/hook/cmake_prefix_path.sh'
[2.734s] Level 1:colcon.colcon_core.environment:checking '/home/alberto/tiago_public_ws/install/pal_robotiq_controller_configuration/bin'
[2.734s] Level 1:colcon.colcon_core.environment:checking '/home/alberto/tiago_public_ws/install/pal_robotiq_controller_configuration/lib/pkgconfig/pal_robotiq_controller_configuration.pc'
[2.734s] Level 1:colcon.colcon_core.environment:checking '/home/alberto/tiago_public_ws/install/pal_robotiq_controller_configuration/lib/python3.10/site-packages'
[2.738s] Level 1:colcon.colcon_core.environment:checking '/home/alberto/tiago_public_ws/install/pal_robotiq_controller_configuration/bin'
[2.739s] INFO:colcon.colcon_core.shell:Creating package script '/home/alberto/tiago_public_ws/install/pal_robotiq_controller_configuration/share/pal_robotiq_controller_configuration/package.ps1'
[2.741s] INFO:colcon.colcon_core.shell:Creating package descriptor '/home/alberto/tiago_public_ws/install/pal_robotiq_controller_configuration/share/pal_robotiq_controller_configuration/package.dsv'
[2.747s] INFO:colcon.colcon_core.shell:Creating package script '/home/alberto/tiago_public_ws/install/pal_robotiq_controller_configuration/share/pal_robotiq_controller_configuration/package.sh'
[2.747s] INFO:colcon.colcon_core.shell:Creating package script '/home/alberto/tiago_public_ws/install/pal_robotiq_controller_configuration/share/pal_robotiq_controller_configuration/package.bash'
[2.748s] INFO:colcon.colcon_core.shell:Creating package script '/home/alberto/tiago_public_ws/install/pal_robotiq_controller_configuration/share/pal_robotiq_controller_configuration/package.zsh'
[2.748s] Level 1:colcon.colcon_core.environment:create_file_with_runtime_dependencies(/home/alberto/tiago_public_ws/install/pal_robotiq_controller_configuration/share/colcon-core/packages/pal_robotiq_controller_configuration)
[2.750s] Level 1:colcon.colcon_core.environment:create_environment_scripts_only(pal_robotiq_controller_configuration)
[2.750s] Level 1:colcon.colcon_core.environment:checking '/home/alberto/tiago_public_ws/install/pal_robotiq_controller_configuration' for CMake module files
[2.750s] Level 1:colcon.colcon_core.environment:checking '/home/alberto/tiago_public_ws/install/pal_robotiq_controller_configuration' for CMake config files
[2.751s] Level 1:colcon.colcon_core.shell:create_environment_hook('pal_robotiq_controller_configuration', 'cmake_prefix_path')
[2.751s] INFO:colcon.colcon_core.shell:Creating environment hook '/home/alberto/tiago_public_ws/install/pal_robotiq_controller_configuration/share/pal_robotiq_controller_configuration/hook/cmake_prefix_path.ps1'
[2.751s] INFO:colcon.colcon_core.shell:Creating environment descriptor '/home/alberto/tiago_public_ws/install/pal_robotiq_controller_configuration/share/pal_robotiq_controller_configuration/hook/cmake_prefix_path.dsv'
[2.752s] INFO:colcon.colcon_core.shell:Creating environment hook '/home/alberto/tiago_public_ws/install/pal_robotiq_controller_configuration/share/pal_robotiq_controller_configuration/hook/cmake_prefix_path.sh'
[2.753s] Level 1:colcon.colcon_core.environment:checking '/home/alberto/tiago_public_ws/install/pal_robotiq_controller_configuration/bin'
[2.753s] Level 1:colcon.colcon_core.environment:checking '/home/alberto/tiago_public_ws/install/pal_robotiq_controller_configuration/lib/pkgconfig/pal_robotiq_controller_configuration.pc'
[2.753s] Level 1:colcon.colcon_core.environment:checking '/home/alberto/tiago_public_ws/install/pal_robotiq_controller_configuration/lib/python3.10/site-packages'
[2.753s] Level 1:colcon.colcon_core.environment:checking '/home/alberto/tiago_public_ws/install/pal_robotiq_controller_configuration/bin'
[2.754s] INFO:colcon.colcon_core.shell:Creating package script '/home/alberto/tiago_public_ws/install/pal_robotiq_controller_configuration/share/pal_robotiq_controller_configuration/package.ps1'
[2.754s] INFO:colcon.colcon_core.shell:Creating package descriptor '/home/alberto/tiago_public_ws/install/pal_robotiq_controller_configuration/share/pal_robotiq_controller_configuration/package.dsv'
[2.755s] INFO:colcon.colcon_core.shell:Creating package script '/home/alberto/tiago_public_ws/install/pal_robotiq_controller_configuration/share/pal_robotiq_controller_configuration/package.sh'
[2.756s] INFO:colcon.colcon_core.shell:Creating package script '/home/alberto/tiago_public_ws/install/pal_robotiq_controller_configuration/share/pal_robotiq_controller_configuration/package.bash'
[2.757s] INFO:colcon.colcon_core.shell:Creating package script '/home/alberto/tiago_public_ws/install/pal_robotiq_controller_configuration/share/pal_robotiq_controller_configuration/package.zsh'
[2.758s] Level 1:colcon.colcon_core.environment:create_file_with_runtime_dependencies(/home/alberto/tiago_public_ws/install/pal_robotiq_controller_configuration/share/colcon-core/packages/pal_robotiq_controller_configuration)
[2.760s] INFO:colcon.colcon_ros.task.ament_cmake.build:Building ROS package in '/home/alberto/tiago_public_ws/src/pal_gazebo_worlds' with build type 'ament_cmake'
[2.760s] INFO:colcon.colcon_cmake.task.cmake.build:Building CMake package in '/home/alberto/tiago_public_ws/src/pal_gazebo_worlds'
[2.761s] INFO:colcon.colcon_core.shell:Skip shell extension 'powershell' for command environment: Not usable outside of PowerShell
[2.761s] DEBUG:colcon.colcon_core.shell:Skip shell extension 'dsv' for command environment
[2.780s] DEBUG:colcon.colcon_core.event_handler.log_command:Invoking command in '/home/alberto/tiago_public_ws/build/pmb2_laser_sensors': CMAKE_PREFIX_PATH=/opt/ros/humble /usr/bin/cmake /home/alberto/tiago_public_ws/src/pmb2_navigation/pmb2_laser_sensors -DAMENT_CMAKE_SYMLINK_INSTALL=1 -DCMAKE_INSTALL_PREFIX=/home/alberto/tiago_public_ws/install/pmb2_laser_sensors
[2.782s] Level 1:colcon.colcon_core.shell:create_environment_hook('launch_pal', 'pythonpath_develop')
[2.782s] INFO:colcon.colcon_core.shell:Creating environment hook '/home/alberto/tiago_public_ws/build/launch_pal/share/launch_pal/hook/pythonpath_develop.ps1'
[2.784s] INFO:colcon.colcon_core.shell:Creating environment descriptor '/home/alberto/tiago_public_ws/build/launch_pal/share/launch_pal/hook/pythonpath_develop.dsv'
[2.784s] INFO:colcon.colcon_core.shell:Creating environment hook '/home/alberto/tiago_public_ws/build/launch_pal/share/launch_pal/hook/pythonpath_develop.sh'
[2.784s] Level 1:colcon.colcon_core.environment:checking '/home/alberto/tiago_public_ws/install/launch_pal' for CMake module files
[2.785s] Level 1:colcon.colcon_core.environment:checking '/home/alberto/tiago_public_ws/install/launch_pal' for CMake config files
[2.785s] Level 1:colcon.colcon_core.environment:checking '/home/alberto/tiago_public_ws/install/launch_pal/lib'
[2.786s] Level 1:colcon.colcon_core.environment:checking '/home/alberto/tiago_public_ws/install/launch_pal/bin'
[2.786s] Level 1:colcon.colcon_core.environment:checking '/home/alberto/tiago_public_ws/install/launch_pal/lib/pkgconfig/launch_pal.pc'
[2.786s] Level 1:colcon.colcon_core.environment:checking '/home/alberto/tiago_public_ws/install/launch_pal/lib/python3.10/site-packages'
[2.786s] Level 1:colcon.colcon_core.shell:create_environment_hook('launch_pal', 'pythonpath')
[2.786s] INFO:colcon.colcon_core.shell:Creating environment hook '/home/alberto/tiago_public_ws/install/launch_pal/share/launch_pal/hook/pythonpath.ps1'
[2.787s] INFO:colcon.colcon_core.shell:Creating environment descriptor '/home/alberto/tiago_public_ws/install/launch_pal/share/launch_pal/hook/pythonpath.dsv'
[2.787s] INFO:colcon.colcon_core.shell:Creating environment hook '/home/alberto/tiago_public_ws/install/launch_pal/share/launch_pal/hook/pythonpath.sh'
[2.788s] DEBUG:colcon.colcon_core.event_handler.log_command:Invoking command in '/home/alberto/tiago_public_ws/build/pal_gazebo_worlds': CMAKE_PREFIX_PATH=/opt/ros/humble /usr/bin/cmake /home/alberto/tiago_public_ws/src/pal_gazebo_worlds -DAMENT_CMAKE_SYMLINK_INSTALL=1 -DCMAKE_INSTALL_PREFIX=/home/alberto/tiago_public_ws/install/pal_gazebo_worlds
[2.789s] DEBUG:colcon.colcon_core.event_handler.log_command:Invoked command in '/home/alberto/tiago_public_ws/build/launch_pal' returned '0': PYTHONPATH=/home/alberto/tiago_public_ws/build/launch_pal/prefix_override:/usr/lib/python3/dist-packages/colcon_core/task/python/colcon_distutils_commands:/home/alberto/tiago_public_ws/install/launch_pal/lib/python3.10/site-packages:${PYTHONPATH} /usr/bin/python3 -W ignore:setup.py install is deprecated -W ignore:easy_install command is deprecated setup.py develop --editable --build-directory /home/alberto/tiago_public_ws/build/launch_pal/build --no-deps symlink_data
[2.790s] Level 1:colcon.colcon_core.environment:checking '/home/alberto/tiago_public_ws/install/launch_pal/bin'
[2.790s] Level 1:colcon.colcon_core.environment:create_environment_scripts_only(launch_pal)
[2.790s] INFO:colcon.colcon_core.shell:Creating package script '/home/alberto/tiago_public_ws/install/launch_pal/share/launch_pal/package.ps1'
[2.791s] INFO:colcon.colcon_core.shell:Creating package descriptor '/home/alberto/tiago_public_ws/install/launch_pal/share/launch_pal/package.dsv'
[2.791s] INFO:colcon.colcon_core.shell:Creating package script '/home/alberto/tiago_public_ws/install/launch_pal/share/launch_pal/package.sh'
[2.792s] INFO:colcon.colcon_core.shell:Creating package script '/home/alberto/tiago_public_ws/install/launch_pal/share/launch_pal/package.bash'
[2.792s] INFO:colcon.colcon_core.shell:Creating package script '/home/alberto/tiago_public_ws/install/launch_pal/share/launch_pal/package.zsh'
[2.793s] Level 1:colcon.colcon_core.environment:create_file_with_runtime_dependencies(/home/alberto/tiago_public_ws/install/launch_pal/share/colcon-core/packages/launch_pal)
[2.794s] INFO:colcon.colcon_ros.task.ament_cmake.build:Building ROS package in '/home/alberto/tiago_public_ws/src/pmb2_robot/pmb2_controller_configuration' with build type 'ament_cmake'
[2.794s] INFO:colcon.colcon_cmake.task.cmake.build:Building CMake package in '/home/alberto/tiago_public_ws/src/pmb2_robot/pmb2_controller_configuration'
[2.794s] INFO:colcon.colcon_core.shell:Skip shell extension 'powershell' for command environment: Not usable outside of PowerShell
[2.794s] DEBUG:colcon.colcon_core.shell:Skip shell extension 'dsv' for command environment
[2.813s] DEBUG:colcon.colcon_core.event_handler.log_command:Invoking command in '/home/alberto/tiago_public_ws/build/pmb2_controller_configuration': AMENT_PREFIX_PATH=/home/alberto/tiago_public_ws/install/launch_pal:${AMENT_PREFIX_PATH} CMAKE_PREFIX_PATH=/opt/ros/humble PYTHONPATH=/home/alberto/tiago_public_ws/build/launch_pal:/home/alberto/tiago_public_ws/install/launch_pal/lib/python3.10/site-packages:${PYTHONPATH} /usr/bin/cmake /home/alberto/tiago_public_ws/src/pmb2_robot/pmb2_controller_configuration -DAMENT_CMAKE_SYMLINK_INSTALL=1 -DCMAKE_INSTALL_PREFIX=/home/alberto/tiago_public_ws/install/pmb2_controller_configuration
[2.847s] Level 1:colcon.colcon_core.environment:create_environment_scripts_only(pal_gripper_controller_configuration)
[2.847s] Level 1:colcon.colcon_core.environment:checking '/home/alberto/tiago_public_ws/install/pal_gripper_controller_configuration' for CMake module files
[2.848s] Level 1:colcon.colcon_core.environment:checking '/home/alberto/tiago_public_ws/install/pal_gripper_controller_configuration' for CMake config files
[2.849s] DEBUG:colcon.colcon_core.event_handler.log_command:Invoked command in '/home/alberto/tiago_public_ws/build/pal_gripper_controller_configuration' returned '0': CMAKE_PREFIX_PATH=/opt/ros/humble /usr/bin/cmake --install /home/alberto/tiago_public_ws/build/pal_gripper_controller_configuration
[2.849s] Level 1:colcon.colcon_core.shell:create_environment_hook('pal_gripper_controller_configuration', 'cmake_prefix_path')
[2.849s] INFO:colcon.colcon_core.shell:Creating environment hook '/home/alberto/tiago_public_ws/install/pal_gripper_controller_configuration/share/pal_gripper_controller_configuration/hook/cmake_prefix_path.ps1'
[2.850s] INFO:colcon.colcon_core.shell:Creating environment descriptor '/home/alberto/tiago_public_ws/install/pal_gripper_controller_configuration/share/pal_gripper_controller_configuration/hook/cmake_prefix_path.dsv'
[2.851s] INFO:colcon.colcon_core.shell:Creating environment hook '/home/alberto/tiago_public_ws/install/pal_gripper_controller_configuration/share/pal_gripper_controller_configuration/hook/cmake_prefix_path.sh'
[2.852s] Level 1:colcon.colcon_core.environment:checking '/home/alberto/tiago_public_ws/install/pal_gripper_controller_configuration/bin'
[2.852s] Level 1:colcon.colcon_core.environment:checking '/home/alberto/tiago_public_ws/install/pal_gripper_controller_configuration/lib/pkgconfig/pal_gripper_controller_configuration.pc'
[2.852s] Level 1:colcon.colcon_core.environment:checking '/home/alberto/tiago_public_ws/install/pal_gripper_controller_configuration/lib/python3.10/site-packages'
[2.852s] Level 1:colcon.colcon_core.environment:checking '/home/alberto/tiago_public_ws/install/pal_gripper_controller_configuration/bin'
[2.852s] INFO:colcon.colcon_core.shell:Creating package script '/home/alberto/tiago_public_ws/install/pal_gripper_controller_configuration/share/pal_gripper_controller_configuration/package.ps1'
[2.854s] INFO:colcon.colcon_core.shell:Creating package descriptor '/home/alberto/tiago_public_ws/install/pal_gripper_controller_configuration/share/pal_gripper_controller_configuration/package.dsv'
[2.855s] INFO:colcon.colcon_core.shell:Creating package script '/home/alberto/tiago_public_ws/install/pal_gripper_controller_configuration/share/pal_gripper_controller_configuration/package.sh'
[2.856s] INFO:colcon.colcon_core.shell:Creating package script '/home/alberto/tiago_public_ws/install/pal_gripper_controller_configuration/share/pal_gripper_controller_configuration/package.bash'
[2.856s] INFO:colcon.colcon_core.shell:Creating package script '/home/alberto/tiago_public_ws/install/pal_gripper_controller_configuration/share/pal_gripper_controller_configuration/package.zsh'
[2.857s] Level 1:colcon.colcon_core.environment:create_file_with_runtime_dependencies(/home/alberto/tiago_public_ws/install/pal_gripper_controller_configuration/share/colcon-core/packages/pal_gripper_controller_configuration)
[2.858s] Level 1:colcon.colcon_core.environment:create_environment_scripts_only(pal_gripper_controller_configuration)
[2.859s] Level 1:colcon.colcon_core.environment:checking '/home/alberto/tiago_public_ws/install/pal_gripper_controller_configuration' for CMake module files
[2.859s] Level 1:colcon.colcon_core.environment:checking '/home/alberto/tiago_public_ws/install/pal_gripper_controller_configuration' for CMake config files
[2.860s] Level 1:colcon.colcon_core.shell:create_environment_hook('pal_gripper_controller_configuration', 'cmake_prefix_path')
[2.860s] INFO:colcon.colcon_core.shell:Creating environment hook '/home/alberto/tiago_public_ws/install/pal_gripper_controller_configuration/share/pal_gripper_controller_configuration/hook/cmake_prefix_path.ps1'
[2.861s] INFO:colcon.colcon_core.shell:Creating environment descriptor '/home/alberto/tiago_public_ws/install/pal_gripper_controller_configuration/share/pal_gripper_controller_configuration/hook/cmake_prefix_path.dsv'
[2.862s] INFO:colcon.colcon_core.shell:Creating environment hook '/home/alberto/tiago_public_ws/install/pal_gripper_controller_configuration/share/pal_gripper_controller_configuration/hook/cmake_prefix_path.sh'
[2.863s] Level 1:colcon.colcon_core.environment:checking '/home/alberto/tiago_public_ws/install/pal_gripper_controller_configuration/bin'
[2.863s] Level 1:colcon.colcon_core.environment:checking '/home/alberto/tiago_public_ws/install/pal_gripper_controller_configuration/lib/pkgconfig/pal_gripper_controller_configuration.pc'
[2.863s] Level 1:colcon.colcon_core.environment:checking '/home/alberto/tiago_public_ws/install/pal_gripper_controller_configuration/lib/python3.10/site-packages'
[2.863s] Level 1:colcon.colcon_core.environment:checking '/home/alberto/tiago_public_ws/install/pal_gripper_controller_configuration/bin'
[2.864s] INFO:colcon.colcon_core.shell:Creating package script '/home/alberto/tiago_public_ws/install/pal_gripper_controller_configuration/share/pal_gripper_controller_configuration/package.ps1'
[2.865s] INFO:colcon.colcon_core.shell:Creating package descriptor '/home/alberto/tiago_public_ws/install/pal_gripper_controller_configuration/share/pal_gripper_controller_configuration/package.dsv'
[2.866s] INFO:colcon.colcon_core.shell:Creating package script '/home/alberto/tiago_public_ws/install/pal_gripper_controller_configuration/share/pal_gripper_controller_configuration/package.sh'
[2.867s] INFO:colcon.colcon_core.shell:Creating package script '/home/alberto/tiago_public_ws/install/pal_gripper_controller_configuration/share/pal_gripper_controller_configuration/package.bash'
[2.867s] INFO:colcon.colcon_core.shell:Creating package script '/home/alberto/tiago_public_ws/install/pal_gripper_controller_configuration/share/pal_gripper_controller_configuration/package.zsh'
[2.868s] Level 1:colcon.colcon_core.environment:create_file_with_runtime_dependencies(/home/alberto/tiago_public_ws/install/pal_gripper_controller_configuration/share/colcon-core/packages/pal_gripper_controller_configuration)
[2.869s] INFO:colcon.colcon_ros.task.ament_cmake.build:Building ROS package in '/home/alberto/tiago_public_ws/src/pmb2_navigation/pmb2_2dnav' with build type 'ament_cmake'
[2.869s] INFO:colcon.colcon_cmake.task.cmake.build:Building CMake package in '/home/alberto/tiago_public_ws/src/pmb2_navigation/pmb2_2dnav'
[2.869s] INFO:colcon.colcon_core.shell:Skip shell extension 'powershell' for command environment: Not usable outside of PowerShell
[2.869s] DEBUG:colcon.colcon_core.shell:Skip shell extension 'dsv' for command environment
[2.887s] DEBUG:colcon.colcon_core.event_handler.log_command:Invoking command in '/home/alberto/tiago_public_ws/build/pmb2_2dnav': AMENT_PREFIX_PATH=/home/alberto/tiago_public_ws/install/launch_pal:${AMENT_PREFIX_PATH} CMAKE_PREFIX_PATH=/opt/ros/humble PYTHONPATH=/home/alberto/tiago_public_ws/build/launch_pal:/home/alberto/tiago_public_ws/install/launch_pal/lib/python3.10/site-packages:${PYTHONPATH} /usr/bin/cmake /home/alberto/tiago_public_ws/src/pmb2_navigation/pmb2_2dnav -DAMENT_CMAKE_SYMLINK_INSTALL=1 -DCMAKE_INSTALL_PREFIX=/home/alberto/tiago_public_ws/install/pmb2_2dnav
[3.154s] Level 1:colcon.colcon_core.environment:create_environment_scripts_only(pal_robotiq_description)
[3.155s] Level 1:colcon.colcon_core.environment:checking '/home/alberto/tiago_public_ws/install/pal_robotiq_description' for CMake module files
[3.156s] Level 1:colcon.colcon_core.environment:checking '/home/alberto/tiago_public_ws/install/pal_robotiq_description' for CMake config files
[3.156s] Level 1:colcon.colcon_core.shell:create_environment_hook('pal_robotiq_description', 'cmake_prefix_path')
[3.157s] INFO:colcon.colcon_core.shell:Creating environment hook '/home/alberto/tiago_public_ws/install/pal_robotiq_description/share/pal_robotiq_description/hook/cmake_prefix_path.ps1'
[3.158s] DEBUG:colcon.colcon_core.event_handler.log_command:Invoked command in '/home/alberto/tiago_public_ws/build/pal_robotiq_description' returned '0': CMAKE_PREFIX_PATH=/opt/ros/humble /usr/bin/cmake --install /home/alberto/tiago_public_ws/build/pal_robotiq_description
[3.160s] INFO:colcon.colcon_core.shell:Creating environment descriptor '/home/alberto/tiago_public_ws/install/pal_robotiq_description/share/pal_robotiq_description/hook/cmake_prefix_path.dsv'
[3.161s] INFO:colcon.colcon_core.shell:Creating environment hook '/home/alberto/tiago_public_ws/install/pal_robotiq_description/share/pal_robotiq_description/hook/cmake_prefix_path.sh'
[3.162s] Level 1:colcon.colcon_core.environment:checking '/home/alberto/tiago_public_ws/install/pal_robotiq_description/bin'
[3.162s] Level 1:colcon.colcon_core.environment:checking '/home/alberto/tiago_public_ws/install/pal_robotiq_description/lib/pkgconfig/pal_robotiq_description.pc'
[3.162s] Level 1:colcon.colcon_core.environment:checking '/home/alberto/tiago_public_ws/install/pal_robotiq_description/lib/python3.10/site-packages'
[3.162s] Level 1:colcon.colcon_core.environment:checking '/home/alberto/tiago_public_ws/install/pal_robotiq_description/bin'
[3.163s] INFO:colcon.colcon_core.shell:Creating package script '/home/alberto/tiago_public_ws/install/pal_robotiq_description/share/pal_robotiq_description/package.ps1'
[3.163s] INFO:colcon.colcon_core.shell:Creating package descriptor '/home/alberto/tiago_public_ws/install/pal_robotiq_description/share/pal_robotiq_description/package.dsv'
[3.163s] INFO:colcon.colcon_core.shell:Creating package script '/home/alberto/tiago_public_ws/install/pal_robotiq_description/share/pal_robotiq_description/package.sh'
[3.164s] INFO:colcon.colcon_core.shell:Creating package script '/home/alberto/tiago_public_ws/install/pal_robotiq_description/share/pal_robotiq_description/package.bash'
[3.164s] INFO:colcon.colcon_core.shell:Creating package script '/home/alberto/tiago_public_ws/install/pal_robotiq_description/share/pal_robotiq_description/package.zsh'
[3.164s] Level 1:colcon.colcon_core.environment:create_file_with_runtime_dependencies(/home/alberto/tiago_public_ws/install/pal_robotiq_description/share/colcon-core/packages/pal_robotiq_description)
[3.165s] Level 1:colcon.colcon_core.environment:create_environment_scripts_only(pal_robotiq_description)
[3.165s] Level 1:colcon.colcon_core.environment:checking '/home/alberto/tiago_public_ws/install/pal_robotiq_description' for CMake module files
[3.166s] Level 1:colcon.colcon_core.environment:checking '/home/alberto/tiago_public_ws/install/pal_robotiq_description' for CMake config files
[3.167s] Level 1:colcon.colcon_core.shell:create_environment_hook('pal_robotiq_description', 'cmake_prefix_path')
[3.167s] INFO:colcon.colcon_core.shell:Creating environment hook '/home/alberto/tiago_public_ws/install/pal_robotiq_description/share/pal_robotiq_description/hook/cmake_prefix_path.ps1'
[3.168s] INFO:colcon.colcon_core.shell:Creating environment descriptor '/home/alberto/tiago_public_ws/install/pal_robotiq_description/share/pal_robotiq_description/hook/cmake_prefix_path.dsv'
[3.168s] INFO:colcon.colcon_core.shell:Creating environment hook '/home/alberto/tiago_public_ws/install/pal_robotiq_description/share/pal_robotiq_description/hook/cmake_prefix_path.sh'
[3.169s] Level 1:colcon.colcon_core.environment:checking '/home/alberto/tiago_public_ws/install/pal_robotiq_description/bin'
[3.169s] Level 1:colcon.colcon_core.environment:checking '/home/alberto/tiago_public_ws/install/pal_robotiq_description/lib/pkgconfig/pal_robotiq_description.pc'
[3.169s] Level 1:colcon.colcon_core.environment:checking '/home/alberto/tiago_public_ws/install/pal_robotiq_description/lib/python3.10/site-packages'
[3.169s] Level 1:colcon.colcon_core.environment:checking '/home/alberto/tiago_public_ws/install/pal_robotiq_description/bin'
[3.170s] INFO:colcon.colcon_core.shell:Creating package script '/home/alberto/tiago_public_ws/install/pal_robotiq_description/share/pal_robotiq_description/package.ps1'
[3.170s] INFO:colcon.colcon_core.shell:Creating package descriptor '/home/alberto/tiago_public_ws/install/pal_robotiq_description/share/pal_robotiq_description/package.dsv'
[3.171s] INFO:colcon.colcon_core.shell:Creating package script '/home/alberto/tiago_public_ws/install/pal_robotiq_description/share/pal_robotiq_description/package.sh'
[3.171s] INFO:colcon.colcon_core.shell:Creating package script '/home/alberto/tiago_public_ws/install/pal_robotiq_description/share/pal_robotiq_description/package.bash'
[3.172s] INFO:colcon.colcon_core.shell:Creating package script '/home/alberto/tiago_public_ws/install/pal_robotiq_description/share/pal_robotiq_description/package.zsh'
[3.172s] Level 1:colcon.colcon_core.environment:create_file_with_runtime_dependencies(/home/alberto/tiago_public_ws/install/pal_robotiq_description/share/colcon-core/packages/pal_robotiq_description)
[3.173s] INFO:colcon.colcon_ros.task.ament_cmake.build:Building ROS package in '/home/alberto/tiago_public_ws/src/pal_navigation_cfg_public/pal_navigation_cfg_params' with build type 'ament_cmake'
[3.173s] INFO:colcon.colcon_cmake.task.cmake.build:Building CMake package in '/home/alberto/tiago_public_ws/src/pal_navigation_cfg_public/pal_navigation_cfg_params'
[3.173s] INFO:colcon.colcon_core.shell:Skip shell extension 'powershell' for command environment: Not usable outside of PowerShell
[3.173s] DEBUG:colcon.colcon_core.shell:Skip shell extension 'dsv' for command environment
[3.185s] DEBUG:colcon.colcon_core.event_handler.log_command:Invoking command in '/home/alberto/tiago_public_ws/build/pal_navigation_cfg_params': CMAKE_PREFIX_PATH=/opt/ros/humble /usr/bin/cmake /home/alberto/tiago_public_ws/src/pal_navigation_cfg_public/pal_navigation_cfg_params -DAMENT_CMAKE_SYMLINK_INSTALL=1 -DCMAKE_INSTALL_PREFIX=/home/alberto/tiago_public_ws/install/pal_navigation_cfg_params
[3.528s] DEBUG:colcon.colcon_core.event_handler.log_command:Invoked command in '/home/alberto/tiago_public_ws/build/urdf_test' returned '0': CMAKE_PREFIX_PATH=/opt/ros/humble /usr/bin/cmake /home/alberto/tiago_public_ws/src/urdf_test -DAMENT_CMAKE_SYMLINK_INSTALL=1 -DCMAKE_INSTALL_PREFIX=/home/alberto/tiago_public_ws/install/urdf_test
[3.528s] DEBUG:colcon.colcon_core.event_handler.log_command:Invoking command in '/home/alberto/tiago_public_ws/build/urdf_test': CMAKE_PREFIX_PATH=/opt/ros/humble /usr/bin/cmake --build /home/alberto/tiago_public_ws/build/urdf_test -- -j8 -l8
[3.677s] DEBUG:colcon.colcon_core.event_handler.log_command:Invoked command in '/home/alberto/tiago_public_ws/build/pmb2_laser_sensors' returned '0': CMAKE_PREFIX_PATH=/opt/ros/humble /usr/bin/cmake /home/alberto/tiago_public_ws/src/pmb2_navigation/pmb2_laser_sensors -DAMENT_CMAKE_SYMLINK_INSTALL=1 -DCMAKE_INSTALL_PREFIX=/home/alberto/tiago_public_ws/install/pmb2_laser_sensors
[3.677s] DEBUG:colcon.colcon_core.event_handler.log_command:Invoking command in '/home/alberto/tiago_public_ws/build/pmb2_laser_sensors': CMAKE_PREFIX_PATH=/opt/ros/humble /usr/bin/cmake --build /home/alberto/tiago_public_ws/build/pmb2_laser_sensors -- -j8 -l8
[3.703s] Level 1:colcon.colcon_core.environment:create_environment_scripts_only(pal_urdf_utils)
[3.704s] DEBUG:colcon.colcon_core.event_handler.log_command:Invoked command in '/home/alberto/tiago_public_ws/build/pal_urdf_utils' returned '0': CMAKE_PREFIX_PATH=/opt/ros/humble /usr/bin/cmake --install /home/alberto/tiago_public_ws/build/pal_urdf_utils
[3.704s] Level 1:colcon.colcon_core.environment:checking '/home/alberto/tiago_public_ws/install/pal_urdf_utils' for CMake module files
[3.706s] Level 1:colcon.colcon_core.environment:checking '/home/alberto/tiago_public_ws/install/pal_urdf_utils' for CMake config files
[3.707s] Level 1:colcon.colcon_core.shell:create_environment_hook('pal_urdf_utils', 'cmake_prefix_path')
[3.707s] INFO:colcon.colcon_core.shell:Creating environment hook '/home/alberto/tiago_public_ws/install/pal_urdf_utils/share/pal_urdf_utils/hook/cmake_prefix_path.ps1'
[3.708s] INFO:colcon.colcon_core.shell:Creating environment descriptor '/home/alberto/tiago_public_ws/install/pal_urdf_utils/share/pal_urdf_utils/hook/cmake_prefix_path.dsv'
[3.708s] INFO:colcon.colcon_core.shell:Creating environment hook '/home/alberto/tiago_public_ws/install/pal_urdf_utils/share/pal_urdf_utils/hook/cmake_prefix_path.sh'
[3.709s] Level 1:colcon.colcon_core.environment:checking '/home/alberto/tiago_public_ws/install/pal_urdf_utils/bin'
[3.709s] Level 1:colcon.colcon_core.environment:checking '/home/alberto/tiago_public_ws/install/pal_urdf_utils/lib/pkgconfig/pal_urdf_utils.pc'
[3.709s] Level 1:colcon.colcon_core.environment:checking '/home/alberto/tiago_public_ws/install/pal_urdf_utils/lib/python3.10/site-packages'
[3.709s] Level 1:colcon.colcon_core.environment:checking '/home/alberto/tiago_public_ws/install/pal_urdf_utils/bin'
[3.709s] INFO:colcon.colcon_core.shell:Creating package script '/home/alberto/tiago_public_ws/install/pal_urdf_utils/share/pal_urdf_utils/package.ps1'
[3.714s] INFO:colcon.colcon_core.shell:Creating package descriptor '/home/alberto/tiago_public_ws/install/pal_urdf_utils/share/pal_urdf_utils/package.dsv'
[3.714s] INFO:colcon.colcon_core.shell:Creating package script '/home/alberto/tiago_public_ws/install/pal_urdf_utils/share/pal_urdf_utils/package.sh'
[3.715s] INFO:colcon.colcon_core.shell:Creating package script '/home/alberto/tiago_public_ws/install/pal_urdf_utils/share/pal_urdf_utils/package.bash'
[3.718s] INFO:colcon.colcon_core.shell:Creating package script '/home/alberto/tiago_public_ws/install/pal_urdf_utils/share/pal_urdf_utils/package.zsh'
[3.719s] Level 1:colcon.colcon_core.environment:create_file_with_runtime_dependencies(/home/alberto/tiago_public_ws/install/pal_urdf_utils/share/colcon-core/packages/pal_urdf_utils)
[3.720s] Level 1:colcon.colcon_core.environment:create_environment_scripts_only(pal_urdf_utils)
[3.720s] Level 1:colcon.colcon_core.environment:checking '/home/alberto/tiago_public_ws/install/pal_urdf_utils' for CMake module files
[3.721s] Level 1:colcon.colcon_core.environment:checking '/home/alberto/tiago_public_ws/install/pal_urdf_utils' for CMake config files
[3.722s] Level 1:colcon.colcon_core.shell:create_environment_hook('pal_urdf_utils', 'cmake_prefix_path')
[3.722s] INFO:colcon.colcon_core.shell:Creating environment hook '/home/alberto/tiago_public_ws/install/pal_urdf_utils/share/pal_urdf_utils/hook/cmake_prefix_path.ps1'
[3.722s] INFO:colcon.colcon_core.shell:Creating environment descriptor '/home/alberto/tiago_public_ws/install/pal_urdf_utils/share/pal_urdf_utils/hook/cmake_prefix_path.dsv'
[3.723s] INFO:colcon.colcon_core.shell:Creating environment hook '/home/alberto/tiago_public_ws/install/pal_urdf_utils/share/pal_urdf_utils/hook/cmake_prefix_path.sh'
[3.727s] Level 1:colcon.colcon_core.environment:checking '/home/alberto/tiago_public_ws/install/pal_urdf_utils/bin'
[3.727s] Level 1:colcon.colcon_core.environment:checking '/home/alberto/tiago_public_ws/install/pal_urdf_utils/lib/pkgconfig/pal_urdf_utils.pc'
[3.727s] Level 1:colcon.colcon_core.environment:checking '/home/alberto/tiago_public_ws/install/pal_urdf_utils/lib/python3.10/site-packages'
[3.727s] Level 1:colcon.colcon_core.environment:checking '/home/alberto/tiago_public_ws/install/pal_urdf_utils/bin'
[3.728s] INFO:colcon.colcon_core.shell:Creating package script '/home/alberto/tiago_public_ws/install/pal_urdf_utils/share/pal_urdf_utils/package.ps1'
[3.729s] INFO:colcon.colcon_core.shell:Creating package descriptor '/home/alberto/tiago_public_ws/install/pal_urdf_utils/share/pal_urdf_utils/package.dsv'
[3.730s] INFO:colcon.colcon_core.shell:Creating package script '/home/alberto/tiago_public_ws/install/pal_urdf_utils/share/pal_urdf_utils/package.sh'
[3.731s] INFO:colcon.colcon_core.shell:Creating package script '/home/alberto/tiago_public_ws/install/pal_urdf_utils/share/pal_urdf_utils/package.bash'
[3.731s] INFO:colcon.colcon_core.shell:Creating package script '/home/alberto/tiago_public_ws/install/pal_urdf_utils/share/pal_urdf_utils/package.zsh'
[3.732s] Level 1:colcon.colcon_core.environment:create_file_with_runtime_dependencies(/home/alberto/tiago_public_ws/install/pal_urdf_utils/share/colcon-core/packages/pal_urdf_utils)
[3.733s] INFO:colcon.colcon_ros.task.ament_cmake.build:Building ROS package in '/home/alberto/tiago_public_ws/src/pal_hey5/pal_hey5_description' with build type 'ament_cmake'
[3.733s] INFO:colcon.colcon_cmake.task.cmake.build:Building CMake package in '/home/alberto/tiago_public_ws/src/pal_hey5/pal_hey5_description'
[3.733s] INFO:colcon.colcon_core.shell:Skip shell extension 'powershell' for command environment: Not usable outside of PowerShell
[3.733s] DEBUG:colcon.colcon_core.shell:Skip shell extension 'dsv' for command environment
[3.738s] DEBUG:colcon.colcon_core.event_handler.log_command:Invoked command in '/home/alberto/tiago_public_ws/build/pmb2_controller_configuration' returned '0': AMENT_PREFIX_PATH=/home/alberto/tiago_public_ws/install/launch_pal:${AMENT_PREFIX_PATH} CMAKE_PREFIX_PATH=/opt/ros/humble PYTHONPATH=/home/alberto/tiago_public_ws/build/launch_pal:/home/alberto/tiago_public_ws/install/launch_pal/lib/python3.10/site-packages:${PYTHONPATH} /usr/bin/cmake /home/alberto/tiago_public_ws/src/pmb2_robot/pmb2_controller_configuration -DAMENT_CMAKE_SYMLINK_INSTALL=1 -DCMAKE_INSTALL_PREFIX=/home/alberto/tiago_public_ws/install/pmb2_controller_configuration
[3.740s] DEBUG:colcon.colcon_core.event_handler.log_command:Invoking command in '/home/alberto/tiago_public_ws/build/pmb2_controller_configuration': AMENT_PREFIX_PATH=/home/alberto/tiago_public_ws/install/launch_pal:${AMENT_PREFIX_PATH} CMAKE_PREFIX_PATH=/opt/ros/humble PYTHONPATH=/home/alberto/tiago_public_ws/build/launch_pal:/home/alberto/tiago_public_ws/install/launch_pal/lib/python3.10/site-packages:${PYTHONPATH} /usr/bin/cmake --build /home/alberto/tiago_public_ws/build/pmb2_controller_configuration -- -j8 -l8
[3.740s] DEBUG:colcon.colcon_core.event_handler.log_command:Invoked command in '/home/alberto/tiago_public_ws/build/pmb2_laser_sensors' returned '0': CMAKE_PREFIX_PATH=/opt/ros/humble /usr/bin/cmake --build /home/alberto/tiago_public_ws/build/pmb2_laser_sensors -- -j8 -l8
[3.747s] DEBUG:colcon.colcon_core.event_handler.log_command:Invoking command in '/home/alberto/tiago_public_ws/build/pmb2_laser_sensors': CMAKE_PREFIX_PATH=/opt/ros/humble /usr/bin/cmake --install /home/alberto/tiago_public_ws/build/pmb2_laser_sensors
[3.754s] DEBUG:colcon.colcon_core.event_handler.log_command:Invoking command in '/home/alberto/tiago_public_ws/build/pal_hey5_description': AMENT_PREFIX_PATH=/home/alberto/tiago_public_ws/install/pal_urdf_utils:${AMENT_PREFIX_PATH} CMAKE_PREFIX_PATH=/home/alberto/tiago_public_ws/install/pal_urdf_utils:/opt/ros/humble /usr/bin/cmake /home/alberto/tiago_public_ws/src/pal_hey5/pal_hey5_description -DAMENT_CMAKE_SYMLINK_INSTALL=1 -DCMAKE_INSTALL_PREFIX=/home/alberto/tiago_public_ws/install/pal_hey5_description
[3.785s] DEBUG:colcon.colcon_core.event_handler.log_command:Invoked command in '/home/alberto/tiago_public_ws/build/pmb2_2dnav' returned '0': AMENT_PREFIX_PATH=/home/alberto/tiago_public_ws/install/launch_pal:${AMENT_PREFIX_PATH} CMAKE_PREFIX_PATH=/opt/ros/humble PYTHONPATH=/home/alberto/tiago_public_ws/build/launch_pal:/home/alberto/tiago_public_ws/install/launch_pal/lib/python3.10/site-packages:${PYTHONPATH} /usr/bin/cmake /home/alberto/tiago_public_ws/src/pmb2_navigation/pmb2_2dnav -DAMENT_CMAKE_SYMLINK_INSTALL=1 -DCMAKE_INSTALL_PREFIX=/home/alberto/tiago_public_ws/install/pmb2_2dnav
[3.790s] DEBUG:colcon.colcon_core.event_handler.log_command:Invoking command in '/home/alberto/tiago_public_ws/build/pmb2_2dnav': AMENT_PREFIX_PATH=/home/alberto/tiago_public_ws/install/launch_pal:${AMENT_PREFIX_PATH} CMAKE_PREFIX_PATH=/opt/ros/humble PYTHONPATH=/home/alberto/tiago_public_ws/build/launch_pal:/home/alberto/tiago_public_ws/install/launch_pal/lib/python3.10/site-packages:${PYTHONPATH} /usr/bin/cmake --build /home/alberto/tiago_public_ws/build/pmb2_2dnav -- -j8 -l8
[3.802s] DEBUG:colcon.colcon_core.event_handler.log_command:Invoked command in '/home/alberto/tiago_public_ws/build/pmb2_controller_configuration' returned '0': AMENT_PREFIX_PATH=/home/alberto/tiago_public_ws/install/launch_pal:${AMENT_PREFIX_PATH} CMAKE_PREFIX_PATH=/opt/ros/humble PYTHONPATH=/home/alberto/tiago_public_ws/build/launch_pal:/home/alberto/tiago_public_ws/install/launch_pal/lib/python3.10/site-packages:${PYTHONPATH} /usr/bin/cmake --build /home/alberto/tiago_public_ws/build/pmb2_controller_configuration -- -j8 -l8
[3.803s] DEBUG:colcon.colcon_core.event_handler.log_command:Invoking command in '/home/alberto/tiago_public_ws/build/pmb2_controller_configuration': AMENT_PREFIX_PATH=/home/alberto/tiago_public_ws/install/launch_pal:${AMENT_PREFIX_PATH} CMAKE_PREFIX_PATH=/opt/ros/humble PYTHONPATH=/home/alberto/tiago_public_ws/build/launch_pal:/home/alberto/tiago_public_ws/install/launch_pal/lib/python3.10/site-packages:${PYTHONPATH} /usr/bin/cmake --install /home/alberto/tiago_public_ws/build/pmb2_controller_configuration
[3.871s] DEBUG:colcon.colcon_core.event_handler.log_command:Invoked command in '/home/alberto/tiago_public_ws/build/pal_gazebo_worlds' returned '0': CMAKE_PREFIX_PATH=/opt/ros/humble /usr/bin/cmake /home/alberto/tiago_public_ws/src/pal_gazebo_worlds -DAMENT_CMAKE_SYMLINK_INSTALL=1 -DCMAKE_INSTALL_PREFIX=/home/alberto/tiago_public_ws/install/pal_gazebo_worlds
[3.882s] DEBUG:colcon.colcon_core.event_handler.log_command:Invoking command in '/home/alberto/tiago_public_ws/build/pal_gazebo_worlds': CMAKE_PREFIX_PATH=/opt/ros/humble /usr/bin/cmake --build /home/alberto/tiago_public_ws/build/pal_gazebo_worlds -- -j8 -l8
[3.882s] DEBUG:colcon.colcon_core.event_handler.log_command:Invoked command in '/home/alberto/tiago_public_ws/build/pmb2_2dnav' returned '0': AMENT_PREFIX_PATH=/home/alberto/tiago_public_ws/install/launch_pal:${AMENT_PREFIX_PATH} CMAKE_PREFIX_PATH=/opt/ros/humble PYTHONPATH=/home/alberto/tiago_public_ws/build/launch_pal:/home/alberto/tiago_public_ws/install/launch_pal/lib/python3.10/site-packages:${PYTHONPATH} /usr/bin/cmake --build /home/alberto/tiago_public_ws/build/pmb2_2dnav -- -j8 -l8
[3.883s] DEBUG:colcon.colcon_core.event_handler.log_command:Invoking command in '/home/alberto/tiago_public_ws/build/pmb2_2dnav': AMENT_PREFIX_PATH=/home/alberto/tiago_public_ws/install/launch_pal:${AMENT_PREFIX_PATH} CMAKE_PREFIX_PATH=/opt/ros/humble PYTHONPATH=/home/alberto/tiago_public_ws/build/launch_pal:/home/alberto/tiago_public_ws/install/launch_pal/lib/python3.10/site-packages:${PYTHONPATH} /usr/bin/cmake --install /home/alberto/tiago_public_ws/build/pmb2_2dnav
[3.967s] DEBUG:colcon.colcon_core.event_handler.log_command:Invoked command in '/home/alberto/tiago_public_ws/build/play_motion2_msgs' returned '0': CMAKE_PREFIX_PATH=/opt/ros/humble /usr/bin/cmake /home/alberto/tiago_public_ws/src/play_motion2/play_motion2_msgs -DAMENT_CMAKE_SYMLINK_INSTALL=1 -DCMAKE_INSTALL_PREFIX=/home/alberto/tiago_public_ws/install/play_motion2_msgs
[3.973s] DEBUG:colcon.colcon_core.event_handler.log_command:Invoking command in '/home/alberto/tiago_public_ws/build/play_motion2_msgs': CMAKE_PREFIX_PATH=/opt/ros/humble /usr/bin/cmake --build /home/alberto/tiago_public_ws/build/play_motion2_msgs -- -j8 -l8
[3.974s] DEBUG:colcon.colcon_core.event_handler.log_command:Invoked command in '/home/alberto/tiago_public_ws/build/pal_gazebo_worlds' returned '0': CMAKE_PREFIX_PATH=/opt/ros/humble /usr/bin/cmake --build /home/alberto/tiago_public_ws/build/pal_gazebo_worlds -- -j8 -l8
[3.981s] DEBUG:colcon.colcon_core.event_handler.log_command:Invoking command in '/home/alberto/tiago_public_ws/build/pal_gazebo_worlds': CMAKE_PREFIX_PATH=/opt/ros/humble /usr/bin/cmake --install /home/alberto/tiago_public_ws/build/pal_gazebo_worlds
[4.013s] Level 1:colcon.colcon_core.environment:create_environment_scripts_only(pmb2_laser_sensors)
[4.013s] Level 1:colcon.colcon_core.environment:checking '/home/alberto/tiago_public_ws/install/pmb2_laser_sensors' for CMake module files
[4.015s] DEBUG:colcon.colcon_core.event_handler.log_command:Invoked command in '/home/alberto/tiago_public_ws/build/pmb2_laser_sensors' returned '0': CMAKE_PREFIX_PATH=/opt/ros/humble /usr/bin/cmake --install /home/alberto/tiago_public_ws/build/pmb2_laser_sensors
[4.017s] Level 1:colcon.colcon_core.environment:checking '/home/alberto/tiago_public_ws/install/pmb2_laser_sensors' for CMake config files
[4.017s] Level 1:colcon.colcon_core.shell:create_environment_hook('pmb2_laser_sensors', 'cmake_prefix_path')
[4.018s] INFO:colcon.colcon_core.shell:Creating environment hook '/home/alberto/tiago_public_ws/install/pmb2_laser_sensors/share/pmb2_laser_sensors/hook/cmake_prefix_path.ps1'
[4.022s] INFO:colcon.colcon_core.shell:Creating environment descriptor '/home/alberto/tiago_public_ws/install/pmb2_laser_sensors/share/pmb2_laser_sensors/hook/cmake_prefix_path.dsv'
[4.022s] INFO:colcon.colcon_core.shell:Creating environment hook '/home/alberto/tiago_public_ws/install/pmb2_laser_sensors/share/pmb2_laser_sensors/hook/cmake_prefix_path.sh'
[4.023s] Level 1:colcon.colcon_core.environment:checking '/home/alberto/tiago_public_ws/install/pmb2_laser_sensors/bin'
[4.024s] Level 1:colcon.colcon_core.environment:checking '/home/alberto/tiago_public_ws/install/pmb2_laser_sensors/lib/pkgconfig/pmb2_laser_sensors.pc'
[4.026s] Level 1:colcon.colcon_core.environment:checking '/home/alberto/tiago_public_ws/install/pmb2_laser_sensors/lib/python3.10/site-packages'
[4.026s] Level 1:colcon.colcon_core.environment:checking '/home/alberto/tiago_public_ws/install/pmb2_laser_sensors/bin'
[4.027s] INFO:colcon.colcon_core.shell:Creating package script '/home/alberto/tiago_public_ws/install/pmb2_laser_sensors/share/pmb2_laser_sensors/package.ps1'
[4.036s] INFO:colcon.colcon_core.shell:Creating package descriptor '/home/alberto/tiago_public_ws/install/pmb2_laser_sensors/share/pmb2_laser_sensors/package.dsv'
[4.037s] INFO:colcon.colcon_core.shell:Creating package script '/home/alberto/tiago_public_ws/install/pmb2_laser_sensors/share/pmb2_laser_sensors/package.sh'
[4.040s] INFO:colcon.colcon_core.shell:Creating package script '/home/alberto/tiago_public_ws/install/pmb2_laser_sensors/share/pmb2_laser_sensors/package.bash'
[4.041s] INFO:colcon.colcon_core.shell:Creating package script '/home/alberto/tiago_public_ws/install/pmb2_laser_sensors/share/pmb2_laser_sensors/package.zsh'
[4.041s] Level 1:colcon.colcon_core.environment:create_file_with_runtime_dependencies(/home/alberto/tiago_public_ws/install/pmb2_laser_sensors/share/colcon-core/packages/pmb2_laser_sensors)
[4.042s] Level 1:colcon.colcon_core.environment:create_environment_scripts_only(pmb2_laser_sensors)
[4.042s] Level 1:colcon.colcon_core.environment:checking '/home/alberto/tiago_public_ws/install/pmb2_laser_sensors' for CMake module files
[4.045s] Level 1:colcon.colcon_core.environment:checking '/home/alberto/tiago_public_ws/install/pmb2_laser_sensors' for CMake config files
[4.046s] Level 1:colcon.colcon_core.shell:create_environment_hook('pmb2_laser_sensors', 'cmake_prefix_path')
[4.048s] INFO:colcon.colcon_core.shell:Creating environment hook '/home/alberto/tiago_public_ws/install/pmb2_laser_sensors/share/pmb2_laser_sensors/hook/cmake_prefix_path.ps1'
[4.053s] INFO:colcon.colcon_core.shell:Creating environment descriptor '/home/alberto/tiago_public_ws/install/pmb2_laser_sensors/share/pmb2_laser_sensors/hook/cmake_prefix_path.dsv'
[4.055s] INFO:colcon.colcon_core.shell:Creating environment hook '/home/alberto/tiago_public_ws/install/pmb2_laser_sensors/share/pmb2_laser_sensors/hook/cmake_prefix_path.sh'
[4.057s] Level 1:colcon.colcon_core.environment:checking '/home/alberto/tiago_public_ws/install/pmb2_laser_sensors/bin'
[4.057s] Level 1:colcon.colcon_core.environment:checking '/home/alberto/tiago_public_ws/install/pmb2_laser_sensors/lib/pkgconfig/pmb2_laser_sensors.pc'
[4.057s] Level 1:colcon.colcon_core.environment:checking '/home/alberto/tiago_public_ws/install/pmb2_laser_sensors/lib/python3.10/site-packages'
[4.058s] Level 1:colcon.colcon_core.environment:checking '/home/alberto/tiago_public_ws/install/pmb2_laser_sensors/bin'
[4.058s] INFO:colcon.colcon_core.shell:Creating package script '/home/alberto/tiago_public_ws/install/pmb2_laser_sensors/share/pmb2_laser_sensors/package.ps1'
[4.059s] INFO:colcon.colcon_core.shell:Creating package descriptor '/home/alberto/tiago_public_ws/install/pmb2_laser_sensors/share/pmb2_laser_sensors/package.dsv'
[4.060s] INFO:colcon.colcon_core.shell:Creating package script '/home/alberto/tiago_public_ws/install/pmb2_laser_sensors/share/pmb2_laser_sensors/package.sh'
[4.061s] INFO:colcon.colcon_core.shell:Creating package script '/home/alberto/tiago_public_ws/install/pmb2_laser_sensors/share/pmb2_laser_sensors/package.bash'
[4.062s] INFO:colcon.colcon_core.shell:Creating package script '/home/alberto/tiago_public_ws/install/pmb2_laser_sensors/share/pmb2_laser_sensors/package.zsh'
[4.062s] Level 1:colcon.colcon_core.environment:create_file_with_runtime_dependencies(/home/alberto/tiago_public_ws/install/pmb2_laser_sensors/share/colcon-core/packages/pmb2_laser_sensors)
[4.063s] INFO:colcon.colcon_ros.task.ament_cmake.build:Building ROS package in '/home/alberto/tiago_public_ws/src/tiago_navigation/tiago_laser_sensors' with build type 'ament_cmake'
[4.064s] INFO:colcon.colcon_cmake.task.cmake.build:Building CMake package in '/home/alberto/tiago_public_ws/src/tiago_navigation/tiago_laser_sensors'
[4.064s] INFO:colcon.colcon_core.shell:Skip shell extension 'powershell' for command environment: Not usable outside of PowerShell
[4.064s] DEBUG:colcon.colcon_core.shell:Skip shell extension 'dsv' for command environment
[4.082s] DEBUG:colcon.colcon_core.event_handler.log_command:Invoked command in '/home/alberto/tiago_public_ws/build/urdf_test' returned '0': CMAKE_PREFIX_PATH=/opt/ros/humble /usr/bin/cmake --build /home/alberto/tiago_public_ws/build/urdf_test -- -j8 -l8
[4.088s] DEBUG:colcon.colcon_core.event_handler.log_command:Invoking command in '/home/alberto/tiago_public_ws/build/urdf_test': CMAKE_PREFIX_PATH=/opt/ros/humble /usr/bin/cmake --install /home/alberto/tiago_public_ws/build/urdf_test
[4.088s] Level 1:colcon.colcon_core.environment:create_environment_scripts_only(pmb2_controller_configuration)
[4.089s] Level 1:colcon.colcon_core.environment:checking '/home/alberto/tiago_public_ws/install/pmb2_controller_configuration' for CMake module files
[4.090s] DEBUG:colcon.colcon_core.event_handler.log_command:Invoked command in '/home/alberto/tiago_public_ws/build/pmb2_controller_configuration' returned '0': AMENT_PREFIX_PATH=/home/alberto/tiago_public_ws/install/launch_pal:${AMENT_PREFIX_PATH} CMAKE_PREFIX_PATH=/opt/ros/humble PYTHONPATH=/home/alberto/tiago_public_ws/build/launch_pal:/home/alberto/tiago_public_ws/install/launch_pal/lib/python3.10/site-packages:${PYTHONPATH} /usr/bin/cmake --install /home/alberto/tiago_public_ws/build/pmb2_controller_configuration
[4.090s] Level 1:colcon.colcon_core.environment:checking '/home/alberto/tiago_public_ws/install/pmb2_controller_configuration' for CMake config files
[4.092s] Level 1:colcon.colcon_core.shell:create_environment_hook('pmb2_controller_configuration', 'cmake_prefix_path')
[4.092s] INFO:colcon.colcon_core.shell:Creating environment hook '/home/alberto/tiago_public_ws/install/pmb2_controller_configuration/share/pmb2_controller_configuration/hook/cmake_prefix_path.ps1'
[4.093s] INFO:colcon.colcon_core.shell:Creating environment descriptor '/home/alberto/tiago_public_ws/install/pmb2_controller_configuration/share/pmb2_controller_configuration/hook/cmake_prefix_path.dsv'
[4.094s] INFO:colcon.colcon_core.shell:Creating environment hook '/home/alberto/tiago_public_ws/install/pmb2_controller_configuration/share/pmb2_controller_configuration/hook/cmake_prefix_path.sh'
[4.095s] Level 1:colcon.colcon_core.environment:checking '/home/alberto/tiago_public_ws/install/pmb2_controller_configuration/bin'
[4.095s] Level 1:colcon.colcon_core.environment:checking '/home/alberto/tiago_public_ws/install/pmb2_controller_configuration/lib/pkgconfig/pmb2_controller_configuration.pc'
[4.095s] Level 1:colcon.colcon_core.environment:checking '/home/alberto/tiago_public_ws/install/pmb2_controller_configuration/lib/python3.10/site-packages'
[4.095s] Level 1:colcon.colcon_core.environment:checking '/home/alberto/tiago_public_ws/install/pmb2_controller_configuration/bin'
[4.096s] INFO:colcon.colcon_core.shell:Creating package script '/home/alberto/tiago_public_ws/install/pmb2_controller_configuration/share/pmb2_controller_configuration/package.ps1'
[4.096s] INFO:colcon.colcon_core.shell:Creating package descriptor '/home/alberto/tiago_public_ws/install/pmb2_controller_configuration/share/pmb2_controller_configuration/package.dsv'
[4.097s] INFO:colcon.colcon_core.shell:Creating package script '/home/alberto/tiago_public_ws/install/pmb2_controller_configuration/share/pmb2_controller_configuration/package.sh'
[4.097s] INFO:colcon.colcon_core.shell:Creating package script '/home/alberto/tiago_public_ws/install/pmb2_controller_configuration/share/pmb2_controller_configuration/package.bash'
[4.098s] INFO:colcon.colcon_core.shell:Creating package script '/home/alberto/tiago_public_ws/install/pmb2_controller_configuration/share/pmb2_controller_configuration/package.zsh'
[4.098s] Level 1:colcon.colcon_core.environment:create_file_with_runtime_dependencies(/home/alberto/tiago_public_ws/install/pmb2_controller_configuration/share/colcon-core/packages/pmb2_controller_configuration)
[4.099s] Level 1:colcon.colcon_core.environment:create_environment_scripts_only(pmb2_controller_configuration)
[4.099s] Level 1:colcon.colcon_core.environment:checking '/home/alberto/tiago_public_ws/install/pmb2_controller_configuration' for CMake module files
[4.099s] Level 1:colcon.colcon_core.environment:checking '/home/alberto/tiago_public_ws/install/pmb2_controller_configuration' for CMake config files
[4.100s] Level 1:colcon.colcon_core.shell:create_environment_hook('pmb2_controller_configuration', 'cmake_prefix_path')
[4.100s] INFO:colcon.colcon_core.shell:Creating environment hook '/home/alberto/tiago_public_ws/install/pmb2_controller_configuration/share/pmb2_controller_configuration/hook/cmake_prefix_path.ps1'
[4.101s] INFO:colcon.colcon_core.shell:Creating environment descriptor '/home/alberto/tiago_public_ws/install/pmb2_controller_configuration/share/pmb2_controller_configuration/hook/cmake_prefix_path.dsv'
[4.101s] INFO:colcon.colcon_core.shell:Creating environment hook '/home/alberto/tiago_public_ws/install/pmb2_controller_configuration/share/pmb2_controller_configuration/hook/cmake_prefix_path.sh'
[4.102s] Level 1:colcon.colcon_core.environment:checking '/home/alberto/tiago_public_ws/install/pmb2_controller_configuration/bin'
[4.102s] Level 1:colcon.colcon_core.environment:checking '/home/alberto/tiago_public_ws/install/pmb2_controller_configuration/lib/pkgconfig/pmb2_controller_configuration.pc'
[4.102s] Level 1:colcon.colcon_core.environment:checking '/home/alberto/tiago_public_ws/install/pmb2_controller_configuration/lib/python3.10/site-packages'
[4.103s] Level 1:colcon.colcon_core.environment:checking '/home/alberto/tiago_public_ws/install/pmb2_controller_configuration/bin'
[4.103s] INFO:colcon.colcon_core.shell:Creating package script '/home/alberto/tiago_public_ws/install/pmb2_controller_configuration/share/pmb2_controller_configuration/package.ps1'
[4.103s] INFO:colcon.colcon_core.shell:Creating package descriptor '/home/alberto/tiago_public_ws/install/pmb2_controller_configuration/share/pmb2_controller_configuration/package.dsv'
[4.104s] INFO:colcon.colcon_core.shell:Creating package script '/home/alberto/tiago_public_ws/install/pmb2_controller_configuration/share/pmb2_controller_configuration/package.sh'
[4.105s] INFO:colcon.colcon_core.shell:Creating package script '/home/alberto/tiago_public_ws/install/pmb2_controller_configuration/share/pmb2_controller_configuration/package.bash'
[4.105s] INFO:colcon.colcon_core.shell:Creating package script '/home/alberto/tiago_public_ws/install/pmb2_controller_configuration/share/pmb2_controller_configuration/package.zsh'
[4.106s] Level 1:colcon.colcon_core.environment:create_file_with_runtime_dependencies(/home/alberto/tiago_public_ws/install/pmb2_controller_configuration/share/colcon-core/packages/pmb2_controller_configuration)
[4.113s] DEBUG:colcon.colcon_core.event_handler.log_command:Invoking command in '/home/alberto/tiago_public_ws/build/tiago_laser_sensors': AMENT_PREFIX_PATH=/home/alberto/tiago_public_ws/install/pmb2_laser_sensors:${AMENT_PREFIX_PATH} CMAKE_PREFIX_PATH=/home/alberto/tiago_public_ws/install/pmb2_laser_sensors:/opt/ros/humble /usr/bin/cmake /home/alberto/tiago_public_ws/src/tiago_navigation/tiago_laser_sensors -DAMENT_CMAKE_SYMLINK_INSTALL=1 -DCMAKE_INSTALL_PREFIX=/home/alberto/tiago_public_ws/install/tiago_laser_sensors
[4.114s] INFO:colcon.colcon_ros.task.ament_cmake.build:Building ROS package in '/home/alberto/tiago_public_ws/src/tiago_robot/tiago_controller_configuration' with build type 'ament_cmake'
[4.114s] INFO:colcon.colcon_cmake.task.cmake.build:Building CMake package in '/home/alberto/tiago_public_ws/src/tiago_robot/tiago_controller_configuration'
[4.114s] INFO:colcon.colcon_core.shell:Skip shell extension 'powershell' for command environment: Not usable outside of PowerShell
[4.114s] DEBUG:colcon.colcon_core.shell:Skip shell extension 'dsv' for command environment
[4.138s] DEBUG:colcon.colcon_core.event_handler.log_command:Invoked command in '/home/alberto/tiago_public_ws/build/pal_navigation_cfg_params' returned '0': CMAKE_PREFIX_PATH=/opt/ros/humble /usr/bin/cmake /home/alberto/tiago_public_ws/src/pal_navigation_cfg_public/pal_navigation_cfg_params -DAMENT_CMAKE_SYMLINK_INSTALL=1 -DCMAKE_INSTALL_PREFIX=/home/alberto/tiago_public_ws/install/pal_navigation_cfg_params
[4.139s] DEBUG:colcon.colcon_core.event_handler.log_command:Invoking command in '/home/alberto/tiago_public_ws/build/pal_navigation_cfg_params': CMAKE_PREFIX_PATH=/opt/ros/humble /usr/bin/cmake --build /home/alberto/tiago_public_ws/build/pal_navigation_cfg_params -- -j8 -l8
[4.161s] DEBUG:colcon.colcon_core.event_handler.log_command:Invoking command in '/home/alberto/tiago_public_ws/build/tiago_controller_configuration': AMENT_PREFIX_PATH=/home/alberto/tiago_public_ws/install/pmb2_controller_configuration:/home/alberto/tiago_public_ws/install/pal_robotiq_controller_configuration:/home/alberto/tiago_public_ws/install/pal_hey5_controller_configuration:/home/alberto/tiago_public_ws/install/pal_gripper_controller_configuration:/home/alberto/tiago_public_ws/install/launch_pal:${AMENT_PREFIX_PATH} CMAKE_PREFIX_PATH=/home/alberto/tiago_public_ws/install/pmb2_controller_configuration:/home/alberto/tiago_public_ws/install/pal_robotiq_controller_configuration:/home/alberto/tiago_public_ws/install/pal_hey5_controller_configuration:/home/alberto/tiago_public_ws/install/pal_gripper_controller_configuration:/opt/ros/humble PYTHONPATH=/home/alberto/tiago_public_ws/build/launch_pal:/home/alberto/tiago_public_ws/install/launch_pal/lib/python3.10/site-packages:${PYTHONPATH} /usr/bin/cmake /home/alberto/tiago_public_ws/src/tiago_robot/tiago_controller_configuration -DAMENT_CMAKE_SYMLINK_INSTALL=1 -DCMAKE_INSTALL_PREFIX=/home/alberto/tiago_public_ws/install/tiago_controller_configuration
[4.213s] DEBUG:colcon.colcon_core.event_handler.log_command:Invoked command in '/home/alberto/tiago_public_ws/build/pal_navigation_cfg_params' returned '0': CMAKE_PREFIX_PATH=/opt/ros/humble /usr/bin/cmake --build /home/alberto/tiago_public_ws/build/pal_navigation_cfg_params -- -j8 -l8
[4.215s] DEBUG:colcon.colcon_core.event_handler.log_command:Invoking command in '/home/alberto/tiago_public_ws/build/pal_navigation_cfg_params': CMAKE_PREFIX_PATH=/opt/ros/humble /usr/bin/cmake --install /home/alberto/tiago_public_ws/build/pal_navigation_cfg_params
[4.221s] Level 1:colcon.colcon_core.environment:create_environment_scripts_only(pmb2_2dnav)
[4.222s] DEBUG:colcon.colcon_core.event_handler.log_command:Invoked command in '/home/alberto/tiago_public_ws/build/pmb2_2dnav' returned '0': AMENT_PREFIX_PATH=/home/alberto/tiago_public_ws/install/launch_pal:${AMENT_PREFIX_PATH} CMAKE_PREFIX_PATH=/opt/ros/humble PYTHONPATH=/home/alberto/tiago_public_ws/build/launch_pal:/home/alberto/tiago_public_ws/install/launch_pal/lib/python3.10/site-packages:${PYTHONPATH} /usr/bin/cmake --install /home/alberto/tiago_public_ws/build/pmb2_2dnav
[4.222s] Level 1:colcon.colcon_core.environment:checking '/home/alberto/tiago_public_ws/install/pmb2_2dnav' for CMake module files
[4.223s] Level 1:colcon.colcon_core.environment:checking '/home/alberto/tiago_public_ws/install/pmb2_2dnav' for CMake config files
[4.223s] Level 1:colcon.colcon_core.shell:create_environment_hook('pmb2_2dnav', 'cmake_prefix_path')
[4.224s] INFO:colcon.colcon_core.shell:Creating environment hook '/home/alberto/tiago_public_ws/install/pmb2_2dnav/share/pmb2_2dnav/hook/cmake_prefix_path.ps1'
[4.224s] INFO:colcon.colcon_core.shell:Creating environment descriptor '/home/alberto/tiago_public_ws/install/pmb2_2dnav/share/pmb2_2dnav/hook/cmake_prefix_path.dsv'
[4.225s] INFO:colcon.colcon_core.shell:Creating environment hook '/home/alberto/tiago_public_ws/install/pmb2_2dnav/share/pmb2_2dnav/hook/cmake_prefix_path.sh'
[4.225s] Level 1:colcon.colcon_core.environment:checking '/home/alberto/tiago_public_ws/install/pmb2_2dnav/bin'
[4.225s] Level 1:colcon.colcon_core.environment:checking '/home/alberto/tiago_public_ws/install/pmb2_2dnav/lib/pkgconfig/pmb2_2dnav.pc'
[4.225s] Level 1:colcon.colcon_core.environment:checking '/home/alberto/tiago_public_ws/install/pmb2_2dnav/lib/python3.10/site-packages'
[4.226s] Level 1:colcon.colcon_core.environment:checking '/home/alberto/tiago_public_ws/install/pmb2_2dnav/bin'
[4.234s] INFO:colcon.colcon_core.shell:Creating package script '/home/alberto/tiago_public_ws/install/pmb2_2dnav/share/pmb2_2dnav/package.ps1'
[4.237s] INFO:colcon.colcon_core.shell:Creating package descriptor '/home/alberto/tiago_public_ws/install/pmb2_2dnav/share/pmb2_2dnav/package.dsv'
[4.238s] INFO:colcon.colcon_core.shell:Creating package script '/home/alberto/tiago_public_ws/install/pmb2_2dnav/share/pmb2_2dnav/package.sh'
[4.238s] INFO:colcon.colcon_core.shell:Creating package script '/home/alberto/tiago_public_ws/install/pmb2_2dnav/share/pmb2_2dnav/package.bash'
[4.238s] INFO:colcon.colcon_core.shell:Creating package script '/home/alberto/tiago_public_ws/install/pmb2_2dnav/share/pmb2_2dnav/package.zsh'
[4.239s] Level 1:colcon.colcon_core.environment:create_file_with_runtime_dependencies(/home/alberto/tiago_public_ws/install/pmb2_2dnav/share/colcon-core/packages/pmb2_2dnav)
[4.239s] Level 1:colcon.colcon_core.environment:create_environment_scripts_only(pmb2_2dnav)
[4.240s] Level 1:colcon.colcon_core.environment:checking '/home/alberto/tiago_public_ws/install/pmb2_2dnav' for CMake module files
[4.244s] Level 1:colcon.colcon_core.environment:checking '/home/alberto/tiago_public_ws/install/pmb2_2dnav' for CMake config files
[4.244s] Level 1:colcon.colcon_core.shell:create_environment_hook('pmb2_2dnav', 'cmake_prefix_path')
[4.245s] INFO:colcon.colcon_core.shell:Creating environment hook '/home/alberto/tiago_public_ws/install/pmb2_2dnav/share/pmb2_2dnav/hook/cmake_prefix_path.ps1'
[4.245s] INFO:colcon.colcon_core.shell:Creating environment descriptor '/home/alberto/tiago_public_ws/install/pmb2_2dnav/share/pmb2_2dnav/hook/cmake_prefix_path.dsv'
[4.246s] INFO:colcon.colcon_core.shell:Creating environment hook '/home/alberto/tiago_public_ws/install/pmb2_2dnav/share/pmb2_2dnav/hook/cmake_prefix_path.sh'
[4.251s] Level 1:colcon.colcon_core.environment:checking '/home/alberto/tiago_public_ws/install/pmb2_2dnav/bin'
[4.251s] Level 1:colcon.colcon_core.environment:checking '/home/alberto/tiago_public_ws/install/pmb2_2dnav/lib/pkgconfig/pmb2_2dnav.pc'
[4.252s] Level 1:colcon.colcon_core.environment:checking '/home/alberto/tiago_public_ws/install/pmb2_2dnav/lib/python3.10/site-packages'
[4.252s] Level 1:colcon.colcon_core.environment:checking '/home/alberto/tiago_public_ws/install/pmb2_2dnav/bin'
[4.253s] INFO:colcon.colcon_core.shell:Creating package script '/home/alberto/tiago_public_ws/install/pmb2_2dnav/share/pmb2_2dnav/package.ps1'
[4.254s] INFO:colcon.colcon_core.shell:Creating package descriptor '/home/alberto/tiago_public_ws/install/pmb2_2dnav/share/pmb2_2dnav/package.dsv'
[4.255s] INFO:colcon.colcon_core.shell:Creating package script '/home/alberto/tiago_public_ws/install/pmb2_2dnav/share/pmb2_2dnav/package.sh'
[4.256s] INFO:colcon.colcon_core.shell:Creating package script '/home/alberto/tiago_public_ws/install/pmb2_2dnav/share/pmb2_2dnav/package.bash'
[4.256s] INFO:colcon.colcon_core.shell:Creating package script '/home/alberto/tiago_public_ws/install/pmb2_2dnav/share/pmb2_2dnav/package.zsh'
[4.262s] Level 1:colcon.colcon_core.environment:create_file_with_runtime_dependencies(/home/alberto/tiago_public_ws/install/pmb2_2dnav/share/colcon-core/packages/pmb2_2dnav)
[4.263s] INFO:colcon.colcon_ros.task.ament_cmake.build:Building ROS package in '/home/alberto/tiago_public_ws/src/tiago_navigation/tiago_2dnav' with build type 'ament_cmake'
[4.267s] INFO:colcon.colcon_cmake.task.cmake.build:Building CMake package in '/home/alberto/tiago_public_ws/src/tiago_navigation/tiago_2dnav'
[4.267s] INFO:colcon.colcon_core.shell:Skip shell extension 'powershell' for command environment: Not usable outside of PowerShell
[4.268s] DEBUG:colcon.colcon_core.shell:Skip shell extension 'dsv' for command environment
[4.293s] DEBUG:colcon.colcon_core.event_handler.log_command:Invoking command in '/home/alberto/tiago_public_ws/build/tiago_2dnav': AMENT_PREFIX_PATH=/home/alberto/tiago_public_ws/install/pmb2_2dnav:/home/alberto/tiago_public_ws/install/launch_pal:${AMENT_PREFIX_PATH} CMAKE_PREFIX_PATH=/home/alberto/tiago_public_ws/install/pmb2_2dnav:/opt/ros/humble PYTHONPATH=/home/alberto/tiago_public_ws/build/launch_pal:/home/alberto/tiago_public_ws/install/launch_pal/lib/python3.10/site-packages:${PYTHONPATH} /usr/bin/cmake /home/alberto/tiago_public_ws/src/tiago_navigation/tiago_2dnav -DAMENT_CMAKE_SYMLINK_INSTALL=1 -DCMAKE_INSTALL_PREFIX=/home/alberto/tiago_public_ws/install/tiago_2dnav
[4.611s] Level 1:colcon.colcon_core.environment:create_environment_scripts_only(urdf_test)
[4.612s] Level 1:colcon.colcon_core.environment:checking '/home/alberto/tiago_public_ws/install/urdf_test' for CMake module files
[4.612s] DEBUG:colcon.colcon_core.event_handler.log_command:Invoked command in '/home/alberto/tiago_public_ws/build/urdf_test' returned '0': CMAKE_PREFIX_PATH=/opt/ros/humble /usr/bin/cmake --install /home/alberto/tiago_public_ws/build/urdf_test
[4.618s] Level 1:colcon.colcon_core.environment:checking '/home/alberto/tiago_public_ws/install/urdf_test' for CMake config files
[4.618s] Level 1:colcon.colcon_core.shell:create_environment_hook('urdf_test', 'cmake_prefix_path')
[4.618s] INFO:colcon.colcon_core.shell:Creating environment hook '/home/alberto/tiago_public_ws/install/urdf_test/share/urdf_test/hook/cmake_prefix_path.ps1'
[4.619s] INFO:colcon.colcon_core.shell:Creating environment descriptor '/home/alberto/tiago_public_ws/install/urdf_test/share/urdf_test/hook/cmake_prefix_path.dsv'
[4.619s] INFO:colcon.colcon_core.shell:Creating environment hook '/home/alberto/tiago_public_ws/install/urdf_test/share/urdf_test/hook/cmake_prefix_path.sh'
[4.620s] Level 1:colcon.colcon_core.environment:checking '/home/alberto/tiago_public_ws/install/urdf_test/lib'
[4.620s] Level 1:colcon.colcon_core.environment:checking '/home/alberto/tiago_public_ws/install/urdf_test/bin'
[4.620s] Level 1:colcon.colcon_core.environment:checking '/home/alberto/tiago_public_ws/install/urdf_test/lib/pkgconfig/urdf_test.pc'
[4.620s] Level 1:colcon.colcon_core.environment:checking '/home/alberto/tiago_public_ws/install/urdf_test/lib/python3.10/site-packages'
[4.620s] Level 1:colcon.colcon_core.environment:checking '/home/alberto/tiago_public_ws/install/urdf_test/bin'
[4.621s] INFO:colcon.colcon_core.shell:Creating package script '/home/alberto/tiago_public_ws/install/urdf_test/share/urdf_test/package.ps1'
[4.621s] INFO:colcon.colcon_core.shell:Creating package descriptor '/home/alberto/tiago_public_ws/install/urdf_test/share/urdf_test/package.dsv'
[4.622s] INFO:colcon.colcon_core.shell:Creating package script '/home/alberto/tiago_public_ws/install/urdf_test/share/urdf_test/package.sh'
[4.622s] INFO:colcon.colcon_core.shell:Creating package script '/home/alberto/tiago_public_ws/install/urdf_test/share/urdf_test/package.bash'
[4.623s] INFO:colcon.colcon_core.shell:Creating package script '/home/alberto/tiago_public_ws/install/urdf_test/share/urdf_test/package.zsh'
[4.623s] Level 1:colcon.colcon_core.environment:create_file_with_runtime_dependencies(/home/alberto/tiago_public_ws/install/urdf_test/share/colcon-core/packages/urdf_test)
[4.624s] Level 1:colcon.colcon_core.environment:create_environment_scripts_only(urdf_test)
[4.624s] Level 1:colcon.colcon_core.environment:checking '/home/alberto/tiago_public_ws/install/urdf_test' for CMake module files
[4.625s] Level 1:colcon.colcon_core.environment:checking '/home/alberto/tiago_public_ws/install/urdf_test' for CMake config files
[4.625s] Level 1:colcon.colcon_core.shell:create_environment_hook('urdf_test', 'cmake_prefix_path')
[4.625s] INFO:colcon.colcon_core.shell:Creating environment hook '/home/alberto/tiago_public_ws/install/urdf_test/share/urdf_test/hook/cmake_prefix_path.ps1'
[4.626s] INFO:colcon.colcon_core.shell:Creating environment descriptor '/home/alberto/tiago_public_ws/install/urdf_test/share/urdf_test/hook/cmake_prefix_path.dsv'
[4.627s] INFO:colcon.colcon_core.shell:Creating environment hook '/home/alberto/tiago_public_ws/install/urdf_test/share/urdf_test/hook/cmake_prefix_path.sh'
[4.627s] Level 1:colcon.colcon_core.environment:checking '/home/alberto/tiago_public_ws/install/urdf_test/lib'
[4.627s] Level 1:colcon.colcon_core.environment:checking '/home/alberto/tiago_public_ws/install/urdf_test/bin'
[4.627s] Level 1:colcon.colcon_core.environment:checking '/home/alberto/tiago_public_ws/install/urdf_test/lib/pkgconfig/urdf_test.pc'
[4.628s] Level 1:colcon.colcon_core.environment:checking '/home/alberto/tiago_public_ws/install/urdf_test/lib/python3.10/site-packages'
[4.628s] Level 1:colcon.colcon_core.environment:checking '/home/alberto/tiago_public_ws/install/urdf_test/bin'
[4.628s] INFO:colcon.colcon_core.shell:Creating package script '/home/alberto/tiago_public_ws/install/urdf_test/share/urdf_test/package.ps1'
[4.629s] INFO:colcon.colcon_core.shell:Creating package descriptor '/home/alberto/tiago_public_ws/install/urdf_test/share/urdf_test/package.dsv'
[4.630s] INFO:colcon.colcon_core.shell:Creating package script '/home/alberto/tiago_public_ws/install/urdf_test/share/urdf_test/package.sh'
[4.630s] INFO:colcon.colcon_core.shell:Creating package script '/home/alberto/tiago_public_ws/install/urdf_test/share/urdf_test/package.bash'
[4.631s] INFO:colcon.colcon_core.shell:Creating package script '/home/alberto/tiago_public_ws/install/urdf_test/share/urdf_test/package.zsh'
[4.631s] Level 1:colcon.colcon_core.environment:create_file_with_runtime_dependencies(/home/alberto/tiago_public_ws/install/urdf_test/share/colcon-core/packages/urdf_test)
[4.632s] INFO:colcon.colcon_ros.task.ament_cmake.build:Building ROS package in '/home/alberto/tiago_public_ws/src/pal_gripper/pal_gripper_description' with build type 'ament_cmake'
[4.632s] INFO:colcon.colcon_cmake.task.cmake.build:Building CMake package in '/home/alberto/tiago_public_ws/src/pal_gripper/pal_gripper_description'
[4.632s] INFO:colcon.colcon_core.shell:Skip shell extension 'powershell' for command environment: Not usable outside of PowerShell
[4.632s] DEBUG:colcon.colcon_core.shell:Skip shell extension 'dsv' for command environment
[4.637s] Level 1:colcon.colcon_core.environment:create_environment_scripts_only(pal_navigation_cfg_params)
[4.637s] Level 1:colcon.colcon_core.environment:checking '/home/alberto/tiago_public_ws/install/pal_navigation_cfg_params' for CMake module files
[4.638s] DEBUG:colcon.colcon_core.event_handler.log_command:Invoked command in '/home/alberto/tiago_public_ws/build/pal_navigation_cfg_params' returned '0': CMAKE_PREFIX_PATH=/opt/ros/humble /usr/bin/cmake --install /home/alberto/tiago_public_ws/build/pal_navigation_cfg_params
[4.639s] Level 1:colcon.colcon_core.environment:checking '/home/alberto/tiago_public_ws/install/pal_navigation_cfg_params' for CMake config files
[4.639s] Level 1:colcon.colcon_core.shell:create_environment_hook('pal_navigation_cfg_params', 'cmake_prefix_path')
[4.640s] INFO:colcon.colcon_core.shell:Creating environment hook '/home/alberto/tiago_public_ws/install/pal_navigation_cfg_params/share/pal_navigation_cfg_params/hook/cmake_prefix_path.ps1'
[4.640s] INFO:colcon.colcon_core.shell:Creating environment descriptor '/home/alberto/tiago_public_ws/install/pal_navigation_cfg_params/share/pal_navigation_cfg_params/hook/cmake_prefix_path.dsv'
[4.643s] INFO:colcon.colcon_core.shell:Creating environment hook '/home/alberto/tiago_public_ws/install/pal_navigation_cfg_params/share/pal_navigation_cfg_params/hook/cmake_prefix_path.sh'
[4.647s] Level 1:colcon.colcon_core.environment:checking '/home/alberto/tiago_public_ws/install/pal_navigation_cfg_params/bin'
[4.647s] Level 1:colcon.colcon_core.environment:checking '/home/alberto/tiago_public_ws/install/pal_navigation_cfg_params/lib/pkgconfig/pal_navigation_cfg_params.pc'
[4.647s] Level 1:colcon.colcon_core.environment:checking '/home/alberto/tiago_public_ws/install/pal_navigation_cfg_params/lib/python3.10/site-packages'
[4.647s] Level 1:colcon.colcon_core.environment:checking '/home/alberto/tiago_public_ws/install/pal_navigation_cfg_params/bin'
[4.648s] INFO:colcon.colcon_core.shell:Creating package script '/home/alberto/tiago_public_ws/install/pal_navigation_cfg_params/share/pal_navigation_cfg_params/package.ps1'
[4.648s] INFO:colcon.colcon_core.shell:Creating package descriptor '/home/alberto/tiago_public_ws/install/pal_navigation_cfg_params/share/pal_navigation_cfg_params/package.dsv'
[4.649s] INFO:colcon.colcon_core.shell:Creating package script '/home/alberto/tiago_public_ws/install/pal_navigation_cfg_params/share/pal_navigation_cfg_params/package.sh'
[4.649s] INFO:colcon.colcon_core.shell:Creating package script '/home/alberto/tiago_public_ws/install/pal_navigation_cfg_params/share/pal_navigation_cfg_params/package.bash'
[4.649s] INFO:colcon.colcon_core.shell:Creating package script '/home/alberto/tiago_public_ws/install/pal_navigation_cfg_params/share/pal_navigation_cfg_params/package.zsh'
[4.654s] Level 1:colcon.colcon_core.environment:create_file_with_runtime_dependencies(/home/alberto/tiago_public_ws/install/pal_navigation_cfg_params/share/colcon-core/packages/pal_navigation_cfg_params)
[4.655s] Level 1:colcon.colcon_core.environment:create_environment_scripts_only(pal_navigation_cfg_params)
[4.656s] Level 1:colcon.colcon_core.environment:checking '/home/alberto/tiago_public_ws/install/pal_navigation_cfg_params' for CMake module files
[4.657s] Level 1:colcon.colcon_core.environment:checking '/home/alberto/tiago_public_ws/install/pal_navigation_cfg_params' for CMake config files
[4.658s] Level 1:colcon.colcon_core.shell:create_environment_hook('pal_navigation_cfg_params', 'cmake_prefix_path')
[4.659s] INFO:colcon.colcon_core.shell:Creating environment hook '/home/alberto/tiago_public_ws/install/pal_navigation_cfg_params/share/pal_navigation_cfg_params/hook/cmake_prefix_path.ps1'
[4.660s] INFO:colcon.colcon_core.shell:Creating environment descriptor '/home/alberto/tiago_public_ws/install/pal_navigation_cfg_params/share/pal_navigation_cfg_params/hook/cmake_prefix_path.dsv'
[4.661s] INFO:colcon.colcon_core.shell:Creating environment hook '/home/alberto/tiago_public_ws/install/pal_navigation_cfg_params/share/pal_navigation_cfg_params/hook/cmake_prefix_path.sh'
[4.663s] Level 1:colcon.colcon_core.environment:checking '/home/alberto/tiago_public_ws/install/pal_navigation_cfg_params/bin'
[4.663s] Level 1:colcon.colcon_core.environment:checking '/home/alberto/tiago_public_ws/install/pal_navigation_cfg_params/lib/pkgconfig/pal_navigation_cfg_params.pc'
[4.663s] Level 1:colcon.colcon_core.environment:checking '/home/alberto/tiago_public_ws/install/pal_navigation_cfg_params/lib/python3.10/site-packages'
[4.663s] Level 1:colcon.colcon_core.environment:checking '/home/alberto/tiago_public_ws/install/pal_navigation_cfg_params/bin'
[4.664s] INFO:colcon.colcon_core.shell:Creating package script '/home/alberto/tiago_public_ws/install/pal_navigation_cfg_params/share/pal_navigation_cfg_params/package.ps1'
[4.664s] INFO:colcon.colcon_core.shell:Creating package descriptor '/home/alberto/tiago_public_ws/install/pal_navigation_cfg_params/share/pal_navigation_cfg_params/package.dsv'
[4.665s] INFO:colcon.colcon_core.shell:Creating package script '/home/alberto/tiago_public_ws/install/pal_navigation_cfg_params/share/pal_navigation_cfg_params/package.sh'
[4.665s] INFO:colcon.colcon_core.shell:Creating package script '/home/alberto/tiago_public_ws/install/pal_navigation_cfg_params/share/pal_navigation_cfg_params/package.bash'
[4.666s] INFO:colcon.colcon_core.shell:Creating package script '/home/alberto/tiago_public_ws/install/pal_navigation_cfg_params/share/pal_navigation_cfg_params/package.zsh'
[4.667s] Level 1:colcon.colcon_core.environment:create_file_with_runtime_dependencies(/home/alberto/tiago_public_ws/install/pal_navigation_cfg_params/share/colcon-core/packages/pal_navigation_cfg_params)
[4.667s] INFO:colcon.colcon_ros.task.ament_cmake.build:Building ROS package in '/home/alberto/tiago_public_ws/src/pmb2_robot/pmb2_description' with build type 'ament_cmake'
[4.667s] INFO:colcon.colcon_cmake.task.cmake.build:Building CMake package in '/home/alberto/tiago_public_ws/src/pmb2_robot/pmb2_description'
[4.668s] INFO:colcon.colcon_core.shell:Skip shell extension 'powershell' for command environment: Not usable outside of PowerShell
[4.668s] DEBUG:colcon.colcon_core.shell:Skip shell extension 'dsv' for command environment
[4.697s] DEBUG:colcon.colcon_core.event_handler.log_command:Invoking command in '/home/alberto/tiago_public_ws/build/pal_gripper_description': AMENT_PREFIX_PATH=/home/alberto/tiago_public_ws/install/urdf_test:/home/alberto/tiago_public_ws/install/pal_urdf_utils:${AMENT_PREFIX_PATH} CMAKE_PREFIX_PATH=/home/alberto/tiago_public_ws/install/urdf_test:/home/alberto/tiago_public_ws/install/pal_urdf_utils:/opt/ros/humble PYTHONPATH=/home/alberto/tiago_public_ws/install/urdf_test/local/lib/python3.10/dist-packages:${PYTHONPATH} /usr/bin/cmake /home/alberto/tiago_public_ws/src/pal_gripper/pal_gripper_description -DAMENT_CMAKE_SYMLINK_INSTALL=1 -DCMAKE_INSTALL_PREFIX=/home/alberto/tiago_public_ws/install/pal_gripper_description
[4.698s] DEBUG:colcon.colcon_core.event_handler.log_command:Invoking command in '/home/alberto/tiago_public_ws/build/pmb2_description': AMENT_PREFIX_PATH=/home/alberto/tiago_public_ws/install/urdf_test:/home/alberto/tiago_public_ws/install/pal_urdf_utils:/home/alberto/tiago_public_ws/install/launch_pal:${AMENT_PREFIX_PATH} CMAKE_PREFIX_PATH=/home/alberto/tiago_public_ws/install/urdf_test:/home/alberto/tiago_public_ws/install/pal_urdf_utils:/opt/ros/humble PYTHONPATH=/home/alberto/tiago_public_ws/install/urdf_test/local/lib/python3.10/dist-packages:/home/alberto/tiago_public_ws/build/launch_pal:/home/alberto/tiago_public_ws/install/launch_pal/lib/python3.10/site-packages:${PYTHONPATH} /usr/bin/cmake /home/alberto/tiago_public_ws/src/pmb2_robot/pmb2_description -DAMENT_CMAKE_SYMLINK_INSTALL=1 -DCMAKE_INSTALL_PREFIX=/home/alberto/tiago_public_ws/install/pmb2_description
[4.710s] DEBUG:colcon.colcon_core.event_handler.log_command:Invoked command in '/home/alberto/tiago_public_ws/build/pal_hey5_description' returned '0': AMENT_PREFIX_PATH=/home/alberto/tiago_public_ws/install/pal_urdf_utils:${AMENT_PREFIX_PATH} CMAKE_PREFIX_PATH=/home/alberto/tiago_public_ws/install/pal_urdf_utils:/opt/ros/humble /usr/bin/cmake /home/alberto/tiago_public_ws/src/pal_hey5/pal_hey5_description -DAMENT_CMAKE_SYMLINK_INSTALL=1 -DCMAKE_INSTALL_PREFIX=/home/alberto/tiago_public_ws/install/pal_hey5_description
[4.711s] DEBUG:colcon.colcon_core.event_handler.log_command:Invoking command in '/home/alberto/tiago_public_ws/build/pal_hey5_description': AMENT_PREFIX_PATH=/home/alberto/tiago_public_ws/install/pal_urdf_utils:${AMENT_PREFIX_PATH} CMAKE_PREFIX_PATH=/home/alberto/tiago_public_ws/install/pal_urdf_utils:/opt/ros/humble /usr/bin/cmake --build /home/alberto/tiago_public_ws/build/pal_hey5_description -- -j8 -l8
[5.129s] DEBUG:colcon.colcon_core.event_handler.log_command:Invoked command in '/home/alberto/tiago_public_ws/build/tiago_laser_sensors' returned '0': AMENT_PREFIX_PATH=/home/alberto/tiago_public_ws/install/pmb2_laser_sensors:${AMENT_PREFIX_PATH} CMAKE_PREFIX_PATH=/home/alberto/tiago_public_ws/install/pmb2_laser_sensors:/opt/ros/humble /usr/bin/cmake /home/alberto/tiago_public_ws/src/tiago_navigation/tiago_laser_sensors -DAMENT_CMAKE_SYMLINK_INSTALL=1 -DCMAKE_INSTALL_PREFIX=/home/alberto/tiago_public_ws/install/tiago_laser_sensors
[5.130s] DEBUG:colcon.colcon_core.event_handler.log_command:Invoking command in '/home/alberto/tiago_public_ws/build/tiago_laser_sensors': AMENT_PREFIX_PATH=/home/alberto/tiago_public_ws/install/pmb2_laser_sensors:${AMENT_PREFIX_PATH} CMAKE_PREFIX_PATH=/home/alberto/tiago_public_ws/install/pmb2_laser_sensors:/opt/ros/humble /usr/bin/cmake --build /home/alberto/tiago_public_ws/build/tiago_laser_sensors -- -j8 -l8
[5.187s] DEBUG:colcon.colcon_core.event_handler.log_command:Invoked command in '/home/alberto/tiago_public_ws/build/tiago_controller_configuration' returned '0': AMENT_PREFIX_PATH=/home/alberto/tiago_public_ws/install/pmb2_controller_configuration:/home/alberto/tiago_public_ws/install/pal_robotiq_controller_configuration:/home/alberto/tiago_public_ws/install/pal_hey5_controller_configuration:/home/alberto/tiago_public_ws/install/pal_gripper_controller_configuration:/home/alberto/tiago_public_ws/install/launch_pal:${AMENT_PREFIX_PATH} CMAKE_PREFIX_PATH=/home/alberto/tiago_public_ws/install/pmb2_controller_configuration:/home/alberto/tiago_public_ws/install/pal_robotiq_controller_configuration:/home/alberto/tiago_public_ws/install/pal_hey5_controller_configuration:/home/alberto/tiago_public_ws/install/pal_gripper_controller_configuration:/opt/ros/humble PYTHONPATH=/home/alberto/tiago_public_ws/build/launch_pal:/home/alberto/tiago_public_ws/install/launch_pal/lib/python3.10/site-packages:${PYTHONPATH} /usr/bin/cmake /home/alberto/tiago_public_ws/src/tiago_robot/tiago_controller_configuration -DAMENT_CMAKE_SYMLINK_INSTALL=1 -DCMAKE_INSTALL_PREFIX=/home/alberto/tiago_public_ws/install/tiago_controller_configuration
[5.190s] DEBUG:colcon.colcon_core.event_handler.log_command:Invoking command in '/home/alberto/tiago_public_ws/build/tiago_controller_configuration': AMENT_PREFIX_PATH=/home/alberto/tiago_public_ws/install/pmb2_controller_configuration:/home/alberto/tiago_public_ws/install/pal_robotiq_controller_configuration:/home/alberto/tiago_public_ws/install/pal_hey5_controller_configuration:/home/alberto/tiago_public_ws/install/pal_gripper_controller_configuration:/home/alberto/tiago_public_ws/install/launch_pal:${AMENT_PREFIX_PATH} CMAKE_PREFIX_PATH=/home/alberto/tiago_public_ws/install/pmb2_controller_configuration:/home/alberto/tiago_public_ws/install/pal_robotiq_controller_configuration:/home/alberto/tiago_public_ws/install/pal_hey5_controller_configuration:/home/alberto/tiago_public_ws/install/pal_gripper_controller_configuration:/opt/ros/humble PYTHONPATH=/home/alberto/tiago_public_ws/build/launch_pal:/home/alberto/tiago_public_ws/install/launch_pal/lib/python3.10/site-packages:${PYTHONPATH} /usr/bin/cmake --build /home/alberto/tiago_public_ws/build/tiago_controller_configuration -- -j8 -l8
[5.202s] DEBUG:colcon.colcon_core.event_handler.log_command:Invoked command in '/home/alberto/tiago_public_ws/build/pal_hey5_description' returned '0': AMENT_PREFIX_PATH=/home/alberto/tiago_public_ws/install/pal_urdf_utils:${AMENT_PREFIX_PATH} CMAKE_PREFIX_PATH=/home/alberto/tiago_public_ws/install/pal_urdf_utils:/opt/ros/humble /usr/bin/cmake --build /home/alberto/tiago_public_ws/build/pal_hey5_description -- -j8 -l8
[5.203s] DEBUG:colcon.colcon_core.event_handler.log_command:Invoking command in '/home/alberto/tiago_public_ws/build/pal_hey5_description': AMENT_PREFIX_PATH=/home/alberto/tiago_public_ws/install/pal_urdf_utils:${AMENT_PREFIX_PATH} CMAKE_PREFIX_PATH=/home/alberto/tiago_public_ws/install/pal_urdf_utils:/opt/ros/humble /usr/bin/cmake --install /home/alberto/tiago_public_ws/build/pal_hey5_description
[5.206s] DEBUG:colcon.colcon_core.event_handler.log_command:Invoked command in '/home/alberto/tiago_public_ws/build/tiago_laser_sensors' returned '0': AMENT_PREFIX_PATH=/home/alberto/tiago_public_ws/install/pmb2_laser_sensors:${AMENT_PREFIX_PATH} CMAKE_PREFIX_PATH=/home/alberto/tiago_public_ws/install/pmb2_laser_sensors:/opt/ros/humble /usr/bin/cmake --build /home/alberto/tiago_public_ws/build/tiago_laser_sensors -- -j8 -l8
[5.207s] DEBUG:colcon.colcon_core.event_handler.log_command:Invoking command in '/home/alberto/tiago_public_ws/build/tiago_laser_sensors': AMENT_PREFIX_PATH=/home/alberto/tiago_public_ws/install/pmb2_laser_sensors:${AMENT_PREFIX_PATH} CMAKE_PREFIX_PATH=/home/alberto/tiago_public_ws/install/pmb2_laser_sensors:/opt/ros/humble /usr/bin/cmake --install /home/alberto/tiago_public_ws/build/tiago_laser_sensors
[5.254s] DEBUG:colcon.colcon_core.event_handler.log_command:Invoked command in '/home/alberto/tiago_public_ws/build/tiago_controller_configuration' returned '0': AMENT_PREFIX_PATH=/home/alberto/tiago_public_ws/install/pmb2_controller_configuration:/home/alberto/tiago_public_ws/install/pal_robotiq_controller_configuration:/home/alberto/tiago_public_ws/install/pal_hey5_controller_configuration:/home/alberto/tiago_public_ws/install/pal_gripper_controller_configuration:/home/alberto/tiago_public_ws/install/launch_pal:${AMENT_PREFIX_PATH} CMAKE_PREFIX_PATH=/home/alberto/tiago_public_ws/install/pmb2_controller_configuration:/home/alberto/tiago_public_ws/install/pal_robotiq_controller_configuration:/home/alberto/tiago_public_ws/install/pal_hey5_controller_configuration:/home/alberto/tiago_public_ws/install/pal_gripper_controller_configuration:/opt/ros/humble PYTHONPATH=/home/alberto/tiago_public_ws/build/launch_pal:/home/alberto/tiago_public_ws/install/launch_pal/lib/python3.10/site-packages:${PYTHONPATH} /usr/bin/cmake --build /home/alberto/tiago_public_ws/build/tiago_controller_configuration -- -j8 -l8
[5.256s] DEBUG:colcon.colcon_core.event_handler.log_command:Invoking command in '/home/alberto/tiago_public_ws/build/tiago_controller_configuration': AMENT_PREFIX_PATH=/home/alberto/tiago_public_ws/install/pmb2_controller_configuration:/home/alberto/tiago_public_ws/install/pal_robotiq_controller_configuration:/home/alberto/tiago_public_ws/install/pal_hey5_controller_configuration:/home/alberto/tiago_public_ws/install/pal_gripper_controller_configuration:/home/alberto/tiago_public_ws/install/launch_pal:${AMENT_PREFIX_PATH} CMAKE_PREFIX_PATH=/home/alberto/tiago_public_ws/install/pmb2_controller_configuration:/home/alberto/tiago_public_ws/install/pal_robotiq_controller_configuration:/home/alberto/tiago_public_ws/install/pal_hey5_controller_configuration:/home/alberto/tiago_public_ws/install/pal_gripper_controller_configuration:/opt/ros/humble PYTHONPATH=/home/alberto/tiago_public_ws/build/launch_pal:/home/alberto/tiago_public_ws/install/launch_pal/lib/python3.10/site-packages:${PYTHONPATH} /usr/bin/cmake --install /home/alberto/tiago_public_ws/build/tiago_controller_configuration
[5.402s] DEBUG:colcon.colcon_core.event_handler.log_command:Invoked command in '/home/alberto/tiago_public_ws/build/tiago_2dnav' returned '0': AMENT_PREFIX_PATH=/home/alberto/tiago_public_ws/install/pmb2_2dnav:/home/alberto/tiago_public_ws/install/launch_pal:${AMENT_PREFIX_PATH} CMAKE_PREFIX_PATH=/home/alberto/tiago_public_ws/install/pmb2_2dnav:/opt/ros/humble PYTHONPATH=/home/alberto/tiago_public_ws/build/launch_pal:/home/alberto/tiago_public_ws/install/launch_pal/lib/python3.10/site-packages:${PYTHONPATH} /usr/bin/cmake /home/alberto/tiago_public_ws/src/tiago_navigation/tiago_2dnav -DAMENT_CMAKE_SYMLINK_INSTALL=1 -DCMAKE_INSTALL_PREFIX=/home/alberto/tiago_public_ws/install/tiago_2dnav
[5.408s] DEBUG:colcon.colcon_core.event_handler.log_command:Invoking command in '/home/alberto/tiago_public_ws/build/tiago_2dnav': AMENT_PREFIX_PATH=/home/alberto/tiago_public_ws/install/pmb2_2dnav:/home/alberto/tiago_public_ws/install/launch_pal:${AMENT_PREFIX_PATH} CMAKE_PREFIX_PATH=/home/alberto/tiago_public_ws/install/pmb2_2dnav:/opt/ros/humble PYTHONPATH=/home/alberto/tiago_public_ws/build/launch_pal:/home/alberto/tiago_public_ws/install/launch_pal/lib/python3.10/site-packages:${PYTHONPATH} /usr/bin/cmake --build /home/alberto/tiago_public_ws/build/tiago_2dnav -- -j8 -l8
[5.486s] Level 1:colcon.colcon_core.environment:create_environment_scripts_only(tiago_laser_sensors)
[5.487s] Level 1:colcon.colcon_core.environment:checking '/home/alberto/tiago_public_ws/install/tiago_laser_sensors' for CMake module files
[5.489s] DEBUG:colcon.colcon_core.event_handler.log_command:Invoked command in '/home/alberto/tiago_public_ws/build/tiago_laser_sensors' returned '0': AMENT_PREFIX_PATH=/home/alberto/tiago_public_ws/install/pmb2_laser_sensors:${AMENT_PREFIX_PATH} CMAKE_PREFIX_PATH=/home/alberto/tiago_public_ws/install/pmb2_laser_sensors:/opt/ros/humble /usr/bin/cmake --install /home/alberto/tiago_public_ws/build/tiago_laser_sensors
[5.491s] Level 1:colcon.colcon_core.environment:checking '/home/alberto/tiago_public_ws/install/tiago_laser_sensors' for CMake config files
[5.491s] Level 1:colcon.colcon_core.shell:create_environment_hook('tiago_laser_sensors', 'cmake_prefix_path')
[5.491s] INFO:colcon.colcon_core.shell:Creating environment hook '/home/alberto/tiago_public_ws/install/tiago_laser_sensors/share/tiago_laser_sensors/hook/cmake_prefix_path.ps1'
[5.492s] INFO:colcon.colcon_core.shell:Creating environment descriptor '/home/alberto/tiago_public_ws/install/tiago_laser_sensors/share/tiago_laser_sensors/hook/cmake_prefix_path.dsv'
[5.492s] INFO:colcon.colcon_core.shell:Creating environment hook '/home/alberto/tiago_public_ws/install/tiago_laser_sensors/share/tiago_laser_sensors/hook/cmake_prefix_path.sh'
[5.493s] Level 1:colcon.colcon_core.environment:checking '/home/alberto/tiago_public_ws/install/tiago_laser_sensors/bin'
[5.493s] Level 1:colcon.colcon_core.environment:checking '/home/alberto/tiago_public_ws/install/tiago_laser_sensors/lib/pkgconfig/tiago_laser_sensors.pc'
[5.493s] Level 1:colcon.colcon_core.environment:checking '/home/alberto/tiago_public_ws/install/tiago_laser_sensors/lib/python3.10/site-packages'
[5.493s] Level 1:colcon.colcon_core.environment:checking '/home/alberto/tiago_public_ws/install/tiago_laser_sensors/bin'
[5.502s] INFO:colcon.colcon_core.shell:Creating package script '/home/alberto/tiago_public_ws/install/tiago_laser_sensors/share/tiago_laser_sensors/package.ps1'
[5.503s] INFO:colcon.colcon_core.shell:Creating package descriptor '/home/alberto/tiago_public_ws/install/tiago_laser_sensors/share/tiago_laser_sensors/package.dsv'
[5.505s] INFO:colcon.colcon_core.shell:Creating package script '/home/alberto/tiago_public_ws/install/tiago_laser_sensors/share/tiago_laser_sensors/package.sh'
[5.506s] INFO:colcon.colcon_core.shell:Creating package script '/home/alberto/tiago_public_ws/install/tiago_laser_sensors/share/tiago_laser_sensors/package.bash'
[5.506s] INFO:colcon.colcon_core.shell:Creating package script '/home/alberto/tiago_public_ws/install/tiago_laser_sensors/share/tiago_laser_sensors/package.zsh'
[5.509s] Level 1:colcon.colcon_core.environment:create_file_with_runtime_dependencies(/home/alberto/tiago_public_ws/install/tiago_laser_sensors/share/colcon-core/packages/tiago_laser_sensors)
[5.510s] Level 1:colcon.colcon_core.environment:create_environment_scripts_only(tiago_laser_sensors)
[5.511s] Level 1:colcon.colcon_core.environment:checking '/home/alberto/tiago_public_ws/install/tiago_laser_sensors' for CMake module files
[5.514s] Level 1:colcon.colcon_core.environment:checking '/home/alberto/tiago_public_ws/install/tiago_laser_sensors' for CMake config files
[5.515s] Level 1:colcon.colcon_core.shell:create_environment_hook('tiago_laser_sensors', 'cmake_prefix_path')
[5.515s] INFO:colcon.colcon_core.shell:Creating environment hook '/home/alberto/tiago_public_ws/install/tiago_laser_sensors/share/tiago_laser_sensors/hook/cmake_prefix_path.ps1'
[5.520s] INFO:colcon.colcon_core.shell:Creating environment descriptor '/home/alberto/tiago_public_ws/install/tiago_laser_sensors/share/tiago_laser_sensors/hook/cmake_prefix_path.dsv'
[5.523s] INFO:colcon.colcon_core.shell:Creating environment hook '/home/alberto/tiago_public_ws/install/tiago_laser_sensors/share/tiago_laser_sensors/hook/cmake_prefix_path.sh'
[5.524s] Level 1:colcon.colcon_core.environment:checking '/home/alberto/tiago_public_ws/install/tiago_laser_sensors/bin'
[5.525s] Level 1:colcon.colcon_core.environment:checking '/home/alberto/tiago_public_ws/install/tiago_laser_sensors/lib/pkgconfig/tiago_laser_sensors.pc'
[5.525s] Level 1:colcon.colcon_core.environment:checking '/home/alberto/tiago_public_ws/install/tiago_laser_sensors/lib/python3.10/site-packages'
[5.525s] Level 1:colcon.colcon_core.environment:checking '/home/alberto/tiago_public_ws/install/tiago_laser_sensors/bin'
[5.525s] INFO:colcon.colcon_core.shell:Creating package script '/home/alberto/tiago_public_ws/install/tiago_laser_sensors/share/tiago_laser_sensors/package.ps1'
[5.528s] INFO:colcon.colcon_core.shell:Creating package descriptor '/home/alberto/tiago_public_ws/install/tiago_laser_sensors/share/tiago_laser_sensors/package.dsv'
[5.528s] INFO:colcon.colcon_core.shell:Creating package script '/home/alberto/tiago_public_ws/install/tiago_laser_sensors/share/tiago_laser_sensors/package.sh'
[5.531s] INFO:colcon.colcon_core.shell:Creating package script '/home/alberto/tiago_public_ws/install/tiago_laser_sensors/share/tiago_laser_sensors/package.bash'
[5.532s] INFO:colcon.colcon_core.shell:Creating package script '/home/alberto/tiago_public_ws/install/tiago_laser_sensors/share/tiago_laser_sensors/package.zsh'
[5.534s] Level 1:colcon.colcon_core.environment:create_file_with_runtime_dependencies(/home/alberto/tiago_public_ws/install/tiago_laser_sensors/share/colcon-core/packages/tiago_laser_sensors)
[5.535s] INFO:colcon.colcon_ros.task.ament_cmake.build:Building ROS package in '/home/alberto/tiago_public_ws/src/tiago_navigation/tiago_rgbd_sensors' with build type 'ament_cmake'
[5.535s] INFO:colcon.colcon_cmake.task.cmake.build:Building CMake package in '/home/alberto/tiago_public_ws/src/tiago_navigation/tiago_rgbd_sensors'
[5.536s] INFO:colcon.colcon_core.shell:Skip shell extension 'powershell' for command environment: Not usable outside of PowerShell
[5.536s] DEBUG:colcon.colcon_core.shell:Skip shell extension 'dsv' for command environment
[5.567s] DEBUG:colcon.colcon_core.event_handler.log_command:Invoking command in '/home/alberto/tiago_public_ws/build/tiago_rgbd_sensors': CMAKE_PREFIX_PATH=/opt/ros/humble /usr/bin/cmake /home/alberto/tiago_public_ws/src/tiago_navigation/tiago_rgbd_sensors -DAMENT_CMAKE_SYMLINK_INSTALL=1 -DCMAKE_INSTALL_PREFIX=/home/alberto/tiago_public_ws/install/tiago_rgbd_sensors
[5.579s] DEBUG:colcon.colcon_core.event_handler.log_command:Invoked command in '/home/alberto/tiago_public_ws/build/tiago_2dnav' returned '0': AMENT_PREFIX_PATH=/home/alberto/tiago_public_ws/install/pmb2_2dnav:/home/alberto/tiago_public_ws/install/launch_pal:${AMENT_PREFIX_PATH} CMAKE_PREFIX_PATH=/home/alberto/tiago_public_ws/install/pmb2_2dnav:/opt/ros/humble PYTHONPATH=/home/alberto/tiago_public_ws/build/launch_pal:/home/alberto/tiago_public_ws/install/launch_pal/lib/python3.10/site-packages:${PYTHONPATH} /usr/bin/cmake --build /home/alberto/tiago_public_ws/build/tiago_2dnav -- -j8 -l8
[5.590s] DEBUG:colcon.colcon_core.event_handler.log_command:Invoking command in '/home/alberto/tiago_public_ws/build/tiago_2dnav': AMENT_PREFIX_PATH=/home/alberto/tiago_public_ws/install/pmb2_2dnav:/home/alberto/tiago_public_ws/install/launch_pal:${AMENT_PREFIX_PATH} CMAKE_PREFIX_PATH=/home/alberto/tiago_public_ws/install/pmb2_2dnav:/opt/ros/humble PYTHONPATH=/home/alberto/tiago_public_ws/build/launch_pal:/home/alberto/tiago_public_ws/install/launch_pal/lib/python3.10/site-packages:${PYTHONPATH} /usr/bin/cmake --install /home/alberto/tiago_public_ws/build/tiago_2dnav
[5.592s] Level 1:colcon.colcon_core.environment:create_environment_scripts_only(tiago_controller_configuration)
[5.595s] Level 1:colcon.colcon_core.environment:checking '/home/alberto/tiago_public_ws/install/tiago_controller_configuration' for CMake module files
[5.596s] Level 1:colcon.colcon_core.environment:checking '/home/alberto/tiago_public_ws/install/tiago_controller_configuration' for CMake config files
[5.596s] Level 1:colcon.colcon_core.shell:create_environment_hook('tiago_controller_configuration', 'cmake_prefix_path')
[5.597s] INFO:colcon.colcon_core.shell:Creating environment hook '/home/alberto/tiago_public_ws/install/tiago_controller_configuration/share/tiago_controller_configuration/hook/cmake_prefix_path.ps1'
[5.593s] DEBUG:colcon.colcon_core.event_handler.log_command:Invoked command in '/home/alberto/tiago_public_ws/build/tiago_controller_configuration' returned '0': AMENT_PREFIX_PATH=/home/alberto/tiago_public_ws/install/pmb2_controller_configuration:/home/alberto/tiago_public_ws/install/pal_robotiq_controller_configuration:/home/alberto/tiago_public_ws/install/pal_hey5_controller_configuration:/home/alberto/tiago_public_ws/install/pal_gripper_controller_configuration:/home/alberto/tiago_public_ws/install/launch_pal:${AMENT_PREFIX_PATH} CMAKE_PREFIX_PATH=/home/alberto/tiago_public_ws/install/pmb2_controller_configuration:/home/alberto/tiago_public_ws/install/pal_robotiq_controller_configuration:/home/alberto/tiago_public_ws/install/pal_hey5_controller_configuration:/home/alberto/tiago_public_ws/install/pal_gripper_controller_configuration:/opt/ros/humble PYTHONPATH=/home/alberto/tiago_public_ws/build/launch_pal:/home/alberto/tiago_public_ws/install/launch_pal/lib/python3.10/site-packages:${PYTHONPATH} /usr/bin/cmake --install /home/alberto/tiago_public_ws/build/tiago_controller_configuration
[5.598s] INFO:colcon.colcon_core.shell:Creating environment descriptor '/home/alberto/tiago_public_ws/install/tiago_controller_configuration/share/tiago_controller_configuration/hook/cmake_prefix_path.dsv'
[5.598s] INFO:colcon.colcon_core.shell:Creating environment hook '/home/alberto/tiago_public_ws/install/tiago_controller_configuration/share/tiago_controller_configuration/hook/cmake_prefix_path.sh'
[5.599s] Level 1:colcon.colcon_core.environment:checking '/home/alberto/tiago_public_ws/install/tiago_controller_configuration/bin'
[5.599s] Level 1:colcon.colcon_core.environment:checking '/home/alberto/tiago_public_ws/install/tiago_controller_configuration/lib/pkgconfig/tiago_controller_configuration.pc'
[5.600s] Level 1:colcon.colcon_core.environment:checking '/home/alberto/tiago_public_ws/install/tiago_controller_configuration/lib/python3.10/site-packages'
[5.600s] Level 1:colcon.colcon_core.environment:checking '/home/alberto/tiago_public_ws/install/tiago_controller_configuration/bin'
[5.600s] INFO:colcon.colcon_core.shell:Creating package script '/home/alberto/tiago_public_ws/install/tiago_controller_configuration/share/tiago_controller_configuration/package.ps1'
[5.601s] INFO:colcon.colcon_core.shell:Creating package descriptor '/home/alberto/tiago_public_ws/install/tiago_controller_configuration/share/tiago_controller_configuration/package.dsv'
[5.602s] INFO:colcon.colcon_core.shell:Creating package script '/home/alberto/tiago_public_ws/install/tiago_controller_configuration/share/tiago_controller_configuration/package.sh'
[5.602s] INFO:colcon.colcon_core.shell:Creating package script '/home/alberto/tiago_public_ws/install/tiago_controller_configuration/share/tiago_controller_configuration/package.bash'
[5.602s] INFO:colcon.colcon_core.shell:Creating package script '/home/alberto/tiago_public_ws/install/tiago_controller_configuration/share/tiago_controller_configuration/package.zsh'
[5.603s] Level 1:colcon.colcon_core.environment:create_file_with_runtime_dependencies(/home/alberto/tiago_public_ws/install/tiago_controller_configuration/share/colcon-core/packages/tiago_controller_configuration)
[5.605s] Level 1:colcon.colcon_core.environment:create_environment_scripts_only(tiago_controller_configuration)
[5.606s] Level 1:colcon.colcon_core.environment:checking '/home/alberto/tiago_public_ws/install/tiago_controller_configuration' for CMake module files
[5.610s] Level 1:colcon.colcon_core.environment:checking '/home/alberto/tiago_public_ws/install/tiago_controller_configuration' for CMake config files
[5.611s] Level 1:colcon.colcon_core.shell:create_environment_hook('tiago_controller_configuration', 'cmake_prefix_path')
[5.611s] INFO:colcon.colcon_core.shell:Creating environment hook '/home/alberto/tiago_public_ws/install/tiago_controller_configuration/share/tiago_controller_configuration/hook/cmake_prefix_path.ps1'
[5.612s] INFO:colcon.colcon_core.shell:Creating environment descriptor '/home/alberto/tiago_public_ws/install/tiago_controller_configuration/share/tiago_controller_configuration/hook/cmake_prefix_path.dsv'
[5.612s] INFO:colcon.colcon_core.shell:Creating environment hook '/home/alberto/tiago_public_ws/install/tiago_controller_configuration/share/tiago_controller_configuration/hook/cmake_prefix_path.sh'
[5.613s] Level 1:colcon.colcon_core.environment:checking '/home/alberto/tiago_public_ws/install/tiago_controller_configuration/bin'
[5.613s] Level 1:colcon.colcon_core.environment:checking '/home/alberto/tiago_public_ws/install/tiago_controller_configuration/lib/pkgconfig/tiago_controller_configuration.pc'
[5.613s] Level 1:colcon.colcon_core.environment:checking '/home/alberto/tiago_public_ws/install/tiago_controller_configuration/lib/python3.10/site-packages'
[5.613s] Level 1:colcon.colcon_core.environment:checking '/home/alberto/tiago_public_ws/install/tiago_controller_configuration/bin'
[5.614s] INFO:colcon.colcon_core.shell:Creating package script '/home/alberto/tiago_public_ws/install/tiago_controller_configuration/share/tiago_controller_configuration/package.ps1'
[5.617s] INFO:colcon.colcon_core.shell:Creating package descriptor '/home/alberto/tiago_public_ws/install/tiago_controller_configuration/share/tiago_controller_configuration/package.dsv'
[5.618s] INFO:colcon.colcon_core.shell:Creating package script '/home/alberto/tiago_public_ws/install/tiago_controller_configuration/share/tiago_controller_configuration/package.sh'
[5.618s] INFO:colcon.colcon_core.shell:Creating package script '/home/alberto/tiago_public_ws/install/tiago_controller_configuration/share/tiago_controller_configuration/package.bash'
[5.619s] INFO:colcon.colcon_core.shell:Creating package script '/home/alberto/tiago_public_ws/install/tiago_controller_configuration/share/tiago_controller_configuration/package.zsh'
[5.619s] Level 1:colcon.colcon_core.environment:create_file_with_runtime_dependencies(/home/alberto/tiago_public_ws/install/tiago_controller_configuration/share/colcon-core/packages/tiago_controller_configuration)
[5.620s] INFO:colcon.colcon_ros.task.ament_cmake.build:Building ROS package in '/home/alberto/tiago_public_ws/src/pal_navigation_cfg_public/pal_navigation_cfg_bringup' with build type 'ament_cmake'
[5.620s] INFO:colcon.colcon_cmake.task.cmake.build:Building CMake package in '/home/alberto/tiago_public_ws/src/pal_navigation_cfg_public/pal_navigation_cfg_bringup'
[5.620s] INFO:colcon.colcon_core.shell:Skip shell extension 'powershell' for command environment: Not usable outside of PowerShell
[5.621s] DEBUG:colcon.colcon_core.shell:Skip shell extension 'dsv' for command environment
[5.647s] DEBUG:colcon.colcon_core.event_handler.log_command:Invoking command in '/home/alberto/tiago_public_ws/build/pal_navigation_cfg_bringup': AMENT_PREFIX_PATH=/home/alberto/tiago_public_ws/install/pal_navigation_cfg_params:/home/alberto/tiago_public_ws/install/launch_pal:${AMENT_PREFIX_PATH} CMAKE_PREFIX_PATH=/home/alberto/tiago_public_ws/install/pal_navigation_cfg_params:/opt/ros/humble PYTHONPATH=/home/alberto/tiago_public_ws/build/launch_pal:/home/alberto/tiago_public_ws/install/launch_pal/lib/python3.10/site-packages:${PYTHONPATH} /usr/bin/cmake /home/alberto/tiago_public_ws/src/pal_navigation_cfg_public/pal_navigation_cfg_bringup -DAMENT_CMAKE_SYMLINK_INSTALL=1 -DCMAKE_INSTALL_PREFIX=/home/alberto/tiago_public_ws/install/pal_navigation_cfg_bringup
[5.731s] Level 1:colcon.colcon_core.environment:create_environment_scripts_only(pal_hey5_description)
[5.731s] Level 1:colcon.colcon_core.environment:checking '/home/alberto/tiago_public_ws/install/pal_hey5_description' for CMake module files
[5.733s] Level 1:colcon.colcon_core.environment:checking '/home/alberto/tiago_public_ws/install/pal_hey5_description' for CMake config files
[5.734s] Level 1:colcon.colcon_core.shell:create_environment_hook('pal_hey5_description', 'cmake_prefix_path')
[5.737s] INFO:colcon.colcon_core.shell:Creating environment hook '/home/alberto/tiago_public_ws/install/pal_hey5_description/share/pal_hey5_description/hook/cmake_prefix_path.ps1'
[5.744s] INFO:colcon.colcon_core.shell:Creating environment descriptor '/home/alberto/tiago_public_ws/install/pal_hey5_description/share/pal_hey5_description/hook/cmake_prefix_path.dsv'
[5.744s] DEBUG:colcon.colcon_core.event_handler.log_command:Invoked command in '/home/alberto/tiago_public_ws/build/pal_hey5_description' returned '0': AMENT_PREFIX_PATH=/home/alberto/tiago_public_ws/install/pal_urdf_utils:${AMENT_PREFIX_PATH} CMAKE_PREFIX_PATH=/home/alberto/tiago_public_ws/install/pal_urdf_utils:/opt/ros/humble /usr/bin/cmake --install /home/alberto/tiago_public_ws/build/pal_hey5_description
[5.746s] INFO:colcon.colcon_core.shell:Creating environment hook '/home/alberto/tiago_public_ws/install/pal_hey5_description/share/pal_hey5_description/hook/cmake_prefix_path.sh'
[5.746s] Level 1:colcon.colcon_core.environment:checking '/home/alberto/tiago_public_ws/install/pal_hey5_description/bin'
[5.746s] Level 1:colcon.colcon_core.environment:checking '/home/alberto/tiago_public_ws/install/pal_hey5_description/lib/pkgconfig/pal_hey5_description.pc'
[5.747s] Level 1:colcon.colcon_core.environment:checking '/home/alberto/tiago_public_ws/install/pal_hey5_description/lib/python3.10/site-packages'
[5.747s] Level 1:colcon.colcon_core.environment:checking '/home/alberto/tiago_public_ws/install/pal_hey5_description/bin'
[5.747s] INFO:colcon.colcon_core.shell:Creating package script '/home/alberto/tiago_public_ws/install/pal_hey5_description/share/pal_hey5_description/package.ps1'
[5.748s] INFO:colcon.colcon_core.shell:Creating package descriptor '/home/alberto/tiago_public_ws/install/pal_hey5_description/share/pal_hey5_description/package.dsv'
[5.748s] INFO:colcon.colcon_core.shell:Creating package script '/home/alberto/tiago_public_ws/install/pal_hey5_description/share/pal_hey5_description/package.sh'
[5.749s] INFO:colcon.colcon_core.shell:Creating package script '/home/alberto/tiago_public_ws/install/pal_hey5_description/share/pal_hey5_description/package.bash'
[5.757s] INFO:colcon.colcon_core.shell:Creating package script '/home/alberto/tiago_public_ws/install/pal_hey5_description/share/pal_hey5_description/package.zsh'
[5.758s] Level 1:colcon.colcon_core.environment:create_file_with_runtime_dependencies(/home/alberto/tiago_public_ws/install/pal_hey5_description/share/colcon-core/packages/pal_hey5_description)
[5.760s] Level 1:colcon.colcon_core.environment:create_environment_scripts_only(pal_hey5_description)
[5.761s] Level 1:colcon.colcon_core.environment:checking '/home/alberto/tiago_public_ws/install/pal_hey5_description' for CMake module files
[5.762s] Level 1:colcon.colcon_core.environment:checking '/home/alberto/tiago_public_ws/install/pal_hey5_description' for CMake config files
[5.763s] Level 1:colcon.colcon_core.shell:create_environment_hook('pal_hey5_description', 'cmake_prefix_path')
[5.763s] INFO:colcon.colcon_core.shell:Creating environment hook '/home/alberto/tiago_public_ws/install/pal_hey5_description/share/pal_hey5_description/hook/cmake_prefix_path.ps1'
[5.770s] INFO:colcon.colcon_core.shell:Creating environment descriptor '/home/alberto/tiago_public_ws/install/pal_hey5_description/share/pal_hey5_description/hook/cmake_prefix_path.dsv'
[5.770s] INFO:colcon.colcon_core.shell:Creating environment hook '/home/alberto/tiago_public_ws/install/pal_hey5_description/share/pal_hey5_description/hook/cmake_prefix_path.sh'
[5.771s] Level 1:colcon.colcon_core.environment:checking '/home/alberto/tiago_public_ws/install/pal_hey5_description/bin'
[5.771s] Level 1:colcon.colcon_core.environment:checking '/home/alberto/tiago_public_ws/install/pal_hey5_description/lib/pkgconfig/pal_hey5_description.pc'
[5.772s] Level 1:colcon.colcon_core.environment:checking '/home/alberto/tiago_public_ws/install/pal_hey5_description/lib/python3.10/site-packages'
[5.772s] Level 1:colcon.colcon_core.environment:checking '/home/alberto/tiago_public_ws/install/pal_hey5_description/bin'
[5.773s] INFO:colcon.colcon_core.shell:Creating package script '/home/alberto/tiago_public_ws/install/pal_hey5_description/share/pal_hey5_description/package.ps1'
[5.774s] INFO:colcon.colcon_core.shell:Creating package descriptor '/home/alberto/tiago_public_ws/install/pal_hey5_description/share/pal_hey5_description/package.dsv'
[5.775s] INFO:colcon.colcon_core.shell:Creating package script '/home/alberto/tiago_public_ws/install/pal_hey5_description/share/pal_hey5_description/package.sh'
[5.776s] INFO:colcon.colcon_core.shell:Creating package script '/home/alberto/tiago_public_ws/install/pal_hey5_description/share/pal_hey5_description/package.bash'
[5.782s] INFO:colcon.colcon_core.shell:Creating package script '/home/alberto/tiago_public_ws/install/pal_hey5_description/share/pal_hey5_description/package.zsh'
[5.783s] Level 1:colcon.colcon_core.environment:create_file_with_runtime_dependencies(/home/alberto/tiago_public_ws/install/pal_hey5_description/share/colcon-core/packages/pal_hey5_description)
[5.783s] INFO:colcon.colcon_ros.task.ament_cmake.build:Building ROS package in '/home/alberto/tiago_public_ws/src/pal_robotiq_gripper/pal_robotiq_gripper' with build type 'ament_cmake'
[5.784s] INFO:colcon.colcon_cmake.task.cmake.build:Building CMake package in '/home/alberto/tiago_public_ws/src/pal_robotiq_gripper/pal_robotiq_gripper'
[5.785s] INFO:colcon.colcon_core.shell:Skip shell extension 'powershell' for command environment: Not usable outside of PowerShell
[5.785s] DEBUG:colcon.colcon_core.shell:Skip shell extension 'dsv' for command environment
[5.841s] DEBUG:colcon.colcon_core.event_handler.log_command:Invoking command in '/home/alberto/tiago_public_ws/build/pal_robotiq_gripper': AMENT_PREFIX_PATH=/home/alberto/tiago_public_ws/install/pal_robotiq_description:/home/alberto/tiago_public_ws/install/pal_robotiq_controller_configuration:${AMENT_PREFIX_PATH} CMAKE_PREFIX_PATH=/home/alberto/tiago_public_ws/install/pal_robotiq_description:/home/alberto/tiago_public_ws/install/pal_robotiq_controller_configuration:/opt/ros/humble /usr/bin/cmake /home/alberto/tiago_public_ws/src/pal_robotiq_gripper/pal_robotiq_gripper -DAMENT_CMAKE_SYMLINK_INSTALL=1 -DCMAKE_INSTALL_PREFIX=/home/alberto/tiago_public_ws/install/pal_robotiq_gripper
[5.842s] DEBUG:colcon.colcon_core.event_handler.log_command:Invoked command in '/home/alberto/tiago_public_ws/build/pal_gripper_description' returned '0': AMENT_PREFIX_PATH=/home/alberto/tiago_public_ws/install/urdf_test:/home/alberto/tiago_public_ws/install/pal_urdf_utils:${AMENT_PREFIX_PATH} CMAKE_PREFIX_PATH=/home/alberto/tiago_public_ws/install/urdf_test:/home/alberto/tiago_public_ws/install/pal_urdf_utils:/opt/ros/humble PYTHONPATH=/home/alberto/tiago_public_ws/install/urdf_test/local/lib/python3.10/dist-packages:${PYTHONPATH} /usr/bin/cmake /home/alberto/tiago_public_ws/src/pal_gripper/pal_gripper_description -DAMENT_CMAKE_SYMLINK_INSTALL=1 -DCMAKE_INSTALL_PREFIX=/home/alberto/tiago_public_ws/install/pal_gripper_description
[5.842s] DEBUG:colcon.colcon_core.event_handler.log_command:Invoking command in '/home/alberto/tiago_public_ws/build/pal_gripper_description': AMENT_PREFIX_PATH=/home/alberto/tiago_public_ws/install/urdf_test:/home/alberto/tiago_public_ws/install/pal_urdf_utils:${AMENT_PREFIX_PATH} CMAKE_PREFIX_PATH=/home/alberto/tiago_public_ws/install/urdf_test:/home/alberto/tiago_public_ws/install/pal_urdf_utils:/opt/ros/humble PYTHONPATH=/home/alberto/tiago_public_ws/install/urdf_test/local/lib/python3.10/dist-packages:${PYTHONPATH} /usr/bin/cmake --build /home/alberto/tiago_public_ws/build/pal_gripper_description -- -j8 -l8
[5.932s] Level 1:colcon.colcon_core.environment:create_environment_scripts_only(tiago_2dnav)
[5.932s] DEBUG:colcon.colcon_core.event_handler.log_command:Invoked command in '/home/alberto/tiago_public_ws/build/tiago_2dnav' returned '0': AMENT_PREFIX_PATH=/home/alberto/tiago_public_ws/install/pmb2_2dnav:/home/alberto/tiago_public_ws/install/launch_pal:${AMENT_PREFIX_PATH} CMAKE_PREFIX_PATH=/home/alberto/tiago_public_ws/install/pmb2_2dnav:/opt/ros/humble PYTHONPATH=/home/alberto/tiago_public_ws/build/launch_pal:/home/alberto/tiago_public_ws/install/launch_pal/lib/python3.10/site-packages:${PYTHONPATH} /usr/bin/cmake --install /home/alberto/tiago_public_ws/build/tiago_2dnav
[5.933s] Level 1:colcon.colcon_core.environment:checking '/home/alberto/tiago_public_ws/install/tiago_2dnav' for CMake module files
[5.933s] Level 1:colcon.colcon_core.environment:checking '/home/alberto/tiago_public_ws/install/tiago_2dnav' for CMake config files
[5.934s] Level 1:colcon.colcon_core.shell:create_environment_hook('tiago_2dnav', 'cmake_prefix_path')
[5.934s] INFO:colcon.colcon_core.shell:Creating environment hook '/home/alberto/tiago_public_ws/install/tiago_2dnav/share/tiago_2dnav/hook/cmake_prefix_path.ps1'
[5.935s] INFO:colcon.colcon_core.shell:Creating environment descriptor '/home/alberto/tiago_public_ws/install/tiago_2dnav/share/tiago_2dnav/hook/cmake_prefix_path.dsv'
[5.935s] INFO:colcon.colcon_core.shell:Creating environment hook '/home/alberto/tiago_public_ws/install/tiago_2dnav/share/tiago_2dnav/hook/cmake_prefix_path.sh'
[5.939s] Level 1:colcon.colcon_core.environment:checking '/home/alberto/tiago_public_ws/install/tiago_2dnav/bin'
[5.939s] Level 1:colcon.colcon_core.environment:checking '/home/alberto/tiago_public_ws/install/tiago_2dnav/lib/pkgconfig/tiago_2dnav.pc'
[5.944s] Level 1:colcon.colcon_core.environment:checking '/home/alberto/tiago_public_ws/install/tiago_2dnav/lib/python3.10/site-packages'
[5.944s] Level 1:colcon.colcon_core.environment:checking '/home/alberto/tiago_public_ws/install/tiago_2dnav/bin'
[5.945s] INFO:colcon.colcon_core.shell:Creating package script '/home/alberto/tiago_public_ws/install/tiago_2dnav/share/tiago_2dnav/package.ps1'
[5.948s] INFO:colcon.colcon_core.shell:Creating package descriptor '/home/alberto/tiago_public_ws/install/tiago_2dnav/share/tiago_2dnav/package.dsv'
[5.953s] INFO:colcon.colcon_core.shell:Creating package script '/home/alberto/tiago_public_ws/install/tiago_2dnav/share/tiago_2dnav/package.sh'
[5.954s] INFO:colcon.colcon_core.shell:Creating package script '/home/alberto/tiago_public_ws/install/tiago_2dnav/share/tiago_2dnav/package.bash'
[5.954s] INFO:colcon.colcon_core.shell:Creating package script '/home/alberto/tiago_public_ws/install/tiago_2dnav/share/tiago_2dnav/package.zsh'
[5.955s] Level 1:colcon.colcon_core.environment:create_file_with_runtime_dependencies(/home/alberto/tiago_public_ws/install/tiago_2dnav/share/colcon-core/packages/tiago_2dnav)
[5.956s] Level 1:colcon.colcon_core.environment:create_environment_scripts_only(tiago_2dnav)
[5.961s] Level 1:colcon.colcon_core.environment:checking '/home/alberto/tiago_public_ws/install/tiago_2dnav' for CMake module files
[5.964s] Level 1:colcon.colcon_core.environment:checking '/home/alberto/tiago_public_ws/install/tiago_2dnav' for CMake config files
[5.967s] Level 1:colcon.colcon_core.shell:create_environment_hook('tiago_2dnav', 'cmake_prefix_path')
[5.968s] INFO:colcon.colcon_core.shell:Creating environment hook '/home/alberto/tiago_public_ws/install/tiago_2dnav/share/tiago_2dnav/hook/cmake_prefix_path.ps1'
[5.968s] INFO:colcon.colcon_core.shell:Creating environment descriptor '/home/alberto/tiago_public_ws/install/tiago_2dnav/share/tiago_2dnav/hook/cmake_prefix_path.dsv'
[5.969s] INFO:colcon.colcon_core.shell:Creating environment hook '/home/alberto/tiago_public_ws/install/tiago_2dnav/share/tiago_2dnav/hook/cmake_prefix_path.sh'
[5.970s] Level 1:colcon.colcon_core.environment:checking '/home/alberto/tiago_public_ws/install/tiago_2dnav/bin'
[5.970s] Level 1:colcon.colcon_core.environment:checking '/home/alberto/tiago_public_ws/install/tiago_2dnav/lib/pkgconfig/tiago_2dnav.pc'
[5.974s] Level 1:colcon.colcon_core.environment:checking '/home/alberto/tiago_public_ws/install/tiago_2dnav/lib/python3.10/site-packages'
[5.983s] Level 1:colcon.colcon_core.environment:checking '/home/alberto/tiago_public_ws/install/tiago_2dnav/bin'
[5.986s] INFO:colcon.colcon_core.shell:Creating package script '/home/alberto/tiago_public_ws/install/tiago_2dnav/share/tiago_2dnav/package.ps1'
[5.988s] INFO:colcon.colcon_core.shell:Creating package descriptor '/home/alberto/tiago_public_ws/install/tiago_2dnav/share/tiago_2dnav/package.dsv'
[5.991s] INFO:colcon.colcon_core.shell:Creating package script '/home/alberto/tiago_public_ws/install/tiago_2dnav/share/tiago_2dnav/package.sh'
[5.992s] INFO:colcon.colcon_core.shell:Creating package script '/home/alberto/tiago_public_ws/install/tiago_2dnav/share/tiago_2dnav/package.bash'
[5.993s] INFO:colcon.colcon_core.shell:Creating package script '/home/alberto/tiago_public_ws/install/tiago_2dnav/share/tiago_2dnav/package.zsh'
[5.995s] Level 1:colcon.colcon_core.environment:create_file_with_runtime_dependencies(/home/alberto/tiago_public_ws/install/tiago_2dnav/share/colcon-core/packages/tiago_2dnav)
[5.997s] INFO:colcon.colcon_ros.task.ament_cmake.build:Building ROS package in '/home/alberto/tiago_public_ws/src/pmb2_navigation/pmb2_rgbd_sensors' with build type 'ament_cmake'
[5.998s] INFO:colcon.colcon_cmake.task.cmake.build:Building CMake package in '/home/alberto/tiago_public_ws/src/pmb2_navigation/pmb2_rgbd_sensors'
[5.998s] INFO:colcon.colcon_core.shell:Skip shell extension 'powershell' for command environment: Not usable outside of PowerShell
[5.998s] DEBUG:colcon.colcon_core.shell:Skip shell extension 'dsv' for command environment
[6.027s] DEBUG:colcon.colcon_core.event_handler.log_command:Invoking command in '/home/alberto/tiago_public_ws/build/pmb2_rgbd_sensors': AMENT_PREFIX_PATH=/home/alberto/tiago_public_ws/install/launch_pal:${AMENT_PREFIX_PATH} CMAKE_PREFIX_PATH=/opt/ros/humble PYTHONPATH=/home/alberto/tiago_public_ws/build/launch_pal:/home/alberto/tiago_public_ws/install/launch_pal/lib/python3.10/site-packages:${PYTHONPATH} /usr/bin/cmake /home/alberto/tiago_public_ws/src/pmb2_navigation/pmb2_rgbd_sensors -DAMENT_CMAKE_SYMLINK_INSTALL=1 -DCMAKE_INSTALL_PREFIX=/home/alberto/tiago_public_ws/install/pmb2_rgbd_sensors
[6.682s] DEBUG:colcon.colcon_core.event_handler.log_command:Invoked command in '/home/alberto/tiago_public_ws/build/pmb2_description' returned '0': AMENT_PREFIX_PATH=/home/alberto/tiago_public_ws/install/urdf_test:/home/alberto/tiago_public_ws/install/pal_urdf_utils:/home/alberto/tiago_public_ws/install/launch_pal:${AMENT_PREFIX_PATH} CMAKE_PREFIX_PATH=/home/alberto/tiago_public_ws/install/urdf_test:/home/alberto/tiago_public_ws/install/pal_urdf_utils:/opt/ros/humble PYTHONPATH=/home/alberto/tiago_public_ws/install/urdf_test/local/lib/python3.10/dist-packages:/home/alberto/tiago_public_ws/build/launch_pal:/home/alberto/tiago_public_ws/install/launch_pal/lib/python3.10/site-packages:${PYTHONPATH} /usr/bin/cmake /home/alberto/tiago_public_ws/src/pmb2_robot/pmb2_description -DAMENT_CMAKE_SYMLINK_INSTALL=1 -DCMAKE_INSTALL_PREFIX=/home/alberto/tiago_public_ws/install/pmb2_description
[6.694s] DEBUG:colcon.colcon_core.event_handler.log_command:Invoking command in '/home/alberto/tiago_public_ws/build/pmb2_description': AMENT_PREFIX_PATH=/home/alberto/tiago_public_ws/install/urdf_test:/home/alberto/tiago_public_ws/install/pal_urdf_utils:/home/alberto/tiago_public_ws/install/launch_pal:${AMENT_PREFIX_PATH} CMAKE_PREFIX_PATH=/home/alberto/tiago_public_ws/install/urdf_test:/home/alberto/tiago_public_ws/install/pal_urdf_utils:/opt/ros/humble PYTHONPATH=/home/alberto/tiago_public_ws/install/urdf_test/local/lib/python3.10/dist-packages:/home/alberto/tiago_public_ws/build/launch_pal:/home/alberto/tiago_public_ws/install/launch_pal/lib/python3.10/site-packages:${PYTHONPATH} /usr/bin/cmake --build /home/alberto/tiago_public_ws/build/pmb2_description -- -j8 -l8
[6.695s] DEBUG:colcon.colcon_core.event_handler.log_command:Invoked command in '/home/alberto/tiago_public_ws/build/pal_gripper_description' returned '0': AMENT_PREFIX_PATH=/home/alberto/tiago_public_ws/install/urdf_test:/home/alberto/tiago_public_ws/install/pal_urdf_utils:${AMENT_PREFIX_PATH} CMAKE_PREFIX_PATH=/home/alberto/tiago_public_ws/install/urdf_test:/home/alberto/tiago_public_ws/install/pal_urdf_utils:/opt/ros/humble PYTHONPATH=/home/alberto/tiago_public_ws/install/urdf_test/local/lib/python3.10/dist-packages:${PYTHONPATH} /usr/bin/cmake --build /home/alberto/tiago_public_ws/build/pal_gripper_description -- -j8 -l8
[6.695s] DEBUG:colcon.colcon_core.event_handler.log_command:Invoking command in '/home/alberto/tiago_public_ws/build/pal_gripper_description': AMENT_PREFIX_PATH=/home/alberto/tiago_public_ws/install/urdf_test:/home/alberto/tiago_public_ws/install/pal_urdf_utils:${AMENT_PREFIX_PATH} CMAKE_PREFIX_PATH=/home/alberto/tiago_public_ws/install/urdf_test:/home/alberto/tiago_public_ws/install/pal_urdf_utils:/opt/ros/humble PYTHONPATH=/home/alberto/tiago_public_ws/install/urdf_test/local/lib/python3.10/dist-packages:${PYTHONPATH} /usr/bin/cmake --install /home/alberto/tiago_public_ws/build/pal_gripper_description
[7.063s] DEBUG:colcon.colcon_core.event_handler.log_command:Invoked command in '/home/alberto/tiago_public_ws/build/tiago_rgbd_sensors' returned '0': CMAKE_PREFIX_PATH=/opt/ros/humble /usr/bin/cmake /home/alberto/tiago_public_ws/src/tiago_navigation/tiago_rgbd_sensors -DAMENT_CMAKE_SYMLINK_INSTALL=1 -DCMAKE_INSTALL_PREFIX=/home/alberto/tiago_public_ws/install/tiago_rgbd_sensors
[7.074s] DEBUG:colcon.colcon_core.event_handler.log_command:Invoking command in '/home/alberto/tiago_public_ws/build/tiago_rgbd_sensors': CMAKE_PREFIX_PATH=/opt/ros/humble /usr/bin/cmake --build /home/alberto/tiago_public_ws/build/tiago_rgbd_sensors -- -j8 -l8
[7.225s] DEBUG:colcon.colcon_core.event_handler.log_command:Invoked command in '/home/alberto/tiago_public_ws/build/pal_navigation_cfg_bringup' returned '0': AMENT_PREFIX_PATH=/home/alberto/tiago_public_ws/install/pal_navigation_cfg_params:/home/alberto/tiago_public_ws/install/launch_pal:${AMENT_PREFIX_PATH} CMAKE_PREFIX_PATH=/home/alberto/tiago_public_ws/install/pal_navigation_cfg_params:/opt/ros/humble PYTHONPATH=/home/alberto/tiago_public_ws/build/launch_pal:/home/alberto/tiago_public_ws/install/launch_pal/lib/python3.10/site-packages:${PYTHONPATH} /usr/bin/cmake /home/alberto/tiago_public_ws/src/pal_navigation_cfg_public/pal_navigation_cfg_bringup -DAMENT_CMAKE_SYMLINK_INSTALL=1 -DCMAKE_INSTALL_PREFIX=/home/alberto/tiago_public_ws/install/pal_navigation_cfg_bringup
[7.232s] DEBUG:colcon.colcon_core.event_handler.log_command:Invoking command in '/home/alberto/tiago_public_ws/build/pal_navigation_cfg_bringup': AMENT_PREFIX_PATH=/home/alberto/tiago_public_ws/install/pal_navigation_cfg_params:/home/alberto/tiago_public_ws/install/launch_pal:${AMENT_PREFIX_PATH} CMAKE_PREFIX_PATH=/home/alberto/tiago_public_ws/install/pal_navigation_cfg_params:/opt/ros/humble PYTHONPATH=/home/alberto/tiago_public_ws/build/launch_pal:/home/alberto/tiago_public_ws/install/launch_pal/lib/python3.10/site-packages:${PYTHONPATH} /usr/bin/cmake --build /home/alberto/tiago_public_ws/build/pal_navigation_cfg_bringup -- -j8 -l8
[7.261s] DEBUG:colcon.colcon_core.event_handler.log_command:Invoked command in '/home/alberto/tiago_public_ws/build/pmb2_description' returned '0': AMENT_PREFIX_PATH=/home/alberto/tiago_public_ws/install/urdf_test:/home/alberto/tiago_public_ws/install/pal_urdf_utils:/home/alberto/tiago_public_ws/install/launch_pal:${AMENT_PREFIX_PATH} CMAKE_PREFIX_PATH=/home/alberto/tiago_public_ws/install/urdf_test:/home/alberto/tiago_public_ws/install/pal_urdf_utils:/opt/ros/humble PYTHONPATH=/home/alberto/tiago_public_ws/install/urdf_test/local/lib/python3.10/dist-packages:/home/alberto/tiago_public_ws/build/launch_pal:/home/alberto/tiago_public_ws/install/launch_pal/lib/python3.10/site-packages:${PYTHONPATH} /usr/bin/cmake --build /home/alberto/tiago_public_ws/build/pmb2_description -- -j8 -l8
[7.263s] DEBUG:colcon.colcon_core.event_handler.log_command:Invoking command in '/home/alberto/tiago_public_ws/build/pmb2_description': AMENT_PREFIX_PATH=/home/alberto/tiago_public_ws/install/urdf_test:/home/alberto/tiago_public_ws/install/pal_urdf_utils:/home/alberto/tiago_public_ws/install/launch_pal:${AMENT_PREFIX_PATH} CMAKE_PREFIX_PATH=/home/alberto/tiago_public_ws/install/urdf_test:/home/alberto/tiago_public_ws/install/pal_urdf_utils:/opt/ros/humble PYTHONPATH=/home/alberto/tiago_public_ws/install/urdf_test/local/lib/python3.10/dist-packages:/home/alberto/tiago_public_ws/build/launch_pal:/home/alberto/tiago_public_ws/install/launch_pal/lib/python3.10/site-packages:${PYTHONPATH} /usr/bin/cmake --install /home/alberto/tiago_public_ws/build/pmb2_description
[7.273s] DEBUG:colcon.colcon_core.event_handler.log_command:Invoked command in '/home/alberto/tiago_public_ws/build/tiago_rgbd_sensors' returned '0': CMAKE_PREFIX_PATH=/opt/ros/humble /usr/bin/cmake --build /home/alberto/tiago_public_ws/build/tiago_rgbd_sensors -- -j8 -l8
[7.277s] DEBUG:colcon.colcon_core.event_handler.log_command:Invoking command in '/home/alberto/tiago_public_ws/build/tiago_rgbd_sensors': CMAKE_PREFIX_PATH=/opt/ros/humble /usr/bin/cmake --install /home/alberto/tiago_public_ws/build/tiago_rgbd_sensors
[7.327s] DEBUG:colcon.colcon_core.event_handler.log_command:Invoked command in '/home/alberto/tiago_public_ws/build/pal_navigation_cfg_bringup' returned '0': AMENT_PREFIX_PATH=/home/alberto/tiago_public_ws/install/pal_navigation_cfg_params:/home/alberto/tiago_public_ws/install/launch_pal:${AMENT_PREFIX_PATH} CMAKE_PREFIX_PATH=/home/alberto/tiago_public_ws/install/pal_navigation_cfg_params:/opt/ros/humble PYTHONPATH=/home/alberto/tiago_public_ws/build/launch_pal:/home/alberto/tiago_public_ws/install/launch_pal/lib/python3.10/site-packages:${PYTHONPATH} /usr/bin/cmake --build /home/alberto/tiago_public_ws/build/pal_navigation_cfg_bringup -- -j8 -l8
[7.337s] DEBUG:colcon.colcon_core.event_handler.log_command:Invoking command in '/home/alberto/tiago_public_ws/build/pal_navigation_cfg_bringup': AMENT_PREFIX_PATH=/home/alberto/tiago_public_ws/install/pal_navigation_cfg_params:/home/alberto/tiago_public_ws/install/launch_pal:${AMENT_PREFIX_PATH} CMAKE_PREFIX_PATH=/home/alberto/tiago_public_ws/install/pal_navigation_cfg_params:/opt/ros/humble PYTHONPATH=/home/alberto/tiago_public_ws/build/launch_pal:/home/alberto/tiago_public_ws/install/launch_pal/lib/python3.10/site-packages:${PYTHONPATH} /usr/bin/cmake --install /home/alberto/tiago_public_ws/build/pal_navigation_cfg_bringup
[7.398s] Level 1:colcon.colcon_core.environment:create_environment_scripts_only(pal_gripper_description)
[7.398s] Level 1:colcon.colcon_core.environment:checking '/home/alberto/tiago_public_ws/install/pal_gripper_description' for CMake module files
[7.399s] DEBUG:colcon.colcon_core.event_handler.log_command:Invoked command in '/home/alberto/tiago_public_ws/build/pal_gripper_description' returned '0': AMENT_PREFIX_PATH=/home/alberto/tiago_public_ws/install/urdf_test:/home/alberto/tiago_public_ws/install/pal_urdf_utils:${AMENT_PREFIX_PATH} CMAKE_PREFIX_PATH=/home/alberto/tiago_public_ws/install/urdf_test:/home/alberto/tiago_public_ws/install/pal_urdf_utils:/opt/ros/humble PYTHONPATH=/home/alberto/tiago_public_ws/install/urdf_test/local/lib/python3.10/dist-packages:${PYTHONPATH} /usr/bin/cmake --install /home/alberto/tiago_public_ws/build/pal_gripper_description
[7.399s] Level 1:colcon.colcon_core.environment:checking '/home/alberto/tiago_public_ws/install/pal_gripper_description' for CMake config files
[7.399s] Level 1:colcon.colcon_core.shell:create_environment_hook('pal_gripper_description', 'cmake_prefix_path')
[7.400s] INFO:colcon.colcon_core.shell:Creating environment hook '/home/alberto/tiago_public_ws/install/pal_gripper_description/share/pal_gripper_description/hook/cmake_prefix_path.ps1'
[7.400s] INFO:colcon.colcon_core.shell:Creating environment descriptor '/home/alberto/tiago_public_ws/install/pal_gripper_description/share/pal_gripper_description/hook/cmake_prefix_path.dsv'
[7.403s] INFO:colcon.colcon_core.shell:Creating environment hook '/home/alberto/tiago_public_ws/install/pal_gripper_description/share/pal_gripper_description/hook/cmake_prefix_path.sh'
[7.403s] Level 1:colcon.colcon_core.environment:checking '/home/alberto/tiago_public_ws/install/pal_gripper_description/bin'
[7.403s] Level 1:colcon.colcon_core.environment:checking '/home/alberto/tiago_public_ws/install/pal_gripper_description/lib/pkgconfig/pal_gripper_description.pc'
[7.404s] Level 1:colcon.colcon_core.environment:checking '/home/alberto/tiago_public_ws/install/pal_gripper_description/lib/python3.10/site-packages'
[7.404s] Level 1:colcon.colcon_core.environment:checking '/home/alberto/tiago_public_ws/install/pal_gripper_description/bin'
[7.411s] INFO:colcon.colcon_core.shell:Creating package script '/home/alberto/tiago_public_ws/install/pal_gripper_description/share/pal_gripper_description/package.ps1'
[7.416s] INFO:colcon.colcon_core.shell:Creating package descriptor '/home/alberto/tiago_public_ws/install/pal_gripper_description/share/pal_gripper_description/package.dsv'
[7.417s] INFO:colcon.colcon_core.shell:Creating package script '/home/alberto/tiago_public_ws/install/pal_gripper_description/share/pal_gripper_description/package.sh'
[7.421s] INFO:colcon.colcon_core.shell:Creating package script '/home/alberto/tiago_public_ws/install/pal_gripper_description/share/pal_gripper_description/package.bash'
[7.421s] INFO:colcon.colcon_core.shell:Creating package script '/home/alberto/tiago_public_ws/install/pal_gripper_description/share/pal_gripper_description/package.zsh'
[7.422s] Level 1:colcon.colcon_core.environment:create_file_with_runtime_dependencies(/home/alberto/tiago_public_ws/install/pal_gripper_description/share/colcon-core/packages/pal_gripper_description)
[7.423s] Level 1:colcon.colcon_core.environment:create_environment_scripts_only(pal_gripper_description)
[7.424s] Level 1:colcon.colcon_core.environment:checking '/home/alberto/tiago_public_ws/install/pal_gripper_description' for CMake module files
[7.429s] Level 1:colcon.colcon_core.environment:checking '/home/alberto/tiago_public_ws/install/pal_gripper_description' for CMake config files
[7.430s] Level 1:colcon.colcon_core.shell:create_environment_hook('pal_gripper_description', 'cmake_prefix_path')
[7.430s] INFO:colcon.colcon_core.shell:Creating environment hook '/home/alberto/tiago_public_ws/install/pal_gripper_description/share/pal_gripper_description/hook/cmake_prefix_path.ps1'
[7.431s] INFO:colcon.colcon_core.shell:Creating environment descriptor '/home/alberto/tiago_public_ws/install/pal_gripper_description/share/pal_gripper_description/hook/cmake_prefix_path.dsv'
[7.432s] INFO:colcon.colcon_core.shell:Creating environment hook '/home/alberto/tiago_public_ws/install/pal_gripper_description/share/pal_gripper_description/hook/cmake_prefix_path.sh'
[7.433s] Level 1:colcon.colcon_core.environment:checking '/home/alberto/tiago_public_ws/install/pal_gripper_description/bin'
[7.433s] Level 1:colcon.colcon_core.environment:checking '/home/alberto/tiago_public_ws/install/pal_gripper_description/lib/pkgconfig/pal_gripper_description.pc'
[7.433s] Level 1:colcon.colcon_core.environment:checking '/home/alberto/tiago_public_ws/install/pal_gripper_description/lib/python3.10/site-packages'
[7.435s] Level 1:colcon.colcon_core.environment:checking '/home/alberto/tiago_public_ws/install/pal_gripper_description/bin'
[7.436s] INFO:colcon.colcon_core.shell:Creating package script '/home/alberto/tiago_public_ws/install/pal_gripper_description/share/pal_gripper_description/package.ps1'
[7.437s] INFO:colcon.colcon_core.shell:Creating package descriptor '/home/alberto/tiago_public_ws/install/pal_gripper_description/share/pal_gripper_description/package.dsv'
[7.437s] INFO:colcon.colcon_core.shell:Creating package script '/home/alberto/tiago_public_ws/install/pal_gripper_description/share/pal_gripper_description/package.sh'
[7.438s] INFO:colcon.colcon_core.shell:Creating package script '/home/alberto/tiago_public_ws/install/pal_gripper_description/share/pal_gripper_description/package.bash'
[7.438s] INFO:colcon.colcon_core.shell:Creating package script '/home/alberto/tiago_public_ws/install/pal_gripper_description/share/pal_gripper_description/package.zsh'
[7.443s] Level 1:colcon.colcon_core.environment:create_file_with_runtime_dependencies(/home/alberto/tiago_public_ws/install/pal_gripper_description/share/colcon-core/packages/pal_gripper_description)
[7.448s] INFO:colcon.colcon_ros.task.ament_cmake.build:Building ROS package in '/home/alberto/tiago_public_ws/src/pal_gripper/pal_gripper' with build type 'ament_cmake'
[7.448s] INFO:colcon.colcon_cmake.task.cmake.build:Building CMake package in '/home/alberto/tiago_public_ws/src/pal_gripper/pal_gripper'
[7.449s] INFO:colcon.colcon_core.shell:Skip shell extension 'powershell' for command environment: Not usable outside of PowerShell
[7.449s] DEBUG:colcon.colcon_core.shell:Skip shell extension 'dsv' for command environment
[7.474s] DEBUG:colcon.colcon_core.event_handler.log_command:Invoking command in '/home/alberto/tiago_public_ws/build/pal_gripper': AMENT_PREFIX_PATH=/home/alberto/tiago_public_ws/install/pal_gripper_description:/home/alberto/tiago_public_ws/install/urdf_test:/home/alberto/tiago_public_ws/install/pal_urdf_utils:/home/alberto/tiago_public_ws/install/pal_gripper_controller_configuration:${AMENT_PREFIX_PATH} CMAKE_PREFIX_PATH=/home/alberto/tiago_public_ws/install/pal_gripper_description:/home/alberto/tiago_public_ws/install/urdf_test:/home/alberto/tiago_public_ws/install/pal_urdf_utils:/home/alberto/tiago_public_ws/install/pal_gripper_controller_configuration:/opt/ros/humble PYTHONPATH=/home/alberto/tiago_public_ws/install/urdf_test/local/lib/python3.10/dist-packages:${PYTHONPATH} /usr/bin/cmake /home/alberto/tiago_public_ws/src/pal_gripper/pal_gripper -DAMENT_CMAKE_SYMLINK_INSTALL=1 -DCMAKE_INSTALL_PREFIX=/home/alberto/tiago_public_ws/install/pal_gripper
[7.674s] Level 1:colcon.colcon_core.environment:create_environment_scripts_only(tiago_rgbd_sensors)
[7.674s] Level 1:colcon.colcon_core.environment:checking '/home/alberto/tiago_public_ws/install/tiago_rgbd_sensors' for CMake module files
[7.677s] Level 1:colcon.colcon_core.environment:checking '/home/alberto/tiago_public_ws/install/tiago_rgbd_sensors' for CMake config files
[7.677s] Level 1:colcon.colcon_core.shell:create_environment_hook('tiago_rgbd_sensors', 'cmake_prefix_path')
[7.677s] INFO:colcon.colcon_core.shell:Creating environment hook '/home/alberto/tiago_public_ws/install/tiago_rgbd_sensors/share/tiago_rgbd_sensors/hook/cmake_prefix_path.ps1'
[7.678s] INFO:colcon.colcon_core.shell:Creating environment descriptor '/home/alberto/tiago_public_ws/install/tiago_rgbd_sensors/share/tiago_rgbd_sensors/hook/cmake_prefix_path.dsv'
[7.678s] INFO:colcon.colcon_core.shell:Creating environment hook '/home/alberto/tiago_public_ws/install/tiago_rgbd_sensors/share/tiago_rgbd_sensors/hook/cmake_prefix_path.sh'
[7.679s] Level 1:colcon.colcon_core.environment:checking '/home/alberto/tiago_public_ws/install/tiago_rgbd_sensors/bin'
[7.679s] Level 1:colcon.colcon_core.environment:checking '/home/alberto/tiago_public_ws/install/tiago_rgbd_sensors/lib/pkgconfig/tiago_rgbd_sensors.pc'
[7.679s] Level 1:colcon.colcon_core.environment:checking '/home/alberto/tiago_public_ws/install/tiago_rgbd_sensors/lib/python3.10/site-packages'
[7.680s] DEBUG:colcon.colcon_core.event_handler.log_command:Invoked command in '/home/alberto/tiago_public_ws/build/tiago_rgbd_sensors' returned '0': CMAKE_PREFIX_PATH=/opt/ros/humble /usr/bin/cmake --install /home/alberto/tiago_public_ws/build/tiago_rgbd_sensors
[7.683s] Level 1:colcon.colcon_core.environment:checking '/home/alberto/tiago_public_ws/install/tiago_rgbd_sensors/bin'
[7.683s] INFO:colcon.colcon_core.shell:Creating package script '/home/alberto/tiago_public_ws/install/tiago_rgbd_sensors/share/tiago_rgbd_sensors/package.ps1'
[7.688s] INFO:colcon.colcon_core.shell:Creating package descriptor '/home/alberto/tiago_public_ws/install/tiago_rgbd_sensors/share/tiago_rgbd_sensors/package.dsv'
[7.689s] INFO:colcon.colcon_core.shell:Creating package script '/home/alberto/tiago_public_ws/install/tiago_rgbd_sensors/share/tiago_rgbd_sensors/package.sh'
[7.689s] INFO:colcon.colcon_core.shell:Creating package script '/home/alberto/tiago_public_ws/install/tiago_rgbd_sensors/share/tiago_rgbd_sensors/package.bash'
[7.689s] INFO:colcon.colcon_core.shell:Creating package script '/home/alberto/tiago_public_ws/install/tiago_rgbd_sensors/share/tiago_rgbd_sensors/package.zsh'
[7.690s] Level 1:colcon.colcon_core.environment:create_file_with_runtime_dependencies(/home/alberto/tiago_public_ws/install/tiago_rgbd_sensors/share/colcon-core/packages/tiago_rgbd_sensors)
[7.690s] Level 1:colcon.colcon_core.environment:create_environment_scripts_only(tiago_rgbd_sensors)
[7.691s] Level 1:colcon.colcon_core.environment:checking '/home/alberto/tiago_public_ws/install/tiago_rgbd_sensors' for CMake module files
[7.694s] Level 1:colcon.colcon_core.environment:checking '/home/alberto/tiago_public_ws/install/tiago_rgbd_sensors' for CMake config files
[7.695s] Level 1:colcon.colcon_core.shell:create_environment_hook('tiago_rgbd_sensors', 'cmake_prefix_path')
[7.695s] INFO:colcon.colcon_core.shell:Creating environment hook '/home/alberto/tiago_public_ws/install/tiago_rgbd_sensors/share/tiago_rgbd_sensors/hook/cmake_prefix_path.ps1'
[7.696s] INFO:colcon.colcon_core.shell:Creating environment descriptor '/home/alberto/tiago_public_ws/install/tiago_rgbd_sensors/share/tiago_rgbd_sensors/hook/cmake_prefix_path.dsv'
[7.696s] INFO:colcon.colcon_core.shell:Creating environment hook '/home/alberto/tiago_public_ws/install/tiago_rgbd_sensors/share/tiago_rgbd_sensors/hook/cmake_prefix_path.sh'
[7.697s] Level 1:colcon.colcon_core.environment:checking '/home/alberto/tiago_public_ws/install/tiago_rgbd_sensors/bin'
[7.698s] Level 1:colcon.colcon_core.environment:checking '/home/alberto/tiago_public_ws/install/tiago_rgbd_sensors/lib/pkgconfig/tiago_rgbd_sensors.pc'
[7.698s] Level 1:colcon.colcon_core.environment:checking '/home/alberto/tiago_public_ws/install/tiago_rgbd_sensors/lib/python3.10/site-packages'
[7.699s] Level 1:colcon.colcon_core.environment:checking '/home/alberto/tiago_public_ws/install/tiago_rgbd_sensors/bin'
[7.700s] INFO:colcon.colcon_core.shell:Creating package script '/home/alberto/tiago_public_ws/install/tiago_rgbd_sensors/share/tiago_rgbd_sensors/package.ps1'
[7.704s] INFO:colcon.colcon_core.shell:Creating package descriptor '/home/alberto/tiago_public_ws/install/tiago_rgbd_sensors/share/tiago_rgbd_sensors/package.dsv'
[7.710s] INFO:colcon.colcon_core.shell:Creating package script '/home/alberto/tiago_public_ws/install/tiago_rgbd_sensors/share/tiago_rgbd_sensors/package.sh'
[7.712s] INFO:colcon.colcon_core.shell:Creating package script '/home/alberto/tiago_public_ws/install/tiago_rgbd_sensors/share/tiago_rgbd_sensors/package.bash'
[7.713s] INFO:colcon.colcon_core.shell:Creating package script '/home/alberto/tiago_public_ws/install/tiago_rgbd_sensors/share/tiago_rgbd_sensors/package.zsh'
[7.715s] Level 1:colcon.colcon_core.environment:create_file_with_runtime_dependencies(/home/alberto/tiago_public_ws/install/tiago_rgbd_sensors/share/colcon-core/packages/tiago_rgbd_sensors)
[7.716s] INFO:colcon.colcon_ros.task.ament_cmake.build:Building ROS package in '/home/alberto/tiago_public_ws/src/pal_hey5/pal_hey5' with build type 'ament_cmake'
[7.716s] INFO:colcon.colcon_cmake.task.cmake.build:Building CMake package in '/home/alberto/tiago_public_ws/src/pal_hey5/pal_hey5'
[7.716s] INFO:colcon.colcon_core.shell:Skip shell extension 'powershell' for command environment: Not usable outside of PowerShell
[7.716s] DEBUG:colcon.colcon_core.shell:Skip shell extension 'dsv' for command environment
[7.757s] DEBUG:colcon.colcon_core.event_handler.log_command:Invoked command in '/home/alberto/tiago_public_ws/build/pmb2_rgbd_sensors' returned '0': AMENT_PREFIX_PATH=/home/alberto/tiago_public_ws/install/launch_pal:${AMENT_PREFIX_PATH} CMAKE_PREFIX_PATH=/opt/ros/humble PYTHONPATH=/home/alberto/tiago_public_ws/build/launch_pal:/home/alberto/tiago_public_ws/install/launch_pal/lib/python3.10/site-packages:${PYTHONPATH} /usr/bin/cmake /home/alberto/tiago_public_ws/src/pmb2_navigation/pmb2_rgbd_sensors -DAMENT_CMAKE_SYMLINK_INSTALL=1 -DCMAKE_INSTALL_PREFIX=/home/alberto/tiago_public_ws/install/pmb2_rgbd_sensors
[7.758s] DEBUG:colcon.colcon_core.event_handler.log_command:Invoking command in '/home/alberto/tiago_public_ws/build/pmb2_rgbd_sensors': AMENT_PREFIX_PATH=/home/alberto/tiago_public_ws/install/launch_pal:${AMENT_PREFIX_PATH} CMAKE_PREFIX_PATH=/opt/ros/humble PYTHONPATH=/home/alberto/tiago_public_ws/build/launch_pal:/home/alberto/tiago_public_ws/install/launch_pal/lib/python3.10/site-packages:${PYTHONPATH} /usr/bin/cmake --build /home/alberto/tiago_public_ws/build/pmb2_rgbd_sensors -- -j8 -l8
[7.764s] DEBUG:colcon.colcon_core.event_handler.log_command:Invoking command in '/home/alberto/tiago_public_ws/build/pal_hey5': AMENT_PREFIX_PATH=/home/alberto/tiago_public_ws/install/pal_hey5_description:/home/alberto/tiago_public_ws/install/pal_urdf_utils:/home/alberto/tiago_public_ws/install/pal_hey5_controller_configuration:${AMENT_PREFIX_PATH} CMAKE_PREFIX_PATH=/home/alberto/tiago_public_ws/install/pal_hey5_description:/home/alberto/tiago_public_ws/install/pal_urdf_utils:/home/alberto/tiago_public_ws/install/pal_hey5_controller_configuration:/opt/ros/humble /usr/bin/cmake /home/alberto/tiago_public_ws/src/pal_hey5/pal_hey5 -DAMENT_CMAKE_SYMLINK_INSTALL=1 -DCMAKE_INSTALL_PREFIX=/home/alberto/tiago_public_ws/install/pal_hey5
[7.824s] Level 1:colcon.colcon_core.environment:create_environment_scripts_only(pal_navigation_cfg_bringup)
[7.825s] Level 1:colcon.colcon_core.environment:checking '/home/alberto/tiago_public_ws/install/pal_navigation_cfg_bringup' for CMake module files
[7.826s] Level 1:colcon.colcon_core.environment:checking '/home/alberto/tiago_public_ws/install/pal_navigation_cfg_bringup' for CMake config files
[7.826s] Level 1:colcon.colcon_core.shell:create_environment_hook('pal_navigation_cfg_bringup', 'cmake_prefix_path')
[7.826s] INFO:colcon.colcon_core.shell:Creating environment hook '/home/alberto/tiago_public_ws/install/pal_navigation_cfg_bringup/share/pal_navigation_cfg_bringup/hook/cmake_prefix_path.ps1'
[7.827s] DEBUG:colcon.colcon_core.event_handler.log_command:Invoked command in '/home/alberto/tiago_public_ws/build/pal_navigation_cfg_bringup' returned '0': AMENT_PREFIX_PATH=/home/alberto/tiago_public_ws/install/pal_navigation_cfg_params:/home/alberto/tiago_public_ws/install/launch_pal:${AMENT_PREFIX_PATH} CMAKE_PREFIX_PATH=/home/alberto/tiago_public_ws/install/pal_navigation_cfg_params:/opt/ros/humble PYTHONPATH=/home/alberto/tiago_public_ws/build/launch_pal:/home/alberto/tiago_public_ws/install/launch_pal/lib/python3.10/site-packages:${PYTHONPATH} /usr/bin/cmake --install /home/alberto/tiago_public_ws/build/pal_navigation_cfg_bringup
[7.828s] INFO:colcon.colcon_core.shell:Creating environment descriptor '/home/alberto/tiago_public_ws/install/pal_navigation_cfg_bringup/share/pal_navigation_cfg_bringup/hook/cmake_prefix_path.dsv'
[7.829s] INFO:colcon.colcon_core.shell:Creating environment hook '/home/alberto/tiago_public_ws/install/pal_navigation_cfg_bringup/share/pal_navigation_cfg_bringup/hook/cmake_prefix_path.sh'
[7.829s] Level 1:colcon.colcon_core.environment:checking '/home/alberto/tiago_public_ws/install/pal_navigation_cfg_bringup/bin'
[7.830s] Level 1:colcon.colcon_core.environment:checking '/home/alberto/tiago_public_ws/install/pal_navigation_cfg_bringup/lib/pkgconfig/pal_navigation_cfg_bringup.pc'
[7.830s] Level 1:colcon.colcon_core.environment:checking '/home/alberto/tiago_public_ws/install/pal_navigation_cfg_bringup/lib/python3.10/site-packages'
[7.830s] Level 1:colcon.colcon_core.environment:checking '/home/alberto/tiago_public_ws/install/pal_navigation_cfg_bringup/bin'
[7.831s] INFO:colcon.colcon_core.shell:Creating package script '/home/alberto/tiago_public_ws/install/pal_navigation_cfg_bringup/share/pal_navigation_cfg_bringup/package.ps1'
[7.838s] INFO:colcon.colcon_core.shell:Creating package descriptor '/home/alberto/tiago_public_ws/install/pal_navigation_cfg_bringup/share/pal_navigation_cfg_bringup/package.dsv'
[7.838s] INFO:colcon.colcon_core.shell:Creating package script '/home/alberto/tiago_public_ws/install/pal_navigation_cfg_bringup/share/pal_navigation_cfg_bringup/package.sh'
[7.839s] INFO:colcon.colcon_core.shell:Creating package script '/home/alberto/tiago_public_ws/install/pal_navigation_cfg_bringup/share/pal_navigation_cfg_bringup/package.bash'
[7.839s] INFO:colcon.colcon_core.shell:Creating package script '/home/alberto/tiago_public_ws/install/pal_navigation_cfg_bringup/share/pal_navigation_cfg_bringup/package.zsh'
[7.839s] Level 1:colcon.colcon_core.environment:create_file_with_runtime_dependencies(/home/alberto/tiago_public_ws/install/pal_navigation_cfg_bringup/share/colcon-core/packages/pal_navigation_cfg_bringup)
[7.840s] Level 1:colcon.colcon_core.environment:create_environment_scripts_only(pal_navigation_cfg_bringup)
[7.840s] Level 1:colcon.colcon_core.environment:checking '/home/alberto/tiago_public_ws/install/pal_navigation_cfg_bringup' for CMake module files
[7.841s] Level 1:colcon.colcon_core.environment:checking '/home/alberto/tiago_public_ws/install/pal_navigation_cfg_bringup' for CMake config files
[7.842s] Level 1:colcon.colcon_core.shell:create_environment_hook('pal_navigation_cfg_bringup', 'cmake_prefix_path')
[7.842s] INFO:colcon.colcon_core.shell:Creating environment hook '/home/alberto/tiago_public_ws/install/pal_navigation_cfg_bringup/share/pal_navigation_cfg_bringup/hook/cmake_prefix_path.ps1'
[7.845s] INFO:colcon.colcon_core.shell:Creating environment descriptor '/home/alberto/tiago_public_ws/install/pal_navigation_cfg_bringup/share/pal_navigation_cfg_bringup/hook/cmake_prefix_path.dsv'
[7.846s] INFO:colcon.colcon_core.shell:Creating environment hook '/home/alberto/tiago_public_ws/install/pal_navigation_cfg_bringup/share/pal_navigation_cfg_bringup/hook/cmake_prefix_path.sh'
[7.847s] Level 1:colcon.colcon_core.environment:checking '/home/alberto/tiago_public_ws/install/pal_navigation_cfg_bringup/bin'
[7.847s] Level 1:colcon.colcon_core.environment:checking '/home/alberto/tiago_public_ws/install/pal_navigation_cfg_bringup/lib/pkgconfig/pal_navigation_cfg_bringup.pc'
[7.847s] Level 1:colcon.colcon_core.environment:checking '/home/alberto/tiago_public_ws/install/pal_navigation_cfg_bringup/lib/python3.10/site-packages'
[7.847s] Level 1:colcon.colcon_core.environment:checking '/home/alberto/tiago_public_ws/install/pal_navigation_cfg_bringup/bin'
[7.848s] INFO:colcon.colcon_core.shell:Creating package script '/home/alberto/tiago_public_ws/install/pal_navigation_cfg_bringup/share/pal_navigation_cfg_bringup/package.ps1'
[7.848s] INFO:colcon.colcon_core.shell:Creating package descriptor '/home/alberto/tiago_public_ws/install/pal_navigation_cfg_bringup/share/pal_navigation_cfg_bringup/package.dsv'
[7.849s] INFO:colcon.colcon_core.shell:Creating package script '/home/alberto/tiago_public_ws/install/pal_navigation_cfg_bringup/share/pal_navigation_cfg_bringup/package.sh'
[7.850s] INFO:colcon.colcon_core.shell:Creating package script '/home/alberto/tiago_public_ws/install/pal_navigation_cfg_bringup/share/pal_navigation_cfg_bringup/package.bash'
[7.850s] INFO:colcon.colcon_core.shell:Creating package script '/home/alberto/tiago_public_ws/install/pal_navigation_cfg_bringup/share/pal_navigation_cfg_bringup/package.zsh'
[7.851s] Level 1:colcon.colcon_core.environment:create_file_with_runtime_dependencies(/home/alberto/tiago_public_ws/install/pal_navigation_cfg_bringup/share/colcon-core/packages/pal_navigation_cfg_bringup)
[7.852s] INFO:colcon.colcon_ros.task.ament_cmake.build:Building ROS package in '/home/alberto/tiago_public_ws/src/pal_navigation_cfg_public/pal_navigation_cfg_public' with build type 'ament_cmake'
[7.852s] INFO:colcon.colcon_cmake.task.cmake.build:Building CMake package in '/home/alberto/tiago_public_ws/src/pal_navigation_cfg_public/pal_navigation_cfg_public'
[7.852s] INFO:colcon.colcon_core.shell:Skip shell extension 'powershell' for command environment: Not usable outside of PowerShell
[7.852s] DEBUG:colcon.colcon_core.shell:Skip shell extension 'dsv' for command environment
[7.883s] DEBUG:colcon.colcon_core.event_handler.log_command:Invoked command in '/home/alberto/tiago_public_ws/build/pmb2_rgbd_sensors' returned '0': AMENT_PREFIX_PATH=/home/alberto/tiago_public_ws/install/launch_pal:${AMENT_PREFIX_PATH} CMAKE_PREFIX_PATH=/opt/ros/humble PYTHONPATH=/home/alberto/tiago_public_ws/build/launch_pal:/home/alberto/tiago_public_ws/install/launch_pal/lib/python3.10/site-packages:${PYTHONPATH} /usr/bin/cmake --build /home/alberto/tiago_public_ws/build/pmb2_rgbd_sensors -- -j8 -l8
[7.886s] DEBUG:colcon.colcon_core.event_handler.log_command:Invoking command in '/home/alberto/tiago_public_ws/build/pmb2_rgbd_sensors': AMENT_PREFIX_PATH=/home/alberto/tiago_public_ws/install/launch_pal:${AMENT_PREFIX_PATH} CMAKE_PREFIX_PATH=/opt/ros/humble PYTHONPATH=/home/alberto/tiago_public_ws/build/launch_pal:/home/alberto/tiago_public_ws/install/launch_pal/lib/python3.10/site-packages:${PYTHONPATH} /usr/bin/cmake --install /home/alberto/tiago_public_ws/build/pmb2_rgbd_sensors
[7.899s] DEBUG:colcon.colcon_core.event_handler.log_command:Invoking command in '/home/alberto/tiago_public_ws/build/pal_navigation_cfg': AMENT_PREFIX_PATH=/home/alberto/tiago_public_ws/install/pal_navigation_cfg_bringup:/home/alberto/tiago_public_ws/install/pal_navigation_cfg_params:/home/alberto/tiago_public_ws/install/launch_pal:${AMENT_PREFIX_PATH} CMAKE_PREFIX_PATH=/home/alberto/tiago_public_ws/install/pal_navigation_cfg_bringup:/home/alberto/tiago_public_ws/install/pal_navigation_cfg_params:/opt/ros/humble PYTHONPATH=/home/alberto/tiago_public_ws/build/launch_pal:/home/alberto/tiago_public_ws/install/launch_pal/lib/python3.10/site-packages:${PYTHONPATH} /usr/bin/cmake /home/alberto/tiago_public_ws/src/pal_navigation_cfg_public/pal_navigation_cfg_public -DAMENT_CMAKE_SYMLINK_INSTALL=1 -DCMAKE_INSTALL_PREFIX=/home/alberto/tiago_public_ws/install/pal_navigation_cfg
[9.096s] DEBUG:colcon.colcon_core.event_handler.log_command:Invoked command in '/home/alberto/tiago_public_ws/build/pal_robotiq_gripper' returned '0': AMENT_PREFIX_PATH=/home/alberto/tiago_public_ws/install/pal_robotiq_description:/home/alberto/tiago_public_ws/install/pal_robotiq_controller_configuration:${AMENT_PREFIX_PATH} CMAKE_PREFIX_PATH=/home/alberto/tiago_public_ws/install/pal_robotiq_description:/home/alberto/tiago_public_ws/install/pal_robotiq_controller_configuration:/opt/ros/humble /usr/bin/cmake /home/alberto/tiago_public_ws/src/pal_robotiq_gripper/pal_robotiq_gripper -DAMENT_CMAKE_SYMLINK_INSTALL=1 -DCMAKE_INSTALL_PREFIX=/home/alberto/tiago_public_ws/install/pal_robotiq_gripper
[9.098s] Level 1:colcon.colcon_core.environment:create_environment_scripts_only(pmb2_rgbd_sensors)
[9.098s] Level 1:colcon.colcon_core.environment:checking '/home/alberto/tiago_public_ws/install/pmb2_rgbd_sensors' for CMake module files
[9.099s] Level 1:colcon.colcon_core.environment:checking '/home/alberto/tiago_public_ws/install/pmb2_rgbd_sensors' for CMake config files
[9.112s] DEBUG:colcon.colcon_core.event_handler.log_command:Invoking command in '/home/alberto/tiago_public_ws/build/pal_robotiq_gripper': AMENT_PREFIX_PATH=/home/alberto/tiago_public_ws/install/pal_robotiq_description:/home/alberto/tiago_public_ws/install/pal_robotiq_controller_configuration:${AMENT_PREFIX_PATH} CMAKE_PREFIX_PATH=/home/alberto/tiago_public_ws/install/pal_robotiq_description:/home/alberto/tiago_public_ws/install/pal_robotiq_controller_configuration:/opt/ros/humble /usr/bin/cmake --build /home/alberto/tiago_public_ws/build/pal_robotiq_gripper -- -j8 -l8
[9.112s] DEBUG:colcon.colcon_core.event_handler.log_command:Invoked command in '/home/alberto/tiago_public_ws/build/pmb2_rgbd_sensors' returned '0': AMENT_PREFIX_PATH=/home/alberto/tiago_public_ws/install/launch_pal:${AMENT_PREFIX_PATH} CMAKE_PREFIX_PATH=/opt/ros/humble PYTHONPATH=/home/alberto/tiago_public_ws/build/launch_pal:/home/alberto/tiago_public_ws/install/launch_pal/lib/python3.10/site-packages:${PYTHONPATH} /usr/bin/cmake --install /home/alberto/tiago_public_ws/build/pmb2_rgbd_sensors
[9.113s] Level 1:colcon.colcon_core.shell:create_environment_hook('pmb2_rgbd_sensors', 'cmake_prefix_path')
[9.113s] INFO:colcon.colcon_core.shell:Creating environment hook '/home/alberto/tiago_public_ws/install/pmb2_rgbd_sensors/share/pmb2_rgbd_sensors/hook/cmake_prefix_path.ps1'
[9.114s] INFO:colcon.colcon_core.shell:Creating environment descriptor '/home/alberto/tiago_public_ws/install/pmb2_rgbd_sensors/share/pmb2_rgbd_sensors/hook/cmake_prefix_path.dsv'
[9.114s] INFO:colcon.colcon_core.shell:Creating environment hook '/home/alberto/tiago_public_ws/install/pmb2_rgbd_sensors/share/pmb2_rgbd_sensors/hook/cmake_prefix_path.sh'
[9.115s] Level 1:colcon.colcon_core.environment:checking '/home/alberto/tiago_public_ws/install/pmb2_rgbd_sensors/bin'
[9.115s] Level 1:colcon.colcon_core.environment:checking '/home/alberto/tiago_public_ws/install/pmb2_rgbd_sensors/lib/pkgconfig/pmb2_rgbd_sensors.pc'
[9.115s] Level 1:colcon.colcon_core.environment:checking '/home/alberto/tiago_public_ws/install/pmb2_rgbd_sensors/lib/python3.10/site-packages'
[9.115s] Level 1:colcon.colcon_core.environment:checking '/home/alberto/tiago_public_ws/install/pmb2_rgbd_sensors/bin'
[9.116s] INFO:colcon.colcon_core.shell:Creating package script '/home/alberto/tiago_public_ws/install/pmb2_rgbd_sensors/share/pmb2_rgbd_sensors/package.ps1'
[9.120s] INFO:colcon.colcon_core.shell:Creating package descriptor '/home/alberto/tiago_public_ws/install/pmb2_rgbd_sensors/share/pmb2_rgbd_sensors/package.dsv'
[9.121s] INFO:colcon.colcon_core.shell:Creating package script '/home/alberto/tiago_public_ws/install/pmb2_rgbd_sensors/share/pmb2_rgbd_sensors/package.sh'
[9.122s] INFO:colcon.colcon_core.shell:Creating package script '/home/alberto/tiago_public_ws/install/pmb2_rgbd_sensors/share/pmb2_rgbd_sensors/package.bash'
[9.122s] INFO:colcon.colcon_core.shell:Creating package script '/home/alberto/tiago_public_ws/install/pmb2_rgbd_sensors/share/pmb2_rgbd_sensors/package.zsh'
[9.123s] Level 1:colcon.colcon_core.environment:create_file_with_runtime_dependencies(/home/alberto/tiago_public_ws/install/pmb2_rgbd_sensors/share/colcon-core/packages/pmb2_rgbd_sensors)
[9.130s] Level 1:colcon.colcon_core.environment:create_environment_scripts_only(pmb2_rgbd_sensors)
[9.130s] Level 1:colcon.colcon_core.environment:checking '/home/alberto/tiago_public_ws/install/pmb2_rgbd_sensors' for CMake module files
[9.131s] Level 1:colcon.colcon_core.environment:checking '/home/alberto/tiago_public_ws/install/pmb2_rgbd_sensors' for CMake config files
[9.133s] Level 1:colcon.colcon_core.shell:create_environment_hook('pmb2_rgbd_sensors', 'cmake_prefix_path')
[9.134s] INFO:colcon.colcon_core.shell:Creating environment hook '/home/alberto/tiago_public_ws/install/pmb2_rgbd_sensors/share/pmb2_rgbd_sensors/hook/cmake_prefix_path.ps1'
[9.134s] INFO:colcon.colcon_core.shell:Creating environment descriptor '/home/alberto/tiago_public_ws/install/pmb2_rgbd_sensors/share/pmb2_rgbd_sensors/hook/cmake_prefix_path.dsv'
[9.135s] INFO:colcon.colcon_core.shell:Creating environment hook '/home/alberto/tiago_public_ws/install/pmb2_rgbd_sensors/share/pmb2_rgbd_sensors/hook/cmake_prefix_path.sh'
[9.137s] Level 1:colcon.colcon_core.environment:checking '/home/alberto/tiago_public_ws/install/pmb2_rgbd_sensors/bin'
[9.137s] Level 1:colcon.colcon_core.environment:checking '/home/alberto/tiago_public_ws/install/pmb2_rgbd_sensors/lib/pkgconfig/pmb2_rgbd_sensors.pc'
[9.138s] Level 1:colcon.colcon_core.environment:checking '/home/alberto/tiago_public_ws/install/pmb2_rgbd_sensors/lib/python3.10/site-packages'
[9.138s] Level 1:colcon.colcon_core.environment:checking '/home/alberto/tiago_public_ws/install/pmb2_rgbd_sensors/bin'
[9.139s] INFO:colcon.colcon_core.shell:Creating package script '/home/alberto/tiago_public_ws/install/pmb2_rgbd_sensors/share/pmb2_rgbd_sensors/package.ps1'
[9.140s] INFO:colcon.colcon_core.shell:Creating package descriptor '/home/alberto/tiago_public_ws/install/pmb2_rgbd_sensors/share/pmb2_rgbd_sensors/package.dsv'
[9.142s] INFO:colcon.colcon_core.shell:Creating package script '/home/alberto/tiago_public_ws/install/pmb2_rgbd_sensors/share/pmb2_rgbd_sensors/package.sh'
[9.148s] INFO:colcon.colcon_core.shell:Creating package script '/home/alberto/tiago_public_ws/install/pmb2_rgbd_sensors/share/pmb2_rgbd_sensors/package.bash'
[9.149s] INFO:colcon.colcon_core.shell:Creating package script '/home/alberto/tiago_public_ws/install/pmb2_rgbd_sensors/share/pmb2_rgbd_sensors/package.zsh'
[9.151s] Level 1:colcon.colcon_core.environment:create_file_with_runtime_dependencies(/home/alberto/tiago_public_ws/install/pmb2_rgbd_sensors/share/colcon-core/packages/pmb2_rgbd_sensors)
[9.153s] INFO:colcon.colcon_ros.task.ament_cmake.build:Building ROS package in '/home/alberto/tiago_public_ws/src/pmb2_navigation/pmb2_navigation' with build type 'ament_cmake'
[9.153s] INFO:colcon.colcon_cmake.task.cmake.build:Building CMake package in '/home/alberto/tiago_public_ws/src/pmb2_navigation/pmb2_navigation'
[9.153s] INFO:colcon.colcon_core.shell:Skip shell extension 'powershell' for command environment: Not usable outside of PowerShell
[9.153s] DEBUG:colcon.colcon_core.shell:Skip shell extension 'dsv' for command environment
[9.167s] DEBUG:colcon.colcon_core.event_handler.log_command:Invoked command in '/home/alberto/tiago_public_ws/build/pal_gripper' returned '0': AMENT_PREFIX_PATH=/home/alberto/tiago_public_ws/install/pal_gripper_description:/home/alberto/tiago_public_ws/install/urdf_test:/home/alberto/tiago_public_ws/install/pal_urdf_utils:/home/alberto/tiago_public_ws/install/pal_gripper_controller_configuration:${AMENT_PREFIX_PATH} CMAKE_PREFIX_PATH=/home/alberto/tiago_public_ws/install/pal_gripper_description:/home/alberto/tiago_public_ws/install/urdf_test:/home/alberto/tiago_public_ws/install/pal_urdf_utils:/home/alberto/tiago_public_ws/install/pal_gripper_controller_configuration:/opt/ros/humble PYTHONPATH=/home/alberto/tiago_public_ws/install/urdf_test/local/lib/python3.10/dist-packages:${PYTHONPATH} /usr/bin/cmake /home/alberto/tiago_public_ws/src/pal_gripper/pal_gripper -DAMENT_CMAKE_SYMLINK_INSTALL=1 -DCMAKE_INSTALL_PREFIX=/home/alberto/tiago_public_ws/install/pal_gripper
[9.168s] DEBUG:colcon.colcon_core.event_handler.log_command:Invoking command in '/home/alberto/tiago_public_ws/build/pal_gripper': AMENT_PREFIX_PATH=/home/alberto/tiago_public_ws/install/pal_gripper_description:/home/alberto/tiago_public_ws/install/urdf_test:/home/alberto/tiago_public_ws/install/pal_urdf_utils:/home/alberto/tiago_public_ws/install/pal_gripper_controller_configuration:${AMENT_PREFIX_PATH} CMAKE_PREFIX_PATH=/home/alberto/tiago_public_ws/install/pal_gripper_description:/home/alberto/tiago_public_ws/install/urdf_test:/home/alberto/tiago_public_ws/install/pal_urdf_utils:/home/alberto/tiago_public_ws/install/pal_gripper_controller_configuration:/opt/ros/humble PYTHONPATH=/home/alberto/tiago_public_ws/install/urdf_test/local/lib/python3.10/dist-packages:${PYTHONPATH} /usr/bin/cmake --build /home/alberto/tiago_public_ws/build/pal_gripper -- -j8 -l8
[9.175s] Level 1:colcon.colcon_core.environment:create_environment_scripts_only(pmb2_description)
[9.176s] Level 1:colcon.colcon_core.environment:checking '/home/alberto/tiago_public_ws/install/pmb2_description' for CMake module files
[9.177s] Level 1:colcon.colcon_core.environment:checking '/home/alberto/tiago_public_ws/install/pmb2_description' for CMake config files
[9.177s] Level 1:colcon.colcon_core.shell:create_environment_hook('pmb2_description', 'cmake_prefix_path')
[9.178s] INFO:colcon.colcon_core.shell:Creating environment hook '/home/alberto/tiago_public_ws/install/pmb2_description/share/pmb2_description/hook/cmake_prefix_path.ps1'
[9.180s] DEBUG:colcon.colcon_core.event_handler.log_command:Invoked command in '/home/alberto/tiago_public_ws/build/pmb2_description' returned '0': AMENT_PREFIX_PATH=/home/alberto/tiago_public_ws/install/urdf_test:/home/alberto/tiago_public_ws/install/pal_urdf_utils:/home/alberto/tiago_public_ws/install/launch_pal:${AMENT_PREFIX_PATH} CMAKE_PREFIX_PATH=/home/alberto/tiago_public_ws/install/urdf_test:/home/alberto/tiago_public_ws/install/pal_urdf_utils:/opt/ros/humble PYTHONPATH=/home/alberto/tiago_public_ws/install/urdf_test/local/lib/python3.10/dist-packages:/home/alberto/tiago_public_ws/build/launch_pal:/home/alberto/tiago_public_ws/install/launch_pal/lib/python3.10/site-packages:${PYTHONPATH} /usr/bin/cmake --install /home/alberto/tiago_public_ws/build/pmb2_description
[9.181s] INFO:colcon.colcon_core.shell:Creating environment descriptor '/home/alberto/tiago_public_ws/install/pmb2_description/share/pmb2_description/hook/cmake_prefix_path.dsv'
[9.182s] INFO:colcon.colcon_core.shell:Creating environment hook '/home/alberto/tiago_public_ws/install/pmb2_description/share/pmb2_description/hook/cmake_prefix_path.sh'
[9.183s] Level 1:colcon.colcon_core.environment:checking '/home/alberto/tiago_public_ws/install/pmb2_description/bin'
[9.183s] Level 1:colcon.colcon_core.environment:checking '/home/alberto/tiago_public_ws/install/pmb2_description/lib/pkgconfig/pmb2_description.pc'
[9.183s] Level 1:colcon.colcon_core.environment:checking '/home/alberto/tiago_public_ws/install/pmb2_description/lib/python3.10/site-packages'
[9.183s] Level 1:colcon.colcon_core.environment:checking '/home/alberto/tiago_public_ws/install/pmb2_description/bin'
[9.184s] INFO:colcon.colcon_core.shell:Creating package script '/home/alberto/tiago_public_ws/install/pmb2_description/share/pmb2_description/package.ps1'
[9.184s] INFO:colcon.colcon_core.shell:Creating package descriptor '/home/alberto/tiago_public_ws/install/pmb2_description/share/pmb2_description/package.dsv'
[9.185s] INFO:colcon.colcon_core.shell:Creating package script '/home/alberto/tiago_public_ws/install/pmb2_description/share/pmb2_description/package.sh'
[9.189s] INFO:colcon.colcon_core.shell:Creating package script '/home/alberto/tiago_public_ws/install/pmb2_description/share/pmb2_description/package.bash'
[9.190s] INFO:colcon.colcon_core.shell:Creating package script '/home/alberto/tiago_public_ws/install/pmb2_description/share/pmb2_description/package.zsh'
[9.191s] Level 1:colcon.colcon_core.environment:create_file_with_runtime_dependencies(/home/alberto/tiago_public_ws/install/pmb2_description/share/colcon-core/packages/pmb2_description)
[9.192s] Level 1:colcon.colcon_core.environment:create_environment_scripts_only(pmb2_description)
[9.196s] Level 1:colcon.colcon_core.environment:checking '/home/alberto/tiago_public_ws/install/pmb2_description' for CMake module files
[9.197s] Level 1:colcon.colcon_core.environment:checking '/home/alberto/tiago_public_ws/install/pmb2_description' for CMake config files
[9.198s] Level 1:colcon.colcon_core.shell:create_environment_hook('pmb2_description', 'cmake_prefix_path')
[9.198s] INFO:colcon.colcon_core.shell:Creating environment hook '/home/alberto/tiago_public_ws/install/pmb2_description/share/pmb2_description/hook/cmake_prefix_path.ps1'
[9.200s] INFO:colcon.colcon_core.shell:Creating environment descriptor '/home/alberto/tiago_public_ws/install/pmb2_description/share/pmb2_description/hook/cmake_prefix_path.dsv'
[9.201s] INFO:colcon.colcon_core.shell:Creating environment hook '/home/alberto/tiago_public_ws/install/pmb2_description/share/pmb2_description/hook/cmake_prefix_path.sh'
[9.202s] Level 1:colcon.colcon_core.environment:checking '/home/alberto/tiago_public_ws/install/pmb2_description/bin'
[9.202s] Level 1:colcon.colcon_core.environment:checking '/home/alberto/tiago_public_ws/install/pmb2_description/lib/pkgconfig/pmb2_description.pc'
[9.202s] Level 1:colcon.colcon_core.environment:checking '/home/alberto/tiago_public_ws/install/pmb2_description/lib/python3.10/site-packages'
[9.203s] Level 1:colcon.colcon_core.environment:checking '/home/alberto/tiago_public_ws/install/pmb2_description/bin'
[9.203s] INFO:colcon.colcon_core.shell:Creating package script '/home/alberto/tiago_public_ws/install/pmb2_description/share/pmb2_description/package.ps1'
[9.204s] INFO:colcon.colcon_core.shell:Creating package descriptor '/home/alberto/tiago_public_ws/install/pmb2_description/share/pmb2_description/package.dsv'
[9.204s] INFO:colcon.colcon_core.shell:Creating package script '/home/alberto/tiago_public_ws/install/pmb2_description/share/pmb2_description/package.sh'
[9.205s] INFO:colcon.colcon_core.shell:Creating package script '/home/alberto/tiago_public_ws/install/pmb2_description/share/pmb2_description/package.bash'
[9.206s] INFO:colcon.colcon_core.shell:Creating package script '/home/alberto/tiago_public_ws/install/pmb2_description/share/pmb2_description/package.zsh'
[9.206s] Level 1:colcon.colcon_core.environment:create_file_with_runtime_dependencies(/home/alberto/tiago_public_ws/install/pmb2_description/share/colcon-core/packages/pmb2_description)
[9.209s] INFO:colcon.colcon_ros.task.ament_cmake.build:Building ROS package in '/home/alberto/tiago_public_ws/src/tiago_robot/tiago_description' with build type 'ament_cmake'
[9.209s] INFO:colcon.colcon_cmake.task.cmake.build:Building CMake package in '/home/alberto/tiago_public_ws/src/tiago_robot/tiago_description'
[9.210s] INFO:colcon.colcon_core.shell:Skip shell extension 'powershell' for command environment: Not usable outside of PowerShell
[9.210s] DEBUG:colcon.colcon_core.shell:Skip shell extension 'dsv' for command environment
[9.227s] DEBUG:colcon.colcon_core.event_handler.log_command:Invoking command in '/home/alberto/tiago_public_ws/build/pmb2_navigation': AMENT_PREFIX_PATH=/home/alberto/tiago_public_ws/install/pmb2_2dnav:/home/alberto/tiago_public_ws/install/pmb2_laser_sensors:/home/alberto/tiago_public_ws/install/launch_pal:${AMENT_PREFIX_PATH} CMAKE_PREFIX_PATH=/home/alberto/tiago_public_ws/install/pmb2_2dnav:/home/alberto/tiago_public_ws/install/pmb2_laser_sensors:/opt/ros/humble PYTHONPATH=/home/alberto/tiago_public_ws/build/launch_pal:/home/alberto/tiago_public_ws/install/launch_pal/lib/python3.10/site-packages:${PYTHONPATH} /usr/bin/cmake /home/alberto/tiago_public_ws/src/pmb2_navigation/pmb2_navigation -DAMENT_CMAKE_SYMLINK_INSTALL=1 -DCMAKE_INSTALL_PREFIX=/home/alberto/tiago_public_ws/install/pmb2_navigation
[9.237s] DEBUG:colcon.colcon_core.event_handler.log_command:Invoked command in '/home/alberto/tiago_public_ws/build/pal_robotiq_gripper' returned '0': AMENT_PREFIX_PATH=/home/alberto/tiago_public_ws/install/pal_robotiq_description:/home/alberto/tiago_public_ws/install/pal_robotiq_controller_configuration:${AMENT_PREFIX_PATH} CMAKE_PREFIX_PATH=/home/alberto/tiago_public_ws/install/pal_robotiq_description:/home/alberto/tiago_public_ws/install/pal_robotiq_controller_configuration:/opt/ros/humble /usr/bin/cmake --build /home/alberto/tiago_public_ws/build/pal_robotiq_gripper -- -j8 -l8
[9.237s] DEBUG:colcon.colcon_core.event_handler.log_command:Invoking command in '/home/alberto/tiago_public_ws/build/pal_robotiq_gripper': AMENT_PREFIX_PATH=/home/alberto/tiago_public_ws/install/pal_robotiq_description:/home/alberto/tiago_public_ws/install/pal_robotiq_controller_configuration:${AMENT_PREFIX_PATH} CMAKE_PREFIX_PATH=/home/alberto/tiago_public_ws/install/pal_robotiq_description:/home/alberto/tiago_public_ws/install/pal_robotiq_controller_configuration:/opt/ros/humble /usr/bin/cmake --install /home/alberto/tiago_public_ws/build/pal_robotiq_gripper
[9.254s] DEBUG:colcon.colcon_core.event_handler.log_command:Invoking command in '/home/alberto/tiago_public_ws/build/tiago_description': AMENT_PREFIX_PATH=/home/alberto/tiago_public_ws/install/pmb2_description:/home/alberto/tiago_public_ws/install/pal_hey5_description:/home/alberto/tiago_public_ws/install/pal_gripper_description:/home/alberto/tiago_public_ws/install/urdf_test:/home/alberto/tiago_public_ws/install/pal_urdf_utils:/home/alberto/tiago_public_ws/install/pal_robotiq_description:/home/alberto/tiago_public_ws/install/launch_pal:${AMENT_PREFIX_PATH} CMAKE_PREFIX_PATH=/home/alberto/tiago_public_ws/install/pmb2_description:/home/alberto/tiago_public_ws/install/pal_hey5_description:/home/alberto/tiago_public_ws/install/pal_gripper_description:/home/alberto/tiago_public_ws/install/urdf_test:/home/alberto/tiago_public_ws/install/pal_urdf_utils:/home/alberto/tiago_public_ws/install/pal_robotiq_description:/opt/ros/humble PYTHONPATH=/home/alberto/tiago_public_ws/install/pmb2_description/local/lib/python3.10/dist-packages:/home/alberto/tiago_public_ws/install/urdf_test/local/lib/python3.10/dist-packages:/home/alberto/tiago_public_ws/build/launch_pal:/home/alberto/tiago_public_ws/install/launch_pal/lib/python3.10/site-packages:${PYTHONPATH} /usr/bin/cmake /home/alberto/tiago_public_ws/src/tiago_robot/tiago_description -DAMENT_CMAKE_SYMLINK_INSTALL=1 -DCMAKE_INSTALL_PREFIX=/home/alberto/tiago_public_ws/install/tiago_description
[9.272s] DEBUG:colcon.colcon_core.event_handler.log_command:Invoked command in '/home/alberto/tiago_public_ws/build/pal_gripper' returned '0': AMENT_PREFIX_PATH=/home/alberto/tiago_public_ws/install/pal_gripper_description:/home/alberto/tiago_public_ws/install/urdf_test:/home/alberto/tiago_public_ws/install/pal_urdf_utils:/home/alberto/tiago_public_ws/install/pal_gripper_controller_configuration:${AMENT_PREFIX_PATH} CMAKE_PREFIX_PATH=/home/alberto/tiago_public_ws/install/pal_gripper_description:/home/alberto/tiago_public_ws/install/urdf_test:/home/alberto/tiago_public_ws/install/pal_urdf_utils:/home/alberto/tiago_public_ws/install/pal_gripper_controller_configuration:/opt/ros/humble PYTHONPATH=/home/alberto/tiago_public_ws/install/urdf_test/local/lib/python3.10/dist-packages:${PYTHONPATH} /usr/bin/cmake --build /home/alberto/tiago_public_ws/build/pal_gripper -- -j8 -l8
[9.273s] DEBUG:colcon.colcon_core.event_handler.log_command:Invoking command in '/home/alberto/tiago_public_ws/build/pal_gripper': AMENT_PREFIX_PATH=/home/alberto/tiago_public_ws/install/pal_gripper_description:/home/alberto/tiago_public_ws/install/urdf_test:/home/alberto/tiago_public_ws/install/pal_urdf_utils:/home/alberto/tiago_public_ws/install/pal_gripper_controller_configuration:${AMENT_PREFIX_PATH} CMAKE_PREFIX_PATH=/home/alberto/tiago_public_ws/install/pal_gripper_description:/home/alberto/tiago_public_ws/install/urdf_test:/home/alberto/tiago_public_ws/install/pal_urdf_utils:/home/alberto/tiago_public_ws/install/pal_gripper_controller_configuration:/opt/ros/humble PYTHONPATH=/home/alberto/tiago_public_ws/install/urdf_test/local/lib/python3.10/dist-packages:${PYTHONPATH} /usr/bin/cmake --install /home/alberto/tiago_public_ws/build/pal_gripper
[9.580s] DEBUG:colcon.colcon_core.event_handler.log_command:Invoked command in '/home/alberto/tiago_public_ws/build/pal_hey5' returned '0': AMENT_PREFIX_PATH=/home/alberto/tiago_public_ws/install/pal_hey5_description:/home/alberto/tiago_public_ws/install/pal_urdf_utils:/home/alberto/tiago_public_ws/install/pal_hey5_controller_configuration:${AMENT_PREFIX_PATH} CMAKE_PREFIX_PATH=/home/alberto/tiago_public_ws/install/pal_hey5_description:/home/alberto/tiago_public_ws/install/pal_urdf_utils:/home/alberto/tiago_public_ws/install/pal_hey5_controller_configuration:/opt/ros/humble /usr/bin/cmake /home/alberto/tiago_public_ws/src/pal_hey5/pal_hey5 -DAMENT_CMAKE_SYMLINK_INSTALL=1 -DCMAKE_INSTALL_PREFIX=/home/alberto/tiago_public_ws/install/pal_hey5
[9.580s] DEBUG:colcon.colcon_core.event_handler.log_command:Invoking command in '/home/alberto/tiago_public_ws/build/pal_hey5': AMENT_PREFIX_PATH=/home/alberto/tiago_public_ws/install/pal_hey5_description:/home/alberto/tiago_public_ws/install/pal_urdf_utils:/home/alberto/tiago_public_ws/install/pal_hey5_controller_configuration:${AMENT_PREFIX_PATH} CMAKE_PREFIX_PATH=/home/alberto/tiago_public_ws/install/pal_hey5_description:/home/alberto/tiago_public_ws/install/pal_urdf_utils:/home/alberto/tiago_public_ws/install/pal_hey5_controller_configuration:/opt/ros/humble /usr/bin/cmake --build /home/alberto/tiago_public_ws/build/pal_hey5 -- -j8 -l8
[9.714s] DEBUG:colcon.colcon_core.event_handler.log_command:Invoked command in '/home/alberto/tiago_public_ws/build/pal_navigation_cfg' returned '0': AMENT_PREFIX_PATH=/home/alberto/tiago_public_ws/install/pal_navigation_cfg_bringup:/home/alberto/tiago_public_ws/install/pal_navigation_cfg_params:/home/alberto/tiago_public_ws/install/launch_pal:${AMENT_PREFIX_PATH} CMAKE_PREFIX_PATH=/home/alberto/tiago_public_ws/install/pal_navigation_cfg_bringup:/home/alberto/tiago_public_ws/install/pal_navigation_cfg_params:/opt/ros/humble PYTHONPATH=/home/alberto/tiago_public_ws/build/launch_pal:/home/alberto/tiago_public_ws/install/launch_pal/lib/python3.10/site-packages:${PYTHONPATH} /usr/bin/cmake /home/alberto/tiago_public_ws/src/pal_navigation_cfg_public/pal_navigation_cfg_public -DAMENT_CMAKE_SYMLINK_INSTALL=1 -DCMAKE_INSTALL_PREFIX=/home/alberto/tiago_public_ws/install/pal_navigation_cfg
[9.715s] DEBUG:colcon.colcon_core.event_handler.log_command:Invoking command in '/home/alberto/tiago_public_ws/build/pal_navigation_cfg': AMENT_PREFIX_PATH=/home/alberto/tiago_public_ws/install/pal_navigation_cfg_bringup:/home/alberto/tiago_public_ws/install/pal_navigation_cfg_params:/home/alberto/tiago_public_ws/install/launch_pal:${AMENT_PREFIX_PATH} CMAKE_PREFIX_PATH=/home/alberto/tiago_public_ws/install/pal_navigation_cfg_bringup:/home/alberto/tiago_public_ws/install/pal_navigation_cfg_params:/opt/ros/humble PYTHONPATH=/home/alberto/tiago_public_ws/build/launch_pal:/home/alberto/tiago_public_ws/install/launch_pal/lib/python3.10/site-packages:${PYTHONPATH} /usr/bin/cmake --build /home/alberto/tiago_public_ws/build/pal_navigation_cfg -- -j8 -l8
[9.729s] Level 1:colcon.colcon_core.environment:create_environment_scripts_only(pal_gripper)
[9.730s] Level 1:colcon.colcon_core.environment:checking '/home/alberto/tiago_public_ws/install/pal_gripper' for CMake module files
[9.731s] DEBUG:colcon.colcon_core.event_handler.log_command:Invoked command in '/home/alberto/tiago_public_ws/build/pal_gripper' returned '0': AMENT_PREFIX_PATH=/home/alberto/tiago_public_ws/install/pal_gripper_description:/home/alberto/tiago_public_ws/install/urdf_test:/home/alberto/tiago_public_ws/install/pal_urdf_utils:/home/alberto/tiago_public_ws/install/pal_gripper_controller_configuration:${AMENT_PREFIX_PATH} CMAKE_PREFIX_PATH=/home/alberto/tiago_public_ws/install/pal_gripper_description:/home/alberto/tiago_public_ws/install/urdf_test:/home/alberto/tiago_public_ws/install/pal_urdf_utils:/home/alberto/tiago_public_ws/install/pal_gripper_controller_configuration:/opt/ros/humble PYTHONPATH=/home/alberto/tiago_public_ws/install/urdf_test/local/lib/python3.10/dist-packages:${PYTHONPATH} /usr/bin/cmake --install /home/alberto/tiago_public_ws/build/pal_gripper
[9.732s] Level 1:colcon.colcon_core.environment:checking '/home/alberto/tiago_public_ws/install/pal_gripper' for CMake config files
[9.733s] Level 1:colcon.colcon_core.shell:create_environment_hook('pal_gripper', 'cmake_prefix_path')
[9.734s] INFO:colcon.colcon_core.shell:Creating environment hook '/home/alberto/tiago_public_ws/install/pal_gripper/share/pal_gripper/hook/cmake_prefix_path.ps1'
[9.734s] INFO:colcon.colcon_core.shell:Creating environment descriptor '/home/alberto/tiago_public_ws/install/pal_gripper/share/pal_gripper/hook/cmake_prefix_path.dsv'
[9.735s] INFO:colcon.colcon_core.shell:Creating environment hook '/home/alberto/tiago_public_ws/install/pal_gripper/share/pal_gripper/hook/cmake_prefix_path.sh'
[9.827s] Level 1:colcon.colcon_core.environment:checking '/home/alberto/tiago_public_ws/install/pal_gripper/bin'
[9.828s] Level 1:colcon.colcon_core.environment:checking '/home/alberto/tiago_public_ws/install/pal_gripper/lib/pkgconfig/pal_gripper.pc'
[9.828s] Level 1:colcon.colcon_core.environment:checking '/home/alberto/tiago_public_ws/install/pal_gripper/lib/python3.10/site-packages'
[9.828s] Level 1:colcon.colcon_core.environment:checking '/home/alberto/tiago_public_ws/install/pal_gripper/bin'
[9.829s] INFO:colcon.colcon_core.shell:Creating package script '/home/alberto/tiago_public_ws/install/pal_gripper/share/pal_gripper/package.ps1'
[9.830s] INFO:colcon.colcon_core.shell:Creating package descriptor '/home/alberto/tiago_public_ws/install/pal_gripper/share/pal_gripper/package.dsv'
[9.832s] INFO:colcon.colcon_core.shell:Creating package script '/home/alberto/tiago_public_ws/install/pal_gripper/share/pal_gripper/package.sh'
[9.833s] INFO:colcon.colcon_core.shell:Creating package script '/home/alberto/tiago_public_ws/install/pal_gripper/share/pal_gripper/package.bash'
[9.833s] INFO:colcon.colcon_core.shell:Creating package script '/home/alberto/tiago_public_ws/install/pal_gripper/share/pal_gripper/package.zsh'
[9.834s] Level 1:colcon.colcon_core.environment:create_file_with_runtime_dependencies(/home/alberto/tiago_public_ws/install/pal_gripper/share/colcon-core/packages/pal_gripper)
[9.835s] Level 1:colcon.colcon_core.environment:create_environment_scripts_only(pal_gripper)
[9.835s] Level 1:colcon.colcon_core.environment:checking '/home/alberto/tiago_public_ws/install/pal_gripper' for CMake module files
[9.840s] Level 1:colcon.colcon_core.environment:checking '/home/alberto/tiago_public_ws/install/pal_gripper' for CMake config files
[9.841s] Level 1:colcon.colcon_core.shell:create_environment_hook('pal_gripper', 'cmake_prefix_path')
[9.841s] INFO:colcon.colcon_core.shell:Creating environment hook '/home/alberto/tiago_public_ws/install/pal_gripper/share/pal_gripper/hook/cmake_prefix_path.ps1'
[9.842s] INFO:colcon.colcon_core.shell:Creating environment descriptor '/home/alberto/tiago_public_ws/install/pal_gripper/share/pal_gripper/hook/cmake_prefix_path.dsv'
[9.843s] INFO:colcon.colcon_core.shell:Creating environment hook '/home/alberto/tiago_public_ws/install/pal_gripper/share/pal_gripper/hook/cmake_prefix_path.sh'
[9.844s] Level 1:colcon.colcon_core.environment:checking '/home/alberto/tiago_public_ws/install/pal_gripper/bin'
[9.844s] Level 1:colcon.colcon_core.environment:checking '/home/alberto/tiago_public_ws/install/pal_gripper/lib/pkgconfig/pal_gripper.pc'
[9.844s] Level 1:colcon.colcon_core.environment:checking '/home/alberto/tiago_public_ws/install/pal_gripper/lib/python3.10/site-packages'
[9.847s] Level 1:colcon.colcon_core.environment:checking '/home/alberto/tiago_public_ws/install/pal_gripper/bin'
[9.852s] INFO:colcon.colcon_core.shell:Creating package script '/home/alberto/tiago_public_ws/install/pal_gripper/share/pal_gripper/package.ps1'
[9.854s] INFO:colcon.colcon_core.shell:Creating package descriptor '/home/alberto/tiago_public_ws/install/pal_gripper/share/pal_gripper/package.dsv'
[9.859s] INFO:colcon.colcon_core.shell:Creating package script '/home/alberto/tiago_public_ws/install/pal_gripper/share/pal_gripper/package.sh'
[9.860s] INFO:colcon.colcon_core.shell:Creating package script '/home/alberto/tiago_public_ws/install/pal_gripper/share/pal_gripper/package.bash'
[9.862s] INFO:colcon.colcon_core.shell:Creating package script '/home/alberto/tiago_public_ws/install/pal_gripper/share/pal_gripper/package.zsh'
[9.866s] Level 1:colcon.colcon_core.environment:create_file_with_runtime_dependencies(/home/alberto/tiago_public_ws/install/pal_gripper/share/colcon-core/packages/pal_gripper)
[9.867s] Level 1:colcon.colcon_core.environment:create_environment_scripts_only(pal_robotiq_gripper)
[9.867s] Level 1:colcon.colcon_core.environment:checking '/home/alberto/tiago_public_ws/install/pal_robotiq_gripper' for CMake module files
[9.868s] Level 1:colcon.colcon_core.environment:checking '/home/alberto/tiago_public_ws/install/pal_robotiq_gripper' for CMake config files
[9.868s] Level 1:colcon.colcon_core.shell:create_environment_hook('pal_robotiq_gripper', 'cmake_prefix_path')
[9.873s] INFO:colcon.colcon_core.shell:Creating environment hook '/home/alberto/tiago_public_ws/install/pal_robotiq_gripper/share/pal_robotiq_gripper/hook/cmake_prefix_path.ps1'
[9.875s] INFO:colcon.colcon_core.shell:Creating environment descriptor '/home/alberto/tiago_public_ws/install/pal_robotiq_gripper/share/pal_robotiq_gripper/hook/cmake_prefix_path.dsv'
[9.875s] INFO:colcon.colcon_core.shell:Creating environment hook '/home/alberto/tiago_public_ws/install/pal_robotiq_gripper/share/pal_robotiq_gripper/hook/cmake_prefix_path.sh'
[9.876s] Level 1:colcon.colcon_core.environment:checking '/home/alberto/tiago_public_ws/install/pal_robotiq_gripper/bin'
[9.877s] Level 1:colcon.colcon_core.environment:checking '/home/alberto/tiago_public_ws/install/pal_robotiq_gripper/lib/pkgconfig/pal_robotiq_gripper.pc'
[9.877s] Level 1:colcon.colcon_core.environment:checking '/home/alberto/tiago_public_ws/install/pal_robotiq_gripper/lib/python3.10/site-packages'
[9.877s] Level 1:colcon.colcon_core.environment:checking '/home/alberto/tiago_public_ws/install/pal_robotiq_gripper/bin'
[9.888s] INFO:colcon.colcon_core.shell:Creating package script '/home/alberto/tiago_public_ws/install/pal_robotiq_gripper/share/pal_robotiq_gripper/package.ps1'
[9.890s] INFO:colcon.colcon_core.shell:Creating package descriptor '/home/alberto/tiago_public_ws/install/pal_robotiq_gripper/share/pal_robotiq_gripper/package.dsv'
[9.891s] INFO:colcon.colcon_core.shell:Creating package script '/home/alberto/tiago_public_ws/install/pal_robotiq_gripper/share/pal_robotiq_gripper/package.sh'
[9.892s] DEBUG:colcon.colcon_core.event_handler.log_command:Invoked command in '/home/alberto/tiago_public_ws/build/pal_robotiq_gripper' returned '0': AMENT_PREFIX_PATH=/home/alberto/tiago_public_ws/install/pal_robotiq_description:/home/alberto/tiago_public_ws/install/pal_robotiq_controller_configuration:${AMENT_PREFIX_PATH} CMAKE_PREFIX_PATH=/home/alberto/tiago_public_ws/install/pal_robotiq_description:/home/alberto/tiago_public_ws/install/pal_robotiq_controller_configuration:/opt/ros/humble /usr/bin/cmake --install /home/alberto/tiago_public_ws/build/pal_robotiq_gripper
[9.896s] INFO:colcon.colcon_core.shell:Creating package script '/home/alberto/tiago_public_ws/install/pal_robotiq_gripper/share/pal_robotiq_gripper/package.bash'
[9.897s] INFO:colcon.colcon_core.shell:Creating package script '/home/alberto/tiago_public_ws/install/pal_robotiq_gripper/share/pal_robotiq_gripper/package.zsh'
[9.897s] Level 1:colcon.colcon_core.environment:create_file_with_runtime_dependencies(/home/alberto/tiago_public_ws/install/pal_robotiq_gripper/share/colcon-core/packages/pal_robotiq_gripper)
[9.898s] Level 1:colcon.colcon_core.environment:create_environment_scripts_only(pal_robotiq_gripper)
[9.899s] Level 1:colcon.colcon_core.environment:checking '/home/alberto/tiago_public_ws/install/pal_robotiq_gripper' for CMake module files
[9.899s] Level 1:colcon.colcon_core.environment:checking '/home/alberto/tiago_public_ws/install/pal_robotiq_gripper' for CMake config files
[9.899s] Level 1:colcon.colcon_core.shell:create_environment_hook('pal_robotiq_gripper', 'cmake_prefix_path')
[9.901s] INFO:colcon.colcon_core.shell:Creating environment hook '/home/alberto/tiago_public_ws/install/pal_robotiq_gripper/share/pal_robotiq_gripper/hook/cmake_prefix_path.ps1'
[9.902s] INFO:colcon.colcon_core.shell:Creating environment descriptor '/home/alberto/tiago_public_ws/install/pal_robotiq_gripper/share/pal_robotiq_gripper/hook/cmake_prefix_path.dsv'
[9.905s] INFO:colcon.colcon_core.shell:Creating environment hook '/home/alberto/tiago_public_ws/install/pal_robotiq_gripper/share/pal_robotiq_gripper/hook/cmake_prefix_path.sh'
[9.906s] Level 1:colcon.colcon_core.environment:checking '/home/alberto/tiago_public_ws/install/pal_robotiq_gripper/bin'
[9.907s] Level 1:colcon.colcon_core.environment:checking '/home/alberto/tiago_public_ws/install/pal_robotiq_gripper/lib/pkgconfig/pal_robotiq_gripper.pc'
[9.907s] Level 1:colcon.colcon_core.environment:checking '/home/alberto/tiago_public_ws/install/pal_robotiq_gripper/lib/python3.10/site-packages'
[9.908s] Level 1:colcon.colcon_core.environment:checking '/home/alberto/tiago_public_ws/install/pal_robotiq_gripper/bin'
[9.908s] INFO:colcon.colcon_core.shell:Creating package script '/home/alberto/tiago_public_ws/install/pal_robotiq_gripper/share/pal_robotiq_gripper/package.ps1'
[9.909s] INFO:colcon.colcon_core.shell:Creating package descriptor '/home/alberto/tiago_public_ws/install/pal_robotiq_gripper/share/pal_robotiq_gripper/package.dsv'
[9.915s] INFO:colcon.colcon_core.shell:Creating package script '/home/alberto/tiago_public_ws/install/pal_robotiq_gripper/share/pal_robotiq_gripper/package.sh'
[9.915s] INFO:colcon.colcon_core.shell:Creating package script '/home/alberto/tiago_public_ws/install/pal_robotiq_gripper/share/pal_robotiq_gripper/package.bash'
[9.920s] INFO:colcon.colcon_core.shell:Creating package script '/home/alberto/tiago_public_ws/install/pal_robotiq_gripper/share/pal_robotiq_gripper/package.zsh'
[9.921s] Level 1:colcon.colcon_core.environment:create_file_with_runtime_dependencies(/home/alberto/tiago_public_ws/install/pal_robotiq_gripper/share/colcon-core/packages/pal_robotiq_gripper)
[9.926s] DEBUG:colcon.colcon_core.event_handler.log_command:Invoked command in '/home/alberto/tiago_public_ws/build/pal_hey5' returned '0': AMENT_PREFIX_PATH=/home/alberto/tiago_public_ws/install/pal_hey5_description:/home/alberto/tiago_public_ws/install/pal_urdf_utils:/home/alberto/tiago_public_ws/install/pal_hey5_controller_configuration:${AMENT_PREFIX_PATH} CMAKE_PREFIX_PATH=/home/alberto/tiago_public_ws/install/pal_hey5_description:/home/alberto/tiago_public_ws/install/pal_urdf_utils:/home/alberto/tiago_public_ws/install/pal_hey5_controller_configuration:/opt/ros/humble /usr/bin/cmake --build /home/alberto/tiago_public_ws/build/pal_hey5 -- -j8 -l8
[9.929s] DEBUG:colcon.colcon_core.event_handler.log_command:Invoking command in '/home/alberto/tiago_public_ws/build/pal_hey5': AMENT_PREFIX_PATH=/home/alberto/tiago_public_ws/install/pal_hey5_description:/home/alberto/tiago_public_ws/install/pal_urdf_utils:/home/alberto/tiago_public_ws/install/pal_hey5_controller_configuration:${AMENT_PREFIX_PATH} CMAKE_PREFIX_PATH=/home/alberto/tiago_public_ws/install/pal_hey5_description:/home/alberto/tiago_public_ws/install/pal_urdf_utils:/home/alberto/tiago_public_ws/install/pal_hey5_controller_configuration:/opt/ros/humble /usr/bin/cmake --install /home/alberto/tiago_public_ws/build/pal_hey5
[9.934s] INFO:colcon.colcon_ros.task.ament_cmake.build:Building ROS package in '/home/alberto/tiago_public_ws/src/pmb2_robot/pmb2_bringup' with build type 'ament_cmake'
[9.935s] INFO:colcon.colcon_cmake.task.cmake.build:Building CMake package in '/home/alberto/tiago_public_ws/src/pmb2_robot/pmb2_bringup'
[9.935s] INFO:colcon.colcon_core.shell:Skip shell extension 'powershell' for command environment: Not usable outside of PowerShell
[9.935s] DEBUG:colcon.colcon_core.shell:Skip shell extension 'dsv' for command environment
[9.949s] INFO:colcon.colcon_ros.task.ament_cmake.build:Building ROS package in '/home/alberto/tiago_public_ws/src/tiago_navigation/tiago_navigation' with build type 'ament_cmake'
[9.949s] INFO:colcon.colcon_cmake.task.cmake.build:Building CMake package in '/home/alberto/tiago_public_ws/src/tiago_navigation/tiago_navigation'
[9.950s] INFO:colcon.colcon_core.shell:Skip shell extension 'powershell' for command environment: Not usable outside of PowerShell
[9.950s] DEBUG:colcon.colcon_core.shell:Skip shell extension 'dsv' for command environment
[9.977s] DEBUG:colcon.colcon_core.event_handler.log_command:Invoked command in '/home/alberto/tiago_public_ws/build/pal_navigation_cfg' returned '0': AMENT_PREFIX_PATH=/home/alberto/tiago_public_ws/install/pal_navigation_cfg_bringup:/home/alberto/tiago_public_ws/install/pal_navigation_cfg_params:/home/alberto/tiago_public_ws/install/launch_pal:${AMENT_PREFIX_PATH} CMAKE_PREFIX_PATH=/home/alberto/tiago_public_ws/install/pal_navigation_cfg_bringup:/home/alberto/tiago_public_ws/install/pal_navigation_cfg_params:/opt/ros/humble PYTHONPATH=/home/alberto/tiago_public_ws/build/launch_pal:/home/alberto/tiago_public_ws/install/launch_pal/lib/python3.10/site-packages:${PYTHONPATH} /usr/bin/cmake --build /home/alberto/tiago_public_ws/build/pal_navigation_cfg -- -j8 -l8
[9.986s] DEBUG:colcon.colcon_core.event_handler.log_command:Invoking command in '/home/alberto/tiago_public_ws/build/pal_navigation_cfg': AMENT_PREFIX_PATH=/home/alberto/tiago_public_ws/install/pal_navigation_cfg_bringup:/home/alberto/tiago_public_ws/install/pal_navigation_cfg_params:/home/alberto/tiago_public_ws/install/launch_pal:${AMENT_PREFIX_PATH} CMAKE_PREFIX_PATH=/home/alberto/tiago_public_ws/install/pal_navigation_cfg_bringup:/home/alberto/tiago_public_ws/install/pal_navigation_cfg_params:/opt/ros/humble PYTHONPATH=/home/alberto/tiago_public_ws/build/launch_pal:/home/alberto/tiago_public_ws/install/launch_pal/lib/python3.10/site-packages:${PYTHONPATH} /usr/bin/cmake --install /home/alberto/tiago_public_ws/build/pal_navigation_cfg
[9.997s] DEBUG:colcon.colcon_core.event_handler.log_command:Invoking command in '/home/alberto/tiago_public_ws/build/pmb2_bringup': AMENT_PREFIX_PATH=/home/alberto/tiago_public_ws/install/pmb2_description:/home/alberto/tiago_public_ws/install/pmb2_controller_configuration:/home/alberto/tiago_public_ws/install/urdf_test:/home/alberto/tiago_public_ws/install/pal_urdf_utils:/home/alberto/tiago_public_ws/install/launch_pal:${AMENT_PREFIX_PATH} CMAKE_PREFIX_PATH=/home/alberto/tiago_public_ws/install/pmb2_description:/home/alberto/tiago_public_ws/install/pmb2_controller_configuration:/home/alberto/tiago_public_ws/install/urdf_test:/home/alberto/tiago_public_ws/install/pal_urdf_utils:/opt/ros/humble PYTHONPATH=/home/alberto/tiago_public_ws/install/pmb2_description/local/lib/python3.10/dist-packages:/home/alberto/tiago_public_ws/install/urdf_test/local/lib/python3.10/dist-packages:/home/alberto/tiago_public_ws/build/launch_pal:/home/alberto/tiago_public_ws/install/launch_pal/lib/python3.10/site-packages:${PYTHONPATH} /usr/bin/cmake /home/alberto/tiago_public_ws/src/pmb2_robot/pmb2_bringup -DAMENT_CMAKE_SYMLINK_INSTALL=1 -DCMAKE_INSTALL_PREFIX=/home/alberto/tiago_public_ws/install/pmb2_bringup
[10.005s] DEBUG:colcon.colcon_core.event_handler.log_command:Invoking command in '/home/alberto/tiago_public_ws/build/tiago_navigation': AMENT_PREFIX_PATH=/home/alberto/tiago_public_ws/install/tiago_2dnav:/home/alberto/tiago_public_ws/install/tiago_laser_sensors:/home/alberto/tiago_public_ws/install/pmb2_2dnav:/home/alberto/tiago_public_ws/install/tiago_rgbd_sensors:/home/alberto/tiago_public_ws/install/pmb2_laser_sensors:/home/alberto/tiago_public_ws/install/launch_pal:${AMENT_PREFIX_PATH} CMAKE_PREFIX_PATH=/home/alberto/tiago_public_ws/install/tiago_2dnav:/home/alberto/tiago_public_ws/install/tiago_laser_sensors:/home/alberto/tiago_public_ws/install/pmb2_2dnav:/home/alberto/tiago_public_ws/install/tiago_rgbd_sensors:/home/alberto/tiago_public_ws/install/pmb2_laser_sensors:/opt/ros/humble PYTHONPATH=/home/alberto/tiago_public_ws/build/launch_pal:/home/alberto/tiago_public_ws/install/launch_pal/lib/python3.10/site-packages:${PYTHONPATH} /usr/bin/cmake /home/alberto/tiago_public_ws/src/tiago_navigation/tiago_navigation -DAMENT_CMAKE_SYMLINK_INSTALL=1 -DCMAKE_INSTALL_PREFIX=/home/alberto/tiago_public_ws/install/tiago_navigation
[10.360s] Level 1:colcon.colcon_core.environment:create_environment_scripts_only(pal_hey5)
[10.360s] Level 1:colcon.colcon_core.environment:checking '/home/alberto/tiago_public_ws/install/pal_hey5' for CMake module files
[10.361s] Level 1:colcon.colcon_core.environment:checking '/home/alberto/tiago_public_ws/install/pal_hey5' for CMake config files
[10.362s] Level 1:colcon.colcon_core.shell:create_environment_hook('pal_hey5', 'cmake_prefix_path')
[10.362s] INFO:colcon.colcon_core.shell:Creating environment hook '/home/alberto/tiago_public_ws/install/pal_hey5/share/pal_hey5/hook/cmake_prefix_path.ps1'
[10.364s] DEBUG:colcon.colcon_core.event_handler.log_command:Invoked command in '/home/alberto/tiago_public_ws/build/pal_hey5' returned '0': AMENT_PREFIX_PATH=/home/alberto/tiago_public_ws/install/pal_hey5_description:/home/alberto/tiago_public_ws/install/pal_urdf_utils:/home/alberto/tiago_public_ws/install/pal_hey5_controller_configuration:${AMENT_PREFIX_PATH} CMAKE_PREFIX_PATH=/home/alberto/tiago_public_ws/install/pal_hey5_description:/home/alberto/tiago_public_ws/install/pal_urdf_utils:/home/alberto/tiago_public_ws/install/pal_hey5_controller_configuration:/opt/ros/humble /usr/bin/cmake --install /home/alberto/tiago_public_ws/build/pal_hey5
[10.374s] INFO:colcon.colcon_core.shell:Creating environment descriptor '/home/alberto/tiago_public_ws/install/pal_hey5/share/pal_hey5/hook/cmake_prefix_path.dsv'
[10.375s] INFO:colcon.colcon_core.shell:Creating environment hook '/home/alberto/tiago_public_ws/install/pal_hey5/share/pal_hey5/hook/cmake_prefix_path.sh'
[10.376s] Level 1:colcon.colcon_core.environment:checking '/home/alberto/tiago_public_ws/install/pal_hey5/bin'
[10.376s] Level 1:colcon.colcon_core.environment:checking '/home/alberto/tiago_public_ws/install/pal_hey5/lib/pkgconfig/pal_hey5.pc'
[10.381s] Level 1:colcon.colcon_core.environment:checking '/home/alberto/tiago_public_ws/install/pal_hey5/lib/python3.10/site-packages'
[10.381s] Level 1:colcon.colcon_core.environment:checking '/home/alberto/tiago_public_ws/install/pal_hey5/bin'
[10.382s] INFO:colcon.colcon_core.shell:Creating package script '/home/alberto/tiago_public_ws/install/pal_hey5/share/pal_hey5/package.ps1'
[10.389s] INFO:colcon.colcon_core.shell:Creating package descriptor '/home/alberto/tiago_public_ws/install/pal_hey5/share/pal_hey5/package.dsv'
[10.390s] INFO:colcon.colcon_core.shell:Creating package script '/home/alberto/tiago_public_ws/install/pal_hey5/share/pal_hey5/package.sh'
[10.390s] INFO:colcon.colcon_core.shell:Creating package script '/home/alberto/tiago_public_ws/install/pal_hey5/share/pal_hey5/package.bash'
[10.391s] INFO:colcon.colcon_core.shell:Creating package script '/home/alberto/tiago_public_ws/install/pal_hey5/share/pal_hey5/package.zsh'
[10.391s] Level 1:colcon.colcon_core.environment:create_file_with_runtime_dependencies(/home/alberto/tiago_public_ws/install/pal_hey5/share/colcon-core/packages/pal_hey5)
[10.395s] Level 1:colcon.colcon_core.environment:create_environment_scripts_only(pal_hey5)
[10.396s] Level 1:colcon.colcon_core.environment:checking '/home/alberto/tiago_public_ws/install/pal_hey5' for CMake module files
[10.397s] Level 1:colcon.colcon_core.environment:checking '/home/alberto/tiago_public_ws/install/pal_hey5' for CMake config files
[10.397s] Level 1:colcon.colcon_core.shell:create_environment_hook('pal_hey5', 'cmake_prefix_path')
[10.397s] INFO:colcon.colcon_core.shell:Creating environment hook '/home/alberto/tiago_public_ws/install/pal_hey5/share/pal_hey5/hook/cmake_prefix_path.ps1'
[10.398s] INFO:colcon.colcon_core.shell:Creating environment descriptor '/home/alberto/tiago_public_ws/install/pal_hey5/share/pal_hey5/hook/cmake_prefix_path.dsv'
[10.398s] INFO:colcon.colcon_core.shell:Creating environment hook '/home/alberto/tiago_public_ws/install/pal_hey5/share/pal_hey5/hook/cmake_prefix_path.sh'
[10.399s] Level 1:colcon.colcon_core.environment:checking '/home/alberto/tiago_public_ws/install/pal_hey5/bin'
[10.399s] Level 1:colcon.colcon_core.environment:checking '/home/alberto/tiago_public_ws/install/pal_hey5/lib/pkgconfig/pal_hey5.pc'
[10.400s] Level 1:colcon.colcon_core.environment:checking '/home/alberto/tiago_public_ws/install/pal_hey5/lib/python3.10/site-packages'
[10.400s] Level 1:colcon.colcon_core.environment:checking '/home/alberto/tiago_public_ws/install/pal_hey5/bin'
[10.400s] INFO:colcon.colcon_core.shell:Creating package script '/home/alberto/tiago_public_ws/install/pal_hey5/share/pal_hey5/package.ps1'
[10.401s] INFO:colcon.colcon_core.shell:Creating package descriptor '/home/alberto/tiago_public_ws/install/pal_hey5/share/pal_hey5/package.dsv'
[10.402s] INFO:colcon.colcon_core.shell:Creating package script '/home/alberto/tiago_public_ws/install/pal_hey5/share/pal_hey5/package.sh'
[10.402s] INFO:colcon.colcon_core.shell:Creating package script '/home/alberto/tiago_public_ws/install/pal_hey5/share/pal_hey5/package.bash'
[10.403s] INFO:colcon.colcon_core.shell:Creating package script '/home/alberto/tiago_public_ws/install/pal_hey5/share/pal_hey5/package.zsh'
[10.406s] Level 1:colcon.colcon_core.environment:create_file_with_runtime_dependencies(/home/alberto/tiago_public_ws/install/pal_hey5/share/colcon-core/packages/pal_hey5)
[10.415s] Level 1:colcon.colcon_core.environment:create_environment_scripts_only(pal_navigation_cfg)
[10.416s] Level 1:colcon.colcon_core.environment:checking '/home/alberto/tiago_public_ws/install/pal_navigation_cfg' for CMake module files
[10.417s] DEBUG:colcon.colcon_core.event_handler.log_command:Invoked command in '/home/alberto/tiago_public_ws/build/pal_navigation_cfg' returned '0': AMENT_PREFIX_PATH=/home/alberto/tiago_public_ws/install/pal_navigation_cfg_bringup:/home/alberto/tiago_public_ws/install/pal_navigation_cfg_params:/home/alberto/tiago_public_ws/install/launch_pal:${AMENT_PREFIX_PATH} CMAKE_PREFIX_PATH=/home/alberto/tiago_public_ws/install/pal_navigation_cfg_bringup:/home/alberto/tiago_public_ws/install/pal_navigation_cfg_params:/opt/ros/humble PYTHONPATH=/home/alberto/tiago_public_ws/build/launch_pal:/home/alberto/tiago_public_ws/install/launch_pal/lib/python3.10/site-packages:${PYTHONPATH} /usr/bin/cmake --install /home/alberto/tiago_public_ws/build/pal_navigation_cfg
[10.418s] Level 1:colcon.colcon_core.environment:checking '/home/alberto/tiago_public_ws/install/pal_navigation_cfg' for CMake config files
[10.418s] Level 1:colcon.colcon_core.shell:create_environment_hook('pal_navigation_cfg', 'cmake_prefix_path')
[10.419s] INFO:colcon.colcon_core.shell:Creating environment hook '/home/alberto/tiago_public_ws/install/pal_navigation_cfg/share/pal_navigation_cfg/hook/cmake_prefix_path.ps1'
[10.419s] INFO:colcon.colcon_core.shell:Creating environment descriptor '/home/alberto/tiago_public_ws/install/pal_navigation_cfg/share/pal_navigation_cfg/hook/cmake_prefix_path.dsv'
[10.420s] INFO:colcon.colcon_core.shell:Creating environment hook '/home/alberto/tiago_public_ws/install/pal_navigation_cfg/share/pal_navigation_cfg/hook/cmake_prefix_path.sh'
[10.421s] Level 1:colcon.colcon_core.environment:checking '/home/alberto/tiago_public_ws/install/pal_navigation_cfg/bin'
[10.421s] Level 1:colcon.colcon_core.environment:checking '/home/alberto/tiago_public_ws/install/pal_navigation_cfg/lib/pkgconfig/pal_navigation_cfg.pc'
[10.427s] Level 1:colcon.colcon_core.environment:checking '/home/alberto/tiago_public_ws/install/pal_navigation_cfg/lib/python3.10/site-packages'
[10.427s] Level 1:colcon.colcon_core.environment:checking '/home/alberto/tiago_public_ws/install/pal_navigation_cfg/bin'
[10.431s] INFO:colcon.colcon_core.shell:Creating package script '/home/alberto/tiago_public_ws/install/pal_navigation_cfg/share/pal_navigation_cfg/package.ps1'
[10.433s] INFO:colcon.colcon_core.shell:Creating package descriptor '/home/alberto/tiago_public_ws/install/pal_navigation_cfg/share/pal_navigation_cfg/package.dsv'
[10.433s] INFO:colcon.colcon_core.shell:Creating package script '/home/alberto/tiago_public_ws/install/pal_navigation_cfg/share/pal_navigation_cfg/package.sh'
[10.434s] INFO:colcon.colcon_core.shell:Creating package script '/home/alberto/tiago_public_ws/install/pal_navigation_cfg/share/pal_navigation_cfg/package.bash'
[10.434s] INFO:colcon.colcon_core.shell:Creating package script '/home/alberto/tiago_public_ws/install/pal_navigation_cfg/share/pal_navigation_cfg/package.zsh'
[10.435s] Level 1:colcon.colcon_core.environment:create_file_with_runtime_dependencies(/home/alberto/tiago_public_ws/install/pal_navigation_cfg/share/colcon-core/packages/pal_navigation_cfg)
[10.439s] Level 1:colcon.colcon_core.environment:create_environment_scripts_only(pal_navigation_cfg)
[10.442s] Level 1:colcon.colcon_core.environment:checking '/home/alberto/tiago_public_ws/install/pal_navigation_cfg' for CMake module files
[10.446s] Level 1:colcon.colcon_core.environment:checking '/home/alberto/tiago_public_ws/install/pal_navigation_cfg' for CMake config files
[10.446s] Level 1:colcon.colcon_core.shell:create_environment_hook('pal_navigation_cfg', 'cmake_prefix_path')
[10.447s] INFO:colcon.colcon_core.shell:Creating environment hook '/home/alberto/tiago_public_ws/install/pal_navigation_cfg/share/pal_navigation_cfg/hook/cmake_prefix_path.ps1'
[10.450s] INFO:colcon.colcon_core.shell:Creating environment descriptor '/home/alberto/tiago_public_ws/install/pal_navigation_cfg/share/pal_navigation_cfg/hook/cmake_prefix_path.dsv'
[10.451s] INFO:colcon.colcon_core.shell:Creating environment hook '/home/alberto/tiago_public_ws/install/pal_navigation_cfg/share/pal_navigation_cfg/hook/cmake_prefix_path.sh'
[10.452s] Level 1:colcon.colcon_core.environment:checking '/home/alberto/tiago_public_ws/install/pal_navigation_cfg/bin'
[10.452s] Level 1:colcon.colcon_core.environment:checking '/home/alberto/tiago_public_ws/install/pal_navigation_cfg/lib/pkgconfig/pal_navigation_cfg.pc'
[10.452s] Level 1:colcon.colcon_core.environment:checking '/home/alberto/tiago_public_ws/install/pal_navigation_cfg/lib/python3.10/site-packages'
[10.452s] Level 1:colcon.colcon_core.environment:checking '/home/alberto/tiago_public_ws/install/pal_navigation_cfg/bin'
[10.453s] INFO:colcon.colcon_core.shell:Creating package script '/home/alberto/tiago_public_ws/install/pal_navigation_cfg/share/pal_navigation_cfg/package.ps1'
[10.455s] INFO:colcon.colcon_core.shell:Creating package descriptor '/home/alberto/tiago_public_ws/install/pal_navigation_cfg/share/pal_navigation_cfg/package.dsv'
[10.455s] INFO:colcon.colcon_core.shell:Creating package script '/home/alberto/tiago_public_ws/install/pal_navigation_cfg/share/pal_navigation_cfg/package.sh'
[10.456s] INFO:colcon.colcon_core.shell:Creating package script '/home/alberto/tiago_public_ws/install/pal_navigation_cfg/share/pal_navigation_cfg/package.bash'
[10.457s] INFO:colcon.colcon_core.shell:Creating package script '/home/alberto/tiago_public_ws/install/pal_navigation_cfg/share/pal_navigation_cfg/package.zsh'
[10.457s] Level 1:colcon.colcon_core.environment:create_file_with_runtime_dependencies(/home/alberto/tiago_public_ws/install/pal_navigation_cfg/share/colcon-core/packages/pal_navigation_cfg)
[11.192s] DEBUG:colcon.colcon_core.event_handler.log_command:Invoked command in '/home/alberto/tiago_public_ws/build/pmb2_navigation' returned '0': AMENT_PREFIX_PATH=/home/alberto/tiago_public_ws/install/pmb2_2dnav:/home/alberto/tiago_public_ws/install/pmb2_laser_sensors:/home/alberto/tiago_public_ws/install/launch_pal:${AMENT_PREFIX_PATH} CMAKE_PREFIX_PATH=/home/alberto/tiago_public_ws/install/pmb2_2dnav:/home/alberto/tiago_public_ws/install/pmb2_laser_sensors:/opt/ros/humble PYTHONPATH=/home/alberto/tiago_public_ws/build/launch_pal:/home/alberto/tiago_public_ws/install/launch_pal/lib/python3.10/site-packages:${PYTHONPATH} /usr/bin/cmake /home/alberto/tiago_public_ws/src/pmb2_navigation/pmb2_navigation -DAMENT_CMAKE_SYMLINK_INSTALL=1 -DCMAKE_INSTALL_PREFIX=/home/alberto/tiago_public_ws/install/pmb2_navigation
[11.193s] DEBUG:colcon.colcon_core.event_handler.log_command:Invoking command in '/home/alberto/tiago_public_ws/build/pmb2_navigation': AMENT_PREFIX_PATH=/home/alberto/tiago_public_ws/install/pmb2_2dnav:/home/alberto/tiago_public_ws/install/pmb2_laser_sensors:/home/alberto/tiago_public_ws/install/launch_pal:${AMENT_PREFIX_PATH} CMAKE_PREFIX_PATH=/home/alberto/tiago_public_ws/install/pmb2_2dnav:/home/alberto/tiago_public_ws/install/pmb2_laser_sensors:/opt/ros/humble PYTHONPATH=/home/alberto/tiago_public_ws/build/launch_pal:/home/alberto/tiago_public_ws/install/launch_pal/lib/python3.10/site-packages:${PYTHONPATH} /usr/bin/cmake --build /home/alberto/tiago_public_ws/build/pmb2_navigation -- -j8 -l8
[11.333s] DEBUG:colcon.colcon_core.event_handler.log_command:Invoked command in '/home/alberto/tiago_public_ws/build/pmb2_navigation' returned '0': AMENT_PREFIX_PATH=/home/alberto/tiago_public_ws/install/pmb2_2dnav:/home/alberto/tiago_public_ws/install/pmb2_laser_sensors:/home/alberto/tiago_public_ws/install/launch_pal:${AMENT_PREFIX_PATH} CMAKE_PREFIX_PATH=/home/alberto/tiago_public_ws/install/pmb2_2dnav:/home/alberto/tiago_public_ws/install/pmb2_laser_sensors:/opt/ros/humble PYTHONPATH=/home/alberto/tiago_public_ws/build/launch_pal:/home/alberto/tiago_public_ws/install/launch_pal/lib/python3.10/site-packages:${PYTHONPATH} /usr/bin/cmake --build /home/alberto/tiago_public_ws/build/pmb2_navigation -- -j8 -l8
[11.344s] DEBUG:colcon.colcon_core.event_handler.log_command:Invoking command in '/home/alberto/tiago_public_ws/build/pmb2_navigation': AMENT_PREFIX_PATH=/home/alberto/tiago_public_ws/install/pmb2_2dnav:/home/alberto/tiago_public_ws/install/pmb2_laser_sensors:/home/alberto/tiago_public_ws/install/launch_pal:${AMENT_PREFIX_PATH} CMAKE_PREFIX_PATH=/home/alberto/tiago_public_ws/install/pmb2_2dnav:/home/alberto/tiago_public_ws/install/pmb2_laser_sensors:/opt/ros/humble PYTHONPATH=/home/alberto/tiago_public_ws/build/launch_pal:/home/alberto/tiago_public_ws/install/launch_pal/lib/python3.10/site-packages:${PYTHONPATH} /usr/bin/cmake --install /home/alberto/tiago_public_ws/build/pmb2_navigation
[11.751s] DEBUG:colcon.colcon_core.event_handler.log_command:Invoked command in '/home/alberto/tiago_public_ws/build/tiago_navigation' returned '0': AMENT_PREFIX_PATH=/home/alberto/tiago_public_ws/install/tiago_2dnav:/home/alberto/tiago_public_ws/install/tiago_laser_sensors:/home/alberto/tiago_public_ws/install/pmb2_2dnav:/home/alberto/tiago_public_ws/install/tiago_rgbd_sensors:/home/alberto/tiago_public_ws/install/pmb2_laser_sensors:/home/alberto/tiago_public_ws/install/launch_pal:${AMENT_PREFIX_PATH} CMAKE_PREFIX_PATH=/home/alberto/tiago_public_ws/install/tiago_2dnav:/home/alberto/tiago_public_ws/install/tiago_laser_sensors:/home/alberto/tiago_public_ws/install/pmb2_2dnav:/home/alberto/tiago_public_ws/install/tiago_rgbd_sensors:/home/alberto/tiago_public_ws/install/pmb2_laser_sensors:/opt/ros/humble PYTHONPATH=/home/alberto/tiago_public_ws/build/launch_pal:/home/alberto/tiago_public_ws/install/launch_pal/lib/python3.10/site-packages:${PYTHONPATH} /usr/bin/cmake /home/alberto/tiago_public_ws/src/tiago_navigation/tiago_navigation -DAMENT_CMAKE_SYMLINK_INSTALL=1 -DCMAKE_INSTALL_PREFIX=/home/alberto/tiago_public_ws/install/tiago_navigation
[11.760s] DEBUG:colcon.colcon_core.event_handler.log_command:Invoking command in '/home/alberto/tiago_public_ws/build/tiago_navigation': AMENT_PREFIX_PATH=/home/alberto/tiago_public_ws/install/tiago_2dnav:/home/alberto/tiago_public_ws/install/tiago_laser_sensors:/home/alberto/tiago_public_ws/install/pmb2_2dnav:/home/alberto/tiago_public_ws/install/tiago_rgbd_sensors:/home/alberto/tiago_public_ws/install/pmb2_laser_sensors:/home/alberto/tiago_public_ws/install/launch_pal:${AMENT_PREFIX_PATH} CMAKE_PREFIX_PATH=/home/alberto/tiago_public_ws/install/tiago_2dnav:/home/alberto/tiago_public_ws/install/tiago_laser_sensors:/home/alberto/tiago_public_ws/install/pmb2_2dnav:/home/alberto/tiago_public_ws/install/tiago_rgbd_sensors:/home/alberto/tiago_public_ws/install/pmb2_laser_sensors:/opt/ros/humble PYTHONPATH=/home/alberto/tiago_public_ws/build/launch_pal:/home/alberto/tiago_public_ws/install/launch_pal/lib/python3.10/site-packages:${PYTHONPATH} /usr/bin/cmake --build /home/alberto/tiago_public_ws/build/tiago_navigation -- -j8 -l8
[11.821s] Level 1:colcon.colcon_core.environment:create_environment_scripts_only(pmb2_navigation)
[11.822s] Level 1:colcon.colcon_core.environment:checking '/home/alberto/tiago_public_ws/install/pmb2_navigation' for CMake module files
[11.823s] DEBUG:colcon.colcon_core.event_handler.log_command:Invoked command in '/home/alberto/tiago_public_ws/build/pmb2_navigation' returned '0': AMENT_PREFIX_PATH=/home/alberto/tiago_public_ws/install/pmb2_2dnav:/home/alberto/tiago_public_ws/install/pmb2_laser_sensors:/home/alberto/tiago_public_ws/install/launch_pal:${AMENT_PREFIX_PATH} CMAKE_PREFIX_PATH=/home/alberto/tiago_public_ws/install/pmb2_2dnav:/home/alberto/tiago_public_ws/install/pmb2_laser_sensors:/opt/ros/humble PYTHONPATH=/home/alberto/tiago_public_ws/build/launch_pal:/home/alberto/tiago_public_ws/install/launch_pal/lib/python3.10/site-packages:${PYTHONPATH} /usr/bin/cmake --install /home/alberto/tiago_public_ws/build/pmb2_navigation
[11.823s] Level 1:colcon.colcon_core.environment:checking '/home/alberto/tiago_public_ws/install/pmb2_navigation' for CMake config files
[11.824s] Level 1:colcon.colcon_core.shell:create_environment_hook('pmb2_navigation', 'cmake_prefix_path')
[11.824s] INFO:colcon.colcon_core.shell:Creating environment hook '/home/alberto/tiago_public_ws/install/pmb2_navigation/share/pmb2_navigation/hook/cmake_prefix_path.ps1'
[11.825s] INFO:colcon.colcon_core.shell:Creating environment descriptor '/home/alberto/tiago_public_ws/install/pmb2_navigation/share/pmb2_navigation/hook/cmake_prefix_path.dsv'
[11.825s] INFO:colcon.colcon_core.shell:Creating environment hook '/home/alberto/tiago_public_ws/install/pmb2_navigation/share/pmb2_navigation/hook/cmake_prefix_path.sh'
[11.826s] Level 1:colcon.colcon_core.environment:checking '/home/alberto/tiago_public_ws/install/pmb2_navigation/bin'
[11.826s] Level 1:colcon.colcon_core.environment:checking '/home/alberto/tiago_public_ws/install/pmb2_navigation/lib/pkgconfig/pmb2_navigation.pc'
[11.826s] Level 1:colcon.colcon_core.environment:checking '/home/alberto/tiago_public_ws/install/pmb2_navigation/lib/python3.10/site-packages'
[11.826s] Level 1:colcon.colcon_core.environment:checking '/home/alberto/tiago_public_ws/install/pmb2_navigation/bin'
[11.827s] INFO:colcon.colcon_core.shell:Creating package script '/home/alberto/tiago_public_ws/install/pmb2_navigation/share/pmb2_navigation/package.ps1'
[11.828s] INFO:colcon.colcon_core.shell:Creating package descriptor '/home/alberto/tiago_public_ws/install/pmb2_navigation/share/pmb2_navigation/package.dsv'
[11.832s] INFO:colcon.colcon_core.shell:Creating package script '/home/alberto/tiago_public_ws/install/pmb2_navigation/share/pmb2_navigation/package.sh'
[11.832s] INFO:colcon.colcon_core.shell:Creating package script '/home/alberto/tiago_public_ws/install/pmb2_navigation/share/pmb2_navigation/package.bash'
[11.832s] INFO:colcon.colcon_core.shell:Creating package script '/home/alberto/tiago_public_ws/install/pmb2_navigation/share/pmb2_navigation/package.zsh'
[11.833s] Level 1:colcon.colcon_core.environment:create_file_with_runtime_dependencies(/home/alberto/tiago_public_ws/install/pmb2_navigation/share/colcon-core/packages/pmb2_navigation)
[11.834s] Level 1:colcon.colcon_core.environment:create_environment_scripts_only(pmb2_navigation)
[11.838s] Level 1:colcon.colcon_core.environment:checking '/home/alberto/tiago_public_ws/install/pmb2_navigation' for CMake module files
[11.840s] Level 1:colcon.colcon_core.environment:checking '/home/alberto/tiago_public_ws/install/pmb2_navigation' for CMake config files
[11.840s] Level 1:colcon.colcon_core.shell:create_environment_hook('pmb2_navigation', 'cmake_prefix_path')
[11.840s] INFO:colcon.colcon_core.shell:Creating environment hook '/home/alberto/tiago_public_ws/install/pmb2_navigation/share/pmb2_navigation/hook/cmake_prefix_path.ps1'
[11.841s] INFO:colcon.colcon_core.shell:Creating environment descriptor '/home/alberto/tiago_public_ws/install/pmb2_navigation/share/pmb2_navigation/hook/cmake_prefix_path.dsv'
[11.842s] INFO:colcon.colcon_core.shell:Creating environment hook '/home/alberto/tiago_public_ws/install/pmb2_navigation/share/pmb2_navigation/hook/cmake_prefix_path.sh'
[11.842s] Level 1:colcon.colcon_core.environment:checking '/home/alberto/tiago_public_ws/install/pmb2_navigation/bin'
[11.842s] Level 1:colcon.colcon_core.environment:checking '/home/alberto/tiago_public_ws/install/pmb2_navigation/lib/pkgconfig/pmb2_navigation.pc'
[11.843s] Level 1:colcon.colcon_core.environment:checking '/home/alberto/tiago_public_ws/install/pmb2_navigation/lib/python3.10/site-packages'
[11.843s] Level 1:colcon.colcon_core.environment:checking '/home/alberto/tiago_public_ws/install/pmb2_navigation/bin'
[11.846s] INFO:colcon.colcon_core.shell:Creating package script '/home/alberto/tiago_public_ws/install/pmb2_navigation/share/pmb2_navigation/package.ps1'
[11.847s] INFO:colcon.colcon_core.shell:Creating package descriptor '/home/alberto/tiago_public_ws/install/pmb2_navigation/share/pmb2_navigation/package.dsv'
[11.848s] INFO:colcon.colcon_core.shell:Creating package script '/home/alberto/tiago_public_ws/install/pmb2_navigation/share/pmb2_navigation/package.sh'
[11.849s] INFO:colcon.colcon_core.shell:Creating package script '/home/alberto/tiago_public_ws/install/pmb2_navigation/share/pmb2_navigation/package.bash'
[11.849s] INFO:colcon.colcon_core.shell:Creating package script '/home/alberto/tiago_public_ws/install/pmb2_navigation/share/pmb2_navigation/package.zsh'
[11.850s] Level 1:colcon.colcon_core.environment:create_file_with_runtime_dependencies(/home/alberto/tiago_public_ws/install/pmb2_navigation/share/colcon-core/packages/pmb2_navigation)
[11.866s] DEBUG:colcon.colcon_core.event_handler.log_command:Invoked command in '/home/alberto/tiago_public_ws/build/tiago_navigation' returned '0': AMENT_PREFIX_PATH=/home/alberto/tiago_public_ws/install/tiago_2dnav:/home/alberto/tiago_public_ws/install/tiago_laser_sensors:/home/alberto/tiago_public_ws/install/pmb2_2dnav:/home/alberto/tiago_public_ws/install/tiago_rgbd_sensors:/home/alberto/tiago_public_ws/install/pmb2_laser_sensors:/home/alberto/tiago_public_ws/install/launch_pal:${AMENT_PREFIX_PATH} CMAKE_PREFIX_PATH=/home/alberto/tiago_public_ws/install/tiago_2dnav:/home/alberto/tiago_public_ws/install/tiago_laser_sensors:/home/alberto/tiago_public_ws/install/pmb2_2dnav:/home/alberto/tiago_public_ws/install/tiago_rgbd_sensors:/home/alberto/tiago_public_ws/install/pmb2_laser_sensors:/opt/ros/humble PYTHONPATH=/home/alberto/tiago_public_ws/build/launch_pal:/home/alberto/tiago_public_ws/install/launch_pal/lib/python3.10/site-packages:${PYTHONPATH} /usr/bin/cmake --build /home/alberto/tiago_public_ws/build/tiago_navigation -- -j8 -l8
[11.866s] DEBUG:colcon.colcon_core.event_handler.log_command:Invoking command in '/home/alberto/tiago_public_ws/build/tiago_navigation': AMENT_PREFIX_PATH=/home/alberto/tiago_public_ws/install/tiago_2dnav:/home/alberto/tiago_public_ws/install/tiago_laser_sensors:/home/alberto/tiago_public_ws/install/pmb2_2dnav:/home/alberto/tiago_public_ws/install/tiago_rgbd_sensors:/home/alberto/tiago_public_ws/install/pmb2_laser_sensors:/home/alberto/tiago_public_ws/install/launch_pal:${AMENT_PREFIX_PATH} CMAKE_PREFIX_PATH=/home/alberto/tiago_public_ws/install/tiago_2dnav:/home/alberto/tiago_public_ws/install/tiago_laser_sensors:/home/alberto/tiago_public_ws/install/pmb2_2dnav:/home/alberto/tiago_public_ws/install/tiago_rgbd_sensors:/home/alberto/tiago_public_ws/install/pmb2_laser_sensors:/opt/ros/humble PYTHONPATH=/home/alberto/tiago_public_ws/build/launch_pal:/home/alberto/tiago_public_ws/install/launch_pal/lib/python3.10/site-packages:${PYTHONPATH} /usr/bin/cmake --install /home/alberto/tiago_public_ws/build/tiago_navigation
[11.880s] DEBUG:colcon.colcon_core.event_handler.log_command:Invoked command in '/home/alberto/tiago_public_ws/build/pmb2_bringup' returned '0': AMENT_PREFIX_PATH=/home/alberto/tiago_public_ws/install/pmb2_description:/home/alberto/tiago_public_ws/install/pmb2_controller_configuration:/home/alberto/tiago_public_ws/install/urdf_test:/home/alberto/tiago_public_ws/install/pal_urdf_utils:/home/alberto/tiago_public_ws/install/launch_pal:${AMENT_PREFIX_PATH} CMAKE_PREFIX_PATH=/home/alberto/tiago_public_ws/install/pmb2_description:/home/alberto/tiago_public_ws/install/pmb2_controller_configuration:/home/alberto/tiago_public_ws/install/urdf_test:/home/alberto/tiago_public_ws/install/pal_urdf_utils:/opt/ros/humble PYTHONPATH=/home/alberto/tiago_public_ws/install/pmb2_description/local/lib/python3.10/dist-packages:/home/alberto/tiago_public_ws/install/urdf_test/local/lib/python3.10/dist-packages:/home/alberto/tiago_public_ws/build/launch_pal:/home/alberto/tiago_public_ws/install/launch_pal/lib/python3.10/site-packages:${PYTHONPATH} /usr/bin/cmake /home/alberto/tiago_public_ws/src/pmb2_robot/pmb2_bringup -DAMENT_CMAKE_SYMLINK_INSTALL=1 -DCMAKE_INSTALL_PREFIX=/home/alberto/tiago_public_ws/install/pmb2_bringup
[11.886s] DEBUG:colcon.colcon_core.event_handler.log_command:Invoking command in '/home/alberto/tiago_public_ws/build/pmb2_bringup': AMENT_PREFIX_PATH=/home/alberto/tiago_public_ws/install/pmb2_description:/home/alberto/tiago_public_ws/install/pmb2_controller_configuration:/home/alberto/tiago_public_ws/install/urdf_test:/home/alberto/tiago_public_ws/install/pal_urdf_utils:/home/alberto/tiago_public_ws/install/launch_pal:${AMENT_PREFIX_PATH} CMAKE_PREFIX_PATH=/home/alberto/tiago_public_ws/install/pmb2_description:/home/alberto/tiago_public_ws/install/pmb2_controller_configuration:/home/alberto/tiago_public_ws/install/urdf_test:/home/alberto/tiago_public_ws/install/pal_urdf_utils:/opt/ros/humble PYTHONPATH=/home/alberto/tiago_public_ws/install/pmb2_description/local/lib/python3.10/dist-packages:/home/alberto/tiago_public_ws/install/urdf_test/local/lib/python3.10/dist-packages:/home/alberto/tiago_public_ws/build/launch_pal:/home/alberto/tiago_public_ws/install/launch_pal/lib/python3.10/site-packages:${PYTHONPATH} /usr/bin/cmake --build /home/alberto/tiago_public_ws/build/pmb2_bringup -- -j8 -l8
[12.005s] DEBUG:colcon.colcon_core.event_handler.log_command:Invoked command in '/home/alberto/tiago_public_ws/build/pmb2_bringup' returned '0': AMENT_PREFIX_PATH=/home/alberto/tiago_public_ws/install/pmb2_description:/home/alberto/tiago_public_ws/install/pmb2_controller_configuration:/home/alberto/tiago_public_ws/install/urdf_test:/home/alberto/tiago_public_ws/install/pal_urdf_utils:/home/alberto/tiago_public_ws/install/launch_pal:${AMENT_PREFIX_PATH} CMAKE_PREFIX_PATH=/home/alberto/tiago_public_ws/install/pmb2_description:/home/alberto/tiago_public_ws/install/pmb2_controller_configuration:/home/alberto/tiago_public_ws/install/urdf_test:/home/alberto/tiago_public_ws/install/pal_urdf_utils:/opt/ros/humble PYTHONPATH=/home/alberto/tiago_public_ws/install/pmb2_description/local/lib/python3.10/dist-packages:/home/alberto/tiago_public_ws/install/urdf_test/local/lib/python3.10/dist-packages:/home/alberto/tiago_public_ws/build/launch_pal:/home/alberto/tiago_public_ws/install/launch_pal/lib/python3.10/site-packages:${PYTHONPATH} /usr/bin/cmake --build /home/alberto/tiago_public_ws/build/pmb2_bringup -- -j8 -l8
[12.006s] DEBUG:colcon.colcon_core.event_handler.log_command:Invoking command in '/home/alberto/tiago_public_ws/build/pmb2_bringup': AMENT_PREFIX_PATH=/home/alberto/tiago_public_ws/install/pmb2_description:/home/alberto/tiago_public_ws/install/pmb2_controller_configuration:/home/alberto/tiago_public_ws/install/urdf_test:/home/alberto/tiago_public_ws/install/pal_urdf_utils:/home/alberto/tiago_public_ws/install/launch_pal:${AMENT_PREFIX_PATH} CMAKE_PREFIX_PATH=/home/alberto/tiago_public_ws/install/pmb2_description:/home/alberto/tiago_public_ws/install/pmb2_controller_configuration:/home/alberto/tiago_public_ws/install/urdf_test:/home/alberto/tiago_public_ws/install/pal_urdf_utils:/opt/ros/humble PYTHONPATH=/home/alberto/tiago_public_ws/install/pmb2_description/local/lib/python3.10/dist-packages:/home/alberto/tiago_public_ws/install/urdf_test/local/lib/python3.10/dist-packages:/home/alberto/tiago_public_ws/build/launch_pal:/home/alberto/tiago_public_ws/install/launch_pal/lib/python3.10/site-packages:${PYTHONPATH} /usr/bin/cmake --install /home/alberto/tiago_public_ws/build/pmb2_bringup
[12.211s] Level 1:colcon.colcon_core.environment:create_environment_scripts_only(tiago_navigation)
[12.211s] DEBUG:colcon.colcon_core.event_handler.log_command:Invoked command in '/home/alberto/tiago_public_ws/build/tiago_navigation' returned '0': AMENT_PREFIX_PATH=/home/alberto/tiago_public_ws/install/tiago_2dnav:/home/alberto/tiago_public_ws/install/tiago_laser_sensors:/home/alberto/tiago_public_ws/install/pmb2_2dnav:/home/alberto/tiago_public_ws/install/tiago_rgbd_sensors:/home/alberto/tiago_public_ws/install/pmb2_laser_sensors:/home/alberto/tiago_public_ws/install/launch_pal:${AMENT_PREFIX_PATH} CMAKE_PREFIX_PATH=/home/alberto/tiago_public_ws/install/tiago_2dnav:/home/alberto/tiago_public_ws/install/tiago_laser_sensors:/home/alberto/tiago_public_ws/install/pmb2_2dnav:/home/alberto/tiago_public_ws/install/tiago_rgbd_sensors:/home/alberto/tiago_public_ws/install/pmb2_laser_sensors:/opt/ros/humble PYTHONPATH=/home/alberto/tiago_public_ws/build/launch_pal:/home/alberto/tiago_public_ws/install/launch_pal/lib/python3.10/site-packages:${PYTHONPATH} /usr/bin/cmake --install /home/alberto/tiago_public_ws/build/tiago_navigation
[12.214s] Level 1:colcon.colcon_core.environment:checking '/home/alberto/tiago_public_ws/install/tiago_navigation' for CMake module files
[12.215s] Level 1:colcon.colcon_core.environment:checking '/home/alberto/tiago_public_ws/install/tiago_navigation' for CMake config files
[12.215s] Level 1:colcon.colcon_core.shell:create_environment_hook('tiago_navigation', 'cmake_prefix_path')
[12.216s] INFO:colcon.colcon_core.shell:Creating environment hook '/home/alberto/tiago_public_ws/install/tiago_navigation/share/tiago_navigation/hook/cmake_prefix_path.ps1'
[12.216s] INFO:colcon.colcon_core.shell:Creating environment descriptor '/home/alberto/tiago_public_ws/install/tiago_navigation/share/tiago_navigation/hook/cmake_prefix_path.dsv'
[12.217s] INFO:colcon.colcon_core.shell:Creating environment hook '/home/alberto/tiago_public_ws/install/tiago_navigation/share/tiago_navigation/hook/cmake_prefix_path.sh'
[12.217s] Level 1:colcon.colcon_core.environment:checking '/home/alberto/tiago_public_ws/install/tiago_navigation/bin'
[12.217s] Level 1:colcon.colcon_core.environment:checking '/home/alberto/tiago_public_ws/install/tiago_navigation/lib/pkgconfig/tiago_navigation.pc'
[12.218s] Level 1:colcon.colcon_core.environment:checking '/home/alberto/tiago_public_ws/install/tiago_navigation/lib/python3.10/site-packages'
[12.218s] Level 1:colcon.colcon_core.environment:checking '/home/alberto/tiago_public_ws/install/tiago_navigation/bin'
[12.218s] INFO:colcon.colcon_core.shell:Creating package script '/home/alberto/tiago_public_ws/install/tiago_navigation/share/tiago_navigation/package.ps1'
[12.223s] INFO:colcon.colcon_core.shell:Creating package descriptor '/home/alberto/tiago_public_ws/install/tiago_navigation/share/tiago_navigation/package.dsv'
[12.223s] INFO:colcon.colcon_core.shell:Creating package script '/home/alberto/tiago_public_ws/install/tiago_navigation/share/tiago_navigation/package.sh'
[12.224s] INFO:colcon.colcon_core.shell:Creating package script '/home/alberto/tiago_public_ws/install/tiago_navigation/share/tiago_navigation/package.bash'
[12.224s] INFO:colcon.colcon_core.shell:Creating package script '/home/alberto/tiago_public_ws/install/tiago_navigation/share/tiago_navigation/package.zsh'
[12.224s] Level 1:colcon.colcon_core.environment:create_file_with_runtime_dependencies(/home/alberto/tiago_public_ws/install/tiago_navigation/share/colcon-core/packages/tiago_navigation)
[12.225s] Level 1:colcon.colcon_core.environment:create_environment_scripts_only(tiago_navigation)
[12.226s] Level 1:colcon.colcon_core.environment:checking '/home/alberto/tiago_public_ws/install/tiago_navigation' for CMake module files
[12.230s] Level 1:colcon.colcon_core.environment:checking '/home/alberto/tiago_public_ws/install/tiago_navigation' for CMake config files
[12.230s] Level 1:colcon.colcon_core.shell:create_environment_hook('tiago_navigation', 'cmake_prefix_path')
[12.231s] INFO:colcon.colcon_core.shell:Creating environment hook '/home/alberto/tiago_public_ws/install/tiago_navigation/share/tiago_navigation/hook/cmake_prefix_path.ps1'
[12.232s] INFO:colcon.colcon_core.shell:Creating environment descriptor '/home/alberto/tiago_public_ws/install/tiago_navigation/share/tiago_navigation/hook/cmake_prefix_path.dsv'
[12.232s] INFO:colcon.colcon_core.shell:Creating environment hook '/home/alberto/tiago_public_ws/install/tiago_navigation/share/tiago_navigation/hook/cmake_prefix_path.sh'
[12.233s] Level 1:colcon.colcon_core.environment:checking '/home/alberto/tiago_public_ws/install/tiago_navigation/bin'
[12.233s] Level 1:colcon.colcon_core.environment:checking '/home/alberto/tiago_public_ws/install/tiago_navigation/lib/pkgconfig/tiago_navigation.pc'
[12.238s] Level 1:colcon.colcon_core.environment:checking '/home/alberto/tiago_public_ws/install/tiago_navigation/lib/python3.10/site-packages'
[12.239s] Level 1:colcon.colcon_core.environment:checking '/home/alberto/tiago_public_ws/install/tiago_navigation/bin'
[12.239s] INFO:colcon.colcon_core.shell:Creating package script '/home/alberto/tiago_public_ws/install/tiago_navigation/share/tiago_navigation/package.ps1'
[12.240s] INFO:colcon.colcon_core.shell:Creating package descriptor '/home/alberto/tiago_public_ws/install/tiago_navigation/share/tiago_navigation/package.dsv'
[12.241s] INFO:colcon.colcon_core.shell:Creating package script '/home/alberto/tiago_public_ws/install/tiago_navigation/share/tiago_navigation/package.sh'
[12.243s] INFO:colcon.colcon_core.shell:Creating package script '/home/alberto/tiago_public_ws/install/tiago_navigation/share/tiago_navigation/package.bash'
[12.244s] INFO:colcon.colcon_core.shell:Creating package script '/home/alberto/tiago_public_ws/install/tiago_navigation/share/tiago_navigation/package.zsh'
[12.245s] Level 1:colcon.colcon_core.environment:create_file_with_runtime_dependencies(/home/alberto/tiago_public_ws/install/tiago_navigation/share/colcon-core/packages/tiago_navigation)
[12.482s] Level 1:colcon.colcon_core.environment:create_environment_scripts_only(pmb2_bringup)
[12.483s] Level 1:colcon.colcon_core.environment:checking '/home/alberto/tiago_public_ws/install/pmb2_bringup' for CMake module files
[12.483s] DEBUG:colcon.colcon_core.event_handler.log_command:Invoked command in '/home/alberto/tiago_public_ws/build/pmb2_bringup' returned '0': AMENT_PREFIX_PATH=/home/alberto/tiago_public_ws/install/pmb2_description:/home/alberto/tiago_public_ws/install/pmb2_controller_configuration:/home/alberto/tiago_public_ws/install/urdf_test:/home/alberto/tiago_public_ws/install/pal_urdf_utils:/home/alberto/tiago_public_ws/install/launch_pal:${AMENT_PREFIX_PATH} CMAKE_PREFIX_PATH=/home/alberto/tiago_public_ws/install/pmb2_description:/home/alberto/tiago_public_ws/install/pmb2_controller_configuration:/home/alberto/tiago_public_ws/install/urdf_test:/home/alberto/tiago_public_ws/install/pal_urdf_utils:/opt/ros/humble PYTHONPATH=/home/alberto/tiago_public_ws/install/pmb2_description/local/lib/python3.10/dist-packages:/home/alberto/tiago_public_ws/install/urdf_test/local/lib/python3.10/dist-packages:/home/alberto/tiago_public_ws/build/launch_pal:/home/alberto/tiago_public_ws/install/launch_pal/lib/python3.10/site-packages:${PYTHONPATH} /usr/bin/cmake --install /home/alberto/tiago_public_ws/build/pmb2_bringup
[12.484s] Level 1:colcon.colcon_core.environment:checking '/home/alberto/tiago_public_ws/install/pmb2_bringup' for CMake config files
[12.484s] Level 1:colcon.colcon_core.shell:create_environment_hook('pmb2_bringup', 'cmake_prefix_path')
[12.485s] INFO:colcon.colcon_core.shell:Creating environment hook '/home/alberto/tiago_public_ws/install/pmb2_bringup/share/pmb2_bringup/hook/cmake_prefix_path.ps1'
[12.485s] INFO:colcon.colcon_core.shell:Creating environment descriptor '/home/alberto/tiago_public_ws/install/pmb2_bringup/share/pmb2_bringup/hook/cmake_prefix_path.dsv'
[12.486s] INFO:colcon.colcon_core.shell:Creating environment hook '/home/alberto/tiago_public_ws/install/pmb2_bringup/share/pmb2_bringup/hook/cmake_prefix_path.sh'
[12.487s] Level 1:colcon.colcon_core.environment:checking '/home/alberto/tiago_public_ws/install/pmb2_bringup/bin'
[12.487s] Level 1:colcon.colcon_core.environment:checking '/home/alberto/tiago_public_ws/install/pmb2_bringup/lib/pkgconfig/pmb2_bringup.pc'
[12.487s] Level 1:colcon.colcon_core.environment:checking '/home/alberto/tiago_public_ws/install/pmb2_bringup/lib/python3.10/site-packages'
[12.487s] Level 1:colcon.colcon_core.environment:checking '/home/alberto/tiago_public_ws/install/pmb2_bringup/bin'
[12.488s] INFO:colcon.colcon_core.shell:Creating package script '/home/alberto/tiago_public_ws/install/pmb2_bringup/share/pmb2_bringup/package.ps1'
[12.488s] INFO:colcon.colcon_core.shell:Creating package descriptor '/home/alberto/tiago_public_ws/install/pmb2_bringup/share/pmb2_bringup/package.dsv'
[12.489s] INFO:colcon.colcon_core.shell:Creating package script '/home/alberto/tiago_public_ws/install/pmb2_bringup/share/pmb2_bringup/package.sh'
[12.489s] INFO:colcon.colcon_core.shell:Creating package script '/home/alberto/tiago_public_ws/install/pmb2_bringup/share/pmb2_bringup/package.bash'
[12.489s] INFO:colcon.colcon_core.shell:Creating package script '/home/alberto/tiago_public_ws/install/pmb2_bringup/share/pmb2_bringup/package.zsh'
[12.490s] Level 1:colcon.colcon_core.environment:create_file_with_runtime_dependencies(/home/alberto/tiago_public_ws/install/pmb2_bringup/share/colcon-core/packages/pmb2_bringup)
[12.491s] Level 1:colcon.colcon_core.environment:create_environment_scripts_only(pmb2_bringup)
[12.491s] Level 1:colcon.colcon_core.environment:checking '/home/alberto/tiago_public_ws/install/pmb2_bringup' for CMake module files
[12.492s] Level 1:colcon.colcon_core.environment:checking '/home/alberto/tiago_public_ws/install/pmb2_bringup' for CMake config files
[12.493s] Level 1:colcon.colcon_core.shell:create_environment_hook('pmb2_bringup', 'cmake_prefix_path')
[12.493s] INFO:colcon.colcon_core.shell:Creating environment hook '/home/alberto/tiago_public_ws/install/pmb2_bringup/share/pmb2_bringup/hook/cmake_prefix_path.ps1'
[12.493s] INFO:colcon.colcon_core.shell:Creating environment descriptor '/home/alberto/tiago_public_ws/install/pmb2_bringup/share/pmb2_bringup/hook/cmake_prefix_path.dsv'
[12.494s] INFO:colcon.colcon_core.shell:Creating environment hook '/home/alberto/tiago_public_ws/install/pmb2_bringup/share/pmb2_bringup/hook/cmake_prefix_path.sh'
[12.495s] Level 1:colcon.colcon_core.environment:checking '/home/alberto/tiago_public_ws/install/pmb2_bringup/bin'
[12.495s] Level 1:colcon.colcon_core.environment:checking '/home/alberto/tiago_public_ws/install/pmb2_bringup/lib/pkgconfig/pmb2_bringup.pc'
[12.495s] Level 1:colcon.colcon_core.environment:checking '/home/alberto/tiago_public_ws/install/pmb2_bringup/lib/python3.10/site-packages'
[12.495s] Level 1:colcon.colcon_core.environment:checking '/home/alberto/tiago_public_ws/install/pmb2_bringup/bin'
[12.495s] INFO:colcon.colcon_core.shell:Creating package script '/home/alberto/tiago_public_ws/install/pmb2_bringup/share/pmb2_bringup/package.ps1'
[12.496s] INFO:colcon.colcon_core.shell:Creating package descriptor '/home/alberto/tiago_public_ws/install/pmb2_bringup/share/pmb2_bringup/package.dsv'
[12.497s] INFO:colcon.colcon_core.shell:Creating package script '/home/alberto/tiago_public_ws/install/pmb2_bringup/share/pmb2_bringup/package.sh'
[12.498s] INFO:colcon.colcon_core.shell:Creating package script '/home/alberto/tiago_public_ws/install/pmb2_bringup/share/pmb2_bringup/package.bash'
[12.498s] INFO:colcon.colcon_core.shell:Creating package script '/home/alberto/tiago_public_ws/install/pmb2_bringup/share/pmb2_bringup/package.zsh'
[12.499s] Level 1:colcon.colcon_core.environment:create_file_with_runtime_dependencies(/home/alberto/tiago_public_ws/install/pmb2_bringup/share/colcon-core/packages/pmb2_bringup)
[12.499s] INFO:colcon.colcon_ros.task.ament_cmake.build:Building ROS package in '/home/alberto/tiago_public_ws/src/pmb2_robot/pmb2_robot' with build type 'ament_cmake'
[12.499s] INFO:colcon.colcon_cmake.task.cmake.build:Building CMake package in '/home/alberto/tiago_public_ws/src/pmb2_robot/pmb2_robot'
[12.500s] INFO:colcon.colcon_core.shell:Skip shell extension 'powershell' for command environment: Not usable outside of PowerShell
[12.500s] DEBUG:colcon.colcon_core.shell:Skip shell extension 'dsv' for command environment
[12.520s] DEBUG:colcon.colcon_core.event_handler.log_command:Invoking command in '/home/alberto/tiago_public_ws/build/pmb2_robot': AMENT_PREFIX_PATH=/home/alberto/tiago_public_ws/install/pmb2_bringup:/home/alberto/tiago_public_ws/install/pmb2_description:/home/alberto/tiago_public_ws/install/pmb2_controller_configuration:/home/alberto/tiago_public_ws/install/urdf_test:/home/alberto/tiago_public_ws/install/pal_urdf_utils:/home/alberto/tiago_public_ws/install/launch_pal:${AMENT_PREFIX_PATH} CMAKE_PREFIX_PATH=/home/alberto/tiago_public_ws/install/pmb2_bringup:/home/alberto/tiago_public_ws/install/pmb2_description:/home/alberto/tiago_public_ws/install/pmb2_controller_configuration:/home/alberto/tiago_public_ws/install/urdf_test:/home/alberto/tiago_public_ws/install/pal_urdf_utils:/opt/ros/humble PYTHONPATH=/home/alberto/tiago_public_ws/install/pmb2_description/local/lib/python3.10/dist-packages:/home/alberto/tiago_public_ws/install/urdf_test/local/lib/python3.10/dist-packages:/home/alberto/tiago_public_ws/build/launch_pal:/home/alberto/tiago_public_ws/install/launch_pal/lib/python3.10/site-packages:${PYTHONPATH} /usr/bin/cmake /home/alberto/tiago_public_ws/src/pmb2_robot/pmb2_robot -DAMENT_CMAKE_SYMLINK_INSTALL=1 -DCMAKE_INSTALL_PREFIX=/home/alberto/tiago_public_ws/install/pmb2_robot
[12.621s] DEBUG:colcon.colcon_core.event_handler.log_command:Invoked command in '/home/alberto/tiago_public_ws/build/tiago_description' returned '0': AMENT_PREFIX_PATH=/home/alberto/tiago_public_ws/install/pmb2_description:/home/alberto/tiago_public_ws/install/pal_hey5_description:/home/alberto/tiago_public_ws/install/pal_gripper_description:/home/alberto/tiago_public_ws/install/urdf_test:/home/alberto/tiago_public_ws/install/pal_urdf_utils:/home/alberto/tiago_public_ws/install/pal_robotiq_description:/home/alberto/tiago_public_ws/install/launch_pal:${AMENT_PREFIX_PATH} CMAKE_PREFIX_PATH=/home/alberto/tiago_public_ws/install/pmb2_description:/home/alberto/tiago_public_ws/install/pal_hey5_description:/home/alberto/tiago_public_ws/install/pal_gripper_description:/home/alberto/tiago_public_ws/install/urdf_test:/home/alberto/tiago_public_ws/install/pal_urdf_utils:/home/alberto/tiago_public_ws/install/pal_robotiq_description:/opt/ros/humble PYTHONPATH=/home/alberto/tiago_public_ws/install/pmb2_description/local/lib/python3.10/dist-packages:/home/alberto/tiago_public_ws/install/urdf_test/local/lib/python3.10/dist-packages:/home/alberto/tiago_public_ws/build/launch_pal:/home/alberto/tiago_public_ws/install/launch_pal/lib/python3.10/site-packages:${PYTHONPATH} /usr/bin/cmake /home/alberto/tiago_public_ws/src/tiago_robot/tiago_description -DAMENT_CMAKE_SYMLINK_INSTALL=1 -DCMAKE_INSTALL_PREFIX=/home/alberto/tiago_public_ws/install/tiago_description
[12.622s] DEBUG:colcon.colcon_core.event_handler.log_command:Invoking command in '/home/alberto/tiago_public_ws/build/tiago_description': AMENT_PREFIX_PATH=/home/alberto/tiago_public_ws/install/pmb2_description:/home/alberto/tiago_public_ws/install/pal_hey5_description:/home/alberto/tiago_public_ws/install/pal_gripper_description:/home/alberto/tiago_public_ws/install/urdf_test:/home/alberto/tiago_public_ws/install/pal_urdf_utils:/home/alberto/tiago_public_ws/install/pal_robotiq_description:/home/alberto/tiago_public_ws/install/launch_pal:${AMENT_PREFIX_PATH} CMAKE_PREFIX_PATH=/home/alberto/tiago_public_ws/install/pmb2_description:/home/alberto/tiago_public_ws/install/pal_hey5_description:/home/alberto/tiago_public_ws/install/pal_gripper_description:/home/alberto/tiago_public_ws/install/urdf_test:/home/alberto/tiago_public_ws/install/pal_urdf_utils:/home/alberto/tiago_public_ws/install/pal_robotiq_description:/opt/ros/humble PYTHONPATH=/home/alberto/tiago_public_ws/install/pmb2_description/local/lib/python3.10/dist-packages:/home/alberto/tiago_public_ws/install/urdf_test/local/lib/python3.10/dist-packages:/home/alberto/tiago_public_ws/build/launch_pal:/home/alberto/tiago_public_ws/install/launch_pal/lib/python3.10/site-packages:${PYTHONPATH} /usr/bin/cmake --build /home/alberto/tiago_public_ws/build/tiago_description -- -j8 -l8
[13.059s] DEBUG:colcon.colcon_core.event_handler.log_command:Invoked command in '/home/alberto/tiago_public_ws/build/tiago_description' returned '0': AMENT_PREFIX_PATH=/home/alberto/tiago_public_ws/install/pmb2_description:/home/alberto/tiago_public_ws/install/pal_hey5_description:/home/alberto/tiago_public_ws/install/pal_gripper_description:/home/alberto/tiago_public_ws/install/urdf_test:/home/alberto/tiago_public_ws/install/pal_urdf_utils:/home/alberto/tiago_public_ws/install/pal_robotiq_description:/home/alberto/tiago_public_ws/install/launch_pal:${AMENT_PREFIX_PATH} CMAKE_PREFIX_PATH=/home/alberto/tiago_public_ws/install/pmb2_description:/home/alberto/tiago_public_ws/install/pal_hey5_description:/home/alberto/tiago_public_ws/install/pal_gripper_description:/home/alberto/tiago_public_ws/install/urdf_test:/home/alberto/tiago_public_ws/install/pal_urdf_utils:/home/alberto/tiago_public_ws/install/pal_robotiq_description:/opt/ros/humble PYTHONPATH=/home/alberto/tiago_public_ws/install/pmb2_description/local/lib/python3.10/dist-packages:/home/alberto/tiago_public_ws/install/urdf_test/local/lib/python3.10/dist-packages:/home/alberto/tiago_public_ws/build/launch_pal:/home/alberto/tiago_public_ws/install/launch_pal/lib/python3.10/site-packages:${PYTHONPATH} /usr/bin/cmake --build /home/alberto/tiago_public_ws/build/tiago_description -- -j8 -l8
[13.061s] DEBUG:colcon.colcon_core.event_handler.log_command:Invoking command in '/home/alberto/tiago_public_ws/build/tiago_description': AMENT_PREFIX_PATH=/home/alberto/tiago_public_ws/install/pmb2_description:/home/alberto/tiago_public_ws/install/pal_hey5_description:/home/alberto/tiago_public_ws/install/pal_gripper_description:/home/alberto/tiago_public_ws/install/urdf_test:/home/alberto/tiago_public_ws/install/pal_urdf_utils:/home/alberto/tiago_public_ws/install/pal_robotiq_description:/home/alberto/tiago_public_ws/install/launch_pal:${AMENT_PREFIX_PATH} CMAKE_PREFIX_PATH=/home/alberto/tiago_public_ws/install/pmb2_description:/home/alberto/tiago_public_ws/install/pal_hey5_description:/home/alberto/tiago_public_ws/install/pal_gripper_description:/home/alberto/tiago_public_ws/install/urdf_test:/home/alberto/tiago_public_ws/install/pal_urdf_utils:/home/alberto/tiago_public_ws/install/pal_robotiq_description:/opt/ros/humble PYTHONPATH=/home/alberto/tiago_public_ws/install/pmb2_description/local/lib/python3.10/dist-packages:/home/alberto/tiago_public_ws/install/urdf_test/local/lib/python3.10/dist-packages:/home/alberto/tiago_public_ws/build/launch_pal:/home/alberto/tiago_public_ws/install/launch_pal/lib/python3.10/site-packages:${PYTHONPATH} /usr/bin/cmake --install /home/alberto/tiago_public_ws/build/tiago_description
[13.234s] Level 1:colcon.colcon_core.environment:create_environment_scripts_only(pal_gazebo_worlds)
[13.234s] Level 1:colcon.colcon_core.environment:checking '/home/alberto/tiago_public_ws/install/pal_gazebo_worlds' for CMake module files
[13.235s] DEBUG:colcon.colcon_core.event_handler.log_command:Invoked command in '/home/alberto/tiago_public_ws/build/pal_gazebo_worlds' returned '0': CMAKE_PREFIX_PATH=/opt/ros/humble /usr/bin/cmake --install /home/alberto/tiago_public_ws/build/pal_gazebo_worlds
[13.235s] Level 1:colcon.colcon_core.environment:checking '/home/alberto/tiago_public_ws/install/pal_gazebo_worlds' for CMake config files
[13.244s] Level 1:colcon.colcon_core.shell:create_environment_hook('pal_gazebo_worlds', 'cmake_prefix_path')
[13.245s] INFO:colcon.colcon_core.shell:Creating environment hook '/home/alberto/tiago_public_ws/install/pal_gazebo_worlds/share/pal_gazebo_worlds/hook/cmake_prefix_path.ps1'
[13.246s] INFO:colcon.colcon_core.shell:Creating environment descriptor '/home/alberto/tiago_public_ws/install/pal_gazebo_worlds/share/pal_gazebo_worlds/hook/cmake_prefix_path.dsv'
[13.246s] INFO:colcon.colcon_core.shell:Creating environment hook '/home/alberto/tiago_public_ws/install/pal_gazebo_worlds/share/pal_gazebo_worlds/hook/cmake_prefix_path.sh'
[13.247s] Level 1:colcon.colcon_core.environment:checking '/home/alberto/tiago_public_ws/install/pal_gazebo_worlds/bin'
[13.247s] Level 1:colcon.colcon_core.environment:checking '/home/alberto/tiago_public_ws/install/pal_gazebo_worlds/lib/pkgconfig/pal_gazebo_worlds.pc'
[13.247s] Level 1:colcon.colcon_core.environment:checking '/home/alberto/tiago_public_ws/install/pal_gazebo_worlds/lib/python3.10/site-packages'
[13.248s] Level 1:colcon.colcon_core.environment:checking '/home/alberto/tiago_public_ws/install/pal_gazebo_worlds/bin'
[13.248s] INFO:colcon.colcon_core.shell:Creating package script '/home/alberto/tiago_public_ws/install/pal_gazebo_worlds/share/pal_gazebo_worlds/package.ps1'
[13.248s] INFO:colcon.colcon_core.shell:Creating package descriptor '/home/alberto/tiago_public_ws/install/pal_gazebo_worlds/share/pal_gazebo_worlds/package.dsv'
[13.249s] INFO:colcon.colcon_core.shell:Creating package script '/home/alberto/tiago_public_ws/install/pal_gazebo_worlds/share/pal_gazebo_worlds/package.sh'
[13.249s] INFO:colcon.colcon_core.shell:Creating package script '/home/alberto/tiago_public_ws/install/pal_gazebo_worlds/share/pal_gazebo_worlds/package.bash'
[13.249s] INFO:colcon.colcon_core.shell:Creating package script '/home/alberto/tiago_public_ws/install/pal_gazebo_worlds/share/pal_gazebo_worlds/package.zsh'
[13.250s] Level 1:colcon.colcon_core.environment:create_file_with_runtime_dependencies(/home/alberto/tiago_public_ws/install/pal_gazebo_worlds/share/colcon-core/packages/pal_gazebo_worlds)
[13.251s] Level 1:colcon.colcon_core.environment:create_environment_scripts_only(pal_gazebo_worlds)
[13.251s] Level 1:colcon.colcon_core.environment:checking '/home/alberto/tiago_public_ws/install/pal_gazebo_worlds' for CMake module files
[13.252s] Level 1:colcon.colcon_core.environment:checking '/home/alberto/tiago_public_ws/install/pal_gazebo_worlds' for CMake config files
[13.259s] Level 1:colcon.colcon_core.shell:create_environment_hook('pal_gazebo_worlds', 'cmake_prefix_path')
[13.260s] INFO:colcon.colcon_core.shell:Creating environment hook '/home/alberto/tiago_public_ws/install/pal_gazebo_worlds/share/pal_gazebo_worlds/hook/cmake_prefix_path.ps1'
[13.260s] INFO:colcon.colcon_core.shell:Creating environment descriptor '/home/alberto/tiago_public_ws/install/pal_gazebo_worlds/share/pal_gazebo_worlds/hook/cmake_prefix_path.dsv'
[13.261s] INFO:colcon.colcon_core.shell:Creating environment hook '/home/alberto/tiago_public_ws/install/pal_gazebo_worlds/share/pal_gazebo_worlds/hook/cmake_prefix_path.sh'
[13.262s] Level 1:colcon.colcon_core.environment:checking '/home/alberto/tiago_public_ws/install/pal_gazebo_worlds/bin'
[13.262s] Level 1:colcon.colcon_core.environment:checking '/home/alberto/tiago_public_ws/install/pal_gazebo_worlds/lib/pkgconfig/pal_gazebo_worlds.pc'
[13.263s] Level 1:colcon.colcon_core.environment:checking '/home/alberto/tiago_public_ws/install/pal_gazebo_worlds/lib/python3.10/site-packages'
[13.263s] Level 1:colcon.colcon_core.environment:checking '/home/alberto/tiago_public_ws/install/pal_gazebo_worlds/bin'
[13.263s] INFO:colcon.colcon_core.shell:Creating package script '/home/alberto/tiago_public_ws/install/pal_gazebo_worlds/share/pal_gazebo_worlds/package.ps1'
[13.264s] INFO:colcon.colcon_core.shell:Creating package descriptor '/home/alberto/tiago_public_ws/install/pal_gazebo_worlds/share/pal_gazebo_worlds/package.dsv'
[13.264s] INFO:colcon.colcon_core.shell:Creating package script '/home/alberto/tiago_public_ws/install/pal_gazebo_worlds/share/pal_gazebo_worlds/package.sh'
[13.265s] INFO:colcon.colcon_core.shell:Creating package script '/home/alberto/tiago_public_ws/install/pal_gazebo_worlds/share/pal_gazebo_worlds/package.bash'
[13.266s] INFO:colcon.colcon_core.shell:Creating package script '/home/alberto/tiago_public_ws/install/pal_gazebo_worlds/share/pal_gazebo_worlds/package.zsh'
[13.266s] Level 1:colcon.colcon_core.environment:create_file_with_runtime_dependencies(/home/alberto/tiago_public_ws/install/pal_gazebo_worlds/share/colcon-core/packages/pal_gazebo_worlds)
[13.267s] INFO:colcon.colcon_ros.task.ament_cmake.build:Building ROS package in '/home/alberto/tiago_public_ws/src/pal_gripper/pal_gripper_simulation' with build type 'ament_cmake'
[13.267s] INFO:colcon.colcon_cmake.task.cmake.build:Building CMake package in '/home/alberto/tiago_public_ws/src/pal_gripper/pal_gripper_simulation'
[13.267s] INFO:colcon.colcon_core.shell:Skip shell extension 'powershell' for command environment: Not usable outside of PowerShell
[13.267s] DEBUG:colcon.colcon_core.shell:Skip shell extension 'dsv' for command environment
[13.287s] DEBUG:colcon.colcon_core.event_handler.log_command:Invoking command in '/home/alberto/tiago_public_ws/build/pal_gripper_simulation': AMENT_PREFIX_PATH=/home/alberto/tiago_public_ws/install/pal_gripper_description:/home/alberto/tiago_public_ws/install/urdf_test:/home/alberto/tiago_public_ws/install/pal_urdf_utils:/home/alberto/tiago_public_ws/install/pal_gripper_controller_configuration:/home/alberto/tiago_public_ws/install/pal_gazebo_worlds:${AMENT_PREFIX_PATH} CMAKE_PREFIX_PATH=/home/alberto/tiago_public_ws/install/pal_gripper_description:/home/alberto/tiago_public_ws/install/urdf_test:/home/alberto/tiago_public_ws/install/pal_urdf_utils:/home/alberto/tiago_public_ws/install/pal_gripper_controller_configuration:/home/alberto/tiago_public_ws/install/pal_gazebo_worlds:/opt/ros/humble PYTHONPATH=/home/alberto/tiago_public_ws/install/urdf_test/local/lib/python3.10/dist-packages:${PYTHONPATH} /usr/bin/cmake /home/alberto/tiago_public_ws/src/pal_gripper/pal_gripper_simulation -DAMENT_CMAKE_SYMLINK_INSTALL=1 -DCMAKE_INSTALL_PREFIX=/home/alberto/tiago_public_ws/install/pal_gripper_simulation
[13.294s] DEBUG:colcon.colcon_core.event_handler.log_command:Invoked command in '/home/alberto/tiago_public_ws/build/pmb2_robot' returned '0': AMENT_PREFIX_PATH=/home/alberto/tiago_public_ws/install/pmb2_bringup:/home/alberto/tiago_public_ws/install/pmb2_description:/home/alberto/tiago_public_ws/install/pmb2_controller_configuration:/home/alberto/tiago_public_ws/install/urdf_test:/home/alberto/tiago_public_ws/install/pal_urdf_utils:/home/alberto/tiago_public_ws/install/launch_pal:${AMENT_PREFIX_PATH} CMAKE_PREFIX_PATH=/home/alberto/tiago_public_ws/install/pmb2_bringup:/home/alberto/tiago_public_ws/install/pmb2_description:/home/alberto/tiago_public_ws/install/pmb2_controller_configuration:/home/alberto/tiago_public_ws/install/urdf_test:/home/alberto/tiago_public_ws/install/pal_urdf_utils:/opt/ros/humble PYTHONPATH=/home/alberto/tiago_public_ws/install/pmb2_description/local/lib/python3.10/dist-packages:/home/alberto/tiago_public_ws/install/urdf_test/local/lib/python3.10/dist-packages:/home/alberto/tiago_public_ws/build/launch_pal:/home/alberto/tiago_public_ws/install/launch_pal/lib/python3.10/site-packages:${PYTHONPATH} /usr/bin/cmake /home/alberto/tiago_public_ws/src/pmb2_robot/pmb2_robot -DAMENT_CMAKE_SYMLINK_INSTALL=1 -DCMAKE_INSTALL_PREFIX=/home/alberto/tiago_public_ws/install/pmb2_robot
[13.297s] DEBUG:colcon.colcon_core.event_handler.log_command:Invoking command in '/home/alberto/tiago_public_ws/build/pmb2_robot': AMENT_PREFIX_PATH=/home/alberto/tiago_public_ws/install/pmb2_bringup:/home/alberto/tiago_public_ws/install/pmb2_description:/home/alberto/tiago_public_ws/install/pmb2_controller_configuration:/home/alberto/tiago_public_ws/install/urdf_test:/home/alberto/tiago_public_ws/install/pal_urdf_utils:/home/alberto/tiago_public_ws/install/launch_pal:${AMENT_PREFIX_PATH} CMAKE_PREFIX_PATH=/home/alberto/tiago_public_ws/install/pmb2_bringup:/home/alberto/tiago_public_ws/install/pmb2_description:/home/alberto/tiago_public_ws/install/pmb2_controller_configuration:/home/alberto/tiago_public_ws/install/urdf_test:/home/alberto/tiago_public_ws/install/pal_urdf_utils:/opt/ros/humble PYTHONPATH=/home/alberto/tiago_public_ws/install/pmb2_description/local/lib/python3.10/dist-packages:/home/alberto/tiago_public_ws/install/urdf_test/local/lib/python3.10/dist-packages:/home/alberto/tiago_public_ws/build/launch_pal:/home/alberto/tiago_public_ws/install/launch_pal/lib/python3.10/site-packages:${PYTHONPATH} /usr/bin/cmake --build /home/alberto/tiago_public_ws/build/pmb2_robot -- -j8 -l8
[13.348s] DEBUG:colcon.colcon_core.event_handler.log_command:Invoked command in '/home/alberto/tiago_public_ws/build/pmb2_robot' returned '0': AMENT_PREFIX_PATH=/home/alberto/tiago_public_ws/install/pmb2_bringup:/home/alberto/tiago_public_ws/install/pmb2_description:/home/alberto/tiago_public_ws/install/pmb2_controller_configuration:/home/alberto/tiago_public_ws/install/urdf_test:/home/alberto/tiago_public_ws/install/pal_urdf_utils:/home/alberto/tiago_public_ws/install/launch_pal:${AMENT_PREFIX_PATH} CMAKE_PREFIX_PATH=/home/alberto/tiago_public_ws/install/pmb2_bringup:/home/alberto/tiago_public_ws/install/pmb2_description:/home/alberto/tiago_public_ws/install/pmb2_controller_configuration:/home/alberto/tiago_public_ws/install/urdf_test:/home/alberto/tiago_public_ws/install/pal_urdf_utils:/opt/ros/humble PYTHONPATH=/home/alberto/tiago_public_ws/install/pmb2_description/local/lib/python3.10/dist-packages:/home/alberto/tiago_public_ws/install/urdf_test/local/lib/python3.10/dist-packages:/home/alberto/tiago_public_ws/build/launch_pal:/home/alberto/tiago_public_ws/install/launch_pal/lib/python3.10/site-packages:${PYTHONPATH} /usr/bin/cmake --build /home/alberto/tiago_public_ws/build/pmb2_robot -- -j8 -l8
[13.350s] DEBUG:colcon.colcon_core.event_handler.log_command:Invoking command in '/home/alberto/tiago_public_ws/build/pmb2_robot': AMENT_PREFIX_PATH=/home/alberto/tiago_public_ws/install/pmb2_bringup:/home/alberto/tiago_public_ws/install/pmb2_description:/home/alberto/tiago_public_ws/install/pmb2_controller_configuration:/home/alberto/tiago_public_ws/install/urdf_test:/home/alberto/tiago_public_ws/install/pal_urdf_utils:/home/alberto/tiago_public_ws/install/launch_pal:${AMENT_PREFIX_PATH} CMAKE_PREFIX_PATH=/home/alberto/tiago_public_ws/install/pmb2_bringup:/home/alberto/tiago_public_ws/install/pmb2_description:/home/alberto/tiago_public_ws/install/pmb2_controller_configuration:/home/alberto/tiago_public_ws/install/urdf_test:/home/alberto/tiago_public_ws/install/pal_urdf_utils:/opt/ros/humble PYTHONPATH=/home/alberto/tiago_public_ws/install/pmb2_description/local/lib/python3.10/dist-packages:/home/alberto/tiago_public_ws/install/urdf_test/local/lib/python3.10/dist-packages:/home/alberto/tiago_public_ws/build/launch_pal:/home/alberto/tiago_public_ws/install/launch_pal/lib/python3.10/site-packages:${PYTHONPATH} /usr/bin/cmake --install /home/alberto/tiago_public_ws/build/pmb2_robot
[13.553s] Level 1:colcon.colcon_core.environment:create_environment_scripts_only(pmb2_robot)
[13.553s] Level 1:colcon.colcon_core.environment:checking '/home/alberto/tiago_public_ws/install/pmb2_robot' for CMake module files
[13.554s] DEBUG:colcon.colcon_core.event_handler.log_command:Invoked command in '/home/alberto/tiago_public_ws/build/pmb2_robot' returned '0': AMENT_PREFIX_PATH=/home/alberto/tiago_public_ws/install/pmb2_bringup:/home/alberto/tiago_public_ws/install/pmb2_description:/home/alberto/tiago_public_ws/install/pmb2_controller_configuration:/home/alberto/tiago_public_ws/install/urdf_test:/home/alberto/tiago_public_ws/install/pal_urdf_utils:/home/alberto/tiago_public_ws/install/launch_pal:${AMENT_PREFIX_PATH} CMAKE_PREFIX_PATH=/home/alberto/tiago_public_ws/install/pmb2_bringup:/home/alberto/tiago_public_ws/install/pmb2_description:/home/alberto/tiago_public_ws/install/pmb2_controller_configuration:/home/alberto/tiago_public_ws/install/urdf_test:/home/alberto/tiago_public_ws/install/pal_urdf_utils:/opt/ros/humble PYTHONPATH=/home/alberto/tiago_public_ws/install/pmb2_description/local/lib/python3.10/dist-packages:/home/alberto/tiago_public_ws/install/urdf_test/local/lib/python3.10/dist-packages:/home/alberto/tiago_public_ws/build/launch_pal:/home/alberto/tiago_public_ws/install/launch_pal/lib/python3.10/site-packages:${PYTHONPATH} /usr/bin/cmake --install /home/alberto/tiago_public_ws/build/pmb2_robot
[13.554s] Level 1:colcon.colcon_core.environment:checking '/home/alberto/tiago_public_ws/install/pmb2_robot' for CMake config files
[13.555s] Level 1:colcon.colcon_core.shell:create_environment_hook('pmb2_robot', 'cmake_prefix_path')
[13.555s] INFO:colcon.colcon_core.shell:Creating environment hook '/home/alberto/tiago_public_ws/install/pmb2_robot/share/pmb2_robot/hook/cmake_prefix_path.ps1'
[13.555s] INFO:colcon.colcon_core.shell:Creating environment descriptor '/home/alberto/tiago_public_ws/install/pmb2_robot/share/pmb2_robot/hook/cmake_prefix_path.dsv'
[13.556s] INFO:colcon.colcon_core.shell:Creating environment hook '/home/alberto/tiago_public_ws/install/pmb2_robot/share/pmb2_robot/hook/cmake_prefix_path.sh'
[13.557s] Level 1:colcon.colcon_core.environment:checking '/home/alberto/tiago_public_ws/install/pmb2_robot/bin'
[13.557s] Level 1:colcon.colcon_core.environment:checking '/home/alberto/tiago_public_ws/install/pmb2_robot/lib/pkgconfig/pmb2_robot.pc'
[13.557s] Level 1:colcon.colcon_core.environment:checking '/home/alberto/tiago_public_ws/install/pmb2_robot/lib/python3.10/site-packages'
[13.557s] Level 1:colcon.colcon_core.environment:checking '/home/alberto/tiago_public_ws/install/pmb2_robot/bin'
[13.558s] INFO:colcon.colcon_core.shell:Creating package script '/home/alberto/tiago_public_ws/install/pmb2_robot/share/pmb2_robot/package.ps1'
[13.559s] INFO:colcon.colcon_core.shell:Creating package descriptor '/home/alberto/tiago_public_ws/install/pmb2_robot/share/pmb2_robot/package.dsv'
[13.559s] INFO:colcon.colcon_core.shell:Creating package script '/home/alberto/tiago_public_ws/install/pmb2_robot/share/pmb2_robot/package.sh'
[13.560s] INFO:colcon.colcon_core.shell:Creating package script '/home/alberto/tiago_public_ws/install/pmb2_robot/share/pmb2_robot/package.bash'
[13.560s] INFO:colcon.colcon_core.shell:Creating package script '/home/alberto/tiago_public_ws/install/pmb2_robot/share/pmb2_robot/package.zsh'
[13.561s] Level 1:colcon.colcon_core.environment:create_file_with_runtime_dependencies(/home/alberto/tiago_public_ws/install/pmb2_robot/share/colcon-core/packages/pmb2_robot)
[13.561s] Level 1:colcon.colcon_core.environment:create_environment_scripts_only(pmb2_robot)
[13.562s] Level 1:colcon.colcon_core.environment:checking '/home/alberto/tiago_public_ws/install/pmb2_robot' for CMake module files
[13.563s] Level 1:colcon.colcon_core.environment:checking '/home/alberto/tiago_public_ws/install/pmb2_robot' for CMake config files
[13.563s] Level 1:colcon.colcon_core.shell:create_environment_hook('pmb2_robot', 'cmake_prefix_path')
[13.564s] INFO:colcon.colcon_core.shell:Creating environment hook '/home/alberto/tiago_public_ws/install/pmb2_robot/share/pmb2_robot/hook/cmake_prefix_path.ps1'
[13.564s] INFO:colcon.colcon_core.shell:Creating environment descriptor '/home/alberto/tiago_public_ws/install/pmb2_robot/share/pmb2_robot/hook/cmake_prefix_path.dsv'
[13.565s] INFO:colcon.colcon_core.shell:Creating environment hook '/home/alberto/tiago_public_ws/install/pmb2_robot/share/pmb2_robot/hook/cmake_prefix_path.sh'
[13.565s] Level 1:colcon.colcon_core.environment:checking '/home/alberto/tiago_public_ws/install/pmb2_robot/bin'
[13.566s] Level 1:colcon.colcon_core.environment:checking '/home/alberto/tiago_public_ws/install/pmb2_robot/lib/pkgconfig/pmb2_robot.pc'
[13.566s] Level 1:colcon.colcon_core.environment:checking '/home/alberto/tiago_public_ws/install/pmb2_robot/lib/python3.10/site-packages'
[13.566s] Level 1:colcon.colcon_core.environment:checking '/home/alberto/tiago_public_ws/install/pmb2_robot/bin'
[13.566s] INFO:colcon.colcon_core.shell:Creating package script '/home/alberto/tiago_public_ws/install/pmb2_robot/share/pmb2_robot/package.ps1'
[13.567s] INFO:colcon.colcon_core.shell:Creating package descriptor '/home/alberto/tiago_public_ws/install/pmb2_robot/share/pmb2_robot/package.dsv'
[13.568s] INFO:colcon.colcon_core.shell:Creating package script '/home/alberto/tiago_public_ws/install/pmb2_robot/share/pmb2_robot/package.sh'
[13.568s] INFO:colcon.colcon_core.shell:Creating package script '/home/alberto/tiago_public_ws/install/pmb2_robot/share/pmb2_robot/package.bash'
[13.569s] INFO:colcon.colcon_core.shell:Creating package script '/home/alberto/tiago_public_ws/install/pmb2_robot/share/pmb2_robot/package.zsh'
[13.569s] Level 1:colcon.colcon_core.environment:create_file_with_runtime_dependencies(/home/alberto/tiago_public_ws/install/pmb2_robot/share/colcon-core/packages/pmb2_robot)
[14.096s] DEBUG:colcon.colcon_core.event_handler.log_command:Invoked command in '/home/alberto/tiago_public_ws/build/pal_gripper_simulation' returned '0': AMENT_PREFIX_PATH=/home/alberto/tiago_public_ws/install/pal_gripper_description:/home/alberto/tiago_public_ws/install/urdf_test:/home/alberto/tiago_public_ws/install/pal_urdf_utils:/home/alberto/tiago_public_ws/install/pal_gripper_controller_configuration:/home/alberto/tiago_public_ws/install/pal_gazebo_worlds:${AMENT_PREFIX_PATH} CMAKE_PREFIX_PATH=/home/alberto/tiago_public_ws/install/pal_gripper_description:/home/alberto/tiago_public_ws/install/urdf_test:/home/alberto/tiago_public_ws/install/pal_urdf_utils:/home/alberto/tiago_public_ws/install/pal_gripper_controller_configuration:/home/alberto/tiago_public_ws/install/pal_gazebo_worlds:/opt/ros/humble PYTHONPATH=/home/alberto/tiago_public_ws/install/urdf_test/local/lib/python3.10/dist-packages:${PYTHONPATH} /usr/bin/cmake /home/alberto/tiago_public_ws/src/pal_gripper/pal_gripper_simulation -DAMENT_CMAKE_SYMLINK_INSTALL=1 -DCMAKE_INSTALL_PREFIX=/home/alberto/tiago_public_ws/install/pal_gripper_simulation
[14.098s] DEBUG:colcon.colcon_core.event_handler.log_command:Invoking command in '/home/alberto/tiago_public_ws/build/pal_gripper_simulation': AMENT_PREFIX_PATH=/home/alberto/tiago_public_ws/install/pal_gripper_description:/home/alberto/tiago_public_ws/install/urdf_test:/home/alberto/tiago_public_ws/install/pal_urdf_utils:/home/alberto/tiago_public_ws/install/pal_gripper_controller_configuration:/home/alberto/tiago_public_ws/install/pal_gazebo_worlds:${AMENT_PREFIX_PATH} CMAKE_PREFIX_PATH=/home/alberto/tiago_public_ws/install/pal_gripper_description:/home/alberto/tiago_public_ws/install/urdf_test:/home/alberto/tiago_public_ws/install/pal_urdf_utils:/home/alberto/tiago_public_ws/install/pal_gripper_controller_configuration:/home/alberto/tiago_public_ws/install/pal_gazebo_worlds:/opt/ros/humble PYTHONPATH=/home/alberto/tiago_public_ws/install/urdf_test/local/lib/python3.10/dist-packages:${PYTHONPATH} /usr/bin/cmake --build /home/alberto/tiago_public_ws/build/pal_gripper_simulation -- -j8 -l8
[14.154s] DEBUG:colcon.colcon_core.event_handler.log_command:Invoked command in '/home/alberto/tiago_public_ws/build/pal_gripper_simulation' returned '0': AMENT_PREFIX_PATH=/home/alberto/tiago_public_ws/install/pal_gripper_description:/home/alberto/tiago_public_ws/install/urdf_test:/home/alberto/tiago_public_ws/install/pal_urdf_utils:/home/alberto/tiago_public_ws/install/pal_gripper_controller_configuration:/home/alberto/tiago_public_ws/install/pal_gazebo_worlds:${AMENT_PREFIX_PATH} CMAKE_PREFIX_PATH=/home/alberto/tiago_public_ws/install/pal_gripper_description:/home/alberto/tiago_public_ws/install/urdf_test:/home/alberto/tiago_public_ws/install/pal_urdf_utils:/home/alberto/tiago_public_ws/install/pal_gripper_controller_configuration:/home/alberto/tiago_public_ws/install/pal_gazebo_worlds:/opt/ros/humble PYTHONPATH=/home/alberto/tiago_public_ws/install/urdf_test/local/lib/python3.10/dist-packages:${PYTHONPATH} /usr/bin/cmake --build /home/alberto/tiago_public_ws/build/pal_gripper_simulation -- -j8 -l8
[14.157s] DEBUG:colcon.colcon_core.event_handler.log_command:Invoking command in '/home/alberto/tiago_public_ws/build/pal_gripper_simulation': AMENT_PREFIX_PATH=/home/alberto/tiago_public_ws/install/pal_gripper_description:/home/alberto/tiago_public_ws/install/urdf_test:/home/alberto/tiago_public_ws/install/pal_urdf_utils:/home/alberto/tiago_public_ws/install/pal_gripper_controller_configuration:/home/alberto/tiago_public_ws/install/pal_gazebo_worlds:${AMENT_PREFIX_PATH} CMAKE_PREFIX_PATH=/home/alberto/tiago_public_ws/install/pal_gripper_description:/home/alberto/tiago_public_ws/install/urdf_test:/home/alberto/tiago_public_ws/install/pal_urdf_utils:/home/alberto/tiago_public_ws/install/pal_gripper_controller_configuration:/home/alberto/tiago_public_ws/install/pal_gazebo_worlds:/opt/ros/humble PYTHONPATH=/home/alberto/tiago_public_ws/install/urdf_test/local/lib/python3.10/dist-packages:${PYTHONPATH} /usr/bin/cmake --install /home/alberto/tiago_public_ws/build/pal_gripper_simulation
[14.199s] Level 1:colcon.colcon_core.environment:create_environment_scripts_only(tiago_description)
[14.200s] Level 1:colcon.colcon_core.environment:checking '/home/alberto/tiago_public_ws/install/tiago_description' for CMake module files
[14.200s] DEBUG:colcon.colcon_core.event_handler.log_command:Invoked command in '/home/alberto/tiago_public_ws/build/tiago_description' returned '0': AMENT_PREFIX_PATH=/home/alberto/tiago_public_ws/install/pmb2_description:/home/alberto/tiago_public_ws/install/pal_hey5_description:/home/alberto/tiago_public_ws/install/pal_gripper_description:/home/alberto/tiago_public_ws/install/urdf_test:/home/alberto/tiago_public_ws/install/pal_urdf_utils:/home/alberto/tiago_public_ws/install/pal_robotiq_description:/home/alberto/tiago_public_ws/install/launch_pal:${AMENT_PREFIX_PATH} CMAKE_PREFIX_PATH=/home/alberto/tiago_public_ws/install/pmb2_description:/home/alberto/tiago_public_ws/install/pal_hey5_description:/home/alberto/tiago_public_ws/install/pal_gripper_description:/home/alberto/tiago_public_ws/install/urdf_test:/home/alberto/tiago_public_ws/install/pal_urdf_utils:/home/alberto/tiago_public_ws/install/pal_robotiq_description:/opt/ros/humble PYTHONPATH=/home/alberto/tiago_public_ws/install/pmb2_description/local/lib/python3.10/dist-packages:/home/alberto/tiago_public_ws/install/urdf_test/local/lib/python3.10/dist-packages:/home/alberto/tiago_public_ws/build/launch_pal:/home/alberto/tiago_public_ws/install/launch_pal/lib/python3.10/site-packages:${PYTHONPATH} /usr/bin/cmake --install /home/alberto/tiago_public_ws/build/tiago_description
[14.201s] Level 1:colcon.colcon_core.environment:checking '/home/alberto/tiago_public_ws/install/tiago_description' for CMake config files
[14.202s] Level 1:colcon.colcon_core.shell:create_environment_hook('tiago_description', 'cmake_prefix_path')
[14.202s] INFO:colcon.colcon_core.shell:Creating environment hook '/home/alberto/tiago_public_ws/install/tiago_description/share/tiago_description/hook/cmake_prefix_path.ps1'
[14.202s] INFO:colcon.colcon_core.shell:Creating environment descriptor '/home/alberto/tiago_public_ws/install/tiago_description/share/tiago_description/hook/cmake_prefix_path.dsv'
[14.203s] INFO:colcon.colcon_core.shell:Creating environment hook '/home/alberto/tiago_public_ws/install/tiago_description/share/tiago_description/hook/cmake_prefix_path.sh'
[14.203s] Level 1:colcon.colcon_core.environment:checking '/home/alberto/tiago_public_ws/install/tiago_description/bin'
[14.204s] Level 1:colcon.colcon_core.environment:checking '/home/alberto/tiago_public_ws/install/tiago_description/lib/pkgconfig/tiago_description.pc'
[14.204s] Level 1:colcon.colcon_core.environment:checking '/home/alberto/tiago_public_ws/install/tiago_description/lib/python3.10/site-packages'
[14.204s] Level 1:colcon.colcon_core.environment:checking '/home/alberto/tiago_public_ws/install/tiago_description/bin'
[14.204s] INFO:colcon.colcon_core.shell:Creating package script '/home/alberto/tiago_public_ws/install/tiago_description/share/tiago_description/package.ps1'
[14.205s] INFO:colcon.colcon_core.shell:Creating package descriptor '/home/alberto/tiago_public_ws/install/tiago_description/share/tiago_description/package.dsv'
[14.205s] INFO:colcon.colcon_core.shell:Creating package script '/home/alberto/tiago_public_ws/install/tiago_description/share/tiago_description/package.sh'
[14.206s] INFO:colcon.colcon_core.shell:Creating package script '/home/alberto/tiago_public_ws/install/tiago_description/share/tiago_description/package.bash'
[14.206s] INFO:colcon.colcon_core.shell:Creating package script '/home/alberto/tiago_public_ws/install/tiago_description/share/tiago_description/package.zsh'
[14.207s] Level 1:colcon.colcon_core.environment:create_file_with_runtime_dependencies(/home/alberto/tiago_public_ws/install/tiago_description/share/colcon-core/packages/tiago_description)
[14.208s] Level 1:colcon.colcon_core.environment:create_environment_scripts_only(tiago_description)
[14.208s] Level 1:colcon.colcon_core.environment:checking '/home/alberto/tiago_public_ws/install/tiago_description' for CMake module files
[14.209s] Level 1:colcon.colcon_core.environment:checking '/home/alberto/tiago_public_ws/install/tiago_description' for CMake config files
[14.210s] Level 1:colcon.colcon_core.shell:create_environment_hook('tiago_description', 'cmake_prefix_path')
[14.210s] INFO:colcon.colcon_core.shell:Creating environment hook '/home/alberto/tiago_public_ws/install/tiago_description/share/tiago_description/hook/cmake_prefix_path.ps1'
[14.211s] INFO:colcon.colcon_core.shell:Creating environment descriptor '/home/alberto/tiago_public_ws/install/tiago_description/share/tiago_description/hook/cmake_prefix_path.dsv'
[14.211s] INFO:colcon.colcon_core.shell:Creating environment hook '/home/alberto/tiago_public_ws/install/tiago_description/share/tiago_description/hook/cmake_prefix_path.sh'
[14.212s] Level 1:colcon.colcon_core.environment:checking '/home/alberto/tiago_public_ws/install/tiago_description/bin'
[14.212s] Level 1:colcon.colcon_core.environment:checking '/home/alberto/tiago_public_ws/install/tiago_description/lib/pkgconfig/tiago_description.pc'
[14.212s] Level 1:colcon.colcon_core.environment:checking '/home/alberto/tiago_public_ws/install/tiago_description/lib/python3.10/site-packages'
[14.212s] Level 1:colcon.colcon_core.environment:checking '/home/alberto/tiago_public_ws/install/tiago_description/bin'
[14.212s] INFO:colcon.colcon_core.shell:Creating package script '/home/alberto/tiago_public_ws/install/tiago_description/share/tiago_description/package.ps1'
[14.213s] INFO:colcon.colcon_core.shell:Creating package descriptor '/home/alberto/tiago_public_ws/install/tiago_description/share/tiago_description/package.dsv'
[14.214s] INFO:colcon.colcon_core.shell:Creating package script '/home/alberto/tiago_public_ws/install/tiago_description/share/tiago_description/package.sh'
[14.214s] INFO:colcon.colcon_core.shell:Creating package script '/home/alberto/tiago_public_ws/install/tiago_description/share/tiago_description/package.bash'
[14.215s] INFO:colcon.colcon_core.shell:Creating package script '/home/alberto/tiago_public_ws/install/tiago_description/share/tiago_description/package.zsh'
[14.215s] Level 1:colcon.colcon_core.environment:create_file_with_runtime_dependencies(/home/alberto/tiago_public_ws/install/tiago_description/share/colcon-core/packages/tiago_description)
[14.216s] INFO:colcon.colcon_ros.task.ament_cmake.build:Building ROS package in '/home/alberto/tiago_public_ws/src/tiago_moveit_config' with build type 'ament_cmake'
[14.216s] INFO:colcon.colcon_cmake.task.cmake.build:Building CMake package in '/home/alberto/tiago_public_ws/src/tiago_moveit_config'
[14.216s] INFO:colcon.colcon_core.shell:Skip shell extension 'powershell' for command environment: Not usable outside of PowerShell
[14.216s] DEBUG:colcon.colcon_core.shell:Skip shell extension 'dsv' for command environment
[14.235s] DEBUG:colcon.colcon_core.event_handler.log_command:Invoking command in '/home/alberto/tiago_public_ws/build/tiago_moveit_config': AMENT_PREFIX_PATH=/home/alberto/tiago_public_ws/install/tiago_description:/home/alberto/tiago_public_ws/install/pmb2_description:/home/alberto/tiago_public_ws/install/pal_hey5_description:/home/alberto/tiago_public_ws/install/pal_gripper_description:/home/alberto/tiago_public_ws/install/urdf_test:/home/alberto/tiago_public_ws/install/pal_urdf_utils:/home/alberto/tiago_public_ws/install/pal_robotiq_description:/home/alberto/tiago_public_ws/install/launch_pal:${AMENT_PREFIX_PATH} CMAKE_PREFIX_PATH=/home/alberto/tiago_public_ws/install/tiago_description:/home/alberto/tiago_public_ws/install/pmb2_description:/home/alberto/tiago_public_ws/install/pal_hey5_description:/home/alberto/tiago_public_ws/install/pal_gripper_description:/home/alberto/tiago_public_ws/install/urdf_test:/home/alberto/tiago_public_ws/install/pal_urdf_utils:/home/alberto/tiago_public_ws/install/pal_robotiq_description:/opt/ros/humble PYTHONPATH=/home/alberto/tiago_public_ws/install/tiago_description/local/lib/python3.10/dist-packages:/home/alberto/tiago_public_ws/install/pmb2_description/local/lib/python3.10/dist-packages:/home/alberto/tiago_public_ws/install/urdf_test/local/lib/python3.10/dist-packages:/home/alberto/tiago_public_ws/build/launch_pal:/home/alberto/tiago_public_ws/install/launch_pal/lib/python3.10/site-packages:${PYTHONPATH} /usr/bin/cmake /home/alberto/tiago_public_ws/src/tiago_moveit_config -DAMENT_CMAKE_SYMLINK_INSTALL=1 -DCMAKE_INSTALL_PREFIX=/home/alberto/tiago_public_ws/install/tiago_moveit_config
[14.391s] Level 1:colcon.colcon_core.environment:create_environment_scripts_only(pal_gripper_simulation)
[14.391s] Level 1:colcon.colcon_core.environment:checking '/home/alberto/tiago_public_ws/install/pal_gripper_simulation' for CMake module files
[14.392s] DEBUG:colcon.colcon_core.event_handler.log_command:Invoked command in '/home/alberto/tiago_public_ws/build/pal_gripper_simulation' returned '0': AMENT_PREFIX_PATH=/home/alberto/tiago_public_ws/install/pal_gripper_description:/home/alberto/tiago_public_ws/install/urdf_test:/home/alberto/tiago_public_ws/install/pal_urdf_utils:/home/alberto/tiago_public_ws/install/pal_gripper_controller_configuration:/home/alberto/tiago_public_ws/install/pal_gazebo_worlds:${AMENT_PREFIX_PATH} CMAKE_PREFIX_PATH=/home/alberto/tiago_public_ws/install/pal_gripper_description:/home/alberto/tiago_public_ws/install/urdf_test:/home/alberto/tiago_public_ws/install/pal_urdf_utils:/home/alberto/tiago_public_ws/install/pal_gripper_controller_configuration:/home/alberto/tiago_public_ws/install/pal_gazebo_worlds:/opt/ros/humble PYTHONPATH=/home/alberto/tiago_public_ws/install/urdf_test/local/lib/python3.10/dist-packages:${PYTHONPATH} /usr/bin/cmake --install /home/alberto/tiago_public_ws/build/pal_gripper_simulation
[14.392s] Level 1:colcon.colcon_core.environment:checking '/home/alberto/tiago_public_ws/install/pal_gripper_simulation' for CMake config files
[14.392s] Level 1:colcon.colcon_core.shell:create_environment_hook('pal_gripper_simulation', 'cmake_prefix_path')
[14.393s] INFO:colcon.colcon_core.shell:Creating environment hook '/home/alberto/tiago_public_ws/install/pal_gripper_simulation/share/pal_gripper_simulation/hook/cmake_prefix_path.ps1'
[14.393s] INFO:colcon.colcon_core.shell:Creating environment descriptor '/home/alberto/tiago_public_ws/install/pal_gripper_simulation/share/pal_gripper_simulation/hook/cmake_prefix_path.dsv'
[14.394s] INFO:colcon.colcon_core.shell:Creating environment hook '/home/alberto/tiago_public_ws/install/pal_gripper_simulation/share/pal_gripper_simulation/hook/cmake_prefix_path.sh'
[14.394s] Level 1:colcon.colcon_core.environment:checking '/home/alberto/tiago_public_ws/install/pal_gripper_simulation/bin'
[14.394s] Level 1:colcon.colcon_core.environment:checking '/home/alberto/tiago_public_ws/install/pal_gripper_simulation/lib/pkgconfig/pal_gripper_simulation.pc'
[14.395s] Level 1:colcon.colcon_core.environment:checking '/home/alberto/tiago_public_ws/install/pal_gripper_simulation/lib/python3.10/site-packages'
[14.395s] Level 1:colcon.colcon_core.environment:checking '/home/alberto/tiago_public_ws/install/pal_gripper_simulation/bin'
[14.395s] INFO:colcon.colcon_core.shell:Creating package script '/home/alberto/tiago_public_ws/install/pal_gripper_simulation/share/pal_gripper_simulation/package.ps1'
[14.396s] INFO:colcon.colcon_core.shell:Creating package descriptor '/home/alberto/tiago_public_ws/install/pal_gripper_simulation/share/pal_gripper_simulation/package.dsv'
[14.396s] INFO:colcon.colcon_core.shell:Creating package script '/home/alberto/tiago_public_ws/install/pal_gripper_simulation/share/pal_gripper_simulation/package.sh'
[14.396s] INFO:colcon.colcon_core.shell:Creating package script '/home/alberto/tiago_public_ws/install/pal_gripper_simulation/share/pal_gripper_simulation/package.bash'
[14.397s] INFO:colcon.colcon_core.shell:Creating package script '/home/alberto/tiago_public_ws/install/pal_gripper_simulation/share/pal_gripper_simulation/package.zsh'
[14.397s] Level 1:colcon.colcon_core.environment:create_file_with_runtime_dependencies(/home/alberto/tiago_public_ws/install/pal_gripper_simulation/share/colcon-core/packages/pal_gripper_simulation)
[14.398s] Level 1:colcon.colcon_core.environment:create_environment_scripts_only(pal_gripper_simulation)
[14.398s] Level 1:colcon.colcon_core.environment:checking '/home/alberto/tiago_public_ws/install/pal_gripper_simulation' for CMake module files
[14.398s] Level 1:colcon.colcon_core.environment:checking '/home/alberto/tiago_public_ws/install/pal_gripper_simulation' for CMake config files
[14.399s] Level 1:colcon.colcon_core.shell:create_environment_hook('pal_gripper_simulation', 'cmake_prefix_path')
[14.399s] INFO:colcon.colcon_core.shell:Creating environment hook '/home/alberto/tiago_public_ws/install/pal_gripper_simulation/share/pal_gripper_simulation/hook/cmake_prefix_path.ps1'
[14.399s] INFO:colcon.colcon_core.shell:Creating environment descriptor '/home/alberto/tiago_public_ws/install/pal_gripper_simulation/share/pal_gripper_simulation/hook/cmake_prefix_path.dsv'
[14.400s] INFO:colcon.colcon_core.shell:Creating environment hook '/home/alberto/tiago_public_ws/install/pal_gripper_simulation/share/pal_gripper_simulation/hook/cmake_prefix_path.sh'
[14.400s] Level 1:colcon.colcon_core.environment:checking '/home/alberto/tiago_public_ws/install/pal_gripper_simulation/bin'
[14.401s] Level 1:colcon.colcon_core.environment:checking '/home/alberto/tiago_public_ws/install/pal_gripper_simulation/lib/pkgconfig/pal_gripper_simulation.pc'
[14.401s] Level 1:colcon.colcon_core.environment:checking '/home/alberto/tiago_public_ws/install/pal_gripper_simulation/lib/python3.10/site-packages'
[14.401s] Level 1:colcon.colcon_core.environment:checking '/home/alberto/tiago_public_ws/install/pal_gripper_simulation/bin'
[14.401s] INFO:colcon.colcon_core.shell:Creating package script '/home/alberto/tiago_public_ws/install/pal_gripper_simulation/share/pal_gripper_simulation/package.ps1'
[14.402s] INFO:colcon.colcon_core.shell:Creating package descriptor '/home/alberto/tiago_public_ws/install/pal_gripper_simulation/share/pal_gripper_simulation/package.dsv'
[14.402s] INFO:colcon.colcon_core.shell:Creating package script '/home/alberto/tiago_public_ws/install/pal_gripper_simulation/share/pal_gripper_simulation/package.sh'
[14.403s] INFO:colcon.colcon_core.shell:Creating package script '/home/alberto/tiago_public_ws/install/pal_gripper_simulation/share/pal_gripper_simulation/package.bash'
[14.403s] INFO:colcon.colcon_core.shell:Creating package script '/home/alberto/tiago_public_ws/install/pal_gripper_simulation/share/pal_gripper_simulation/package.zsh'
[14.404s] Level 1:colcon.colcon_core.environment:create_file_with_runtime_dependencies(/home/alberto/tiago_public_ws/install/pal_gripper_simulation/share/colcon-core/packages/pal_gripper_simulation)
[15.092s] DEBUG:colcon.colcon_core.event_handler.log_command:Invoked command in '/home/alberto/tiago_public_ws/build/tiago_moveit_config' returned '0': AMENT_PREFIX_PATH=/home/alberto/tiago_public_ws/install/tiago_description:/home/alberto/tiago_public_ws/install/pmb2_description:/home/alberto/tiago_public_ws/install/pal_hey5_description:/home/alberto/tiago_public_ws/install/pal_gripper_description:/home/alberto/tiago_public_ws/install/urdf_test:/home/alberto/tiago_public_ws/install/pal_urdf_utils:/home/alberto/tiago_public_ws/install/pal_robotiq_description:/home/alberto/tiago_public_ws/install/launch_pal:${AMENT_PREFIX_PATH} CMAKE_PREFIX_PATH=/home/alberto/tiago_public_ws/install/tiago_description:/home/alberto/tiago_public_ws/install/pmb2_description:/home/alberto/tiago_public_ws/install/pal_hey5_description:/home/alberto/tiago_public_ws/install/pal_gripper_description:/home/alberto/tiago_public_ws/install/urdf_test:/home/alberto/tiago_public_ws/install/pal_urdf_utils:/home/alberto/tiago_public_ws/install/pal_robotiq_description:/opt/ros/humble PYTHONPATH=/home/alberto/tiago_public_ws/install/tiago_description/local/lib/python3.10/dist-packages:/home/alberto/tiago_public_ws/install/pmb2_description/local/lib/python3.10/dist-packages:/home/alberto/tiago_public_ws/install/urdf_test/local/lib/python3.10/dist-packages:/home/alberto/tiago_public_ws/build/launch_pal:/home/alberto/tiago_public_ws/install/launch_pal/lib/python3.10/site-packages:${PYTHONPATH} /usr/bin/cmake /home/alberto/tiago_public_ws/src/tiago_moveit_config -DAMENT_CMAKE_SYMLINK_INSTALL=1 -DCMAKE_INSTALL_PREFIX=/home/alberto/tiago_public_ws/install/tiago_moveit_config
[15.094s] DEBUG:colcon.colcon_core.event_handler.log_command:Invoking command in '/home/alberto/tiago_public_ws/build/tiago_moveit_config': AMENT_PREFIX_PATH=/home/alberto/tiago_public_ws/install/tiago_description:/home/alberto/tiago_public_ws/install/pmb2_description:/home/alberto/tiago_public_ws/install/pal_hey5_description:/home/alberto/tiago_public_ws/install/pal_gripper_description:/home/alberto/tiago_public_ws/install/urdf_test:/home/alberto/tiago_public_ws/install/pal_urdf_utils:/home/alberto/tiago_public_ws/install/pal_robotiq_description:/home/alberto/tiago_public_ws/install/launch_pal:${AMENT_PREFIX_PATH} CMAKE_PREFIX_PATH=/home/alberto/tiago_public_ws/install/tiago_description:/home/alberto/tiago_public_ws/install/pmb2_description:/home/alberto/tiago_public_ws/install/pal_hey5_description:/home/alberto/tiago_public_ws/install/pal_gripper_description:/home/alberto/tiago_public_ws/install/urdf_test:/home/alberto/tiago_public_ws/install/pal_urdf_utils:/home/alberto/tiago_public_ws/install/pal_robotiq_description:/opt/ros/humble PYTHONPATH=/home/alberto/tiago_public_ws/install/tiago_description/local/lib/python3.10/dist-packages:/home/alberto/tiago_public_ws/install/pmb2_description/local/lib/python3.10/dist-packages:/home/alberto/tiago_public_ws/install/urdf_test/local/lib/python3.10/dist-packages:/home/alberto/tiago_public_ws/build/launch_pal:/home/alberto/tiago_public_ws/install/launch_pal/lib/python3.10/site-packages:${PYTHONPATH} /usr/bin/cmake --build /home/alberto/tiago_public_ws/build/tiago_moveit_config -- -j8 -l8
[15.141s] DEBUG:colcon.colcon_core.event_handler.log_command:Invoked command in '/home/alberto/tiago_public_ws/build/tiago_moveit_config' returned '0': AMENT_PREFIX_PATH=/home/alberto/tiago_public_ws/install/tiago_description:/home/alberto/tiago_public_ws/install/pmb2_description:/home/alberto/tiago_public_ws/install/pal_hey5_description:/home/alberto/tiago_public_ws/install/pal_gripper_description:/home/alberto/tiago_public_ws/install/urdf_test:/home/alberto/tiago_public_ws/install/pal_urdf_utils:/home/alberto/tiago_public_ws/install/pal_robotiq_description:/home/alberto/tiago_public_ws/install/launch_pal:${AMENT_PREFIX_PATH} CMAKE_PREFIX_PATH=/home/alberto/tiago_public_ws/install/tiago_description:/home/alberto/tiago_public_ws/install/pmb2_description:/home/alberto/tiago_public_ws/install/pal_hey5_description:/home/alberto/tiago_public_ws/install/pal_gripper_description:/home/alberto/tiago_public_ws/install/urdf_test:/home/alberto/tiago_public_ws/install/pal_urdf_utils:/home/alberto/tiago_public_ws/install/pal_robotiq_description:/opt/ros/humble PYTHONPATH=/home/alberto/tiago_public_ws/install/tiago_description/local/lib/python3.10/dist-packages:/home/alberto/tiago_public_ws/install/pmb2_description/local/lib/python3.10/dist-packages:/home/alberto/tiago_public_ws/install/urdf_test/local/lib/python3.10/dist-packages:/home/alberto/tiago_public_ws/build/launch_pal:/home/alberto/tiago_public_ws/install/launch_pal/lib/python3.10/site-packages:${PYTHONPATH} /usr/bin/cmake --build /home/alberto/tiago_public_ws/build/tiago_moveit_config -- -j8 -l8
[15.143s] DEBUG:colcon.colcon_core.event_handler.log_command:Invoking command in '/home/alberto/tiago_public_ws/build/tiago_moveit_config': AMENT_PREFIX_PATH=/home/alberto/tiago_public_ws/install/tiago_description:/home/alberto/tiago_public_ws/install/pmb2_description:/home/alberto/tiago_public_ws/install/pal_hey5_description:/home/alberto/tiago_public_ws/install/pal_gripper_description:/home/alberto/tiago_public_ws/install/urdf_test:/home/alberto/tiago_public_ws/install/pal_urdf_utils:/home/alberto/tiago_public_ws/install/pal_robotiq_description:/home/alberto/tiago_public_ws/install/launch_pal:${AMENT_PREFIX_PATH} CMAKE_PREFIX_PATH=/home/alberto/tiago_public_ws/install/tiago_description:/home/alberto/tiago_public_ws/install/pmb2_description:/home/alberto/tiago_public_ws/install/pal_hey5_description:/home/alberto/tiago_public_ws/install/pal_gripper_description:/home/alberto/tiago_public_ws/install/urdf_test:/home/alberto/tiago_public_ws/install/pal_urdf_utils:/home/alberto/tiago_public_ws/install/pal_robotiq_description:/opt/ros/humble PYTHONPATH=/home/alberto/tiago_public_ws/install/tiago_description/local/lib/python3.10/dist-packages:/home/alberto/tiago_public_ws/install/pmb2_description/local/lib/python3.10/dist-packages:/home/alberto/tiago_public_ws/install/urdf_test/local/lib/python3.10/dist-packages:/home/alberto/tiago_public_ws/build/launch_pal:/home/alberto/tiago_public_ws/install/launch_pal/lib/python3.10/site-packages:${PYTHONPATH} /usr/bin/cmake --install /home/alberto/tiago_public_ws/build/tiago_moveit_config
[16.046s] DEBUG:colcon.colcon_core.event_handler.log_command:Invoked command in '/home/alberto/tiago_public_ws/build/play_motion2_msgs' returned '0': CMAKE_PREFIX_PATH=/opt/ros/humble /usr/bin/cmake --build /home/alberto/tiago_public_ws/build/play_motion2_msgs -- -j8 -l8
[16.048s] DEBUG:colcon.colcon_core.event_handler.log_command:Invoking command in '/home/alberto/tiago_public_ws/build/play_motion2_msgs': CMAKE_PREFIX_PATH=/opt/ros/humble /usr/bin/cmake --install /home/alberto/tiago_public_ws/build/play_motion2_msgs
[16.123s] Level 1:colcon.colcon_core.environment:create_environment_scripts_only(tiago_moveit_config)
[16.123s] Level 1:colcon.colcon_core.environment:checking '/home/alberto/tiago_public_ws/install/tiago_moveit_config' for CMake module files
[16.124s] DEBUG:colcon.colcon_core.event_handler.log_command:Invoked command in '/home/alberto/tiago_public_ws/build/tiago_moveit_config' returned '0': AMENT_PREFIX_PATH=/home/alberto/tiago_public_ws/install/tiago_description:/home/alberto/tiago_public_ws/install/pmb2_description:/home/alberto/tiago_public_ws/install/pal_hey5_description:/home/alberto/tiago_public_ws/install/pal_gripper_description:/home/alberto/tiago_public_ws/install/urdf_test:/home/alberto/tiago_public_ws/install/pal_urdf_utils:/home/alberto/tiago_public_ws/install/pal_robotiq_description:/home/alberto/tiago_public_ws/install/launch_pal:${AMENT_PREFIX_PATH} CMAKE_PREFIX_PATH=/home/alberto/tiago_public_ws/install/tiago_description:/home/alberto/tiago_public_ws/install/pmb2_description:/home/alberto/tiago_public_ws/install/pal_hey5_description:/home/alberto/tiago_public_ws/install/pal_gripper_description:/home/alberto/tiago_public_ws/install/urdf_test:/home/alberto/tiago_public_ws/install/pal_urdf_utils:/home/alberto/tiago_public_ws/install/pal_robotiq_description:/opt/ros/humble PYTHONPATH=/home/alberto/tiago_public_ws/install/tiago_description/local/lib/python3.10/dist-packages:/home/alberto/tiago_public_ws/install/pmb2_description/local/lib/python3.10/dist-packages:/home/alberto/tiago_public_ws/install/urdf_test/local/lib/python3.10/dist-packages:/home/alberto/tiago_public_ws/build/launch_pal:/home/alberto/tiago_public_ws/install/launch_pal/lib/python3.10/site-packages:${PYTHONPATH} /usr/bin/cmake --install /home/alberto/tiago_public_ws/build/tiago_moveit_config
[16.125s] Level 1:colcon.colcon_core.environment:checking '/home/alberto/tiago_public_ws/install/tiago_moveit_config' for CMake config files
[16.126s] Level 1:colcon.colcon_core.shell:create_environment_hook('tiago_moveit_config', 'cmake_prefix_path')
[16.126s] INFO:colcon.colcon_core.shell:Creating environment hook '/home/alberto/tiago_public_ws/install/tiago_moveit_config/share/tiago_moveit_config/hook/cmake_prefix_path.ps1'
[16.127s] INFO:colcon.colcon_core.shell:Creating environment descriptor '/home/alberto/tiago_public_ws/install/tiago_moveit_config/share/tiago_moveit_config/hook/cmake_prefix_path.dsv'
[16.127s] INFO:colcon.colcon_core.shell:Creating environment hook '/home/alberto/tiago_public_ws/install/tiago_moveit_config/share/tiago_moveit_config/hook/cmake_prefix_path.sh'
[16.127s] Level 1:colcon.colcon_core.environment:checking '/home/alberto/tiago_public_ws/install/tiago_moveit_config/bin'
[16.127s] Level 1:colcon.colcon_core.environment:checking '/home/alberto/tiago_public_ws/install/tiago_moveit_config/lib/pkgconfig/tiago_moveit_config.pc'
[16.128s] Level 1:colcon.colcon_core.environment:checking '/home/alberto/tiago_public_ws/install/tiago_moveit_config/lib/python3.10/site-packages'
[16.128s] Level 1:colcon.colcon_core.environment:checking '/home/alberto/tiago_public_ws/install/tiago_moveit_config/bin'
[16.128s] INFO:colcon.colcon_core.shell:Creating package script '/home/alberto/tiago_public_ws/install/tiago_moveit_config/share/tiago_moveit_config/package.ps1'
[16.129s] INFO:colcon.colcon_core.shell:Creating package descriptor '/home/alberto/tiago_public_ws/install/tiago_moveit_config/share/tiago_moveit_config/package.dsv'
[16.129s] INFO:colcon.colcon_core.shell:Creating package script '/home/alberto/tiago_public_ws/install/tiago_moveit_config/share/tiago_moveit_config/package.sh'
[16.129s] INFO:colcon.colcon_core.shell:Creating package script '/home/alberto/tiago_public_ws/install/tiago_moveit_config/share/tiago_moveit_config/package.bash'
[16.130s] INFO:colcon.colcon_core.shell:Creating package script '/home/alberto/tiago_public_ws/install/tiago_moveit_config/share/tiago_moveit_config/package.zsh'
[16.130s] Level 1:colcon.colcon_core.environment:create_file_with_runtime_dependencies(/home/alberto/tiago_public_ws/install/tiago_moveit_config/share/colcon-core/packages/tiago_moveit_config)
[16.131s] Level 1:colcon.colcon_core.environment:create_environment_scripts_only(tiago_moveit_config)
[16.131s] Level 1:colcon.colcon_core.environment:checking '/home/alberto/tiago_public_ws/install/tiago_moveit_config' for CMake module files
[16.131s] Level 1:colcon.colcon_core.environment:checking '/home/alberto/tiago_public_ws/install/tiago_moveit_config' for CMake config files
[16.132s] Level 1:colcon.colcon_core.shell:create_environment_hook('tiago_moveit_config', 'cmake_prefix_path')
[16.133s] INFO:colcon.colcon_core.shell:Creating environment hook '/home/alberto/tiago_public_ws/install/tiago_moveit_config/share/tiago_moveit_config/hook/cmake_prefix_path.ps1'
[16.133s] INFO:colcon.colcon_core.shell:Creating environment descriptor '/home/alberto/tiago_public_ws/install/tiago_moveit_config/share/tiago_moveit_config/hook/cmake_prefix_path.dsv'
[16.134s] INFO:colcon.colcon_core.shell:Creating environment hook '/home/alberto/tiago_public_ws/install/tiago_moveit_config/share/tiago_moveit_config/hook/cmake_prefix_path.sh'
[16.134s] Level 1:colcon.colcon_core.environment:checking '/home/alberto/tiago_public_ws/install/tiago_moveit_config/bin'
[16.134s] Level 1:colcon.colcon_core.environment:checking '/home/alberto/tiago_public_ws/install/tiago_moveit_config/lib/pkgconfig/tiago_moveit_config.pc'
[16.135s] Level 1:colcon.colcon_core.environment:checking '/home/alberto/tiago_public_ws/install/tiago_moveit_config/lib/python3.10/site-packages'
[16.135s] Level 1:colcon.colcon_core.environment:checking '/home/alberto/tiago_public_ws/install/tiago_moveit_config/bin'
[16.135s] INFO:colcon.colcon_core.shell:Creating package script '/home/alberto/tiago_public_ws/install/tiago_moveit_config/share/tiago_moveit_config/package.ps1'
[16.136s] INFO:colcon.colcon_core.shell:Creating package descriptor '/home/alberto/tiago_public_ws/install/tiago_moveit_config/share/tiago_moveit_config/package.dsv'
[16.137s] INFO:colcon.colcon_core.shell:Creating package script '/home/alberto/tiago_public_ws/install/tiago_moveit_config/share/tiago_moveit_config/package.sh'
[16.137s] INFO:colcon.colcon_core.shell:Creating package script '/home/alberto/tiago_public_ws/install/tiago_moveit_config/share/tiago_moveit_config/package.bash'
[16.138s] INFO:colcon.colcon_core.shell:Creating package script '/home/alberto/tiago_public_ws/install/tiago_moveit_config/share/tiago_moveit_config/package.zsh'
[16.138s] Level 1:colcon.colcon_core.environment:create_file_with_runtime_dependencies(/home/alberto/tiago_public_ws/install/tiago_moveit_config/share/colcon-core/packages/tiago_moveit_config)
[18.683s] Level 1:colcon.colcon_core.environment:create_environment_scripts_only(play_motion2_msgs)
[18.684s] Level 1:colcon.colcon_core.environment:checking '/home/alberto/tiago_public_ws/install/play_motion2_msgs' for CMake module files
[18.684s] DEBUG:colcon.colcon_core.event_handler.log_command:Invoked command in '/home/alberto/tiago_public_ws/build/play_motion2_msgs' returned '0': CMAKE_PREFIX_PATH=/opt/ros/humble /usr/bin/cmake --install /home/alberto/tiago_public_ws/build/play_motion2_msgs
[18.685s] Level 1:colcon.colcon_core.environment:checking '/home/alberto/tiago_public_ws/install/play_motion2_msgs' for CMake config files
[18.687s] Level 1:colcon.colcon_core.shell:create_environment_hook('play_motion2_msgs', 'cmake_prefix_path')
[18.687s] INFO:colcon.colcon_core.shell:Creating environment hook '/home/alberto/tiago_public_ws/install/play_motion2_msgs/share/play_motion2_msgs/hook/cmake_prefix_path.ps1'
[18.687s] INFO:colcon.colcon_core.shell:Creating environment descriptor '/home/alberto/tiago_public_ws/install/play_motion2_msgs/share/play_motion2_msgs/hook/cmake_prefix_path.dsv'
[18.688s] INFO:colcon.colcon_core.shell:Creating environment hook '/home/alberto/tiago_public_ws/install/play_motion2_msgs/share/play_motion2_msgs/hook/cmake_prefix_path.sh'
[18.688s] Level 1:colcon.colcon_core.environment:checking '/home/alberto/tiago_public_ws/install/play_motion2_msgs/lib'
[18.688s] Level 1:colcon.colcon_core.shell:create_environment_hook('play_motion2_msgs', 'ld_library_path_lib')
[18.689s] INFO:colcon.colcon_core.shell:Creating environment hook '/home/alberto/tiago_public_ws/install/play_motion2_msgs/share/play_motion2_msgs/hook/ld_library_path_lib.ps1'
[18.689s] INFO:colcon.colcon_core.shell:Creating environment descriptor '/home/alberto/tiago_public_ws/install/play_motion2_msgs/share/play_motion2_msgs/hook/ld_library_path_lib.dsv'
[18.689s] INFO:colcon.colcon_core.shell:Creating environment hook '/home/alberto/tiago_public_ws/install/play_motion2_msgs/share/play_motion2_msgs/hook/ld_library_path_lib.sh'
[18.690s] Level 1:colcon.colcon_core.environment:checking '/home/alberto/tiago_public_ws/install/play_motion2_msgs/bin'
[18.690s] Level 1:colcon.colcon_core.environment:checking '/home/alberto/tiago_public_ws/install/play_motion2_msgs/lib/pkgconfig/play_motion2_msgs.pc'
[18.690s] Level 1:colcon.colcon_core.environment:checking '/home/alberto/tiago_public_ws/install/play_motion2_msgs/lib/python3.10/site-packages'
[18.690s] Level 1:colcon.colcon_core.environment:checking '/home/alberto/tiago_public_ws/install/play_motion2_msgs/bin'
[18.690s] INFO:colcon.colcon_core.shell:Creating package script '/home/alberto/tiago_public_ws/install/play_motion2_msgs/share/play_motion2_msgs/package.ps1'
[18.691s] INFO:colcon.colcon_core.shell:Creating package descriptor '/home/alberto/tiago_public_ws/install/play_motion2_msgs/share/play_motion2_msgs/package.dsv'
[18.691s] INFO:colcon.colcon_core.shell:Creating package script '/home/alberto/tiago_public_ws/install/play_motion2_msgs/share/play_motion2_msgs/package.sh'
[18.692s] INFO:colcon.colcon_core.shell:Creating package script '/home/alberto/tiago_public_ws/install/play_motion2_msgs/share/play_motion2_msgs/package.bash'
[18.692s] INFO:colcon.colcon_core.shell:Creating package script '/home/alberto/tiago_public_ws/install/play_motion2_msgs/share/play_motion2_msgs/package.zsh'
[18.693s] Level 1:colcon.colcon_core.environment:create_file_with_runtime_dependencies(/home/alberto/tiago_public_ws/install/play_motion2_msgs/share/colcon-core/packages/play_motion2_msgs)
[18.694s] Level 1:colcon.colcon_core.environment:create_environment_scripts_only(play_motion2_msgs)
[18.694s] Level 1:colcon.colcon_core.environment:checking '/home/alberto/tiago_public_ws/install/play_motion2_msgs' for CMake module files
[18.695s] Level 1:colcon.colcon_core.environment:checking '/home/alberto/tiago_public_ws/install/play_motion2_msgs' for CMake config files
[18.696s] Level 1:colcon.colcon_core.shell:create_environment_hook('play_motion2_msgs', 'cmake_prefix_path')
[18.697s] INFO:colcon.colcon_core.shell:Creating environment hook '/home/alberto/tiago_public_ws/install/play_motion2_msgs/share/play_motion2_msgs/hook/cmake_prefix_path.ps1'
[18.697s] INFO:colcon.colcon_core.shell:Creating environment descriptor '/home/alberto/tiago_public_ws/install/play_motion2_msgs/share/play_motion2_msgs/hook/cmake_prefix_path.dsv'
[18.698s] INFO:colcon.colcon_core.shell:Creating environment hook '/home/alberto/tiago_public_ws/install/play_motion2_msgs/share/play_motion2_msgs/hook/cmake_prefix_path.sh'
[18.699s] Level 1:colcon.colcon_core.environment:checking '/home/alberto/tiago_public_ws/install/play_motion2_msgs/lib'
[18.699s] Level 1:colcon.colcon_core.shell:create_environment_hook('play_motion2_msgs', 'ld_library_path_lib')
[18.699s] INFO:colcon.colcon_core.shell:Creating environment hook '/home/alberto/tiago_public_ws/install/play_motion2_msgs/share/play_motion2_msgs/hook/ld_library_path_lib.ps1'
[18.699s] INFO:colcon.colcon_core.shell:Creating environment descriptor '/home/alberto/tiago_public_ws/install/play_motion2_msgs/share/play_motion2_msgs/hook/ld_library_path_lib.dsv'
[18.700s] INFO:colcon.colcon_core.shell:Creating environment hook '/home/alberto/tiago_public_ws/install/play_motion2_msgs/share/play_motion2_msgs/hook/ld_library_path_lib.sh'
[18.700s] Level 1:colcon.colcon_core.environment:checking '/home/alberto/tiago_public_ws/install/play_motion2_msgs/bin'
[18.700s] Level 1:colcon.colcon_core.environment:checking '/home/alberto/tiago_public_ws/install/play_motion2_msgs/lib/pkgconfig/play_motion2_msgs.pc'
[18.701s] Level 1:colcon.colcon_core.environment:checking '/home/alberto/tiago_public_ws/install/play_motion2_msgs/lib/python3.10/site-packages'
[18.701s] Level 1:colcon.colcon_core.environment:checking '/home/alberto/tiago_public_ws/install/play_motion2_msgs/bin'
[18.701s] INFO:colcon.colcon_core.shell:Creating package script '/home/alberto/tiago_public_ws/install/play_motion2_msgs/share/play_motion2_msgs/package.ps1'
[18.702s] INFO:colcon.colcon_core.shell:Creating package descriptor '/home/alberto/tiago_public_ws/install/play_motion2_msgs/share/play_motion2_msgs/package.dsv'
[18.702s] INFO:colcon.colcon_core.shell:Creating package script '/home/alberto/tiago_public_ws/install/play_motion2_msgs/share/play_motion2_msgs/package.sh'
[18.703s] INFO:colcon.colcon_core.shell:Creating package script '/home/alberto/tiago_public_ws/install/play_motion2_msgs/share/play_motion2_msgs/package.bash'
[18.704s] INFO:colcon.colcon_core.shell:Creating package script '/home/alberto/tiago_public_ws/install/play_motion2_msgs/share/play_motion2_msgs/package.zsh'
[18.704s] Level 1:colcon.colcon_core.environment:create_file_with_runtime_dependencies(/home/alberto/tiago_public_ws/install/play_motion2_msgs/share/colcon-core/packages/play_motion2_msgs)
[18.705s] INFO:colcon.colcon_ros.task.ament_cmake.build:Building ROS package in '/home/alberto/tiago_public_ws/src/play_motion2/play_motion2' with build type 'ament_cmake'
[18.705s] INFO:colcon.colcon_cmake.task.cmake.build:Building CMake package in '/home/alberto/tiago_public_ws/src/play_motion2/play_motion2'
[18.705s] INFO:colcon.colcon_core.shell:Skip shell extension 'powershell' for command environment: Not usable outside of PowerShell
[18.705s] DEBUG:colcon.colcon_core.shell:Skip shell extension 'dsv' for command environment
[18.717s] DEBUG:colcon.colcon_core.event_handler.log_command:Invoking command in '/home/alberto/tiago_public_ws/build/play_motion2': AMENT_PREFIX_PATH=/home/alberto/tiago_public_ws/install/play_motion2_msgs:${AMENT_PREFIX_PATH} CMAKE_PREFIX_PATH=/home/alberto/tiago_public_ws/install/play_motion2_msgs:/opt/ros/humble LD_LIBRARY_PATH=/home/alberto/tiago_public_ws/install/play_motion2_msgs/lib:${LD_LIBRARY_PATH} PYTHONPATH=/home/alberto/tiago_public_ws/install/play_motion2_msgs/local/lib/python3.10/dist-packages:${PYTHONPATH} /usr/bin/cmake /home/alberto/tiago_public_ws/src/play_motion2/play_motion2 -DAMENT_CMAKE_SYMLINK_INSTALL=1 -DCMAKE_INSTALL_PREFIX=/home/alberto/tiago_public_ws/install/play_motion2
[22.292s] DEBUG:colcon.colcon_core.event_handler.log_command:Invoked command in '/home/alberto/tiago_public_ws/build/play_motion2' returned '0': AMENT_PREFIX_PATH=/home/alberto/tiago_public_ws/install/play_motion2_msgs:${AMENT_PREFIX_PATH} CMAKE_PREFIX_PATH=/home/alberto/tiago_public_ws/install/play_motion2_msgs:/opt/ros/humble LD_LIBRARY_PATH=/home/alberto/tiago_public_ws/install/play_motion2_msgs/lib:${LD_LIBRARY_PATH} PYTHONPATH=/home/alberto/tiago_public_ws/install/play_motion2_msgs/local/lib/python3.10/dist-packages:${PYTHONPATH} /usr/bin/cmake /home/alberto/tiago_public_ws/src/play_motion2/play_motion2 -DAMENT_CMAKE_SYMLINK_INSTALL=1 -DCMAKE_INSTALL_PREFIX=/home/alberto/tiago_public_ws/install/play_motion2
[22.295s] DEBUG:colcon.colcon_core.event_handler.log_command:Invoking command in '/home/alberto/tiago_public_ws/build/play_motion2': AMENT_PREFIX_PATH=/home/alberto/tiago_public_ws/install/play_motion2_msgs:${AMENT_PREFIX_PATH} CMAKE_PREFIX_PATH=/home/alberto/tiago_public_ws/install/play_motion2_msgs:/opt/ros/humble LD_LIBRARY_PATH=/home/alberto/tiago_public_ws/install/play_motion2_msgs/lib:${LD_LIBRARY_PATH} PYTHONPATH=/home/alberto/tiago_public_ws/install/play_motion2_msgs/local/lib/python3.10/dist-packages:${PYTHONPATH} /usr/bin/cmake --build /home/alberto/tiago_public_ws/build/play_motion2 -- -j8 -l8
[58.805s] DEBUG:colcon.colcon_core.event_handler.log_command:Invoked command in '/home/alberto/tiago_public_ws/build/play_motion2' returned '0': AMENT_PREFIX_PATH=/home/alberto/tiago_public_ws/install/play_motion2_msgs:${AMENT_PREFIX_PATH} CMAKE_PREFIX_PATH=/home/alberto/tiago_public_ws/install/play_motion2_msgs:/opt/ros/humble LD_LIBRARY_PATH=/home/alberto/tiago_public_ws/install/play_motion2_msgs/lib:${LD_LIBRARY_PATH} PYTHONPATH=/home/alberto/tiago_public_ws/install/play_motion2_msgs/local/lib/python3.10/dist-packages:${PYTHONPATH} /usr/bin/cmake --build /home/alberto/tiago_public_ws/build/play_motion2 -- -j8 -l8
[58.881s] DEBUG:colcon.colcon_core.event_handler.log_command:Invoking command in '/home/alberto/tiago_public_ws/build/play_motion2': AMENT_PREFIX_PATH=/home/alberto/tiago_public_ws/install/play_motion2_msgs:${AMENT_PREFIX_PATH} CMAKE_PREFIX_PATH=/home/alberto/tiago_public_ws/install/play_motion2_msgs:/opt/ros/humble LD_LIBRARY_PATH=/home/alberto/tiago_public_ws/install/play_motion2_msgs/lib:${LD_LIBRARY_PATH} PYTHONPATH=/home/alberto/tiago_public_ws/install/play_motion2_msgs/local/lib/python3.10/dist-packages:${PYTHONPATH} /usr/bin/cmake --install /home/alberto/tiago_public_ws/build/play_motion2
[59.515s] Level 1:colcon.colcon_core.environment:create_environment_scripts_only(play_motion2)
[59.528s] DEBUG:colcon.colcon_core.event_handler.log_command:Invoked command in '/home/alberto/tiago_public_ws/build/play_motion2' returned '0': AMENT_PREFIX_PATH=/home/alberto/tiago_public_ws/install/play_motion2_msgs:${AMENT_PREFIX_PATH} CMAKE_PREFIX_PATH=/home/alberto/tiago_public_ws/install/play_motion2_msgs:/opt/ros/humble LD_LIBRARY_PATH=/home/alberto/tiago_public_ws/install/play_motion2_msgs/lib:${LD_LIBRARY_PATH} PYTHONPATH=/home/alberto/tiago_public_ws/install/play_motion2_msgs/local/lib/python3.10/dist-packages:${PYTHONPATH} /usr/bin/cmake --install /home/alberto/tiago_public_ws/build/play_motion2
[59.547s] Level 1:colcon.colcon_core.environment:checking '/home/alberto/tiago_public_ws/install/play_motion2' for CMake module files
[59.551s] Level 1:colcon.colcon_core.environment:checking '/home/alberto/tiago_public_ws/install/play_motion2' for CMake config files
[59.555s] Level 1:colcon.colcon_core.shell:create_environment_hook('play_motion2', 'cmake_prefix_path')
[59.562s] INFO:colcon.colcon_core.shell:Creating environment hook '/home/alberto/tiago_public_ws/install/play_motion2/share/play_motion2/hook/cmake_prefix_path.ps1'
[59.597s] INFO:colcon.colcon_core.shell:Creating environment descriptor '/home/alberto/tiago_public_ws/install/play_motion2/share/play_motion2/hook/cmake_prefix_path.dsv'
[59.601s] INFO:colcon.colcon_core.shell:Creating environment hook '/home/alberto/tiago_public_ws/install/play_motion2/share/play_motion2/hook/cmake_prefix_path.sh'
[59.612s] Level 1:colcon.colcon_core.environment:checking '/home/alberto/tiago_public_ws/install/play_motion2/lib'
[59.613s] Level 1:colcon.colcon_core.shell:create_environment_hook('play_motion2', 'ld_library_path_lib')
[59.614s] INFO:colcon.colcon_core.shell:Creating environment hook '/home/alberto/tiago_public_ws/install/play_motion2/share/play_motion2/hook/ld_library_path_lib.ps1'
[59.615s] INFO:colcon.colcon_core.shell:Creating environment descriptor '/home/alberto/tiago_public_ws/install/play_motion2/share/play_motion2/hook/ld_library_path_lib.dsv'
[59.616s] INFO:colcon.colcon_core.shell:Creating environment hook '/home/alberto/tiago_public_ws/install/play_motion2/share/play_motion2/hook/ld_library_path_lib.sh'
[59.617s] Level 1:colcon.colcon_core.environment:checking '/home/alberto/tiago_public_ws/install/play_motion2/bin'
[59.618s] Level 1:colcon.colcon_core.environment:checking '/home/alberto/tiago_public_ws/install/play_motion2/lib/pkgconfig/play_motion2.pc'
[59.626s] Level 1:colcon.colcon_core.environment:checking '/home/alberto/tiago_public_ws/install/play_motion2/lib/python3.10/site-packages'
[59.626s] Level 1:colcon.colcon_core.environment:checking '/home/alberto/tiago_public_ws/install/play_motion2/bin'
[59.627s] INFO:colcon.colcon_core.shell:Creating package script '/home/alberto/tiago_public_ws/install/play_motion2/share/play_motion2/package.ps1'
[59.631s] INFO:colcon.colcon_core.shell:Creating package descriptor '/home/alberto/tiago_public_ws/install/play_motion2/share/play_motion2/package.dsv'
[59.632s] INFO:colcon.colcon_core.shell:Creating package script '/home/alberto/tiago_public_ws/install/play_motion2/share/play_motion2/package.sh'
[59.634s] INFO:colcon.colcon_core.shell:Creating package script '/home/alberto/tiago_public_ws/install/play_motion2/share/play_motion2/package.bash'
[59.637s] INFO:colcon.colcon_core.shell:Creating package script '/home/alberto/tiago_public_ws/install/play_motion2/share/play_motion2/package.zsh'
[59.642s] Level 1:colcon.colcon_core.environment:create_file_with_runtime_dependencies(/home/alberto/tiago_public_ws/install/play_motion2/share/colcon-core/packages/play_motion2)
[59.647s] Level 1:colcon.colcon_core.environment:create_environment_scripts_only(play_motion2)
[59.648s] Level 1:colcon.colcon_core.environment:checking '/home/alberto/tiago_public_ws/install/play_motion2' for CMake module files
[59.648s] Level 1:colcon.colcon_core.environment:checking '/home/alberto/tiago_public_ws/install/play_motion2' for CMake config files
[59.649s] Level 1:colcon.colcon_core.shell:create_environment_hook('play_motion2', 'cmake_prefix_path')
[59.650s] INFO:colcon.colcon_core.shell:Creating environment hook '/home/alberto/tiago_public_ws/install/play_motion2/share/play_motion2/hook/cmake_prefix_path.ps1'
[59.650s] INFO:colcon.colcon_core.shell:Creating environment descriptor '/home/alberto/tiago_public_ws/install/play_motion2/share/play_motion2/hook/cmake_prefix_path.dsv'
[59.651s] INFO:colcon.colcon_core.shell:Creating environment hook '/home/alberto/tiago_public_ws/install/play_motion2/share/play_motion2/hook/cmake_prefix_path.sh'
[59.652s] Level 1:colcon.colcon_core.environment:checking '/home/alberto/tiago_public_ws/install/play_motion2/lib'
[59.652s] Level 1:colcon.colcon_core.shell:create_environment_hook('play_motion2', 'ld_library_path_lib')
[59.652s] INFO:colcon.colcon_core.shell:Creating environment hook '/home/alberto/tiago_public_ws/install/play_motion2/share/play_motion2/hook/ld_library_path_lib.ps1'
[59.653s] INFO:colcon.colcon_core.shell:Creating environment descriptor '/home/alberto/tiago_public_ws/install/play_motion2/share/play_motion2/hook/ld_library_path_lib.dsv'
[59.654s] INFO:colcon.colcon_core.shell:Creating environment hook '/home/alberto/tiago_public_ws/install/play_motion2/share/play_motion2/hook/ld_library_path_lib.sh'
[59.654s] Level 1:colcon.colcon_core.environment:checking '/home/alberto/tiago_public_ws/install/play_motion2/bin'
[59.654s] Level 1:colcon.colcon_core.environment:checking '/home/alberto/tiago_public_ws/install/play_motion2/lib/pkgconfig/play_motion2.pc'
[59.655s] Level 1:colcon.colcon_core.environment:checking '/home/alberto/tiago_public_ws/install/play_motion2/lib/python3.10/site-packages'
[59.655s] Level 1:colcon.colcon_core.environment:checking '/home/alberto/tiago_public_ws/install/play_motion2/bin'
[59.655s] INFO:colcon.colcon_core.shell:Creating package script '/home/alberto/tiago_public_ws/install/play_motion2/share/play_motion2/package.ps1'
[59.656s] INFO:colcon.colcon_core.shell:Creating package descriptor '/home/alberto/tiago_public_ws/install/play_motion2/share/play_motion2/package.dsv'
[59.657s] INFO:colcon.colcon_core.shell:Creating package script '/home/alberto/tiago_public_ws/install/play_motion2/share/play_motion2/package.sh'
[59.668s] INFO:colcon.colcon_core.shell:Creating package script '/home/alberto/tiago_public_ws/install/play_motion2/share/play_motion2/package.bash'
[59.669s] INFO:colcon.colcon_core.shell:Creating package script '/home/alberto/tiago_public_ws/install/play_motion2/share/play_motion2/package.zsh'
[59.669s] Level 1:colcon.colcon_core.environment:create_file_with_runtime_dependencies(/home/alberto/tiago_public_ws/install/play_motion2/share/colcon-core/packages/play_motion2)
[59.676s] INFO:colcon.colcon_ros.task.ament_cmake.build:Building ROS package in '/home/alberto/tiago_public_ws/src/tiago_robot/tiago_bringup' with build type 'ament_cmake'
[59.677s] INFO:colcon.colcon_cmake.task.cmake.build:Building CMake package in '/home/alberto/tiago_public_ws/src/tiago_robot/tiago_bringup'
[59.678s] INFO:colcon.colcon_core.shell:Skip shell extension 'powershell' for command environment: Not usable outside of PowerShell
[59.679s] DEBUG:colcon.colcon_core.shell:Skip shell extension 'dsv' for command environment
[59.785s] DEBUG:colcon.colcon_core.event_handler.log_command:Invoking command in '/home/alberto/tiago_public_ws/build/tiago_bringup': AMENT_PREFIX_PATH=/home/alberto/tiago_public_ws/install/tiago_description:/home/alberto/tiago_public_ws/install/tiago_controller_configuration:/home/alberto/tiago_public_ws/install/pmb2_description:/home/alberto/tiago_public_ws/install/pmb2_controller_configuration:/home/alberto/tiago_public_ws/install/play_motion2:/home/alberto/tiago_public_ws/install/pal_hey5_description:/home/alberto/tiago_public_ws/install/pal_gripper_description:/home/alberto/tiago_public_ws/install/urdf_test:/home/alberto/tiago_public_ws/install/play_motion2_msgs:/home/alberto/tiago_public_ws/install/pal_urdf_utils:/home/alberto/tiago_public_ws/install/pal_robotiq_description:/home/alberto/tiago_public_ws/install/pal_robotiq_controller_configuration:/home/alberto/tiago_public_ws/install/pal_hey5_controller_configuration:/home/alberto/tiago_public_ws/install/pal_gripper_controller_configuration:/home/alberto/tiago_public_ws/install/launch_pal:${AMENT_PREFIX_PATH} CMAKE_PREFIX_PATH=/home/alberto/tiago_public_ws/install/tiago_description:/home/alberto/tiago_public_ws/install/tiago_controller_configuration:/home/alberto/tiago_public_ws/install/pmb2_description:/home/alberto/tiago_public_ws/install/pmb2_controller_configuration:/home/alberto/tiago_public_ws/install/play_motion2:/home/alberto/tiago_public_ws/install/pal_hey5_description:/home/alberto/tiago_public_ws/install/pal_gripper_description:/home/alberto/tiago_public_ws/install/urdf_test:/home/alberto/tiago_public_ws/install/play_motion2_msgs:/home/alberto/tiago_public_ws/install/pal_urdf_utils:/home/alberto/tiago_public_ws/install/pal_robotiq_description:/home/alberto/tiago_public_ws/install/pal_robotiq_controller_configuration:/home/alberto/tiago_public_ws/install/pal_hey5_controller_configuration:/home/alberto/tiago_public_ws/install/pal_gripper_controller_configuration:/opt/ros/humble LD_LIBRARY_PATH=/home/alberto/tiago_public_ws/install/play_motion2/lib:/home/alberto/tiago_public_ws/install/play_motion2_msgs/lib:${LD_LIBRARY_PATH} PYTHONPATH=/home/alberto/tiago_public_ws/install/tiago_description/local/lib/python3.10/dist-packages:/home/alberto/tiago_public_ws/install/pmb2_description/local/lib/python3.10/dist-packages:/home/alberto/tiago_public_ws/install/play_motion2/local/lib/python3.10/dist-packages:/home/alberto/tiago_public_ws/install/urdf_test/local/lib/python3.10/dist-packages:/home/alberto/tiago_public_ws/install/play_motion2_msgs/local/lib/python3.10/dist-packages:/home/alberto/tiago_public_ws/build/launch_pal:/home/alberto/tiago_public_ws/install/launch_pal/lib/python3.10/site-packages:${PYTHONPATH} /usr/bin/cmake /home/alberto/tiago_public_ws/src/tiago_robot/tiago_bringup -DAMENT_CMAKE_SYMLINK_INSTALL=1 -DCMAKE_INSTALL_PREFIX=/home/alberto/tiago_public_ws/install/tiago_bringup
[60.855s] DEBUG:colcon.colcon_core.event_handler.log_command:Invoked command in '/home/alberto/tiago_public_ws/build/tiago_bringup' returned '0': AMENT_PREFIX_PATH=/home/alberto/tiago_public_ws/install/tiago_description:/home/alberto/tiago_public_ws/install/tiago_controller_configuration:/home/alberto/tiago_public_ws/install/pmb2_description:/home/alberto/tiago_public_ws/install/pmb2_controller_configuration:/home/alberto/tiago_public_ws/install/play_motion2:/home/alberto/tiago_public_ws/install/pal_hey5_description:/home/alberto/tiago_public_ws/install/pal_gripper_description:/home/alberto/tiago_public_ws/install/urdf_test:/home/alberto/tiago_public_ws/install/play_motion2_msgs:/home/alberto/tiago_public_ws/install/pal_urdf_utils:/home/alberto/tiago_public_ws/install/pal_robotiq_description:/home/alberto/tiago_public_ws/install/pal_robotiq_controller_configuration:/home/alberto/tiago_public_ws/install/pal_hey5_controller_configuration:/home/alberto/tiago_public_ws/install/pal_gripper_controller_configuration:/home/alberto/tiago_public_ws/install/launch_pal:${AMENT_PREFIX_PATH} CMAKE_PREFIX_PATH=/home/alberto/tiago_public_ws/install/tiago_description:/home/alberto/tiago_public_ws/install/tiago_controller_configuration:/home/alberto/tiago_public_ws/install/pmb2_description:/home/alberto/tiago_public_ws/install/pmb2_controller_configuration:/home/alberto/tiago_public_ws/install/play_motion2:/home/alberto/tiago_public_ws/install/pal_hey5_description:/home/alberto/tiago_public_ws/install/pal_gripper_description:/home/alberto/tiago_public_ws/install/urdf_test:/home/alberto/tiago_public_ws/install/play_motion2_msgs:/home/alberto/tiago_public_ws/install/pal_urdf_utils:/home/alberto/tiago_public_ws/install/pal_robotiq_description:/home/alberto/tiago_public_ws/install/pal_robotiq_controller_configuration:/home/alberto/tiago_public_ws/install/pal_hey5_controller_configuration:/home/alberto/tiago_public_ws/install/pal_gripper_controller_configuration:/opt/ros/humble LD_LIBRARY_PATH=/home/alberto/tiago_public_ws/install/play_motion2/lib:/home/alberto/tiago_public_ws/install/play_motion2_msgs/lib:${LD_LIBRARY_PATH} PYTHONPATH=/home/alberto/tiago_public_ws/install/tiago_description/local/lib/python3.10/dist-packages:/home/alberto/tiago_public_ws/install/pmb2_description/local/lib/python3.10/dist-packages:/home/alberto/tiago_public_ws/install/play_motion2/local/lib/python3.10/dist-packages:/home/alberto/tiago_public_ws/install/urdf_test/local/lib/python3.10/dist-packages:/home/alberto/tiago_public_ws/install/play_motion2_msgs/local/lib/python3.10/dist-packages:/home/alberto/tiago_public_ws/build/launch_pal:/home/alberto/tiago_public_ws/install/launch_pal/lib/python3.10/site-packages:${PYTHONPATH} /usr/bin/cmake /home/alberto/tiago_public_ws/src/tiago_robot/tiago_bringup -DAMENT_CMAKE_SYMLINK_INSTALL=1 -DCMAKE_INSTALL_PREFIX=/home/alberto/tiago_public_ws/install/tiago_bringup
[60.861s] DEBUG:colcon.colcon_core.event_handler.log_command:Invoking command in '/home/alberto/tiago_public_ws/build/tiago_bringup': AMENT_PREFIX_PATH=/home/alberto/tiago_public_ws/install/tiago_description:/home/alberto/tiago_public_ws/install/tiago_controller_configuration:/home/alberto/tiago_public_ws/install/pmb2_description:/home/alberto/tiago_public_ws/install/pmb2_controller_configuration:/home/alberto/tiago_public_ws/install/play_motion2:/home/alberto/tiago_public_ws/install/pal_hey5_description:/home/alberto/tiago_public_ws/install/pal_gripper_description:/home/alberto/tiago_public_ws/install/urdf_test:/home/alberto/tiago_public_ws/install/play_motion2_msgs:/home/alberto/tiago_public_ws/install/pal_urdf_utils:/home/alberto/tiago_public_ws/install/pal_robotiq_description:/home/alberto/tiago_public_ws/install/pal_robotiq_controller_configuration:/home/alberto/tiago_public_ws/install/pal_hey5_controller_configuration:/home/alberto/tiago_public_ws/install/pal_gripper_controller_configuration:/home/alberto/tiago_public_ws/install/launch_pal:${AMENT_PREFIX_PATH} CMAKE_PREFIX_PATH=/home/alberto/tiago_public_ws/install/tiago_description:/home/alberto/tiago_public_ws/install/tiago_controller_configuration:/home/alberto/tiago_public_ws/install/pmb2_description:/home/alberto/tiago_public_ws/install/pmb2_controller_configuration:/home/alberto/tiago_public_ws/install/play_motion2:/home/alberto/tiago_public_ws/install/pal_hey5_description:/home/alberto/tiago_public_ws/install/pal_gripper_description:/home/alberto/tiago_public_ws/install/urdf_test:/home/alberto/tiago_public_ws/install/play_motion2_msgs:/home/alberto/tiago_public_ws/install/pal_urdf_utils:/home/alberto/tiago_public_ws/install/pal_robotiq_description:/home/alberto/tiago_public_ws/install/pal_robotiq_controller_configuration:/home/alberto/tiago_public_ws/install/pal_hey5_controller_configuration:/home/alberto/tiago_public_ws/install/pal_gripper_controller_configuration:/opt/ros/humble LD_LIBRARY_PATH=/home/alberto/tiago_public_ws/install/play_motion2/lib:/home/alberto/tiago_public_ws/install/play_motion2_msgs/lib:${LD_LIBRARY_PATH} PYTHONPATH=/home/alberto/tiago_public_ws/install/tiago_description/local/lib/python3.10/dist-packages:/home/alberto/tiago_public_ws/install/pmb2_description/local/lib/python3.10/dist-packages:/home/alberto/tiago_public_ws/install/play_motion2/local/lib/python3.10/dist-packages:/home/alberto/tiago_public_ws/install/urdf_test/local/lib/python3.10/dist-packages:/home/alberto/tiago_public_ws/install/play_motion2_msgs/local/lib/python3.10/dist-packages:/home/alberto/tiago_public_ws/build/launch_pal:/home/alberto/tiago_public_ws/install/launch_pal/lib/python3.10/site-packages:${PYTHONPATH} /usr/bin/cmake --build /home/alberto/tiago_public_ws/build/tiago_bringup -- -j8 -l8
[60.912s] DEBUG:colcon.colcon_core.event_handler.log_command:Invoked command in '/home/alberto/tiago_public_ws/build/tiago_bringup' returned '0': AMENT_PREFIX_PATH=/home/alberto/tiago_public_ws/install/tiago_description:/home/alberto/tiago_public_ws/install/tiago_controller_configuration:/home/alberto/tiago_public_ws/install/pmb2_description:/home/alberto/tiago_public_ws/install/pmb2_controller_configuration:/home/alberto/tiago_public_ws/install/play_motion2:/home/alberto/tiago_public_ws/install/pal_hey5_description:/home/alberto/tiago_public_ws/install/pal_gripper_description:/home/alberto/tiago_public_ws/install/urdf_test:/home/alberto/tiago_public_ws/install/play_motion2_msgs:/home/alberto/tiago_public_ws/install/pal_urdf_utils:/home/alberto/tiago_public_ws/install/pal_robotiq_description:/home/alberto/tiago_public_ws/install/pal_robotiq_controller_configuration:/home/alberto/tiago_public_ws/install/pal_hey5_controller_configuration:/home/alberto/tiago_public_ws/install/pal_gripper_controller_configuration:/home/alberto/tiago_public_ws/install/launch_pal:${AMENT_PREFIX_PATH} CMAKE_PREFIX_PATH=/home/alberto/tiago_public_ws/install/tiago_description:/home/alberto/tiago_public_ws/install/tiago_controller_configuration:/home/alberto/tiago_public_ws/install/pmb2_description:/home/alberto/tiago_public_ws/install/pmb2_controller_configuration:/home/alberto/tiago_public_ws/install/play_motion2:/home/alberto/tiago_public_ws/install/pal_hey5_description:/home/alberto/tiago_public_ws/install/pal_gripper_description:/home/alberto/tiago_public_ws/install/urdf_test:/home/alberto/tiago_public_ws/install/play_motion2_msgs:/home/alberto/tiago_public_ws/install/pal_urdf_utils:/home/alberto/tiago_public_ws/install/pal_robotiq_description:/home/alberto/tiago_public_ws/install/pal_robotiq_controller_configuration:/home/alberto/tiago_public_ws/install/pal_hey5_controller_configuration:/home/alberto/tiago_public_ws/install/pal_gripper_controller_configuration:/opt/ros/humble LD_LIBRARY_PATH=/home/alberto/tiago_public_ws/install/play_motion2/lib:/home/alberto/tiago_public_ws/install/play_motion2_msgs/lib:${LD_LIBRARY_PATH} PYTHONPATH=/home/alberto/tiago_public_ws/install/tiago_description/local/lib/python3.10/dist-packages:/home/alberto/tiago_public_ws/install/pmb2_description/local/lib/python3.10/dist-packages:/home/alberto/tiago_public_ws/install/play_motion2/local/lib/python3.10/dist-packages:/home/alberto/tiago_public_ws/install/urdf_test/local/lib/python3.10/dist-packages:/home/alberto/tiago_public_ws/install/play_motion2_msgs/local/lib/python3.10/dist-packages:/home/alberto/tiago_public_ws/build/launch_pal:/home/alberto/tiago_public_ws/install/launch_pal/lib/python3.10/site-packages:${PYTHONPATH} /usr/bin/cmake --build /home/alberto/tiago_public_ws/build/tiago_bringup -- -j8 -l8
[60.915s] DEBUG:colcon.colcon_core.event_handler.log_command:Invoking command in '/home/alberto/tiago_public_ws/build/tiago_bringup': AMENT_PREFIX_PATH=/home/alberto/tiago_public_ws/install/tiago_description:/home/alberto/tiago_public_ws/install/tiago_controller_configuration:/home/alberto/tiago_public_ws/install/pmb2_description:/home/alberto/tiago_public_ws/install/pmb2_controller_configuration:/home/alberto/tiago_public_ws/install/play_motion2:/home/alberto/tiago_public_ws/install/pal_hey5_description:/home/alberto/tiago_public_ws/install/pal_gripper_description:/home/alberto/tiago_public_ws/install/urdf_test:/home/alberto/tiago_public_ws/install/play_motion2_msgs:/home/alberto/tiago_public_ws/install/pal_urdf_utils:/home/alberto/tiago_public_ws/install/pal_robotiq_description:/home/alberto/tiago_public_ws/install/pal_robotiq_controller_configuration:/home/alberto/tiago_public_ws/install/pal_hey5_controller_configuration:/home/alberto/tiago_public_ws/install/pal_gripper_controller_configuration:/home/alberto/tiago_public_ws/install/launch_pal:${AMENT_PREFIX_PATH} CMAKE_PREFIX_PATH=/home/alberto/tiago_public_ws/install/tiago_description:/home/alberto/tiago_public_ws/install/tiago_controller_configuration:/home/alberto/tiago_public_ws/install/pmb2_description:/home/alberto/tiago_public_ws/install/pmb2_controller_configuration:/home/alberto/tiago_public_ws/install/play_motion2:/home/alberto/tiago_public_ws/install/pal_hey5_description:/home/alberto/tiago_public_ws/install/pal_gripper_description:/home/alberto/tiago_public_ws/install/urdf_test:/home/alberto/tiago_public_ws/install/play_motion2_msgs:/home/alberto/tiago_public_ws/install/pal_urdf_utils:/home/alberto/tiago_public_ws/install/pal_robotiq_description:/home/alberto/tiago_public_ws/install/pal_robotiq_controller_configuration:/home/alberto/tiago_public_ws/install/pal_hey5_controller_configuration:/home/alberto/tiago_public_ws/install/pal_gripper_controller_configuration:/opt/ros/humble LD_LIBRARY_PATH=/home/alberto/tiago_public_ws/install/play_motion2/lib:/home/alberto/tiago_public_ws/install/play_motion2_msgs/lib:${LD_LIBRARY_PATH} PYTHONPATH=/home/alberto/tiago_public_ws/install/tiago_description/local/lib/python3.10/dist-packages:/home/alberto/tiago_public_ws/install/pmb2_description/local/lib/python3.10/dist-packages:/home/alberto/tiago_public_ws/install/play_motion2/local/lib/python3.10/dist-packages:/home/alberto/tiago_public_ws/install/urdf_test/local/lib/python3.10/dist-packages:/home/alberto/tiago_public_ws/install/play_motion2_msgs/local/lib/python3.10/dist-packages:/home/alberto/tiago_public_ws/build/launch_pal:/home/alberto/tiago_public_ws/install/launch_pal/lib/python3.10/site-packages:${PYTHONPATH} /usr/bin/cmake --install /home/alberto/tiago_public_ws/build/tiago_bringup
[61.472s] Level 1:colcon.colcon_core.environment:create_environment_scripts_only(tiago_bringup)
[61.473s] Level 1:colcon.colcon_core.environment:checking '/home/alberto/tiago_public_ws/install/tiago_bringup' for CMake module files
[61.474s] DEBUG:colcon.colcon_core.event_handler.log_command:Invoked command in '/home/alberto/tiago_public_ws/build/tiago_bringup' returned '0': AMENT_PREFIX_PATH=/home/alberto/tiago_public_ws/install/tiago_description:/home/alberto/tiago_public_ws/install/tiago_controller_configuration:/home/alberto/tiago_public_ws/install/pmb2_description:/home/alberto/tiago_public_ws/install/pmb2_controller_configuration:/home/alberto/tiago_public_ws/install/play_motion2:/home/alberto/tiago_public_ws/install/pal_hey5_description:/home/alberto/tiago_public_ws/install/pal_gripper_description:/home/alberto/tiago_public_ws/install/urdf_test:/home/alberto/tiago_public_ws/install/play_motion2_msgs:/home/alberto/tiago_public_ws/install/pal_urdf_utils:/home/alberto/tiago_public_ws/install/pal_robotiq_description:/home/alberto/tiago_public_ws/install/pal_robotiq_controller_configuration:/home/alberto/tiago_public_ws/install/pal_hey5_controller_configuration:/home/alberto/tiago_public_ws/install/pal_gripper_controller_configuration:/home/alberto/tiago_public_ws/install/launch_pal:${AMENT_PREFIX_PATH} CMAKE_PREFIX_PATH=/home/alberto/tiago_public_ws/install/tiago_description:/home/alberto/tiago_public_ws/install/tiago_controller_configuration:/home/alberto/tiago_public_ws/install/pmb2_description:/home/alberto/tiago_public_ws/install/pmb2_controller_configuration:/home/alberto/tiago_public_ws/install/play_motion2:/home/alberto/tiago_public_ws/install/pal_hey5_description:/home/alberto/tiago_public_ws/install/pal_gripper_description:/home/alberto/tiago_public_ws/install/urdf_test:/home/alberto/tiago_public_ws/install/play_motion2_msgs:/home/alberto/tiago_public_ws/install/pal_urdf_utils:/home/alberto/tiago_public_ws/install/pal_robotiq_description:/home/alberto/tiago_public_ws/install/pal_robotiq_controller_configuration:/home/alberto/tiago_public_ws/install/pal_hey5_controller_configuration:/home/alberto/tiago_public_ws/install/pal_gripper_controller_configuration:/opt/ros/humble LD_LIBRARY_PATH=/home/alberto/tiago_public_ws/install/play_motion2/lib:/home/alberto/tiago_public_ws/install/play_motion2_msgs/lib:${LD_LIBRARY_PATH} PYTHONPATH=/home/alberto/tiago_public_ws/install/tiago_description/local/lib/python3.10/dist-packages:/home/alberto/tiago_public_ws/install/pmb2_description/local/lib/python3.10/dist-packages:/home/alberto/tiago_public_ws/install/play_motion2/local/lib/python3.10/dist-packages:/home/alberto/tiago_public_ws/install/urdf_test/local/lib/python3.10/dist-packages:/home/alberto/tiago_public_ws/install/play_motion2_msgs/local/lib/python3.10/dist-packages:/home/alberto/tiago_public_ws/build/launch_pal:/home/alberto/tiago_public_ws/install/launch_pal/lib/python3.10/site-packages:${PYTHONPATH} /usr/bin/cmake --install /home/alberto/tiago_public_ws/build/tiago_bringup
[61.474s] Level 1:colcon.colcon_core.environment:checking '/home/alberto/tiago_public_ws/install/tiago_bringup' for CMake config files
[61.475s] Level 1:colcon.colcon_core.shell:create_environment_hook('tiago_bringup', 'cmake_prefix_path')
[61.475s] INFO:colcon.colcon_core.shell:Creating environment hook '/home/alberto/tiago_public_ws/install/tiago_bringup/share/tiago_bringup/hook/cmake_prefix_path.ps1'
[61.476s] INFO:colcon.colcon_core.shell:Creating environment descriptor '/home/alberto/tiago_public_ws/install/tiago_bringup/share/tiago_bringup/hook/cmake_prefix_path.dsv'
[61.476s] INFO:colcon.colcon_core.shell:Creating environment hook '/home/alberto/tiago_public_ws/install/tiago_bringup/share/tiago_bringup/hook/cmake_prefix_path.sh'
[61.477s] Level 1:colcon.colcon_core.environment:checking '/home/alberto/tiago_public_ws/install/tiago_bringup/lib'
[61.477s] Level 1:colcon.colcon_core.environment:checking '/home/alberto/tiago_public_ws/install/tiago_bringup/bin'
[61.477s] Level 1:colcon.colcon_core.environment:checking '/home/alberto/tiago_public_ws/install/tiago_bringup/lib/pkgconfig/tiago_bringup.pc'
[61.477s] Level 1:colcon.colcon_core.environment:checking '/home/alberto/tiago_public_ws/install/tiago_bringup/lib/python3.10/site-packages'
[61.477s] Level 1:colcon.colcon_core.environment:checking '/home/alberto/tiago_public_ws/install/tiago_bringup/bin'
[61.478s] INFO:colcon.colcon_core.shell:Creating package script '/home/alberto/tiago_public_ws/install/tiago_bringup/share/tiago_bringup/package.ps1'
[61.479s] INFO:colcon.colcon_core.shell:Creating package descriptor '/home/alberto/tiago_public_ws/install/tiago_bringup/share/tiago_bringup/package.dsv'
[61.480s] INFO:colcon.colcon_core.shell:Creating package script '/home/alberto/tiago_public_ws/install/tiago_bringup/share/tiago_bringup/package.sh'
[61.480s] INFO:colcon.colcon_core.shell:Creating package script '/home/alberto/tiago_public_ws/install/tiago_bringup/share/tiago_bringup/package.bash'
[61.480s] INFO:colcon.colcon_core.shell:Creating package script '/home/alberto/tiago_public_ws/install/tiago_bringup/share/tiago_bringup/package.zsh'
[61.481s] Level 1:colcon.colcon_core.environment:create_file_with_runtime_dependencies(/home/alberto/tiago_public_ws/install/tiago_bringup/share/colcon-core/packages/tiago_bringup)
[61.482s] Level 1:colcon.colcon_core.environment:create_environment_scripts_only(tiago_bringup)
[61.482s] Level 1:colcon.colcon_core.environment:checking '/home/alberto/tiago_public_ws/install/tiago_bringup' for CMake module files
[61.483s] Level 1:colcon.colcon_core.environment:checking '/home/alberto/tiago_public_ws/install/tiago_bringup' for CMake config files
[61.483s] Level 1:colcon.colcon_core.shell:create_environment_hook('tiago_bringup', 'cmake_prefix_path')
[61.484s] INFO:colcon.colcon_core.shell:Creating environment hook '/home/alberto/tiago_public_ws/install/tiago_bringup/share/tiago_bringup/hook/cmake_prefix_path.ps1'
[61.484s] INFO:colcon.colcon_core.shell:Creating environment descriptor '/home/alberto/tiago_public_ws/install/tiago_bringup/share/tiago_bringup/hook/cmake_prefix_path.dsv'
[61.485s] INFO:colcon.colcon_core.shell:Creating environment hook '/home/alberto/tiago_public_ws/install/tiago_bringup/share/tiago_bringup/hook/cmake_prefix_path.sh'
[61.485s] Level 1:colcon.colcon_core.environment:checking '/home/alberto/tiago_public_ws/install/tiago_bringup/lib'
[61.486s] Level 1:colcon.colcon_core.environment:checking '/home/alberto/tiago_public_ws/install/tiago_bringup/bin'
[61.486s] Level 1:colcon.colcon_core.environment:checking '/home/alberto/tiago_public_ws/install/tiago_bringup/lib/pkgconfig/tiago_bringup.pc'
[61.486s] Level 1:colcon.colcon_core.environment:checking '/home/alberto/tiago_public_ws/install/tiago_bringup/lib/python3.10/site-packages'
[61.486s] Level 1:colcon.colcon_core.environment:checking '/home/alberto/tiago_public_ws/install/tiago_bringup/bin'
[61.486s] INFO:colcon.colcon_core.shell:Creating package script '/home/alberto/tiago_public_ws/install/tiago_bringup/share/tiago_bringup/package.ps1'
[61.487s] INFO:colcon.colcon_core.shell:Creating package descriptor '/home/alberto/tiago_public_ws/install/tiago_bringup/share/tiago_bringup/package.dsv'
[61.488s] INFO:colcon.colcon_core.shell:Creating package script '/home/alberto/tiago_public_ws/install/tiago_bringup/share/tiago_bringup/package.sh'
[61.489s] INFO:colcon.colcon_core.shell:Creating package script '/home/alberto/tiago_public_ws/install/tiago_bringup/share/tiago_bringup/package.bash'
[61.489s] INFO:colcon.colcon_core.shell:Creating package script '/home/alberto/tiago_public_ws/install/tiago_bringup/share/tiago_bringup/package.zsh'
[61.490s] Level 1:colcon.colcon_core.environment:create_file_with_runtime_dependencies(/home/alberto/tiago_public_ws/install/tiago_bringup/share/colcon-core/packages/tiago_bringup)
[61.492s] INFO:colcon.colcon_ros.task.ament_cmake.build:Building ROS package in '/home/alberto/tiago_public_ws/src/tiago_simulation/tiago_gazebo' with build type 'ament_cmake'
[61.492s] INFO:colcon.colcon_cmake.task.cmake.build:Building CMake package in '/home/alberto/tiago_public_ws/src/tiago_simulation/tiago_gazebo'
[61.493s] INFO:colcon.colcon_core.shell:Skip shell extension 'powershell' for command environment: Not usable outside of PowerShell
[61.493s] DEBUG:colcon.colcon_core.shell:Skip shell extension 'dsv' for command environment
[61.502s] INFO:colcon.colcon_ros.task.ament_cmake.build:Building ROS package in '/home/alberto/tiago_public_ws/src/tiago_robot/tiago_robot' with build type 'ament_cmake'
[61.502s] INFO:colcon.colcon_cmake.task.cmake.build:Building CMake package in '/home/alberto/tiago_public_ws/src/tiago_robot/tiago_robot'
[61.503s] INFO:colcon.colcon_core.shell:Skip shell extension 'powershell' for command environment: Not usable outside of PowerShell
[61.503s] DEBUG:colcon.colcon_core.shell:Skip shell extension 'dsv' for command environment
[61.536s] DEBUG:colcon.colcon_core.event_handler.log_command:Invoking command in '/home/alberto/tiago_public_ws/build/tiago_robot': AMENT_PREFIX_PATH=/home/alberto/tiago_public_ws/install/tiago_bringup:/home/alberto/tiago_public_ws/install/tiago_description:/home/alberto/tiago_public_ws/install/tiago_controller_configuration:/home/alberto/tiago_public_ws/install/pmb2_description:/home/alberto/tiago_public_ws/install/pmb2_controller_configuration:/home/alberto/tiago_public_ws/install/play_motion2:/home/alberto/tiago_public_ws/install/pal_hey5_description:/home/alberto/tiago_public_ws/install/pal_gripper_description:/home/alberto/tiago_public_ws/install/urdf_test:/home/alberto/tiago_public_ws/install/play_motion2_msgs:/home/alberto/tiago_public_ws/install/pal_urdf_utils:/home/alberto/tiago_public_ws/install/pal_robotiq_description:/home/alberto/tiago_public_ws/install/pal_robotiq_controller_configuration:/home/alberto/tiago_public_ws/install/pal_hey5_controller_configuration:/home/alberto/tiago_public_ws/install/pal_gripper_controller_configuration:/home/alberto/tiago_public_ws/install/launch_pal:${AMENT_PREFIX_PATH} CMAKE_PREFIX_PATH=/home/alberto/tiago_public_ws/install/tiago_bringup:/home/alberto/tiago_public_ws/install/tiago_description:/home/alberto/tiago_public_ws/install/tiago_controller_configuration:/home/alberto/tiago_public_ws/install/pmb2_description:/home/alberto/tiago_public_ws/install/pmb2_controller_configuration:/home/alberto/tiago_public_ws/install/play_motion2:/home/alberto/tiago_public_ws/install/pal_hey5_description:/home/alberto/tiago_public_ws/install/pal_gripper_description:/home/alberto/tiago_public_ws/install/urdf_test:/home/alberto/tiago_public_ws/install/play_motion2_msgs:/home/alberto/tiago_public_ws/install/pal_urdf_utils:/home/alberto/tiago_public_ws/install/pal_robotiq_description:/home/alberto/tiago_public_ws/install/pal_robotiq_controller_configuration:/home/alberto/tiago_public_ws/install/pal_hey5_controller_configuration:/home/alberto/tiago_public_ws/install/pal_gripper_controller_configuration:/opt/ros/humble LD_LIBRARY_PATH=/home/alberto/tiago_public_ws/install/play_motion2/lib:/home/alberto/tiago_public_ws/install/play_motion2_msgs/lib:${LD_LIBRARY_PATH} PYTHONPATH=/home/alberto/tiago_public_ws/install/tiago_description/local/lib/python3.10/dist-packages:/home/alberto/tiago_public_ws/install/pmb2_description/local/lib/python3.10/dist-packages:/home/alberto/tiago_public_ws/install/play_motion2/local/lib/python3.10/dist-packages:/home/alberto/tiago_public_ws/install/urdf_test/local/lib/python3.10/dist-packages:/home/alberto/tiago_public_ws/install/play_motion2_msgs/local/lib/python3.10/dist-packages:/home/alberto/tiago_public_ws/build/launch_pal:/home/alberto/tiago_public_ws/install/launch_pal/lib/python3.10/site-packages:${PYTHONPATH} /usr/bin/cmake /home/alberto/tiago_public_ws/src/tiago_robot/tiago_robot -DAMENT_CMAKE_SYMLINK_INSTALL=1 -DCMAKE_INSTALL_PREFIX=/home/alberto/tiago_public_ws/install/tiago_robot
[61.559s] DEBUG:colcon.colcon_core.event_handler.log_command:Invoking command in '/home/alberto/tiago_public_ws/build/tiago_gazebo': AMENT_PREFIX_PATH=/home/alberto/tiago_public_ws/install/tiago_moveit_config:/home/alberto/tiago_public_ws/install/tiago_bringup:/home/alberto/tiago_public_ws/install/tiago_description:/home/alberto/tiago_public_ws/install/tiago_controller_configuration:/home/alberto/tiago_public_ws/install/tiago_2dnav:/home/alberto/tiago_public_ws/install/tiago_laser_sensors:/home/alberto/tiago_public_ws/install/pmb2_description:/home/alberto/tiago_public_ws/install/pmb2_controller_configuration:/home/alberto/tiago_public_ws/install/pmb2_2dnav:/home/alberto/tiago_public_ws/install/play_motion2:/home/alberto/tiago_public_ws/install/pal_hey5_description:/home/alberto/tiago_public_ws/install/pal_gripper_description:/home/alberto/tiago_public_ws/install/urdf_test:/home/alberto/tiago_public_ws/install/pmb2_laser_sensors:/home/alberto/tiago_public_ws/install/play_motion2_msgs:/home/alberto/tiago_public_ws/install/pal_urdf_utils:/home/alberto/tiago_public_ws/install/pal_robotiq_description:/home/alberto/tiago_public_ws/install/pal_robotiq_controller_configuration:/home/alberto/tiago_public_ws/install/pal_hey5_controller_configuration:/home/alberto/tiago_public_ws/install/pal_gripper_controller_configuration:/home/alberto/tiago_public_ws/install/pal_gazebo_worlds:/home/alberto/tiago_public_ws/install/launch_pal:${AMENT_PREFIX_PATH} CMAKE_PREFIX_PATH=/home/alberto/tiago_public_ws/install/tiago_moveit_config:/home/alberto/tiago_public_ws/install/tiago_bringup:/home/alberto/tiago_public_ws/install/tiago_description:/home/alberto/tiago_public_ws/install/tiago_controller_configuration:/home/alberto/tiago_public_ws/install/tiago_2dnav:/home/alberto/tiago_public_ws/install/tiago_laser_sensors:/home/alberto/tiago_public_ws/install/pmb2_description:/home/alberto/tiago_public_ws/install/pmb2_controller_configuration:/home/alberto/tiago_public_ws/install/pmb2_2dnav:/home/alberto/tiago_public_ws/install/play_motion2:/home/alberto/tiago_public_ws/install/pal_hey5_description:/home/alberto/tiago_public_ws/install/pal_gripper_description:/home/alberto/tiago_public_ws/install/urdf_test:/home/alberto/tiago_public_ws/install/pmb2_laser_sensors:/home/alberto/tiago_public_ws/install/play_motion2_msgs:/home/alberto/tiago_public_ws/install/pal_urdf_utils:/home/alberto/tiago_public_ws/install/pal_robotiq_description:/home/alberto/tiago_public_ws/install/pal_robotiq_controller_configuration:/home/alberto/tiago_public_ws/install/pal_hey5_controller_configuration:/home/alberto/tiago_public_ws/install/pal_gripper_controller_configuration:/home/alberto/tiago_public_ws/install/pal_gazebo_worlds:/opt/ros/humble LD_LIBRARY_PATH=/home/alberto/tiago_public_ws/install/play_motion2/lib:/home/alberto/tiago_public_ws/install/play_motion2_msgs/lib:${LD_LIBRARY_PATH} PYTHONPATH=/home/alberto/tiago_public_ws/install/tiago_description/local/lib/python3.10/dist-packages:/home/alberto/tiago_public_ws/install/pmb2_description/local/lib/python3.10/dist-packages:/home/alberto/tiago_public_ws/install/play_motion2/local/lib/python3.10/dist-packages:/home/alberto/tiago_public_ws/install/urdf_test/local/lib/python3.10/dist-packages:/home/alberto/tiago_public_ws/install/play_motion2_msgs/local/lib/python3.10/dist-packages:/home/alberto/tiago_public_ws/build/launch_pal:/home/alberto/tiago_public_ws/install/launch_pal/lib/python3.10/site-packages:${PYTHONPATH} /usr/bin/cmake /home/alberto/tiago_public_ws/src/tiago_simulation/tiago_gazebo -DAMENT_CMAKE_SYMLINK_INSTALL=1 -DCMAKE_INSTALL_PREFIX=/home/alberto/tiago_public_ws/install/tiago_gazebo
[62.360s] DEBUG:colcon.colcon_core.event_handler.log_command:Invoked command in '/home/alberto/tiago_public_ws/build/tiago_robot' returned '0': AMENT_PREFIX_PATH=/home/alberto/tiago_public_ws/install/tiago_bringup:/home/alberto/tiago_public_ws/install/tiago_description:/home/alberto/tiago_public_ws/install/tiago_controller_configuration:/home/alberto/tiago_public_ws/install/pmb2_description:/home/alberto/tiago_public_ws/install/pmb2_controller_configuration:/home/alberto/tiago_public_ws/install/play_motion2:/home/alberto/tiago_public_ws/install/pal_hey5_description:/home/alberto/tiago_public_ws/install/pal_gripper_description:/home/alberto/tiago_public_ws/install/urdf_test:/home/alberto/tiago_public_ws/install/play_motion2_msgs:/home/alberto/tiago_public_ws/install/pal_urdf_utils:/home/alberto/tiago_public_ws/install/pal_robotiq_description:/home/alberto/tiago_public_ws/install/pal_robotiq_controller_configuration:/home/alberto/tiago_public_ws/install/pal_hey5_controller_configuration:/home/alberto/tiago_public_ws/install/pal_gripper_controller_configuration:/home/alberto/tiago_public_ws/install/launch_pal:${AMENT_PREFIX_PATH} CMAKE_PREFIX_PATH=/home/alberto/tiago_public_ws/install/tiago_bringup:/home/alberto/tiago_public_ws/install/tiago_description:/home/alberto/tiago_public_ws/install/tiago_controller_configuration:/home/alberto/tiago_public_ws/install/pmb2_description:/home/alberto/tiago_public_ws/install/pmb2_controller_configuration:/home/alberto/tiago_public_ws/install/play_motion2:/home/alberto/tiago_public_ws/install/pal_hey5_description:/home/alberto/tiago_public_ws/install/pal_gripper_description:/home/alberto/tiago_public_ws/install/urdf_test:/home/alberto/tiago_public_ws/install/play_motion2_msgs:/home/alberto/tiago_public_ws/install/pal_urdf_utils:/home/alberto/tiago_public_ws/install/pal_robotiq_description:/home/alberto/tiago_public_ws/install/pal_robotiq_controller_configuration:/home/alberto/tiago_public_ws/install/pal_hey5_controller_configuration:/home/alberto/tiago_public_ws/install/pal_gripper_controller_configuration:/opt/ros/humble LD_LIBRARY_PATH=/home/alberto/tiago_public_ws/install/play_motion2/lib:/home/alberto/tiago_public_ws/install/play_motion2_msgs/lib:${LD_LIBRARY_PATH} PYTHONPATH=/home/alberto/tiago_public_ws/install/tiago_description/local/lib/python3.10/dist-packages:/home/alberto/tiago_public_ws/install/pmb2_description/local/lib/python3.10/dist-packages:/home/alberto/tiago_public_ws/install/play_motion2/local/lib/python3.10/dist-packages:/home/alberto/tiago_public_ws/install/urdf_test/local/lib/python3.10/dist-packages:/home/alberto/tiago_public_ws/install/play_motion2_msgs/local/lib/python3.10/dist-packages:/home/alberto/tiago_public_ws/build/launch_pal:/home/alberto/tiago_public_ws/install/launch_pal/lib/python3.10/site-packages:${PYTHONPATH} /usr/bin/cmake /home/alberto/tiago_public_ws/src/tiago_robot/tiago_robot -DAMENT_CMAKE_SYMLINK_INSTALL=1 -DCMAKE_INSTALL_PREFIX=/home/alberto/tiago_public_ws/install/tiago_robot
[62.361s] DEBUG:colcon.colcon_core.event_handler.log_command:Invoking command in '/home/alberto/tiago_public_ws/build/tiago_robot': AMENT_PREFIX_PATH=/home/alberto/tiago_public_ws/install/tiago_bringup:/home/alberto/tiago_public_ws/install/tiago_description:/home/alberto/tiago_public_ws/install/tiago_controller_configuration:/home/alberto/tiago_public_ws/install/pmb2_description:/home/alberto/tiago_public_ws/install/pmb2_controller_configuration:/home/alberto/tiago_public_ws/install/play_motion2:/home/alberto/tiago_public_ws/install/pal_hey5_description:/home/alberto/tiago_public_ws/install/pal_gripper_description:/home/alberto/tiago_public_ws/install/urdf_test:/home/alberto/tiago_public_ws/install/play_motion2_msgs:/home/alberto/tiago_public_ws/install/pal_urdf_utils:/home/alberto/tiago_public_ws/install/pal_robotiq_description:/home/alberto/tiago_public_ws/install/pal_robotiq_controller_configuration:/home/alberto/tiago_public_ws/install/pal_hey5_controller_configuration:/home/alberto/tiago_public_ws/install/pal_gripper_controller_configuration:/home/alberto/tiago_public_ws/install/launch_pal:${AMENT_PREFIX_PATH} CMAKE_PREFIX_PATH=/home/alberto/tiago_public_ws/install/tiago_bringup:/home/alberto/tiago_public_ws/install/tiago_description:/home/alberto/tiago_public_ws/install/tiago_controller_configuration:/home/alberto/tiago_public_ws/install/pmb2_description:/home/alberto/tiago_public_ws/install/pmb2_controller_configuration:/home/alberto/tiago_public_ws/install/play_motion2:/home/alberto/tiago_public_ws/install/pal_hey5_description:/home/alberto/tiago_public_ws/install/pal_gripper_description:/home/alberto/tiago_public_ws/install/urdf_test:/home/alberto/tiago_public_ws/install/play_motion2_msgs:/home/alberto/tiago_public_ws/install/pal_urdf_utils:/home/alberto/tiago_public_ws/install/pal_robotiq_description:/home/alberto/tiago_public_ws/install/pal_robotiq_controller_configuration:/home/alberto/tiago_public_ws/install/pal_hey5_controller_configuration:/home/alberto/tiago_public_ws/install/pal_gripper_controller_configuration:/opt/ros/humble LD_LIBRARY_PATH=/home/alberto/tiago_public_ws/install/play_motion2/lib:/home/alberto/tiago_public_ws/install/play_motion2_msgs/lib:${LD_LIBRARY_PATH} PYTHONPATH=/home/alberto/tiago_public_ws/install/tiago_description/local/lib/python3.10/dist-packages:/home/alberto/tiago_public_ws/install/pmb2_description/local/lib/python3.10/dist-packages:/home/alberto/tiago_public_ws/install/play_motion2/local/lib/python3.10/dist-packages:/home/alberto/tiago_public_ws/install/urdf_test/local/lib/python3.10/dist-packages:/home/alberto/tiago_public_ws/install/play_motion2_msgs/local/lib/python3.10/dist-packages:/home/alberto/tiago_public_ws/build/launch_pal:/home/alberto/tiago_public_ws/install/launch_pal/lib/python3.10/site-packages:${PYTHONPATH} /usr/bin/cmake --build /home/alberto/tiago_public_ws/build/tiago_robot -- -j8 -l8
[62.409s] DEBUG:colcon.colcon_core.event_handler.log_command:Invoked command in '/home/alberto/tiago_public_ws/build/tiago_robot' returned '0': AMENT_PREFIX_PATH=/home/alberto/tiago_public_ws/install/tiago_bringup:/home/alberto/tiago_public_ws/install/tiago_description:/home/alberto/tiago_public_ws/install/tiago_controller_configuration:/home/alberto/tiago_public_ws/install/pmb2_description:/home/alberto/tiago_public_ws/install/pmb2_controller_configuration:/home/alberto/tiago_public_ws/install/play_motion2:/home/alberto/tiago_public_ws/install/pal_hey5_description:/home/alberto/tiago_public_ws/install/pal_gripper_description:/home/alberto/tiago_public_ws/install/urdf_test:/home/alberto/tiago_public_ws/install/play_motion2_msgs:/home/alberto/tiago_public_ws/install/pal_urdf_utils:/home/alberto/tiago_public_ws/install/pal_robotiq_description:/home/alberto/tiago_public_ws/install/pal_robotiq_controller_configuration:/home/alberto/tiago_public_ws/install/pal_hey5_controller_configuration:/home/alberto/tiago_public_ws/install/pal_gripper_controller_configuration:/home/alberto/tiago_public_ws/install/launch_pal:${AMENT_PREFIX_PATH} CMAKE_PREFIX_PATH=/home/alberto/tiago_public_ws/install/tiago_bringup:/home/alberto/tiago_public_ws/install/tiago_description:/home/alberto/tiago_public_ws/install/tiago_controller_configuration:/home/alberto/tiago_public_ws/install/pmb2_description:/home/alberto/tiago_public_ws/install/pmb2_controller_configuration:/home/alberto/tiago_public_ws/install/play_motion2:/home/alberto/tiago_public_ws/install/pal_hey5_description:/home/alberto/tiago_public_ws/install/pal_gripper_description:/home/alberto/tiago_public_ws/install/urdf_test:/home/alberto/tiago_public_ws/install/play_motion2_msgs:/home/alberto/tiago_public_ws/install/pal_urdf_utils:/home/alberto/tiago_public_ws/install/pal_robotiq_description:/home/alberto/tiago_public_ws/install/pal_robotiq_controller_configuration:/home/alberto/tiago_public_ws/install/pal_hey5_controller_configuration:/home/alberto/tiago_public_ws/install/pal_gripper_controller_configuration:/opt/ros/humble LD_LIBRARY_PATH=/home/alberto/tiago_public_ws/install/play_motion2/lib:/home/alberto/tiago_public_ws/install/play_motion2_msgs/lib:${LD_LIBRARY_PATH} PYTHONPATH=/home/alberto/tiago_public_ws/install/tiago_description/local/lib/python3.10/dist-packages:/home/alberto/tiago_public_ws/install/pmb2_description/local/lib/python3.10/dist-packages:/home/alberto/tiago_public_ws/install/play_motion2/local/lib/python3.10/dist-packages:/home/alberto/tiago_public_ws/install/urdf_test/local/lib/python3.10/dist-packages:/home/alberto/tiago_public_ws/install/play_motion2_msgs/local/lib/python3.10/dist-packages:/home/alberto/tiago_public_ws/build/launch_pal:/home/alberto/tiago_public_ws/install/launch_pal/lib/python3.10/site-packages:${PYTHONPATH} /usr/bin/cmake --build /home/alberto/tiago_public_ws/build/tiago_robot -- -j8 -l8
[62.411s] DEBUG:colcon.colcon_core.event_handler.log_command:Invoking command in '/home/alberto/tiago_public_ws/build/tiago_robot': AMENT_PREFIX_PATH=/home/alberto/tiago_public_ws/install/tiago_bringup:/home/alberto/tiago_public_ws/install/tiago_description:/home/alberto/tiago_public_ws/install/tiago_controller_configuration:/home/alberto/tiago_public_ws/install/pmb2_description:/home/alberto/tiago_public_ws/install/pmb2_controller_configuration:/home/alberto/tiago_public_ws/install/play_motion2:/home/alberto/tiago_public_ws/install/pal_hey5_description:/home/alberto/tiago_public_ws/install/pal_gripper_description:/home/alberto/tiago_public_ws/install/urdf_test:/home/alberto/tiago_public_ws/install/play_motion2_msgs:/home/alberto/tiago_public_ws/install/pal_urdf_utils:/home/alberto/tiago_public_ws/install/pal_robotiq_description:/home/alberto/tiago_public_ws/install/pal_robotiq_controller_configuration:/home/alberto/tiago_public_ws/install/pal_hey5_controller_configuration:/home/alberto/tiago_public_ws/install/pal_gripper_controller_configuration:/home/alberto/tiago_public_ws/install/launch_pal:${AMENT_PREFIX_PATH} CMAKE_PREFIX_PATH=/home/alberto/tiago_public_ws/install/tiago_bringup:/home/alberto/tiago_public_ws/install/tiago_description:/home/alberto/tiago_public_ws/install/tiago_controller_configuration:/home/alberto/tiago_public_ws/install/pmb2_description:/home/alberto/tiago_public_ws/install/pmb2_controller_configuration:/home/alberto/tiago_public_ws/install/play_motion2:/home/alberto/tiago_public_ws/install/pal_hey5_description:/home/alberto/tiago_public_ws/install/pal_gripper_description:/home/alberto/tiago_public_ws/install/urdf_test:/home/alberto/tiago_public_ws/install/play_motion2_msgs:/home/alberto/tiago_public_ws/install/pal_urdf_utils:/home/alberto/tiago_public_ws/install/pal_robotiq_description:/home/alberto/tiago_public_ws/install/pal_robotiq_controller_configuration:/home/alberto/tiago_public_ws/install/pal_hey5_controller_configuration:/home/alberto/tiago_public_ws/install/pal_gripper_controller_configuration:/opt/ros/humble LD_LIBRARY_PATH=/home/alberto/tiago_public_ws/install/play_motion2/lib:/home/alberto/tiago_public_ws/install/play_motion2_msgs/lib:${LD_LIBRARY_PATH} PYTHONPATH=/home/alberto/tiago_public_ws/install/tiago_description/local/lib/python3.10/dist-packages:/home/alberto/tiago_public_ws/install/pmb2_description/local/lib/python3.10/dist-packages:/home/alberto/tiago_public_ws/install/play_motion2/local/lib/python3.10/dist-packages:/home/alberto/tiago_public_ws/install/urdf_test/local/lib/python3.10/dist-packages:/home/alberto/tiago_public_ws/install/play_motion2_msgs/local/lib/python3.10/dist-packages:/home/alberto/tiago_public_ws/build/launch_pal:/home/alberto/tiago_public_ws/install/launch_pal/lib/python3.10/site-packages:${PYTHONPATH} /usr/bin/cmake --install /home/alberto/tiago_public_ws/build/tiago_robot
[62.595s] Level 1:colcon.colcon_core.environment:create_environment_scripts_only(tiago_robot)
[62.595s] Level 1:colcon.colcon_core.environment:checking '/home/alberto/tiago_public_ws/install/tiago_robot' for CMake module files
[62.596s] DEBUG:colcon.colcon_core.event_handler.log_command:Invoked command in '/home/alberto/tiago_public_ws/build/tiago_robot' returned '0': AMENT_PREFIX_PATH=/home/alberto/tiago_public_ws/install/tiago_bringup:/home/alberto/tiago_public_ws/install/tiago_description:/home/alberto/tiago_public_ws/install/tiago_controller_configuration:/home/alberto/tiago_public_ws/install/pmb2_description:/home/alberto/tiago_public_ws/install/pmb2_controller_configuration:/home/alberto/tiago_public_ws/install/play_motion2:/home/alberto/tiago_public_ws/install/pal_hey5_description:/home/alberto/tiago_public_ws/install/pal_gripper_description:/home/alberto/tiago_public_ws/install/urdf_test:/home/alberto/tiago_public_ws/install/play_motion2_msgs:/home/alberto/tiago_public_ws/install/pal_urdf_utils:/home/alberto/tiago_public_ws/install/pal_robotiq_description:/home/alberto/tiago_public_ws/install/pal_robotiq_controller_configuration:/home/alberto/tiago_public_ws/install/pal_hey5_controller_configuration:/home/alberto/tiago_public_ws/install/pal_gripper_controller_configuration:/home/alberto/tiago_public_ws/install/launch_pal:${AMENT_PREFIX_PATH} CMAKE_PREFIX_PATH=/home/alberto/tiago_public_ws/install/tiago_bringup:/home/alberto/tiago_public_ws/install/tiago_description:/home/alberto/tiago_public_ws/install/tiago_controller_configuration:/home/alberto/tiago_public_ws/install/pmb2_description:/home/alberto/tiago_public_ws/install/pmb2_controller_configuration:/home/alberto/tiago_public_ws/install/play_motion2:/home/alberto/tiago_public_ws/install/pal_hey5_description:/home/alberto/tiago_public_ws/install/pal_gripper_description:/home/alberto/tiago_public_ws/install/urdf_test:/home/alberto/tiago_public_ws/install/play_motion2_msgs:/home/alberto/tiago_public_ws/install/pal_urdf_utils:/home/alberto/tiago_public_ws/install/pal_robotiq_description:/home/alberto/tiago_public_ws/install/pal_robotiq_controller_configuration:/home/alberto/tiago_public_ws/install/pal_hey5_controller_configuration:/home/alberto/tiago_public_ws/install/pal_gripper_controller_configuration:/opt/ros/humble LD_LIBRARY_PATH=/home/alberto/tiago_public_ws/install/play_motion2/lib:/home/alberto/tiago_public_ws/install/play_motion2_msgs/lib:${LD_LIBRARY_PATH} PYTHONPATH=/home/alberto/tiago_public_ws/install/tiago_description/local/lib/python3.10/dist-packages:/home/alberto/tiago_public_ws/install/pmb2_description/local/lib/python3.10/dist-packages:/home/alberto/tiago_public_ws/install/play_motion2/local/lib/python3.10/dist-packages:/home/alberto/tiago_public_ws/install/urdf_test/local/lib/python3.10/dist-packages:/home/alberto/tiago_public_ws/install/play_motion2_msgs/local/lib/python3.10/dist-packages:/home/alberto/tiago_public_ws/build/launch_pal:/home/alberto/tiago_public_ws/install/launch_pal/lib/python3.10/site-packages:${PYTHONPATH} /usr/bin/cmake --install /home/alberto/tiago_public_ws/build/tiago_robot
[62.597s] Level 1:colcon.colcon_core.environment:checking '/home/alberto/tiago_public_ws/install/tiago_robot' for CMake config files
[62.597s] Level 1:colcon.colcon_core.shell:create_environment_hook('tiago_robot', 'cmake_prefix_path')
[62.599s] INFO:colcon.colcon_core.shell:Creating environment hook '/home/alberto/tiago_public_ws/install/tiago_robot/share/tiago_robot/hook/cmake_prefix_path.ps1'
[62.600s] INFO:colcon.colcon_core.shell:Creating environment descriptor '/home/alberto/tiago_public_ws/install/tiago_robot/share/tiago_robot/hook/cmake_prefix_path.dsv'
[62.600s] INFO:colcon.colcon_core.shell:Creating environment hook '/home/alberto/tiago_public_ws/install/tiago_robot/share/tiago_robot/hook/cmake_prefix_path.sh'
[62.601s] Level 1:colcon.colcon_core.environment:checking '/home/alberto/tiago_public_ws/install/tiago_robot/bin'
[62.601s] Level 1:colcon.colcon_core.environment:checking '/home/alberto/tiago_public_ws/install/tiago_robot/lib/pkgconfig/tiago_robot.pc'
[62.601s] Level 1:colcon.colcon_core.environment:checking '/home/alberto/tiago_public_ws/install/tiago_robot/lib/python3.10/site-packages'
[62.602s] Level 1:colcon.colcon_core.environment:checking '/home/alberto/tiago_public_ws/install/tiago_robot/bin'
[62.602s] INFO:colcon.colcon_core.shell:Creating package script '/home/alberto/tiago_public_ws/install/tiago_robot/share/tiago_robot/package.ps1'
[62.603s] INFO:colcon.colcon_core.shell:Creating package descriptor '/home/alberto/tiago_public_ws/install/tiago_robot/share/tiago_robot/package.dsv'
[62.603s] INFO:colcon.colcon_core.shell:Creating package script '/home/alberto/tiago_public_ws/install/tiago_robot/share/tiago_robot/package.sh'
[62.604s] INFO:colcon.colcon_core.shell:Creating package script '/home/alberto/tiago_public_ws/install/tiago_robot/share/tiago_robot/package.bash'
[62.604s] INFO:colcon.colcon_core.shell:Creating package script '/home/alberto/tiago_public_ws/install/tiago_robot/share/tiago_robot/package.zsh'
[62.605s] Level 1:colcon.colcon_core.environment:create_file_with_runtime_dependencies(/home/alberto/tiago_public_ws/install/tiago_robot/share/colcon-core/packages/tiago_robot)
[62.606s] Level 1:colcon.colcon_core.environment:create_environment_scripts_only(tiago_robot)
[62.606s] Level 1:colcon.colcon_core.environment:checking '/home/alberto/tiago_public_ws/install/tiago_robot' for CMake module files
[62.607s] Level 1:colcon.colcon_core.environment:checking '/home/alberto/tiago_public_ws/install/tiago_robot' for CMake config files
[62.607s] Level 1:colcon.colcon_core.shell:create_environment_hook('tiago_robot', 'cmake_prefix_path')
[62.607s] INFO:colcon.colcon_core.shell:Creating environment hook '/home/alberto/tiago_public_ws/install/tiago_robot/share/tiago_robot/hook/cmake_prefix_path.ps1'
[62.607s] INFO:colcon.colcon_core.shell:Creating environment descriptor '/home/alberto/tiago_public_ws/install/tiago_robot/share/tiago_robot/hook/cmake_prefix_path.dsv'
[62.608s] INFO:colcon.colcon_core.shell:Creating environment hook '/home/alberto/tiago_public_ws/install/tiago_robot/share/tiago_robot/hook/cmake_prefix_path.sh'
[62.608s] Level 1:colcon.colcon_core.environment:checking '/home/alberto/tiago_public_ws/install/tiago_robot/bin'
[62.609s] Level 1:colcon.colcon_core.environment:checking '/home/alberto/tiago_public_ws/install/tiago_robot/lib/pkgconfig/tiago_robot.pc'
[62.609s] Level 1:colcon.colcon_core.environment:checking '/home/alberto/tiago_public_ws/install/tiago_robot/lib/python3.10/site-packages'
[62.609s] Level 1:colcon.colcon_core.environment:checking '/home/alberto/tiago_public_ws/install/tiago_robot/bin'
[62.609s] INFO:colcon.colcon_core.shell:Creating package script '/home/alberto/tiago_public_ws/install/tiago_robot/share/tiago_robot/package.ps1'
[62.610s] INFO:colcon.colcon_core.shell:Creating package descriptor '/home/alberto/tiago_public_ws/install/tiago_robot/share/tiago_robot/package.dsv'
[62.611s] INFO:colcon.colcon_core.shell:Creating package script '/home/alberto/tiago_public_ws/install/tiago_robot/share/tiago_robot/package.sh'
[62.611s] INFO:colcon.colcon_core.shell:Creating package script '/home/alberto/tiago_public_ws/install/tiago_robot/share/tiago_robot/package.bash'
[62.612s] INFO:colcon.colcon_core.shell:Creating package script '/home/alberto/tiago_public_ws/install/tiago_robot/share/tiago_robot/package.zsh'
[62.613s] Level 1:colcon.colcon_core.environment:create_file_with_runtime_dependencies(/home/alberto/tiago_public_ws/install/tiago_robot/share/colcon-core/packages/tiago_robot)
[63.662s] DEBUG:colcon.colcon_core.event_handler.log_command:Invoked command in '/home/alberto/tiago_public_ws/build/tiago_gazebo' returned '0': AMENT_PREFIX_PATH=/home/alberto/tiago_public_ws/install/tiago_moveit_config:/home/alberto/tiago_public_ws/install/tiago_bringup:/home/alberto/tiago_public_ws/install/tiago_description:/home/alberto/tiago_public_ws/install/tiago_controller_configuration:/home/alberto/tiago_public_ws/install/tiago_2dnav:/home/alberto/tiago_public_ws/install/tiago_laser_sensors:/home/alberto/tiago_public_ws/install/pmb2_description:/home/alberto/tiago_public_ws/install/pmb2_controller_configuration:/home/alberto/tiago_public_ws/install/pmb2_2dnav:/home/alberto/tiago_public_ws/install/play_motion2:/home/alberto/tiago_public_ws/install/pal_hey5_description:/home/alberto/tiago_public_ws/install/pal_gripper_description:/home/alberto/tiago_public_ws/install/urdf_test:/home/alberto/tiago_public_ws/install/pmb2_laser_sensors:/home/alberto/tiago_public_ws/install/play_motion2_msgs:/home/alberto/tiago_public_ws/install/pal_urdf_utils:/home/alberto/tiago_public_ws/install/pal_robotiq_description:/home/alberto/tiago_public_ws/install/pal_robotiq_controller_configuration:/home/alberto/tiago_public_ws/install/pal_hey5_controller_configuration:/home/alberto/tiago_public_ws/install/pal_gripper_controller_configuration:/home/alberto/tiago_public_ws/install/pal_gazebo_worlds:/home/alberto/tiago_public_ws/install/launch_pal:${AMENT_PREFIX_PATH} CMAKE_PREFIX_PATH=/home/alberto/tiago_public_ws/install/tiago_moveit_config:/home/alberto/tiago_public_ws/install/tiago_bringup:/home/alberto/tiago_public_ws/install/tiago_description:/home/alberto/tiago_public_ws/install/tiago_controller_configuration:/home/alberto/tiago_public_ws/install/tiago_2dnav:/home/alberto/tiago_public_ws/install/tiago_laser_sensors:/home/alberto/tiago_public_ws/install/pmb2_description:/home/alberto/tiago_public_ws/install/pmb2_controller_configuration:/home/alberto/tiago_public_ws/install/pmb2_2dnav:/home/alberto/tiago_public_ws/install/play_motion2:/home/alberto/tiago_public_ws/install/pal_hey5_description:/home/alberto/tiago_public_ws/install/pal_gripper_description:/home/alberto/tiago_public_ws/install/urdf_test:/home/alberto/tiago_public_ws/install/pmb2_laser_sensors:/home/alberto/tiago_public_ws/install/play_motion2_msgs:/home/alberto/tiago_public_ws/install/pal_urdf_utils:/home/alberto/tiago_public_ws/install/pal_robotiq_description:/home/alberto/tiago_public_ws/install/pal_robotiq_controller_configuration:/home/alberto/tiago_public_ws/install/pal_hey5_controller_configuration:/home/alberto/tiago_public_ws/install/pal_gripper_controller_configuration:/home/alberto/tiago_public_ws/install/pal_gazebo_worlds:/opt/ros/humble LD_LIBRARY_PATH=/home/alberto/tiago_public_ws/install/play_motion2/lib:/home/alberto/tiago_public_ws/install/play_motion2_msgs/lib:${LD_LIBRARY_PATH} PYTHONPATH=/home/alberto/tiago_public_ws/install/tiago_description/local/lib/python3.10/dist-packages:/home/alberto/tiago_public_ws/install/pmb2_description/local/lib/python3.10/dist-packages:/home/alberto/tiago_public_ws/install/play_motion2/local/lib/python3.10/dist-packages:/home/alberto/tiago_public_ws/install/urdf_test/local/lib/python3.10/dist-packages:/home/alberto/tiago_public_ws/install/play_motion2_msgs/local/lib/python3.10/dist-packages:/home/alberto/tiago_public_ws/build/launch_pal:/home/alberto/tiago_public_ws/install/launch_pal/lib/python3.10/site-packages:${PYTHONPATH} /usr/bin/cmake /home/alberto/tiago_public_ws/src/tiago_simulation/tiago_gazebo -DAMENT_CMAKE_SYMLINK_INSTALL=1 -DCMAKE_INSTALL_PREFIX=/home/alberto/tiago_public_ws/install/tiago_gazebo
[63.665s] DEBUG:colcon.colcon_core.event_handler.log_command:Invoking command in '/home/alberto/tiago_public_ws/build/tiago_gazebo': AMENT_PREFIX_PATH=/home/alberto/tiago_public_ws/install/tiago_moveit_config:/home/alberto/tiago_public_ws/install/tiago_bringup:/home/alberto/tiago_public_ws/install/tiago_description:/home/alberto/tiago_public_ws/install/tiago_controller_configuration:/home/alberto/tiago_public_ws/install/tiago_2dnav:/home/alberto/tiago_public_ws/install/tiago_laser_sensors:/home/alberto/tiago_public_ws/install/pmb2_description:/home/alberto/tiago_public_ws/install/pmb2_controller_configuration:/home/alberto/tiago_public_ws/install/pmb2_2dnav:/home/alberto/tiago_public_ws/install/play_motion2:/home/alberto/tiago_public_ws/install/pal_hey5_description:/home/alberto/tiago_public_ws/install/pal_gripper_description:/home/alberto/tiago_public_ws/install/urdf_test:/home/alberto/tiago_public_ws/install/pmb2_laser_sensors:/home/alberto/tiago_public_ws/install/play_motion2_msgs:/home/alberto/tiago_public_ws/install/pal_urdf_utils:/home/alberto/tiago_public_ws/install/pal_robotiq_description:/home/alberto/tiago_public_ws/install/pal_robotiq_controller_configuration:/home/alberto/tiago_public_ws/install/pal_hey5_controller_configuration:/home/alberto/tiago_public_ws/install/pal_gripper_controller_configuration:/home/alberto/tiago_public_ws/install/pal_gazebo_worlds:/home/alberto/tiago_public_ws/install/launch_pal:${AMENT_PREFIX_PATH} CMAKE_PREFIX_PATH=/home/alberto/tiago_public_ws/install/tiago_moveit_config:/home/alberto/tiago_public_ws/install/tiago_bringup:/home/alberto/tiago_public_ws/install/tiago_description:/home/alberto/tiago_public_ws/install/tiago_controller_configuration:/home/alberto/tiago_public_ws/install/tiago_2dnav:/home/alberto/tiago_public_ws/install/tiago_laser_sensors:/home/alberto/tiago_public_ws/install/pmb2_description:/home/alberto/tiago_public_ws/install/pmb2_controller_configuration:/home/alberto/tiago_public_ws/install/pmb2_2dnav:/home/alberto/tiago_public_ws/install/play_motion2:/home/alberto/tiago_public_ws/install/pal_hey5_description:/home/alberto/tiago_public_ws/install/pal_gripper_description:/home/alberto/tiago_public_ws/install/urdf_test:/home/alberto/tiago_public_ws/install/pmb2_laser_sensors:/home/alberto/tiago_public_ws/install/play_motion2_msgs:/home/alberto/tiago_public_ws/install/pal_urdf_utils:/home/alberto/tiago_public_ws/install/pal_robotiq_description:/home/alberto/tiago_public_ws/install/pal_robotiq_controller_configuration:/home/alberto/tiago_public_ws/install/pal_hey5_controller_configuration:/home/alberto/tiago_public_ws/install/pal_gripper_controller_configuration:/home/alberto/tiago_public_ws/install/pal_gazebo_worlds:/opt/ros/humble LD_LIBRARY_PATH=/home/alberto/tiago_public_ws/install/play_motion2/lib:/home/alberto/tiago_public_ws/install/play_motion2_msgs/lib:${LD_LIBRARY_PATH} PYTHONPATH=/home/alberto/tiago_public_ws/install/tiago_description/local/lib/python3.10/dist-packages:/home/alberto/tiago_public_ws/install/pmb2_description/local/lib/python3.10/dist-packages:/home/alberto/tiago_public_ws/install/play_motion2/local/lib/python3.10/dist-packages:/home/alberto/tiago_public_ws/install/urdf_test/local/lib/python3.10/dist-packages:/home/alberto/tiago_public_ws/install/play_motion2_msgs/local/lib/python3.10/dist-packages:/home/alberto/tiago_public_ws/build/launch_pal:/home/alberto/tiago_public_ws/install/launch_pal/lib/python3.10/site-packages:${PYTHONPATH} /usr/bin/cmake --build /home/alberto/tiago_public_ws/build/tiago_gazebo -- -j8 -l8
[79.440s] DEBUG:colcon.colcon_core.event_handler.log_command:Invoked command in '/home/alberto/tiago_public_ws/build/tiago_gazebo' returned '0': AMENT_PREFIX_PATH=/home/alberto/tiago_public_ws/install/tiago_moveit_config:/home/alberto/tiago_public_ws/install/tiago_bringup:/home/alberto/tiago_public_ws/install/tiago_description:/home/alberto/tiago_public_ws/install/tiago_controller_configuration:/home/alberto/tiago_public_ws/install/tiago_2dnav:/home/alberto/tiago_public_ws/install/tiago_laser_sensors:/home/alberto/tiago_public_ws/install/pmb2_description:/home/alberto/tiago_public_ws/install/pmb2_controller_configuration:/home/alberto/tiago_public_ws/install/pmb2_2dnav:/home/alberto/tiago_public_ws/install/play_motion2:/home/alberto/tiago_public_ws/install/pal_hey5_description:/home/alberto/tiago_public_ws/install/pal_gripper_description:/home/alberto/tiago_public_ws/install/urdf_test:/home/alberto/tiago_public_ws/install/pmb2_laser_sensors:/home/alberto/tiago_public_ws/install/play_motion2_msgs:/home/alberto/tiago_public_ws/install/pal_urdf_utils:/home/alberto/tiago_public_ws/install/pal_robotiq_description:/home/alberto/tiago_public_ws/install/pal_robotiq_controller_configuration:/home/alberto/tiago_public_ws/install/pal_hey5_controller_configuration:/home/alberto/tiago_public_ws/install/pal_gripper_controller_configuration:/home/alberto/tiago_public_ws/install/pal_gazebo_worlds:/home/alberto/tiago_public_ws/install/launch_pal:${AMENT_PREFIX_PATH} CMAKE_PREFIX_PATH=/home/alberto/tiago_public_ws/install/tiago_moveit_config:/home/alberto/tiago_public_ws/install/tiago_bringup:/home/alberto/tiago_public_ws/install/tiago_description:/home/alberto/tiago_public_ws/install/tiago_controller_configuration:/home/alberto/tiago_public_ws/install/tiago_2dnav:/home/alberto/tiago_public_ws/install/tiago_laser_sensors:/home/alberto/tiago_public_ws/install/pmb2_description:/home/alberto/tiago_public_ws/install/pmb2_controller_configuration:/home/alberto/tiago_public_ws/install/pmb2_2dnav:/home/alberto/tiago_public_ws/install/play_motion2:/home/alberto/tiago_public_ws/install/pal_hey5_description:/home/alberto/tiago_public_ws/install/pal_gripper_description:/home/alberto/tiago_public_ws/install/urdf_test:/home/alberto/tiago_public_ws/install/pmb2_laser_sensors:/home/alberto/tiago_public_ws/install/play_motion2_msgs:/home/alberto/tiago_public_ws/install/pal_urdf_utils:/home/alberto/tiago_public_ws/install/pal_robotiq_description:/home/alberto/tiago_public_ws/install/pal_robotiq_controller_configuration:/home/alberto/tiago_public_ws/install/pal_hey5_controller_configuration:/home/alberto/tiago_public_ws/install/pal_gripper_controller_configuration:/home/alberto/tiago_public_ws/install/pal_gazebo_worlds:/opt/ros/humble LD_LIBRARY_PATH=/home/alberto/tiago_public_ws/install/play_motion2/lib:/home/alberto/tiago_public_ws/install/play_motion2_msgs/lib:${LD_LIBRARY_PATH} PYTHONPATH=/home/alberto/tiago_public_ws/install/tiago_description/local/lib/python3.10/dist-packages:/home/alberto/tiago_public_ws/install/pmb2_description/local/lib/python3.10/dist-packages:/home/alberto/tiago_public_ws/install/play_motion2/local/lib/python3.10/dist-packages:/home/alberto/tiago_public_ws/install/urdf_test/local/lib/python3.10/dist-packages:/home/alberto/tiago_public_ws/install/play_motion2_msgs/local/lib/python3.10/dist-packages:/home/alberto/tiago_public_ws/build/launch_pal:/home/alberto/tiago_public_ws/install/launch_pal/lib/python3.10/site-packages:${PYTHONPATH} /usr/bin/cmake --build /home/alberto/tiago_public_ws/build/tiago_gazebo -- -j8 -l8
[79.443s] DEBUG:colcon.colcon_core.event_handler.log_command:Invoking command in '/home/alberto/tiago_public_ws/build/tiago_gazebo': AMENT_PREFIX_PATH=/home/alberto/tiago_public_ws/install/tiago_moveit_config:/home/alberto/tiago_public_ws/install/tiago_bringup:/home/alberto/tiago_public_ws/install/tiago_description:/home/alberto/tiago_public_ws/install/tiago_controller_configuration:/home/alberto/tiago_public_ws/install/tiago_2dnav:/home/alberto/tiago_public_ws/install/tiago_laser_sensors:/home/alberto/tiago_public_ws/install/pmb2_description:/home/alberto/tiago_public_ws/install/pmb2_controller_configuration:/home/alberto/tiago_public_ws/install/pmb2_2dnav:/home/alberto/tiago_public_ws/install/play_motion2:/home/alberto/tiago_public_ws/install/pal_hey5_description:/home/alberto/tiago_public_ws/install/pal_gripper_description:/home/alberto/tiago_public_ws/install/urdf_test:/home/alberto/tiago_public_ws/install/pmb2_laser_sensors:/home/alberto/tiago_public_ws/install/play_motion2_msgs:/home/alberto/tiago_public_ws/install/pal_urdf_utils:/home/alberto/tiago_public_ws/install/pal_robotiq_description:/home/alberto/tiago_public_ws/install/pal_robotiq_controller_configuration:/home/alberto/tiago_public_ws/install/pal_hey5_controller_configuration:/home/alberto/tiago_public_ws/install/pal_gripper_controller_configuration:/home/alberto/tiago_public_ws/install/pal_gazebo_worlds:/home/alberto/tiago_public_ws/install/launch_pal:${AMENT_PREFIX_PATH} CMAKE_PREFIX_PATH=/home/alberto/tiago_public_ws/install/tiago_moveit_config:/home/alberto/tiago_public_ws/install/tiago_bringup:/home/alberto/tiago_public_ws/install/tiago_description:/home/alberto/tiago_public_ws/install/tiago_controller_configuration:/home/alberto/tiago_public_ws/install/tiago_2dnav:/home/alberto/tiago_public_ws/install/tiago_laser_sensors:/home/alberto/tiago_public_ws/install/pmb2_description:/home/alberto/tiago_public_ws/install/pmb2_controller_configuration:/home/alberto/tiago_public_ws/install/pmb2_2dnav:/home/alberto/tiago_public_ws/install/play_motion2:/home/alberto/tiago_public_ws/install/pal_hey5_description:/home/alberto/tiago_public_ws/install/pal_gripper_description:/home/alberto/tiago_public_ws/install/urdf_test:/home/alberto/tiago_public_ws/install/pmb2_laser_sensors:/home/alberto/tiago_public_ws/install/play_motion2_msgs:/home/alberto/tiago_public_ws/install/pal_urdf_utils:/home/alberto/tiago_public_ws/install/pal_robotiq_description:/home/alberto/tiago_public_ws/install/pal_robotiq_controller_configuration:/home/alberto/tiago_public_ws/install/pal_hey5_controller_configuration:/home/alberto/tiago_public_ws/install/pal_gripper_controller_configuration:/home/alberto/tiago_public_ws/install/pal_gazebo_worlds:/opt/ros/humble LD_LIBRARY_PATH=/home/alberto/tiago_public_ws/install/play_motion2/lib:/home/alberto/tiago_public_ws/install/play_motion2_msgs/lib:${LD_LIBRARY_PATH} PYTHONPATH=/home/alberto/tiago_public_ws/install/tiago_description/local/lib/python3.10/dist-packages:/home/alberto/tiago_public_ws/install/pmb2_description/local/lib/python3.10/dist-packages:/home/alberto/tiago_public_ws/install/play_motion2/local/lib/python3.10/dist-packages:/home/alberto/tiago_public_ws/install/urdf_test/local/lib/python3.10/dist-packages:/home/alberto/tiago_public_ws/install/play_motion2_msgs/local/lib/python3.10/dist-packages:/home/alberto/tiago_public_ws/build/launch_pal:/home/alberto/tiago_public_ws/install/launch_pal/lib/python3.10/site-packages:${PYTHONPATH} /usr/bin/cmake --install /home/alberto/tiago_public_ws/build/tiago_gazebo
[79.694s] Level 1:colcon.colcon_core.environment:create_environment_scripts_only(tiago_gazebo)
[79.695s] DEBUG:colcon.colcon_core.event_handler.log_command:Invoked command in '/home/alberto/tiago_public_ws/build/tiago_gazebo' returned '0': AMENT_PREFIX_PATH=/home/alberto/tiago_public_ws/install/tiago_moveit_config:/home/alberto/tiago_public_ws/install/tiago_bringup:/home/alberto/tiago_public_ws/install/tiago_description:/home/alberto/tiago_public_ws/install/tiago_controller_configuration:/home/alberto/tiago_public_ws/install/tiago_2dnav:/home/alberto/tiago_public_ws/install/tiago_laser_sensors:/home/alberto/tiago_public_ws/install/pmb2_description:/home/alberto/tiago_public_ws/install/pmb2_controller_configuration:/home/alberto/tiago_public_ws/install/pmb2_2dnav:/home/alberto/tiago_public_ws/install/play_motion2:/home/alberto/tiago_public_ws/install/pal_hey5_description:/home/alberto/tiago_public_ws/install/pal_gripper_description:/home/alberto/tiago_public_ws/install/urdf_test:/home/alberto/tiago_public_ws/install/pmb2_laser_sensors:/home/alberto/tiago_public_ws/install/play_motion2_msgs:/home/alberto/tiago_public_ws/install/pal_urdf_utils:/home/alberto/tiago_public_ws/install/pal_robotiq_description:/home/alberto/tiago_public_ws/install/pal_robotiq_controller_configuration:/home/alberto/tiago_public_ws/install/pal_hey5_controller_configuration:/home/alberto/tiago_public_ws/install/pal_gripper_controller_configuration:/home/alberto/tiago_public_ws/install/pal_gazebo_worlds:/home/alberto/tiago_public_ws/install/launch_pal:${AMENT_PREFIX_PATH} CMAKE_PREFIX_PATH=/home/alberto/tiago_public_ws/install/tiago_moveit_config:/home/alberto/tiago_public_ws/install/tiago_bringup:/home/alberto/tiago_public_ws/install/tiago_description:/home/alberto/tiago_public_ws/install/tiago_controller_configuration:/home/alberto/tiago_public_ws/install/tiago_2dnav:/home/alberto/tiago_public_ws/install/tiago_laser_sensors:/home/alberto/tiago_public_ws/install/pmb2_description:/home/alberto/tiago_public_ws/install/pmb2_controller_configuration:/home/alberto/tiago_public_ws/install/pmb2_2dnav:/home/alberto/tiago_public_ws/install/play_motion2:/home/alberto/tiago_public_ws/install/pal_hey5_description:/home/alberto/tiago_public_ws/install/pal_gripper_description:/home/alberto/tiago_public_ws/install/urdf_test:/home/alberto/tiago_public_ws/install/pmb2_laser_sensors:/home/alberto/tiago_public_ws/install/play_motion2_msgs:/home/alberto/tiago_public_ws/install/pal_urdf_utils:/home/alberto/tiago_public_ws/install/pal_robotiq_description:/home/alberto/tiago_public_ws/install/pal_robotiq_controller_configuration:/home/alberto/tiago_public_ws/install/pal_hey5_controller_configuration:/home/alberto/tiago_public_ws/install/pal_gripper_controller_configuration:/home/alberto/tiago_public_ws/install/pal_gazebo_worlds:/opt/ros/humble LD_LIBRARY_PATH=/home/alberto/tiago_public_ws/install/play_motion2/lib:/home/alberto/tiago_public_ws/install/play_motion2_msgs/lib:${LD_LIBRARY_PATH} PYTHONPATH=/home/alberto/tiago_public_ws/install/tiago_description/local/lib/python3.10/dist-packages:/home/alberto/tiago_public_ws/install/pmb2_description/local/lib/python3.10/dist-packages:/home/alberto/tiago_public_ws/install/play_motion2/local/lib/python3.10/dist-packages:/home/alberto/tiago_public_ws/install/urdf_test/local/lib/python3.10/dist-packages:/home/alberto/tiago_public_ws/install/play_motion2_msgs/local/lib/python3.10/dist-packages:/home/alberto/tiago_public_ws/build/launch_pal:/home/alberto/tiago_public_ws/install/launch_pal/lib/python3.10/site-packages:${PYTHONPATH} /usr/bin/cmake --install /home/alberto/tiago_public_ws/build/tiago_gazebo
[79.695s] Level 1:colcon.colcon_core.environment:checking '/home/alberto/tiago_public_ws/install/tiago_gazebo' for CMake module files
[79.696s] Level 1:colcon.colcon_core.environment:checking '/home/alberto/tiago_public_ws/install/tiago_gazebo' for CMake config files
[79.696s] Level 1:colcon.colcon_core.shell:create_environment_hook('tiago_gazebo', 'cmake_prefix_path')
[79.696s] INFO:colcon.colcon_core.shell:Creating environment hook '/home/alberto/tiago_public_ws/install/tiago_gazebo/share/tiago_gazebo/hook/cmake_prefix_path.ps1'
[79.697s] INFO:colcon.colcon_core.shell:Creating environment descriptor '/home/alberto/tiago_public_ws/install/tiago_gazebo/share/tiago_gazebo/hook/cmake_prefix_path.dsv'
[79.697s] INFO:colcon.colcon_core.shell:Creating environment hook '/home/alberto/tiago_public_ws/install/tiago_gazebo/share/tiago_gazebo/hook/cmake_prefix_path.sh'
[79.698s] Level 1:colcon.colcon_core.environment:checking '/home/alberto/tiago_public_ws/install/tiago_gazebo/lib'
[79.698s] Level 1:colcon.colcon_core.environment:checking '/home/alberto/tiago_public_ws/install/tiago_gazebo/bin'
[79.699s] Level 1:colcon.colcon_core.environment:checking '/home/alberto/tiago_public_ws/install/tiago_gazebo/lib/pkgconfig/tiago_gazebo.pc'
[79.699s] Level 1:colcon.colcon_core.environment:checking '/home/alberto/tiago_public_ws/install/tiago_gazebo/lib/python3.10/site-packages'
[79.699s] Level 1:colcon.colcon_core.environment:checking '/home/alberto/tiago_public_ws/install/tiago_gazebo/bin'
[79.700s] INFO:colcon.colcon_core.shell:Creating package script '/home/alberto/tiago_public_ws/install/tiago_gazebo/share/tiago_gazebo/package.ps1'
[79.700s] INFO:colcon.colcon_core.shell:Creating package descriptor '/home/alberto/tiago_public_ws/install/tiago_gazebo/share/tiago_gazebo/package.dsv'
[79.701s] INFO:colcon.colcon_core.shell:Creating package script '/home/alberto/tiago_public_ws/install/tiago_gazebo/share/tiago_gazebo/package.sh'
[79.701s] INFO:colcon.colcon_core.shell:Creating package script '/home/alberto/tiago_public_ws/install/tiago_gazebo/share/tiago_gazebo/package.bash'
[79.701s] INFO:colcon.colcon_core.shell:Creating package script '/home/alberto/tiago_public_ws/install/tiago_gazebo/share/tiago_gazebo/package.zsh'
[79.702s] Level 1:colcon.colcon_core.environment:create_file_with_runtime_dependencies(/home/alberto/tiago_public_ws/install/tiago_gazebo/share/colcon-core/packages/tiago_gazebo)
[79.703s] Level 1:colcon.colcon_core.environment:create_environment_scripts_only(tiago_gazebo)
[79.703s] Level 1:colcon.colcon_core.environment:checking '/home/alberto/tiago_public_ws/install/tiago_gazebo' for CMake module files
[79.704s] Level 1:colcon.colcon_core.environment:checking '/home/alberto/tiago_public_ws/install/tiago_gazebo' for CMake config files
[79.704s] Level 1:colcon.colcon_core.shell:create_environment_hook('tiago_gazebo', 'cmake_prefix_path')
[79.704s] INFO:colcon.colcon_core.shell:Creating environment hook '/home/alberto/tiago_public_ws/install/tiago_gazebo/share/tiago_gazebo/hook/cmake_prefix_path.ps1'
[79.705s] INFO:colcon.colcon_core.shell:Creating environment descriptor '/home/alberto/tiago_public_ws/install/tiago_gazebo/share/tiago_gazebo/hook/cmake_prefix_path.dsv'
[79.705s] INFO:colcon.colcon_core.shell:Creating environment hook '/home/alberto/tiago_public_ws/install/tiago_gazebo/share/tiago_gazebo/hook/cmake_prefix_path.sh'
[79.706s] Level 1:colcon.colcon_core.environment:checking '/home/alberto/tiago_public_ws/install/tiago_gazebo/lib'
[79.706s] Level 1:colcon.colcon_core.environment:checking '/home/alberto/tiago_public_ws/install/tiago_gazebo/bin'
[79.706s] Level 1:colcon.colcon_core.environment:checking '/home/alberto/tiago_public_ws/install/tiago_gazebo/lib/pkgconfig/tiago_gazebo.pc'
[79.707s] Level 1:colcon.colcon_core.environment:checking '/home/alberto/tiago_public_ws/install/tiago_gazebo/lib/python3.10/site-packages'
[79.707s] Level 1:colcon.colcon_core.environment:checking '/home/alberto/tiago_public_ws/install/tiago_gazebo/bin'
[79.707s] INFO:colcon.colcon_core.shell:Creating package script '/home/alberto/tiago_public_ws/install/tiago_gazebo/share/tiago_gazebo/package.ps1'
[79.708s] INFO:colcon.colcon_core.shell:Creating package descriptor '/home/alberto/tiago_public_ws/install/tiago_gazebo/share/tiago_gazebo/package.dsv'
[79.708s] INFO:colcon.colcon_core.shell:Creating package script '/home/alberto/tiago_public_ws/install/tiago_gazebo/share/tiago_gazebo/package.sh'
[79.709s] INFO:colcon.colcon_core.shell:Creating package script '/home/alberto/tiago_public_ws/install/tiago_gazebo/share/tiago_gazebo/package.bash'
[79.709s] INFO:colcon.colcon_core.shell:Creating package script '/home/alberto/tiago_public_ws/install/tiago_gazebo/share/tiago_gazebo/package.zsh'
[79.710s] Level 1:colcon.colcon_core.environment:create_file_with_runtime_dependencies(/home/alberto/tiago_public_ws/install/tiago_gazebo/share/colcon-core/packages/tiago_gazebo)
[79.710s] INFO:colcon.colcon_ros.task.ament_cmake.build:Building ROS package in '/home/alberto/tiago_public_ws/src/tiago_simulation/tiago_simulation' with build type 'ament_cmake'
[79.710s] INFO:colcon.colcon_cmake.task.cmake.build:Building CMake package in '/home/alberto/tiago_public_ws/src/tiago_simulation/tiago_simulation'
[79.711s] INFO:colcon.colcon_core.shell:Skip shell extension 'powershell' for command environment: Not usable outside of PowerShell
[79.711s] DEBUG:colcon.colcon_core.shell:Skip shell extension 'dsv' for command environment
[79.750s] DEBUG:colcon.colcon_core.event_handler.log_command:Invoking command in '/home/alberto/tiago_public_ws/build/tiago_simulation': AMENT_PREFIX_PATH=/home/alberto/tiago_public_ws/install/tiago_gazebo:/home/alberto/tiago_public_ws/install/tiago_moveit_config:/home/alberto/tiago_public_ws/install/tiago_bringup:/home/alberto/tiago_public_ws/install/tiago_description:/home/alberto/tiago_public_ws/install/tiago_controller_configuration:/home/alberto/tiago_public_ws/install/tiago_2dnav:/home/alberto/tiago_public_ws/install/tiago_laser_sensors:/home/alberto/tiago_public_ws/install/pmb2_description:/home/alberto/tiago_public_ws/install/pmb2_controller_configuration:/home/alberto/tiago_public_ws/install/pmb2_2dnav:/home/alberto/tiago_public_ws/install/play_motion2:/home/alberto/tiago_public_ws/install/pal_hey5_description:/home/alberto/tiago_public_ws/install/pal_gripper_description:/home/alberto/tiago_public_ws/install/urdf_test:/home/alberto/tiago_public_ws/install/pmb2_laser_sensors:/home/alberto/tiago_public_ws/install/play_motion2_msgs:/home/alberto/tiago_public_ws/install/pal_urdf_utils:/home/alberto/tiago_public_ws/install/pal_robotiq_description:/home/alberto/tiago_public_ws/install/pal_robotiq_controller_configuration:/home/alberto/tiago_public_ws/install/pal_hey5_controller_configuration:/home/alberto/tiago_public_ws/install/pal_gripper_controller_configuration:/home/alberto/tiago_public_ws/install/pal_gazebo_worlds:/home/alberto/tiago_public_ws/install/launch_pal:${AMENT_PREFIX_PATH} CMAKE_PREFIX_PATH=/home/alberto/tiago_public_ws/install/tiago_gazebo:/home/alberto/tiago_public_ws/install/tiago_moveit_config:/home/alberto/tiago_public_ws/install/tiago_bringup:/home/alberto/tiago_public_ws/install/tiago_description:/home/alberto/tiago_public_ws/install/tiago_controller_configuration:/home/alberto/tiago_public_ws/install/tiago_2dnav:/home/alberto/tiago_public_ws/install/tiago_laser_sensors:/home/alberto/tiago_public_ws/install/pmb2_description:/home/alberto/tiago_public_ws/install/pmb2_controller_configuration:/home/alberto/tiago_public_ws/install/pmb2_2dnav:/home/alberto/tiago_public_ws/install/play_motion2:/home/alberto/tiago_public_ws/install/pal_hey5_description:/home/alberto/tiago_public_ws/install/pal_gripper_description:/home/alberto/tiago_public_ws/install/urdf_test:/home/alberto/tiago_public_ws/install/pmb2_laser_sensors:/home/alberto/tiago_public_ws/install/play_motion2_msgs:/home/alberto/tiago_public_ws/install/pal_urdf_utils:/home/alberto/tiago_public_ws/install/pal_robotiq_description:/home/alberto/tiago_public_ws/install/pal_robotiq_controller_configuration:/home/alberto/tiago_public_ws/install/pal_hey5_controller_configuration:/home/alberto/tiago_public_ws/install/pal_gripper_controller_configuration:/home/alberto/tiago_public_ws/install/pal_gazebo_worlds:/opt/ros/humble LD_LIBRARY_PATH=/home/alberto/tiago_public_ws/install/play_motion2/lib:/home/alberto/tiago_public_ws/install/play_motion2_msgs/lib:${LD_LIBRARY_PATH} PYTHONPATH=/home/alberto/tiago_public_ws/install/tiago_description/local/lib/python3.10/dist-packages:/home/alberto/tiago_public_ws/install/pmb2_description/local/lib/python3.10/dist-packages:/home/alberto/tiago_public_ws/install/play_motion2/local/lib/python3.10/dist-packages:/home/alberto/tiago_public_ws/install/urdf_test/local/lib/python3.10/dist-packages:/home/alberto/tiago_public_ws/install/play_motion2_msgs/local/lib/python3.10/dist-packages:/home/alberto/tiago_public_ws/build/launch_pal:/home/alberto/tiago_public_ws/install/launch_pal/lib/python3.10/site-packages:${PYTHONPATH} /usr/bin/cmake /home/alberto/tiago_public_ws/src/tiago_simulation/tiago_simulation -DAMENT_CMAKE_SYMLINK_INSTALL=1 -DCMAKE_INSTALL_PREFIX=/home/alberto/tiago_public_ws/install/tiago_simulation
[80.557s] DEBUG:colcon.colcon_core.event_handler.log_command:Invoked command in '/home/alberto/tiago_public_ws/build/tiago_simulation' returned '0': AMENT_PREFIX_PATH=/home/alberto/tiago_public_ws/install/tiago_gazebo:/home/alberto/tiago_public_ws/install/tiago_moveit_config:/home/alberto/tiago_public_ws/install/tiago_bringup:/home/alberto/tiago_public_ws/install/tiago_description:/home/alberto/tiago_public_ws/install/tiago_controller_configuration:/home/alberto/tiago_public_ws/install/tiago_2dnav:/home/alberto/tiago_public_ws/install/tiago_laser_sensors:/home/alberto/tiago_public_ws/install/pmb2_description:/home/alberto/tiago_public_ws/install/pmb2_controller_configuration:/home/alberto/tiago_public_ws/install/pmb2_2dnav:/home/alberto/tiago_public_ws/install/play_motion2:/home/alberto/tiago_public_ws/install/pal_hey5_description:/home/alberto/tiago_public_ws/install/pal_gripper_description:/home/alberto/tiago_public_ws/install/urdf_test:/home/alberto/tiago_public_ws/install/pmb2_laser_sensors:/home/alberto/tiago_public_ws/install/play_motion2_msgs:/home/alberto/tiago_public_ws/install/pal_urdf_utils:/home/alberto/tiago_public_ws/install/pal_robotiq_description:/home/alberto/tiago_public_ws/install/pal_robotiq_controller_configuration:/home/alberto/tiago_public_ws/install/pal_hey5_controller_configuration:/home/alberto/tiago_public_ws/install/pal_gripper_controller_configuration:/home/alberto/tiago_public_ws/install/pal_gazebo_worlds:/home/alberto/tiago_public_ws/install/launch_pal:${AMENT_PREFIX_PATH} CMAKE_PREFIX_PATH=/home/alberto/tiago_public_ws/install/tiago_gazebo:/home/alberto/tiago_public_ws/install/tiago_moveit_config:/home/alberto/tiago_public_ws/install/tiago_bringup:/home/alberto/tiago_public_ws/install/tiago_description:/home/alberto/tiago_public_ws/install/tiago_controller_configuration:/home/alberto/tiago_public_ws/install/tiago_2dnav:/home/alberto/tiago_public_ws/install/tiago_laser_sensors:/home/alberto/tiago_public_ws/install/pmb2_description:/home/alberto/tiago_public_ws/install/pmb2_controller_configuration:/home/alberto/tiago_public_ws/install/pmb2_2dnav:/home/alberto/tiago_public_ws/install/play_motion2:/home/alberto/tiago_public_ws/install/pal_hey5_description:/home/alberto/tiago_public_ws/install/pal_gripper_description:/home/alberto/tiago_public_ws/install/urdf_test:/home/alberto/tiago_public_ws/install/pmb2_laser_sensors:/home/alberto/tiago_public_ws/install/play_motion2_msgs:/home/alberto/tiago_public_ws/install/pal_urdf_utils:/home/alberto/tiago_public_ws/install/pal_robotiq_description:/home/alberto/tiago_public_ws/install/pal_robotiq_controller_configuration:/home/alberto/tiago_public_ws/install/pal_hey5_controller_configuration:/home/alberto/tiago_public_ws/install/pal_gripper_controller_configuration:/home/alberto/tiago_public_ws/install/pal_gazebo_worlds:/opt/ros/humble LD_LIBRARY_PATH=/home/alberto/tiago_public_ws/install/play_motion2/lib:/home/alberto/tiago_public_ws/install/play_motion2_msgs/lib:${LD_LIBRARY_PATH} PYTHONPATH=/home/alberto/tiago_public_ws/install/tiago_description/local/lib/python3.10/dist-packages:/home/alberto/tiago_public_ws/install/pmb2_description/local/lib/python3.10/dist-packages:/home/alberto/tiago_public_ws/install/play_motion2/local/lib/python3.10/dist-packages:/home/alberto/tiago_public_ws/install/urdf_test/local/lib/python3.10/dist-packages:/home/alberto/tiago_public_ws/install/play_motion2_msgs/local/lib/python3.10/dist-packages:/home/alberto/tiago_public_ws/build/launch_pal:/home/alberto/tiago_public_ws/install/launch_pal/lib/python3.10/site-packages:${PYTHONPATH} /usr/bin/cmake /home/alberto/tiago_public_ws/src/tiago_simulation/tiago_simulation -DAMENT_CMAKE_SYMLINK_INSTALL=1 -DCMAKE_INSTALL_PREFIX=/home/alberto/tiago_public_ws/install/tiago_simulation
[80.559s] DEBUG:colcon.colcon_core.event_handler.log_command:Invoking command in '/home/alberto/tiago_public_ws/build/tiago_simulation': AMENT_PREFIX_PATH=/home/alberto/tiago_public_ws/install/tiago_gazebo:/home/alberto/tiago_public_ws/install/tiago_moveit_config:/home/alberto/tiago_public_ws/install/tiago_bringup:/home/alberto/tiago_public_ws/install/tiago_description:/home/alberto/tiago_public_ws/install/tiago_controller_configuration:/home/alberto/tiago_public_ws/install/tiago_2dnav:/home/alberto/tiago_public_ws/install/tiago_laser_sensors:/home/alberto/tiago_public_ws/install/pmb2_description:/home/alberto/tiago_public_ws/install/pmb2_controller_configuration:/home/alberto/tiago_public_ws/install/pmb2_2dnav:/home/alberto/tiago_public_ws/install/play_motion2:/home/alberto/tiago_public_ws/install/pal_hey5_description:/home/alberto/tiago_public_ws/install/pal_gripper_description:/home/alberto/tiago_public_ws/install/urdf_test:/home/alberto/tiago_public_ws/install/pmb2_laser_sensors:/home/alberto/tiago_public_ws/install/play_motion2_msgs:/home/alberto/tiago_public_ws/install/pal_urdf_utils:/home/alberto/tiago_public_ws/install/pal_robotiq_description:/home/alberto/tiago_public_ws/install/pal_robotiq_controller_configuration:/home/alberto/tiago_public_ws/install/pal_hey5_controller_configuration:/home/alberto/tiago_public_ws/install/pal_gripper_controller_configuration:/home/alberto/tiago_public_ws/install/pal_gazebo_worlds:/home/alberto/tiago_public_ws/install/launch_pal:${AMENT_PREFIX_PATH} CMAKE_PREFIX_PATH=/home/alberto/tiago_public_ws/install/tiago_gazebo:/home/alberto/tiago_public_ws/install/tiago_moveit_config:/home/alberto/tiago_public_ws/install/tiago_bringup:/home/alberto/tiago_public_ws/install/tiago_description:/home/alberto/tiago_public_ws/install/tiago_controller_configuration:/home/alberto/tiago_public_ws/install/tiago_2dnav:/home/alberto/tiago_public_ws/install/tiago_laser_sensors:/home/alberto/tiago_public_ws/install/pmb2_description:/home/alberto/tiago_public_ws/install/pmb2_controller_configuration:/home/alberto/tiago_public_ws/install/pmb2_2dnav:/home/alberto/tiago_public_ws/install/play_motion2:/home/alberto/tiago_public_ws/install/pal_hey5_description:/home/alberto/tiago_public_ws/install/pal_gripper_description:/home/alberto/tiago_public_ws/install/urdf_test:/home/alberto/tiago_public_ws/install/pmb2_laser_sensors:/home/alberto/tiago_public_ws/install/play_motion2_msgs:/home/alberto/tiago_public_ws/install/pal_urdf_utils:/home/alberto/tiago_public_ws/install/pal_robotiq_description:/home/alberto/tiago_public_ws/install/pal_robotiq_controller_configuration:/home/alberto/tiago_public_ws/install/pal_hey5_controller_configuration:/home/alberto/tiago_public_ws/install/pal_gripper_controller_configuration:/home/alberto/tiago_public_ws/install/pal_gazebo_worlds:/opt/ros/humble LD_LIBRARY_PATH=/home/alberto/tiago_public_ws/install/play_motion2/lib:/home/alberto/tiago_public_ws/install/play_motion2_msgs/lib:${LD_LIBRARY_PATH} PYTHONPATH=/home/alberto/tiago_public_ws/install/tiago_description/local/lib/python3.10/dist-packages:/home/alberto/tiago_public_ws/install/pmb2_description/local/lib/python3.10/dist-packages:/home/alberto/tiago_public_ws/install/play_motion2/local/lib/python3.10/dist-packages:/home/alberto/tiago_public_ws/install/urdf_test/local/lib/python3.10/dist-packages:/home/alberto/tiago_public_ws/install/play_motion2_msgs/local/lib/python3.10/dist-packages:/home/alberto/tiago_public_ws/build/launch_pal:/home/alberto/tiago_public_ws/install/launch_pal/lib/python3.10/site-packages:${PYTHONPATH} /usr/bin/cmake --build /home/alberto/tiago_public_ws/build/tiago_simulation -- -j8 -l8
[80.613s] DEBUG:colcon.colcon_core.event_handler.log_command:Invoked command in '/home/alberto/tiago_public_ws/build/tiago_simulation' returned '0': AMENT_PREFIX_PATH=/home/alberto/tiago_public_ws/install/tiago_gazebo:/home/alberto/tiago_public_ws/install/tiago_moveit_config:/home/alberto/tiago_public_ws/install/tiago_bringup:/home/alberto/tiago_public_ws/install/tiago_description:/home/alberto/tiago_public_ws/install/tiago_controller_configuration:/home/alberto/tiago_public_ws/install/tiago_2dnav:/home/alberto/tiago_public_ws/install/tiago_laser_sensors:/home/alberto/tiago_public_ws/install/pmb2_description:/home/alberto/tiago_public_ws/install/pmb2_controller_configuration:/home/alberto/tiago_public_ws/install/pmb2_2dnav:/home/alberto/tiago_public_ws/install/play_motion2:/home/alberto/tiago_public_ws/install/pal_hey5_description:/home/alberto/tiago_public_ws/install/pal_gripper_description:/home/alberto/tiago_public_ws/install/urdf_test:/home/alberto/tiago_public_ws/install/pmb2_laser_sensors:/home/alberto/tiago_public_ws/install/play_motion2_msgs:/home/alberto/tiago_public_ws/install/pal_urdf_utils:/home/alberto/tiago_public_ws/install/pal_robotiq_description:/home/alberto/tiago_public_ws/install/pal_robotiq_controller_configuration:/home/alberto/tiago_public_ws/install/pal_hey5_controller_configuration:/home/alberto/tiago_public_ws/install/pal_gripper_controller_configuration:/home/alberto/tiago_public_ws/install/pal_gazebo_worlds:/home/alberto/tiago_public_ws/install/launch_pal:${AMENT_PREFIX_PATH} CMAKE_PREFIX_PATH=/home/alberto/tiago_public_ws/install/tiago_gazebo:/home/alberto/tiago_public_ws/install/tiago_moveit_config:/home/alberto/tiago_public_ws/install/tiago_bringup:/home/alberto/tiago_public_ws/install/tiago_description:/home/alberto/tiago_public_ws/install/tiago_controller_configuration:/home/alberto/tiago_public_ws/install/tiago_2dnav:/home/alberto/tiago_public_ws/install/tiago_laser_sensors:/home/alberto/tiago_public_ws/install/pmb2_description:/home/alberto/tiago_public_ws/install/pmb2_controller_configuration:/home/alberto/tiago_public_ws/install/pmb2_2dnav:/home/alberto/tiago_public_ws/install/play_motion2:/home/alberto/tiago_public_ws/install/pal_hey5_description:/home/alberto/tiago_public_ws/install/pal_gripper_description:/home/alberto/tiago_public_ws/install/urdf_test:/home/alberto/tiago_public_ws/install/pmb2_laser_sensors:/home/alberto/tiago_public_ws/install/play_motion2_msgs:/home/alberto/tiago_public_ws/install/pal_urdf_utils:/home/alberto/tiago_public_ws/install/pal_robotiq_description:/home/alberto/tiago_public_ws/install/pal_robotiq_controller_configuration:/home/alberto/tiago_public_ws/install/pal_hey5_controller_configuration:/home/alberto/tiago_public_ws/install/pal_gripper_controller_configuration:/home/alberto/tiago_public_ws/install/pal_gazebo_worlds:/opt/ros/humble LD_LIBRARY_PATH=/home/alberto/tiago_public_ws/install/play_motion2/lib:/home/alberto/tiago_public_ws/install/play_motion2_msgs/lib:${LD_LIBRARY_PATH} PYTHONPATH=/home/alberto/tiago_public_ws/install/tiago_description/local/lib/python3.10/dist-packages:/home/alberto/tiago_public_ws/install/pmb2_description/local/lib/python3.10/dist-packages:/home/alberto/tiago_public_ws/install/play_motion2/local/lib/python3.10/dist-packages:/home/alberto/tiago_public_ws/install/urdf_test/local/lib/python3.10/dist-packages:/home/alberto/tiago_public_ws/install/play_motion2_msgs/local/lib/python3.10/dist-packages:/home/alberto/tiago_public_ws/build/launch_pal:/home/alberto/tiago_public_ws/install/launch_pal/lib/python3.10/site-packages:${PYTHONPATH} /usr/bin/cmake --build /home/alberto/tiago_public_ws/build/tiago_simulation -- -j8 -l8
[80.616s] DEBUG:colcon.colcon_core.event_handler.log_command:Invoking command in '/home/alberto/tiago_public_ws/build/tiago_simulation': AMENT_PREFIX_PATH=/home/alberto/tiago_public_ws/install/tiago_gazebo:/home/alberto/tiago_public_ws/install/tiago_moveit_config:/home/alberto/tiago_public_ws/install/tiago_bringup:/home/alberto/tiago_public_ws/install/tiago_description:/home/alberto/tiago_public_ws/install/tiago_controller_configuration:/home/alberto/tiago_public_ws/install/tiago_2dnav:/home/alberto/tiago_public_ws/install/tiago_laser_sensors:/home/alberto/tiago_public_ws/install/pmb2_description:/home/alberto/tiago_public_ws/install/pmb2_controller_configuration:/home/alberto/tiago_public_ws/install/pmb2_2dnav:/home/alberto/tiago_public_ws/install/play_motion2:/home/alberto/tiago_public_ws/install/pal_hey5_description:/home/alberto/tiago_public_ws/install/pal_gripper_description:/home/alberto/tiago_public_ws/install/urdf_test:/home/alberto/tiago_public_ws/install/pmb2_laser_sensors:/home/alberto/tiago_public_ws/install/play_motion2_msgs:/home/alberto/tiago_public_ws/install/pal_urdf_utils:/home/alberto/tiago_public_ws/install/pal_robotiq_description:/home/alberto/tiago_public_ws/install/pal_robotiq_controller_configuration:/home/alberto/tiago_public_ws/install/pal_hey5_controller_configuration:/home/alberto/tiago_public_ws/install/pal_gripper_controller_configuration:/home/alberto/tiago_public_ws/install/pal_gazebo_worlds:/home/alberto/tiago_public_ws/install/launch_pal:${AMENT_PREFIX_PATH} CMAKE_PREFIX_PATH=/home/alberto/tiago_public_ws/install/tiago_gazebo:/home/alberto/tiago_public_ws/install/tiago_moveit_config:/home/alberto/tiago_public_ws/install/tiago_bringup:/home/alberto/tiago_public_ws/install/tiago_description:/home/alberto/tiago_public_ws/install/tiago_controller_configuration:/home/alberto/tiago_public_ws/install/tiago_2dnav:/home/alberto/tiago_public_ws/install/tiago_laser_sensors:/home/alberto/tiago_public_ws/install/pmb2_description:/home/alberto/tiago_public_ws/install/pmb2_controller_configuration:/home/alberto/tiago_public_ws/install/pmb2_2dnav:/home/alberto/tiago_public_ws/install/play_motion2:/home/alberto/tiago_public_ws/install/pal_hey5_description:/home/alberto/tiago_public_ws/install/pal_gripper_description:/home/alberto/tiago_public_ws/install/urdf_test:/home/alberto/tiago_public_ws/install/pmb2_laser_sensors:/home/alberto/tiago_public_ws/install/play_motion2_msgs:/home/alberto/tiago_public_ws/install/pal_urdf_utils:/home/alberto/tiago_public_ws/install/pal_robotiq_description:/home/alberto/tiago_public_ws/install/pal_robotiq_controller_configuration:/home/alberto/tiago_public_ws/install/pal_hey5_controller_configuration:/home/alberto/tiago_public_ws/install/pal_gripper_controller_configuration:/home/alberto/tiago_public_ws/install/pal_gazebo_worlds:/opt/ros/humble LD_LIBRARY_PATH=/home/alberto/tiago_public_ws/install/play_motion2/lib:/home/alberto/tiago_public_ws/install/play_motion2_msgs/lib:${LD_LIBRARY_PATH} PYTHONPATH=/home/alberto/tiago_public_ws/install/tiago_description/local/lib/python3.10/dist-packages:/home/alberto/tiago_public_ws/install/pmb2_description/local/lib/python3.10/dist-packages:/home/alberto/tiago_public_ws/install/play_motion2/local/lib/python3.10/dist-packages:/home/alberto/tiago_public_ws/install/urdf_test/local/lib/python3.10/dist-packages:/home/alberto/tiago_public_ws/install/play_motion2_msgs/local/lib/python3.10/dist-packages:/home/alberto/tiago_public_ws/build/launch_pal:/home/alberto/tiago_public_ws/install/launch_pal/lib/python3.10/site-packages:${PYTHONPATH} /usr/bin/cmake --install /home/alberto/tiago_public_ws/build/tiago_simulation
[80.798s] Level 1:colcon.colcon_core.environment:create_environment_scripts_only(tiago_simulation)
[80.798s] Level 1:colcon.colcon_core.environment:checking '/home/alberto/tiago_public_ws/install/tiago_simulation' for CMake module files
[80.799s] DEBUG:colcon.colcon_core.event_handler.log_command:Invoked command in '/home/alberto/tiago_public_ws/build/tiago_simulation' returned '0': AMENT_PREFIX_PATH=/home/alberto/tiago_public_ws/install/tiago_gazebo:/home/alberto/tiago_public_ws/install/tiago_moveit_config:/home/alberto/tiago_public_ws/install/tiago_bringup:/home/alberto/tiago_public_ws/install/tiago_description:/home/alberto/tiago_public_ws/install/tiago_controller_configuration:/home/alberto/tiago_public_ws/install/tiago_2dnav:/home/alberto/tiago_public_ws/install/tiago_laser_sensors:/home/alberto/tiago_public_ws/install/pmb2_description:/home/alberto/tiago_public_ws/install/pmb2_controller_configuration:/home/alberto/tiago_public_ws/install/pmb2_2dnav:/home/alberto/tiago_public_ws/install/play_motion2:/home/alberto/tiago_public_ws/install/pal_hey5_description:/home/alberto/tiago_public_ws/install/pal_gripper_description:/home/alberto/tiago_public_ws/install/urdf_test:/home/alberto/tiago_public_ws/install/pmb2_laser_sensors:/home/alberto/tiago_public_ws/install/play_motion2_msgs:/home/alberto/tiago_public_ws/install/pal_urdf_utils:/home/alberto/tiago_public_ws/install/pal_robotiq_description:/home/alberto/tiago_public_ws/install/pal_robotiq_controller_configuration:/home/alberto/tiago_public_ws/install/pal_hey5_controller_configuration:/home/alberto/tiago_public_ws/install/pal_gripper_controller_configuration:/home/alberto/tiago_public_ws/install/pal_gazebo_worlds:/home/alberto/tiago_public_ws/install/launch_pal:${AMENT_PREFIX_PATH} CMAKE_PREFIX_PATH=/home/alberto/tiago_public_ws/install/tiago_gazebo:/home/alberto/tiago_public_ws/install/tiago_moveit_config:/home/alberto/tiago_public_ws/install/tiago_bringup:/home/alberto/tiago_public_ws/install/tiago_description:/home/alberto/tiago_public_ws/install/tiago_controller_configuration:/home/alberto/tiago_public_ws/install/tiago_2dnav:/home/alberto/tiago_public_ws/install/tiago_laser_sensors:/home/alberto/tiago_public_ws/install/pmb2_description:/home/alberto/tiago_public_ws/install/pmb2_controller_configuration:/home/alberto/tiago_public_ws/install/pmb2_2dnav:/home/alberto/tiago_public_ws/install/play_motion2:/home/alberto/tiago_public_ws/install/pal_hey5_description:/home/alberto/tiago_public_ws/install/pal_gripper_description:/home/alberto/tiago_public_ws/install/urdf_test:/home/alberto/tiago_public_ws/install/pmb2_laser_sensors:/home/alberto/tiago_public_ws/install/play_motion2_msgs:/home/alberto/tiago_public_ws/install/pal_urdf_utils:/home/alberto/tiago_public_ws/install/pal_robotiq_description:/home/alberto/tiago_public_ws/install/pal_robotiq_controller_configuration:/home/alberto/tiago_public_ws/install/pal_hey5_controller_configuration:/home/alberto/tiago_public_ws/install/pal_gripper_controller_configuration:/home/alberto/tiago_public_ws/install/pal_gazebo_worlds:/opt/ros/humble LD_LIBRARY_PATH=/home/alberto/tiago_public_ws/install/play_motion2/lib:/home/alberto/tiago_public_ws/install/play_motion2_msgs/lib:${LD_LIBRARY_PATH} PYTHONPATH=/home/alberto/tiago_public_ws/install/tiago_description/local/lib/python3.10/dist-packages:/home/alberto/tiago_public_ws/install/pmb2_description/local/lib/python3.10/dist-packages:/home/alberto/tiago_public_ws/install/play_motion2/local/lib/python3.10/dist-packages:/home/alberto/tiago_public_ws/install/urdf_test/local/lib/python3.10/dist-packages:/home/alberto/tiago_public_ws/install/play_motion2_msgs/local/lib/python3.10/dist-packages:/home/alberto/tiago_public_ws/build/launch_pal:/home/alberto/tiago_public_ws/install/launch_pal/lib/python3.10/site-packages:${PYTHONPATH} /usr/bin/cmake --install /home/alberto/tiago_public_ws/build/tiago_simulation
[80.799s] Level 1:colcon.colcon_core.environment:checking '/home/alberto/tiago_public_ws/install/tiago_simulation' for CMake config files
[80.799s] Level 1:colcon.colcon_core.shell:create_environment_hook('tiago_simulation', 'cmake_prefix_path')
[80.800s] INFO:colcon.colcon_core.shell:Creating environment hook '/home/alberto/tiago_public_ws/install/tiago_simulation/share/tiago_simulation/hook/cmake_prefix_path.ps1'
[80.800s] INFO:colcon.colcon_core.shell:Creating environment descriptor '/home/alberto/tiago_public_ws/install/tiago_simulation/share/tiago_simulation/hook/cmake_prefix_path.dsv'
[80.800s] INFO:colcon.colcon_core.shell:Creating environment hook '/home/alberto/tiago_public_ws/install/tiago_simulation/share/tiago_simulation/hook/cmake_prefix_path.sh'
[80.801s] Level 1:colcon.colcon_core.environment:checking '/home/alberto/tiago_public_ws/install/tiago_simulation/bin'
[80.801s] Level 1:colcon.colcon_core.environment:checking '/home/alberto/tiago_public_ws/install/tiago_simulation/lib/pkgconfig/tiago_simulation.pc'
[80.802s] Level 1:colcon.colcon_core.environment:checking '/home/alberto/tiago_public_ws/install/tiago_simulation/lib/python3.10/site-packages'
[80.802s] Level 1:colcon.colcon_core.environment:checking '/home/alberto/tiago_public_ws/install/tiago_simulation/bin'
[80.802s] INFO:colcon.colcon_core.shell:Creating package script '/home/alberto/tiago_public_ws/install/tiago_simulation/share/tiago_simulation/package.ps1'
[80.803s] INFO:colcon.colcon_core.shell:Creating package descriptor '/home/alberto/tiago_public_ws/install/tiago_simulation/share/tiago_simulation/package.dsv'
[80.804s] INFO:colcon.colcon_core.shell:Creating package script '/home/alberto/tiago_public_ws/install/tiago_simulation/share/tiago_simulation/package.sh'
[80.804s] INFO:colcon.colcon_core.shell:Creating package script '/home/alberto/tiago_public_ws/install/tiago_simulation/share/tiago_simulation/package.bash'
[80.804s] INFO:colcon.colcon_core.shell:Creating package script '/home/alberto/tiago_public_ws/install/tiago_simulation/share/tiago_simulation/package.zsh'
[80.805s] Level 1:colcon.colcon_core.environment:create_file_with_runtime_dependencies(/home/alberto/tiago_public_ws/install/tiago_simulation/share/colcon-core/packages/tiago_simulation)
[80.806s] Level 1:colcon.colcon_core.environment:create_environment_scripts_only(tiago_simulation)
[80.806s] Level 1:colcon.colcon_core.environment:checking '/home/alberto/tiago_public_ws/install/tiago_simulation' for CMake module files
[80.807s] Level 1:colcon.colcon_core.environment:checking '/home/alberto/tiago_public_ws/install/tiago_simulation' for CMake config files
[80.807s] Level 1:colcon.colcon_core.shell:create_environment_hook('tiago_simulation', 'cmake_prefix_path')
[80.807s] INFO:colcon.colcon_core.shell:Creating environment hook '/home/alberto/tiago_public_ws/install/tiago_simulation/share/tiago_simulation/hook/cmake_prefix_path.ps1'
[80.808s] INFO:colcon.colcon_core.shell:Creating environment descriptor '/home/alberto/tiago_public_ws/install/tiago_simulation/share/tiago_simulation/hook/cmake_prefix_path.dsv'
[80.808s] INFO:colcon.colcon_core.shell:Creating environment hook '/home/alberto/tiago_public_ws/install/tiago_simulation/share/tiago_simulation/hook/cmake_prefix_path.sh'
[80.809s] Level 1:colcon.colcon_core.environment:checking '/home/alberto/tiago_public_ws/install/tiago_simulation/bin'
[80.810s] Level 1:colcon.colcon_core.environment:checking '/home/alberto/tiago_public_ws/install/tiago_simulation/lib/pkgconfig/tiago_simulation.pc'
[80.810s] Level 1:colcon.colcon_core.environment:checking '/home/alberto/tiago_public_ws/install/tiago_simulation/lib/python3.10/site-packages'
[80.810s] Level 1:colcon.colcon_core.environment:checking '/home/alberto/tiago_public_ws/install/tiago_simulation/bin'
[80.811s] INFO:colcon.colcon_core.shell:Creating package script '/home/alberto/tiago_public_ws/install/tiago_simulation/share/tiago_simulation/package.ps1'
[80.811s] INFO:colcon.colcon_core.shell:Creating package descriptor '/home/alberto/tiago_public_ws/install/tiago_simulation/share/tiago_simulation/package.dsv'
[80.812s] INFO:colcon.colcon_core.shell:Creating package script '/home/alberto/tiago_public_ws/install/tiago_simulation/share/tiago_simulation/package.sh'
[80.813s] INFO:colcon.colcon_core.shell:Creating package script '/home/alberto/tiago_public_ws/install/tiago_simulation/share/tiago_simulation/package.bash'
[80.813s] INFO:colcon.colcon_core.shell:Creating package script '/home/alberto/tiago_public_ws/install/tiago_simulation/share/tiago_simulation/package.zsh'
[80.814s] Level 1:colcon.colcon_core.environment:create_file_with_runtime_dependencies(/home/alberto/tiago_public_ws/install/tiago_simulation/share/colcon-core/packages/tiago_simulation)
[80.816s] DEBUG:colcon.colcon_parallel_executor.executor.parallel:closing loop
[80.818s] DEBUG:colcon.colcon_parallel_executor.executor.parallel:loop closed
[80.819s] DEBUG:colcon.colcon_parallel_executor.executor.parallel:run_until_complete finished with '0'
[80.820s] DEBUG:colcon.colcon_core.event_reactor:joining thread
[80.923s] INFO:colcon.colcon_core.plugin_system:Skipping extension 'colcon_notification.desktop_notification.terminal_notifier': Not used on non-Darwin systems
[80.923s] INFO:colcon.colcon_core.plugin_system:Skipping extension 'colcon_notification.desktop_notification.win32': Not used on non-Windows systems
[80.923s] INFO:colcon.colcon_notification.desktop_notification:Sending desktop notification using 'notify2'
[81.468s] DEBUG:colcon.colcon_core.event_reactor:joined thread
[81.474s] INFO:colcon.colcon_core.shell:Creating prefix script '/home/alberto/tiago_public_ws/install/local_setup.ps1'
[81.478s] INFO:colcon.colcon_core.shell:Creating prefix util module '/home/alberto/tiago_public_ws/install/_local_setup_util_ps1.py'
[81.482s] INFO:colcon.colcon_core.shell:Creating prefix chain script '/home/alberto/tiago_public_ws/install/setup.ps1'
[81.485s] INFO:colcon.colcon_core.shell:Creating prefix script '/home/alberto/tiago_public_ws/install/local_setup.sh'
[81.487s] INFO:colcon.colcon_core.shell:Creating prefix util module '/home/alberto/tiago_public_ws/install/_local_setup_util_sh.py'
[81.487s] INFO:colcon.colcon_core.shell:Creating prefix chain script '/home/alberto/tiago_public_ws/install/setup.sh'
[81.489s] INFO:colcon.colcon_core.shell:Creating prefix script '/home/alberto/tiago_public_ws/install/local_setup.bash'
[81.490s] INFO:colcon.colcon_core.shell:Creating prefix chain script '/home/alberto/tiago_public_ws/install/setup.bash'
[81.492s] INFO:colcon.colcon_core.shell:Creating prefix script '/home/alberto/tiago_public_ws/install/local_setup.zsh'
[81.494s] INFO:colcon.colcon_core.shell:Creating prefix chain script '/home/alberto/tiago_public_ws/install/setup.zsh'
