user_input,retrieved_contexts,response,reference,answer_correctness,answer_relevancy,faithfulness,context_precision,context_recall,context_entity_recall,eval_type,evaluation_name,reference_contexts,summary_score,Configuracion,Eval_Category
¿Cuántas personas hay exactamente en la zona de Recepción en este momento?,"['[Zona: Recepcion | Tipo: Desconocida | Vuelta: 1]\n""alerta"": false\n    },\n    {\n      ""tiempo"": ""389s"",\n      ""descripcion_vlm"": ""1 personas. (Persona Nº 12: De pie (?))| En la imagen, una persona (ID_12) está de pie frente al mostrador de recepción, posiblemente esperando o interactuando con el personal. No se observan actividades que amenacen la vida ni situaciones de emergencia. La zona es de tipo \\""Desconocida\\"", pero"",\n      ""alerta"": false\n    },\n    {\n      ""tiempo"": ""598s"",\n      ""descripcion_vlm"": ""2 personas. (Persona Nº 1: Sentada, Persona Nº 2: Sentada)| En la imagen se observan dos personas en una zona de recepción hospitalaria.\\n\\n- **"",\n      ""alerta"": false\n    },\n    {\n      ""tiempo"": ""2246s"",\n      ""descripcion_vlm"": ""5 personas. (Persona Nº 1: De pie o caminando, Persona Nº 2: De pie (?), Persona Nº 3: De pie (?), Persona Nº 4: De pie (?), Persona Nº 5: De pie (?))| En la zona de Recepción (clasificada como Desconocida), se observan varias personas en diferentes estados de actividad:\\n\\n- **"",', '[Zona: Recepcion | Tipo: Desconocida | Vuelta: 1]\n""alerta"": false\n    },\n    {\n      ""tiempo"": ""111s"",\n      ""descripcion_vlm"": ""1 personas. (Persona Nº 6: Sentada)| En la zona de Recepción (clasificada como Desconocida), se observa una persona sentada en un banco, posiblemente esperando o descansando. Otra persona camina por el área, sin aparente riesgo. No hay situaciones que amenacen la vida.\\n\\n**Situación:"",\n      ""alerta"": false\n    },\n    {\n      ""tiempo"": ""116s"",\n      ""descripcion_vlm"": ""1 personas. (Persona Nº 8: Sentada)| En la zona de Recepción (clasificada como Desconocida), se observa a dos personas. La persona identificada como"",\n      ""alerta"": false\n    },\n    {\n      ""tiempo"": ""379s"",', '[Zona: Sala Común | Tipo: Pública y Espera | Vuelta: 1]\n{\n  ""eventos_recientes"": [\n    {\n      ""tiempo"": ""1192s"",\n      ""descripcion_vlm"": ""2 personas. (Persona Nº 1: De pie o caminando, Persona Nº 2: De pie (?))| En la Sala Común, se observa a dos personas: una de pie (ID_1) y otra sentada (ID_2), ambas en posición de espera o conversación, sin actividades que amenacen la vida. El ambiente es tranquilo y seguro."",\n      ""alerta"": false\n    },\n    {\n      ""tiempo"": ""1197s"",\n      ""descripcion_vlm"": ""1 personas. (Persona Nº 58: De pie o caminando)| En la imagen, se observa una persona (ID_58) de pie, posiblemente conversando o esperando junto a otra persona en la Sala Común. No hay actividades que amenacen la vida ni situaciones de emergencia.\\n\\n**Respuesta:**\\n- Actividad: Espera o conversación"",\n      ""alerta"": false\n    },\n    {\n      ""tiempo"": ""1202s"",']","Según el contexto de sensores recuperado, en diferentes momentos se han registrado las siguientes cantidades de personas en la zona de Recepción:

* En el tiempo 389s: 1 persona
* En el tiempo 598s: 2 personas
* En el tiempo 2246s: 5 personas
* En el tiempo 111s: 1 persona
* En el tiempo 116s: No se especifica la cantidad de personas, solo se menciona a una persona sentada (Persona Nº 8)

No hay información registrada sobre la cantidad de personas en la zona de Recepción en un momento específico.",Hay seis personas,0.4855484422035986,0.5185232250650884,,0.0,0.0,0.0,short,qwan3.5_reranker,,,qwan3.5_reranker,system
¿Hay alguna persona presente en la Habitación Individual 1 o se encuentra vacía?,"['[Zona: Habitación Compartida 1 | Tipo: Privada y Pacientes | Vuelta: 1]\n{\n  ""eventos_recientes"": [\n    {\n      ""tiempo"": ""662s"",\n      ""descripcion_vlm"": ""2 personas. (Persona Nº 1: De pie (?), Persona Nº 2: Sentada (?))| En la imagen, se observa una persona (ID_2, caja verde) descansando o sentada en la cama. Otra persona (ID_1, caja azul) está de pie junto a la cama, posiblemente interactuando con la primera persona. No hay indicios de una situación"",\n      ""alerta"": false\n    }\n  ]\n}', '[Zona: Baño 1 | Tipo: Privada y Servicios | Vuelta: 1]\n{\n  ""eventos_recientes"": [\n    {\n      ""tiempo"": ""854s"",\n      ""descripcion_vlm"": ""1 personas. (Persona Nº 1: De pie o caminando)"",\n      ""alerta"": false\n    },\n    {\n      ""tiempo"": ""859s"",\n      ""descripcion_vlm"": ""1 personas. (Persona Nº 1: De pie (?))"",\n      ""alerta"": false\n    },\n    {\n      ""tiempo"": ""864s"",\n      ""descripcion_vlm"": ""1 personas. (Persona Nº 1: De pie (?))| En la imagen, se observa una persona (ID_1) en la zona de Baño 1, realizando actividades de aseo personal o lavándose las manos, como se indica en el contexto. No hay situaciones que amenacen la vida, como caídas o emergencias.\\n\\n**Resp"",\n      ""alerta"": false\n    }\n  ]\n}', '[Zona: Quirófano 1 | Tipo: Crítica y Alta Esterilidad | Vuelta: 1]\n{\n  ""eventos_recientes"": [\n    {\n      ""tiempo"": ""977s"",\n      ""descripcion_vlm"": ""1 personas. (Persona Nº 1: De pie o caminando)| En Quirófano 1, se observa a una persona (ID_1) realizando la actividad de caminar por el pasillo. No se detectan situaciones que amenacen la vida."",\n      ""alerta"": false\n    }\n  ]\n}']","Según los sensores, en la ""Habitación Compartida 1"" (no ""Individual 1""), se registró una situación con 2 personas: una persona de pie y otra sentada. No hay información registrada sobre la ""Habitación Individual 1"".",No hay nadie en la Habitación Individual 1,0.7843752093344465,0.5222771173512261,0.5,0.9999999999666668,0.0,0.0,short,qwan3.5_reranker,,,qwan3.5_reranker,system
¿El pasillo está completamente vacío o hay personas transitando por él?,"['[Zona: Quirófano 2 | Tipo: Crítica y Alta Esterilidad | Vuelta: 1]\n{\n  ""eventos_recientes"": [\n    {\n      ""tiempo"": ""1379s"",\n      ""descripcion_vlm"": ""1 personas. (Persona Nº 1: Sentada)"",\n      ""alerta"": false\n    },\n    {\n      ""tiempo"": ""1393s"",\n      ""descripcion_vlm"": ""1 personas. (Persona Nº 1: De pie (?))| En Quirófano 2, una persona (ID_1) está de pie y realizando actividades relacionadas con la preparación de instrumental o asistencia quirúrgica. No se observan situaciones que amenacen la vida."",\n      ""alerta"": false\n    },\n    {\n      ""tiempo"": ""1408s"",\n      ""descripcion_vlm"": ""1 personas. (Persona Nº 1: De pie (?))| En Quirófano 2, se observa a una persona (ID_1) caminando por el pasillo, alejándose de la zona de cirugía. No hay actividades de cirugía ni preparación de instrumental visibles en esta imagen. No hay situaciones que amenacen la vida.\\n\\n**Estado"",\n      ""alerta"": false\n    },\n    {\n      ""tiempo"": ""1423s"",', '[Zona: Baño 2 | Tipo: Privada y Servicios | Vuelta: 1]\n{\n  ""eventos_recientes"": [\n    {\n      ""tiempo"": ""1418s"",\n      ""descripcion_vlm"": ""1 personas. (Persona Nº 1: De pie (?))"",\n      ""alerta"": false\n    },\n    {\n      ""tiempo"": ""1534s"",\n      ""descripcion_vlm"": ""1 personas. (Persona Nº 71: De pie o caminando)| En la imagen, una persona ("",\n      ""alerta"": false\n    },\n    {\n      ""tiempo"": ""1544s"",\n      ""descripcion_vlm"": ""1 personas. (Persona Nº 1: Sentada)| En la imagen, la persona (ID_1) está realizando actividades de aseo personal, específicamente lavándose las manos en el área de servicios. No se observa ninguna situación que amenace la vida, como una caída. La zona está ocupada por una persona realizando actividades normales."",\n      ""alerta"": false\n    },\n    {\n      ""tiempo"": ""1568s"",\n      ""descripcion_vlm"": ""2 personas. (Persona Nº 1: De pie o caminando, Persona Nº 2: De pie (?))| En la imagen, se observa una persona ("",\n      ""alerta"": false\n    },\n    {\n      ""tiempo"": ""1844s"",', '[Zona: Habitación Individual 2 | Tipo: Privada y Pacientes | Vuelta: 1]\n{\n  ""eventos_recientes"": [\n    {\n      ""tiempo"": ""419s"",\n      ""descripcion_vlm"": ""1 personas. (Persona Nº 1: De pie (?))"",\n      ""alerta"": false\n    },\n    {\n      ""tiempo"": ""468s"",\n      ""descripcion_vlm"": ""1 personas. (Persona Nº 1: De pie (?))| En la imagen se observa una persona (ID_1) de pie en la zona de espera o pasillo del hospital, cerca de una silla vacía. No hay evidencia de actividades de descanso en cama ni recepción de tratamiento en este plano. No se detectan situaciones que amenacen la vida."",\n      ""alerta"": false\n    },\n    {\n      ""tiempo"": ""473s"",\n      ""descripcion_vlm"": ""2 personas. (Persona Nº 1: De pie (?), Persona Nº 2: De pie o caminando)| En la imagen, se observa una persona (ID_1, caja azul) de pie y caminando en la zona de espera del hospital. Otra persona (ID_2, caja verde) también se encuentra de pie o caminando cerca. No hay indicios de situaciones que amenacen la vida"",\n      ""alerta"": false\n    },\n    {\n      ""tiempo"": ""478s"",']",No hay información registrada sobre el Escaleras 2.,"Hay varias personas, una caminando, otra corriendo y una trabajadora del hospital llevando a un paciente en silla de ruedas",0.3602136979532234,0.0,0.0,0.8333333332916666,0.0,0.0,short,qwan3.5_reranker,,,qwan3.5_reranker,system
¿Cuántas personas en total se detectan dentro de la Habitación Compartida 2?,"['[Zona: Habitación Compartida 2 | Tipo: Privada y Pacientes | Vuelta: 1]\n{\n  ""eventos_recientes"": [\n    {\n      ""tiempo"": ""1067s"",\n      ""descripcion_vlm"": ""1 personas. (Persona Nº 1: De pie (?))"",\n      ""alerta"": false\n    }\n  ]\n}', '[Zona: Habitación Compartida 1 | Tipo: Privada y Pacientes | Vuelta: 1]\n{\n  ""eventos_recientes"": [\n    {\n      ""tiempo"": ""662s"",\n      ""descripcion_vlm"": ""2 personas. (Persona Nº 1: De pie (?), Persona Nº 2: Sentada (?))| En la imagen, se observa una persona (ID_2, caja verde) descansando o sentada en la cama. Otra persona (ID_1, caja azul) está de pie junto a la cama, posiblemente interactuando con la primera persona. No hay indicios de una situación"",\n      ""alerta"": false\n    }\n  ]\n}', '[Zona: Habitación Individual 2 | Tipo: Privada y Pacientes | Vuelta: 1]\n{\n  ""eventos_recientes"": [\n    {\n      ""tiempo"": ""419s"",\n      ""descripcion_vlm"": ""1 personas. (Persona Nº 1: De pie (?))"",\n      ""alerta"": false\n    },\n    {\n      ""tiempo"": ""468s"",\n      ""descripcion_vlm"": ""1 personas. (Persona Nº 1: De pie (?))| En la imagen se observa una persona (ID_1) de pie en la zona de espera o pasillo del hospital, cerca de una silla vacía. No hay evidencia de actividades de descanso en cama ni recepción de tratamiento en este plano. No se detectan situaciones que amenacen la vida."",\n      ""alerta"": false\n    },\n    {\n      ""tiempo"": ""473s"",\n      ""descripcion_vlm"": ""2 personas. (Persona Nº 1: De pie (?), Persona Nº 2: De pie o caminando)| En la imagen, se observa una persona (ID_1, caja azul) de pie y caminando en la zona de espera del hospital. Otra persona (ID_2, caja verde) también se encuentra de pie o caminando cerca. No hay indicios de situaciones que amenacen la vida"",\n      ""alerta"": false\n    },\n    {\n      ""tiempo"": ""478s"",']","Según los sensores, se registró una persona en la ""Habitación Compartida 2"".",No hay nadie en la Habitacion Compartida 2,0.4930801755007872,0.6003871441787024,0.5,0.0,0.3333333333333333,0.0,short,qwan3.5_reranker,,,qwan3.5_reranker,system
¿Hay alguien presente dentro del Quirófano 2?,"['[Zona: Quirófano 2 | Tipo: Crítica y Alta Esterilidad | Vuelta: 1]\n{\n  ""eventos_recientes"": [\n    {\n      ""tiempo"": ""1379s"",\n      ""descripcion_vlm"": ""1 personas. (Persona Nº 1: Sentada)"",\n      ""alerta"": false\n    },\n    {\n      ""tiempo"": ""1393s"",\n      ""descripcion_vlm"": ""1 personas. (Persona Nº 1: De pie (?))| En Quirófano 2, una persona (ID_1) está de pie y realizando actividades relacionadas con la preparación de instrumental o asistencia quirúrgica. No se observan situaciones que amenacen la vida."",\n      ""alerta"": false\n    },\n    {\n      ""tiempo"": ""1408s"",\n      ""descripcion_vlm"": ""1 personas. (Persona Nº 1: De pie (?))| En Quirófano 2, se observa a una persona (ID_1) caminando por el pasillo, alejándose de la zona de cirugía. No hay actividades de cirugía ni preparación de instrumental visibles en esta imagen. No hay situaciones que amenacen la vida.\\n\\n**Estado"",\n      ""alerta"": false\n    },\n    {\n      ""tiempo"": ""1423s"",', '[Zona: Habitación Individual 2 | Tipo: Privada y Pacientes | Vuelta: 1]\n{\n  ""eventos_recientes"": [\n    {\n      ""tiempo"": ""419s"",\n      ""descripcion_vlm"": ""1 personas. (Persona Nº 1: De pie (?))"",\n      ""alerta"": false\n    },\n    {\n      ""tiempo"": ""468s"",\n      ""descripcion_vlm"": ""1 personas. (Persona Nº 1: De pie (?))| En la imagen se observa una persona (ID_1) de pie en la zona de espera o pasillo del hospital, cerca de una silla vacía. No hay evidencia de actividades de descanso en cama ni recepción de tratamiento en este plano. No se detectan situaciones que amenacen la vida."",\n      ""alerta"": false\n    },\n    {\n      ""tiempo"": ""473s"",\n      ""descripcion_vlm"": ""2 personas. (Persona Nº 1: De pie (?), Persona Nº 2: De pie o caminando)| En la imagen, se observa una persona (ID_1, caja azul) de pie y caminando en la zona de espera del hospital. Otra persona (ID_2, caja verde) también se encuentra de pie o caminando cerca. No hay indicios de situaciones que amenacen la vida"",\n      ""alerta"": false\n    },\n    {\n      ""tiempo"": ""478s"",', '[Zona: Baño 2 | Tipo: Privada y Servicios | Vuelta: 1]\n{\n  ""eventos_recientes"": [\n    {\n      ""tiempo"": ""1418s"",\n      ""descripcion_vlm"": ""1 personas. (Persona Nº 1: De pie (?))"",\n      ""alerta"": false\n    },\n    {\n      ""tiempo"": ""1534s"",\n      ""descripcion_vlm"": ""1 personas. (Persona Nº 71: De pie o caminando)| En la imagen, una persona ("",\n      ""alerta"": false\n    },\n    {\n      ""tiempo"": ""1544s"",\n      ""descripcion_vlm"": ""1 personas. (Persona Nº 1: Sentada)| En la imagen, la persona (ID_1) está realizando actividades de aseo personal, específicamente lavándose las manos en el área de servicios. No se observa ninguna situación que amenace la vida, como una caída. La zona está ocupada por una persona realizando actividades normales."",\n      ""alerta"": false\n    },\n    {\n      ""tiempo"": ""1568s"",\n      ""descripcion_vlm"": ""2 personas. (Persona Nº 1: De pie o caminando, Persona Nº 2: De pie (?))| En la imagen, se observa una persona ("",\n      ""alerta"": false\n    },\n    {\n      ""tiempo"": ""1844s"",']","Según los datos de sensores, en el Quirófano 2 se observa a una persona (ID_1) realizando actividades relacionadas con la preparación de instrumental o asistencia quirúrgica. En un momento, esta persona está de pie y luego camina por el pasillo alejándose de la zona de cirugía. No hay situaciones que amenacen la vida.","Sí, se está realizando una intervención a un paciente que está tumbado en la cama. Hay tres trabajadores del hospital realizandolo",0.5590082063489239,0.5572330501664617,1.0,0.9999999999,0.0,0.0,short,qwan3.5_reranker,,,qwan3.5_reranker,system
¿Se está haciendo alguna actividad en el Quirófano 2?,"['[Zona: Quirófano 2 | Tipo: Crítica y Alta Esterilidad | Vuelta: 1]\n""alerta"": false\n    },\n    {\n      ""tiempo"": ""1423s"",\n      ""descripcion_vlm"": ""3 personas. (Persona Nº 1: De pie (?), Persona Nº 2: De pie (?), Persona Nº 3: De pie (?))| En Quirófano 2, se observa actividad de preparación de instrumental y asistencia quirúrgica.\\n\\n- **"",\n      ""alerta"": false\n    },\n    {\n      ""tiempo"": ""1428s"",\n      ""descripcion_vlm"": ""2 personas. (Persona Nº 65: De pie (?), Persona Nº 66: De pie (?))| En Quirófano 2, se observa una actividad de preparación de instrumental. La persona ID_65 (Caja ROJA) está de pie, posiblemente supervisando o esperando. La persona ID_66 ("",\n      ""alerta"": false\n    },\n    {\n      ""tiempo"": ""1523s"",\n      ""descripcion_vlm"": ""1 personas. (Persona Nº 1: De pie o caminando)| **Situación:** Zona Crítica y Alta Esterilidad (Quirófano 2).\\n\\n**Actividad detectada:**\\nEl sujeto ID_1 está realizando una actividad de **movimiento rápido** (corriendo o caminando muy veloz) dentro de la zona quirúrg"",\n      ""alerta"": false\n    },', '[Zona: Quirófano 2 | Tipo: Crítica y Alta Esterilidad | Vuelta: 1]\n{\n  ""eventos_recientes"": [\n    {\n      ""tiempo"": ""1379s"",\n      ""descripcion_vlm"": ""1 personas. (Persona Nº 1: Sentada)"",\n      ""alerta"": false\n    },\n    {\n      ""tiempo"": ""1393s"",\n      ""descripcion_vlm"": ""1 personas. (Persona Nº 1: De pie (?))| En Quirófano 2, una persona (ID_1) está de pie y realizando actividades relacionadas con la preparación de instrumental o asistencia quirúrgica. No se observan situaciones que amenacen la vida."",\n      ""alerta"": false\n    },\n    {\n      ""tiempo"": ""1408s"",\n      ""descripcion_vlm"": ""1 personas. (Persona Nº 1: De pie (?))| En Quirófano 2, se observa a una persona (ID_1) caminando por el pasillo, alejándose de la zona de cirugía. No hay actividades de cirugía ni preparación de instrumental visibles en esta imagen. No hay situaciones que amenacen la vida.\\n\\n**Estado"",\n      ""alerta"": false\n    },\n    {\n      ""tiempo"": ""1423s"",', '[Zona: Baño 2 | Tipo: Privada y Servicios | Vuelta: 1]\n""alerta"": false\n    },\n    {\n      ""tiempo"": ""1844s"",\n      ""descripcion_vlm"": ""1 personas. (Persona Nº 1: De pie (?))"",\n      ""alerta"": false\n    },\n    {\n      ""tiempo"": ""1849s"",\n      ""descripcion_vlm"": ""1 personas. (Persona Nº 1: De pie (?))| En la imagen, se observa una persona (ID_1) en la zona de Baño 2, realizando actividades de aseo personal o lavándose las manos, como corresponde a una zona privada de servicios. No hay situaciones que amenacen la vida ni personas en peligro.\\n\\n**Estado:"",\n      ""alerta"": false\n    }\n  ]\n}']","Sí, según el contexto de sensores recuperado, en el Quirófano 2 se están realizando actividades de preparación de instrumental y asistencia quirúrgica.","Sí, se está realizando una intervención quirúrgica a un paciente que está tumbado en la cama. Hay tres trabajadores del hospital realizandolo",0.6042526880331852,0.7023087032958338,0.6666666666666666,0.99999999995,0.0,0.0,short,qwan3.5_reranker,,,qwan3.5_reranker,system
¿Se detecta a alguna persona caída en el suelo en alguna zona del hospital?,"['[Zona: Almacén 2 | Tipo: Restringida | Vuelta: 1]\n{\n  ""eventos_recientes"": [\n    {\n      ""tiempo"": ""2449s"",\n      ""descripcion_vlm"": ""1 personas. (Persona Nº 1: De pie (?))| En la imagen se observa una persona (ID_1) en una zona restringida del hospital, realizando actividades relacionadas con el manejo de suministros. Está de pie y parece estar cargando o moviendo cajas, posiblemente como parte de un proceso de inventario o distribución de material. No se"",\n      ""alerta"": false\n    },\n    {\n      ""tiempo"": ""2454s"",\n      ""descripcion_vlm"": ""2 personas. (Persona Nº 1: Sentada, Persona Nº 2: Sentada)| En la imagen se observan dos personas en una zona restringida del hospital (Almacén 2).\\n\\n- **"",\n      ""alerta"": false\n    }\n  ]\n}', '[Zona: Habitación Individual 2 | Tipo: Privada y Pacientes | Vuelta: 1]\n{\n  ""eventos_recientes"": [\n    {\n      ""tiempo"": ""419s"",\n      ""descripcion_vlm"": ""1 personas. (Persona Nº 1: De pie (?))"",\n      ""alerta"": false\n    },\n    {\n      ""tiempo"": ""468s"",\n      ""descripcion_vlm"": ""1 personas. (Persona Nº 1: De pie (?))| En la imagen se observa una persona (ID_1) de pie en la zona de espera o pasillo del hospital, cerca de una silla vacía. No hay evidencia de actividades de descanso en cama ni recepción de tratamiento en este plano. No se detectan situaciones que amenacen la vida."",\n      ""alerta"": false\n    },\n    {\n      ""tiempo"": ""473s"",\n      ""descripcion_vlm"": ""2 personas. (Persona Nº 1: De pie (?), Persona Nº 2: De pie o caminando)| En la imagen, se observa una persona (ID_1, caja azul) de pie y caminando en la zona de espera del hospital. Otra persona (ID_2, caja verde) también se encuentra de pie o caminando cerca. No hay indicios de situaciones que amenacen la vida"",\n      ""alerta"": false\n    },\n    {\n      ""tiempo"": ""478s"",', '[Zona: Habitación Compartida 3 | Tipo: Privada y Pacientes | Vuelta: 1]\n{\n  ""eventos_recientes"": [\n    {\n      ""tiempo"": ""998s"",\n      ""descripcion_vlm"": ""1 personas. (Persona Nº 1: De pie (?))| Las personas en la imagen están descansando en cama y conversando con otros. No hay situaciones que amenacen la vida. Hay personas en la imagen."",\n      ""alerta"": false\n    },\n    {\n      ""tiempo"": ""1072s"",\n      ""descripcion_vlm"": ""1 personas. (Persona Nº 1: De pie (?))| En la imagen, se observa una persona (ID_1) caminando por el pasillo del hospital. No hay indicios de actividades de descanso ni conversación en este momento. No se detectan situaciones que amenacen la vida.\\n\\n**Respuesta:**\\n- Actividad: Caminando por"",\n      ""alerta"": false\n    }\n  ]\n}']",No hay información registrada sobre alguien en el suelo en algún lugar del hospital.,"Sí, hay una trabajadora en el suelo en la Habitación Compartida 2",0.7805234951405184,0.6822439133716824,1.0,0.5833333333041666,1.0,0.0,short,qwan3.5_reranker,,,qwan3.5_reranker,system
"En la Habitación Compartida 4, ¿las personas detectadas están acostadas en las camas o hay alguien de pie/sentado?","['[Zona: Habitación Compartida 4 | Tipo: Privada y Pacientes | Vuelta: 1]\n{\n  ""eventos_recientes"": [\n    {\n      ""tiempo"": ""1364s"",\n      ""descripcion_vlm"": ""1 personas. (Persona Nº 1: De pie (?))| En la imagen se observa una persona (ID_1) de pie, posiblemente caminando o en movimiento dentro del pasillo de la Habitación Compartida 4. No hay indicios de actividades de descanso ni conversación visibles en este momento. No se detectan situaciones que amenacen la vida ("",\n      ""alerta"": false\n    },\n    {\n      ""tiempo"": ""1369s"",\n      ""descripcion_vlm"": ""2 personas. (Persona Nº 1: De pie (?), Persona Nº 2: De pie (?))"",\n      ""alerta"": false\n    }\n  ]\n}', '[Zona: Habitación Compartida 3 | Tipo: Privada y Pacientes | Vuelta: 1]\n{\n  ""eventos_recientes"": [\n    {\n      ""tiempo"": ""998s"",\n      ""descripcion_vlm"": ""1 personas. (Persona Nº 1: De pie (?))| Las personas en la imagen están descansando en cama y conversando con otros. No hay situaciones que amenacen la vida. Hay personas en la imagen."",\n      ""alerta"": false\n    },\n    {\n      ""tiempo"": ""1072s"",\n      ""descripcion_vlm"": ""1 personas. (Persona Nº 1: De pie (?))| En la imagen, se observa una persona (ID_1) caminando por el pasillo del hospital. No hay indicios de actividades de descanso ni conversación en este momento. No se detectan situaciones que amenacen la vida.\\n\\n**Respuesta:**\\n- Actividad: Caminando por"",\n      ""alerta"": false\n    }\n  ]\n}', '[Zona: Habitación Compartida 5 | Tipo: Privada y Pacientes | Vuelta: 1]\n{\n      ""tiempo"": ""1869s"",\n      ""descripcion_vlm"": ""1 personas. (Persona Nº 76: Sentada)| En la imagen, se observa una persona ("",\n      ""alerta"": false\n    },\n    {\n      ""tiempo"": ""1874s"",\n      ""descripcion_vlm"": ""1 personas. (Persona Nº 76: Sentada)| Las personas en la imagen están sentadas en sus camas, descansando o conversando. No se observa ninguna situación que amenace la vida.\\n\\n**Respuesta:** Descansando/Conversando"",\n      ""alerta"": false\n    }\n  ]\n}']","Según el contexto de sensores, en la Habitación Compartida 4 se observó a una persona (ID_1) de pie, posiblemente caminando o en movimiento dentro del pasillo. No hay indicios de actividades de descanso ni conversación visibles en este momento.",Hay dos pacientes en las camas y una trabajadora de pie al lado de uno de los pacientes,0.6093754271034112,0.6011923476740204,1.0,0.9999999999666668,0.5,0.0,short,qwan3.5_reranker,,,qwan3.5_reranker,system
¿Cuántas personas hay actualmente en la Sala Común?,"['[Zona: Sala Común | Tipo: Pública y Espera | Vuelta: 1]\n{\n  ""eventos_recientes"": [\n    {\n      ""tiempo"": ""1192s"",\n      ""descripcion_vlm"": ""2 personas. (Persona Nº 1: De pie o caminando, Persona Nº 2: De pie (?))| En la Sala Común, se observa a dos personas: una de pie (ID_1) y otra sentada (ID_2), ambas en posición de espera o conversación, sin actividades que amenacen la vida. El ambiente es tranquilo y seguro."",\n      ""alerta"": false\n    },\n    {\n      ""tiempo"": ""1197s"",\n      ""descripcion_vlm"": ""1 personas. (Persona Nº 58: De pie o caminando)| En la imagen, se observa una persona (ID_58) de pie, posiblemente conversando o esperando junto a otra persona en la Sala Común. No hay actividades que amenacen la vida ni situaciones de emergencia.\\n\\n**Respuesta:**\\n- Actividad: Espera o conversación"",\n      ""alerta"": false\n    },\n    {\n      ""tiempo"": ""1202s"",', '[Zona: Sala Común | Tipo: Pública y Espera | Vuelta: 1]\n""alerta"": false\n    },\n    {\n      ""tiempo"": ""1232s"",\n      ""descripcion_vlm"": ""1 personas. (Persona Nº 1: De pie (?))| En la imagen se observa una persona (ID_1) de pie y caminando hacia adelante, sin interactuar con el entorno inmediato ni mostrar señales de peligro. No hay situaciones que amenacen la vida.\\n\\n**Respuesta:**\\n- Actividad: Caminando en dirección al interior del hospital"",\n      ""alerta"": false\n    }\n  ]\n}', '[Zona: Habitación Individual 4 | Tipo: Privada y Pacientes | Vuelta: 1]\n{\n  ""eventos_recientes"": [\n    {\n      ""tiempo"": ""2334s"",\n      ""descripcion_vlm"": ""1 personas. (Persona Nº 1: Sentada)| En la imagen, una persona (ID_1) está sentada en la cama de la habitación individual, en una postura de descanso. No se observan actividades que amenacen la vida ni situaciones de emergencia.\\n\\n**Respuesta:**\\n- Actividad: Descansando en cama."",\n      ""alerta"": false\n    }\n  ]\n}']","Sí, hay personas presentes en la Sala Común. Se han registrado dos personas (ID_1 y ID_2) de pie o sentadas, y posteriormente una persona (ID_58) de pie, posiblemente conversando o esperando. Luego, se ha visto a otra persona (ID_1) caminando hacia adelante sin interactuar con el entorno inmediato ni mostrar señales de peligro.","En la sala común hay dos personas de pie con el móvil, frente a frente",0.6304770716493489,0.6578491661194519,1.0,0.9999999999,0.3333333333333333,0.4999999975,short,qwan3.5_reranker,,,qwan3.5_reranker,system
¿Hay alguien que requiera asistencia en el interior de algún Baño?,"['[Zona: Habitación Individual 2 | Tipo: Privada y Pacientes | Vuelta: 1]\n{\n  ""eventos_recientes"": [\n    {\n      ""tiempo"": ""419s"",\n      ""descripcion_vlm"": ""1 personas. (Persona Nº 1: De pie (?))"",\n      ""alerta"": false\n    },\n    {\n      ""tiempo"": ""468s"",\n      ""descripcion_vlm"": ""1 personas. (Persona Nº 1: De pie (?))| En la imagen se observa una persona (ID_1) de pie en la zona de espera o pasillo del hospital, cerca de una silla vacía. No hay evidencia de actividades de descanso en cama ni recepción de tratamiento en este plano. No se detectan situaciones que amenacen la vida."",\n      ""alerta"": false\n    },\n    {\n      ""tiempo"": ""473s"",\n      ""descripcion_vlm"": ""2 personas. (Persona Nº 1: De pie (?), Persona Nº 2: De pie o caminando)| En la imagen, se observa una persona (ID_1, caja azul) de pie y caminando en la zona de espera del hospital. Otra persona (ID_2, caja verde) también se encuentra de pie o caminando cerca. No hay indicios de situaciones que amenacen la vida"",\n      ""alerta"": false\n    },\n    {\n      ""tiempo"": ""478s"",', '[Zona: Oficina 2 | Tipo: Administrativa y Personal | Vuelta: 1]\n{\n  ""eventos_recientes"": [\n    {\n      ""tiempo"": ""1879s"",\n      ""descripcion_vlm"": ""1 personas. (Persona Nº 76: Sentada)| En la imagen, se observa una persona (ID_76) sentada en una silla de ruedas, siendo auxiliada por otra persona que parece estar ayudándola a moverse o estabilizarla. Ambas personas están en una zona administrativa del hospital, donde también hay personal trabajando en ordenadores"",\n      ""alerta"": false\n    },\n    {\n      ""tiempo"": ""1884s"",\n      ""descripcion_vlm"": ""1 personas. (Persona Nº 79: Sentada)| En la imagen, se observa una persona (ID_79) sentada en una silla, posiblemente trabajando o descansando en la zona administrativa. No hay situaciones que amenacen la vida ni personas ausentes; el entorno parece tranquilo y funcional.\\n\\n**Respuesta:**\\n- Actividad"",\n      ""alerta"": false\n    },\n    {\n      ""tiempo"": ""1888s"",', '[Zona: Almacén 2 | Tipo: Restringida | Vuelta: 1]\n{\n  ""eventos_recientes"": [\n    {\n      ""tiempo"": ""2449s"",\n      ""descripcion_vlm"": ""1 personas. (Persona Nº 1: De pie (?))| En la imagen se observa una persona (ID_1) en una zona restringida del hospital, realizando actividades relacionadas con el manejo de suministros. Está de pie y parece estar cargando o moviendo cajas, posiblemente como parte de un proceso de inventario o distribución de material. No se"",\n      ""alerta"": false\n    },\n    {\n      ""tiempo"": ""2454s"",\n      ""descripcion_vlm"": ""2 personas. (Persona Nº 1: Sentada, Persona Nº 2: Sentada)| En la imagen se observan dos personas en una zona restringida del hospital (Almacén 2).\\n\\n- **"",\n      ""alerta"": false\n    }\n  ]\n}']",No hay información registrada sobre situaciones que requieren ayuda o atención médica dentro de los baños del hospital.,"No, no hay nadie en ningún baño",0.9001446694645466,0.4870036443830334,0.0,0.9999999999,0.5,0.0,short,qwan3.5_reranker,,,qwan3.5_reranker,system
¿Hay cajas o paquetes en los almacenes?,"['[Zona: Almacén 1 | Tipo: Restringida | Vuelta: 1]\n{\n  ""eventos_recientes"": [\n    {\n      ""tiempo"": ""260s"",\n      ""descripcion_vlm"": ""1 personas. (Persona Nº 1: Sentada)| En Almacén 1 (zona restringida), se observa a una persona (ID_1) realizando la actividad de **cargar suministros**, ya que está sentada frente a un carrito de material, posiblemente organizando o verificando inventario. No hay situaciones que amenacen la"",\n      ""alerta"": false\n    },\n    {\n      ""tiempo"": ""265s"",\n      ""descripcion_vlm"": ""1 personas. (Persona Nº 32: Sentada)"",\n      ""alerta"": false\n    },\n    {\n      ""tiempo"": ""270s"",\n      ""descripcion_vlm"": ""1 personas. (Persona Nº 32: Sentada)| En la imagen, una persona (ID_32) está sentada en una silla, realizando actividades relacionadas con el manejo o inventario de suministros en una zona restringida del hospital. No se observa ninguna situación que amenace la vida.\\n\\n**Actividad detectada:** Carga de"",\n      ""alerta"": false\n    },\n    {\n      ""tiempo"": ""275s"",', '[Zona: Escaleras 2 | Tipo: Tránsito y Evacuación | Vuelta: 1]\n{\n  ""eventos_recientes"": []\n}', '[Zona: Habitación Individual 3 | Tipo: Privada y Pacientes | Vuelta: 1]\n{\n  ""eventos_recientes"": []\n}']","Sí, se detectó una actividad relacionada con la **carga de suministros** en el Almacén 1 (zona restringida).","Sí, hay una montaña de cajas en ambos almacenes",0.6803329953188407,0.4763697233094754,1.0,0.0,0.0,0.0,short,qwan3.5_reranker,,,qwan3.5_reranker,system
"¿Qué actividad está realizando la persona en la Oficina 2 (ej. trabajando en el ordenador, leyendo, hablando)?","['[Zona: Oficina 2 | Tipo: Administrativa y Personal | Vuelta: 1]\n{\n      ""tiempo"": ""1905s"",\n      ""descripcion_vlm"": ""1 personas. (Persona Nº 1: Sentada)| En la imagen, se observa una persona ("",\n      ""alerta"": false\n    },\n    {\n      ""tiempo"": ""1973s"",\n      ""descripcion_vlm"": ""1 personas. (Persona Nº 84: De pie (?))| Las personas están trabajando en ordenadores y gestionando documentos en la zona administrativa. No hay situaciones que amenacen la vida. La zona está ocupada."",\n      ""alerta"": false\n    },\n    {\n      ""tiempo"": ""1978s"",\n      ""descripcion_vlm"": ""1 personas. (Persona Nº 85: Sentada)| En la imagen, se observa una persona (ID_85, marcada con caja roja) sentada en una silla, trabajando en un ordenador y gestionando documentos en la zona administrativa del hospital. No hay situaciones que amenacen la vida ni personas en peligro.\\n\\n**Actividad detectada:**"",\n      ""alerta"": false\n    },\n    {\n      ""tiempo"": ""1983s"",\n      ""descripcion_vlm"": ""1 personas. (Persona Nº 85: Sentada)| En la imagen, se observa una persona ("",', '[Zona: Oficina 2 | Tipo: Administrativa y Personal | Vuelta: 1]\n{\n  ""eventos_recientes"": [\n    {\n      ""tiempo"": ""1879s"",\n      ""descripcion_vlm"": ""1 personas. (Persona Nº 76: Sentada)| En la imagen, se observa una persona (ID_76) sentada en una silla de ruedas, siendo auxiliada por otra persona que parece estar ayudándola a moverse o estabilizarla. Ambas personas están en una zona administrativa del hospital, donde también hay personal trabajando en ordenadores"",\n      ""alerta"": false\n    },\n    {\n      ""tiempo"": ""1884s"",\n      ""descripcion_vlm"": ""1 personas. (Persona Nº 79: Sentada)| En la imagen, se observa una persona (ID_79) sentada en una silla, posiblemente trabajando o descansando en la zona administrativa. No hay situaciones que amenacen la vida ni personas ausentes; el entorno parece tranquilo y funcional.\\n\\n**Respuesta:**\\n- Actividad"",\n      ""alerta"": false\n    },\n    {\n      ""tiempo"": ""1888s"",', '[Zona: Baño 2 | Tipo: Privada y Servicios | Vuelta: 1]\n""alerta"": false\n    },\n    {\n      ""tiempo"": ""1844s"",\n      ""descripcion_vlm"": ""1 personas. (Persona Nº 1: De pie (?))"",\n      ""alerta"": false\n    },\n    {\n      ""tiempo"": ""1849s"",\n      ""descripcion_vlm"": ""1 personas. (Persona Nº 1: De pie (?))| En la imagen, se observa una persona (ID_1) en la zona de Baño 2, realizando actividades de aseo personal o lavándose las manos, como corresponde a una zona privada de servicios. No hay situaciones que amenacen la vida ni personas en peligro.\\n\\n**Estado:"",\n      ""alerta"": false\n    }\n  ]\n}']","Según el contexto de sensores recuperado, se puede ver que en diferentes momentos, la persona (ID_1 y ID_85) están sentadas o de pie en la Oficina 2. En algunas imágenes, se observa a la persona trabajando en ordenadores y gestionando documentos. No hay situaciones que amenacen la vida ni personas ausentes; el entorno parece tranquilo y funcional.

No hay información registrada sobre la actividad específica que está realizando la persona en la Oficina 2.",Hay una empleada sentada detrás del escritorio. No parece estar haciendo nada,0.5529527458071155,0.6239524718822921,0.8,0.99999999995,0.5,0.0,short,qwan3.5_reranker,,,qwan3.5_reranker,system
"En la zona de Recepción, ¿hay alguien interactuando directamente con el mostrador o están únicamente esperando?","['[Zona: Recepcion | Tipo: Desconocida | Vuelta: 1]\n""alerta"": false\n    },\n    {\n      ""tiempo"": ""389s"",\n      ""descripcion_vlm"": ""1 personas. (Persona Nº 12: De pie (?))| En la imagen, una persona (ID_12) está de pie frente al mostrador de recepción, posiblemente esperando o interactuando con el personal. No se observan actividades que amenacen la vida ni situaciones de emergencia. La zona es de tipo \\""Desconocida\\"", pero"",\n      ""alerta"": false\n    },\n    {\n      ""tiempo"": ""598s"",\n      ""descripcion_vlm"": ""2 personas. (Persona Nº 1: Sentada, Persona Nº 2: Sentada)| En la imagen se observan dos personas en una zona de recepción hospitalaria.\\n\\n- **"",\n      ""alerta"": false\n    },\n    {\n      ""tiempo"": ""2246s"",\n      ""descripcion_vlm"": ""5 personas. (Persona Nº 1: De pie o caminando, Persona Nº 2: De pie (?), Persona Nº 3: De pie (?), Persona Nº 4: De pie (?), Persona Nº 5: De pie (?))| En la zona de Recepción (clasificada como Desconocida), se observan varias personas en diferentes estados de actividad:\\n\\n- **"",', '[Zona: Recepcion | Tipo: Desconocida | Vuelta: 1]\n""alerta"": false\n    },\n    {\n      ""tiempo"": ""111s"",\n      ""descripcion_vlm"": ""1 personas. (Persona Nº 6: Sentada)| En la zona de Recepción (clasificada como Desconocida), se observa una persona sentada en un banco, posiblemente esperando o descansando. Otra persona camina por el área, sin aparente riesgo. No hay situaciones que amenacen la vida.\\n\\n**Situación:"",\n      ""alerta"": false\n    },\n    {\n      ""tiempo"": ""116s"",\n      ""descripcion_vlm"": ""1 personas. (Persona Nº 8: Sentada)| En la zona de Recepción (clasificada como Desconocida), se observa a dos personas. La persona identificada como"",\n      ""alerta"": false\n    },\n    {\n      ""tiempo"": ""379s"",', '[Zona: Sala Común | Tipo: Pública y Espera | Vuelta: 1]\n{\n  ""eventos_recientes"": [\n    {\n      ""tiempo"": ""1192s"",\n      ""descripcion_vlm"": ""2 personas. (Persona Nº 1: De pie o caminando, Persona Nº 2: De pie (?))| En la Sala Común, se observa a dos personas: una de pie (ID_1) y otra sentada (ID_2), ambas en posición de espera o conversación, sin actividades que amenacen la vida. El ambiente es tranquilo y seguro."",\n      ""alerta"": false\n    },\n    {\n      ""tiempo"": ""1197s"",\n      ""descripcion_vlm"": ""1 personas. (Persona Nº 58: De pie o caminando)| En la imagen, se observa una persona (ID_58) de pie, posiblemente conversando o esperando junto a otra persona en la Sala Común. No hay actividades que amenacen la vida ni situaciones de emergencia.\\n\\n**Respuesta:**\\n- Actividad: Espera o conversación"",\n      ""alerta"": false\n    },\n    {\n      ""tiempo"": ""1202s"",']","Basándome en el contexto de sensores recuperado, puedo responder que:

En la Recepción, se observan varias personas (hasta 5) en diferentes estados de actividad. En algunas imágenes, se ven personas sentadas o de pie, posiblemente esperando o interactuando con el personal. No hay señales de situaciones de emergencia ni actividades que amenacen la vida.","Hay tres personas de pie esperando/hablando, un hombre con el móvil, una mujer con un bolso y un hombre caminando. En las sillas se ven a varias sentadas, algunas con el móvil y un niño leyendo un libro",0.3145675415509044,0.5426967862490616,1.0,0.0,0.0,0.0,short,qwan3.5_reranker,,,qwan3.5_reranker,system
"¿Se observa a alguien manipulando objetos, estanterías o cajas dentro del Almacén 1?","['[Zona: Almacén 1 | Tipo: Restringida | Vuelta: 1]\n{\n  ""eventos_recientes"": [\n    {\n      ""tiempo"": ""260s"",\n      ""descripcion_vlm"": ""1 personas. (Persona Nº 1: Sentada)| En Almacén 1 (zona restringida), se observa a una persona (ID_1) realizando la actividad de **cargar suministros**, ya que está sentada frente a un carrito de material, posiblemente organizando o verificando inventario. No hay situaciones que amenacen la"",\n      ""alerta"": false\n    },\n    {\n      ""tiempo"": ""265s"",\n      ""descripcion_vlm"": ""1 personas. (Persona Nº 32: Sentada)"",\n      ""alerta"": false\n    },\n    {\n      ""tiempo"": ""270s"",\n      ""descripcion_vlm"": ""1 personas. (Persona Nº 32: Sentada)| En la imagen, una persona (ID_32) está sentada en una silla, realizando actividades relacionadas con el manejo o inventario de suministros en una zona restringida del hospital. No se observa ninguna situación que amenace la vida.\\n\\n**Actividad detectada:** Carga de"",\n      ""alerta"": false\n    },\n    {\n      ""tiempo"": ""275s"",', '[Zona: Baño 1 | Tipo: Privada y Servicios | Vuelta: 1]\n{\n  ""eventos_recientes"": [\n    {\n      ""tiempo"": ""854s"",\n      ""descripcion_vlm"": ""1 personas. (Persona Nº 1: De pie o caminando)"",\n      ""alerta"": false\n    },\n    {\n      ""tiempo"": ""859s"",\n      ""descripcion_vlm"": ""1 personas. (Persona Nº 1: De pie (?))"",\n      ""alerta"": false\n    },\n    {\n      ""tiempo"": ""864s"",\n      ""descripcion_vlm"": ""1 personas. (Persona Nº 1: De pie (?))| En la imagen, se observa una persona (ID_1) en la zona de Baño 1, realizando actividades de aseo personal o lavándose las manos, como se indica en el contexto. No hay situaciones que amenacen la vida, como caídas o emergencias.\\n\\n**Resp"",\n      ""alerta"": false\n    }\n  ]\n}', '[Zona: Habitación Individual 1 | Tipo: Privada y Pacientes | Vuelta: 1]\n{\n  ""eventos_recientes"": [\n    {\n      ""tiempo"": ""359s"",\n      ""descripcion_vlm"": ""1 personas. (Persona Nº 1: De pie (?))| En la imagen se observa una persona (ID_1) caminando por el pasillo del hospital, alejándose de la zona de habitación individual. No hay actividades de descanso ni recepción de tratamiento visibles en este momento. No se detectan situaciones que amenacen la vida.\\n\\n**Estado:"",\n      ""alerta"": false\n    },\n    {\n      ""tiempo"": ""364s"",\n      ""descripcion_vlm"": ""1 personas. (Persona Nº 1: De pie (?))| En la imagen, se observa una persona ("",\n      ""alerta"": false\n    },\n    {\n      ""tiempo"": ""369s"",\n      ""descripcion_vlm"": ""1 personas. (Persona Nº 36: De pie (?))| En la imagen se observa una persona (ID_36) de pie en la zona de Habitación Individual 1, sin realizar actividades que amenacen la vida. No hay caídas ni situaciones críticas. La otra persona camina normalmente por el pasillo.\\n\\n**Situación: Despe"",\n      ""alerta"": false\n    },\n    {']","Sí, hay actividad relacionada con el manejo de objetos o suministros en el Almacén 1. En el contexto de los sensores recuperados, se observa a una persona (ID_1) realizando la actividad de **cargar suministros** en el Almacén 1 (zona restringida).",No hay nadie en el Almacén 1,0.5969821542906052,0.6160433526886337,1.0,0.9999999999,0.5,0.0,short,qwan3.5_reranker,,,qwan3.5_reranker,system
¿La cama de la Habitación Individual 4 se encuentra ocupada por un paciente en este momento?,"['[Zona: Habitación Individual 4 | Tipo: Privada y Pacientes | Vuelta: 1]\n{\n  ""eventos_recientes"": [\n    {\n      ""tiempo"": ""2334s"",\n      ""descripcion_vlm"": ""1 personas. (Persona Nº 1: Sentada)| En la imagen, una persona (ID_1) está sentada en la cama de la habitación individual, en una postura de descanso. No se observan actividades que amenacen la vida ni situaciones de emergencia.\\n\\n**Respuesta:**\\n- Actividad: Descansando en cama."",\n      ""alerta"": false\n    }\n  ]\n}', '[Zona: Habitación Compartida 4 | Tipo: Privada y Pacientes | Vuelta: 1]\n{\n  ""eventos_recientes"": [\n    {\n      ""tiempo"": ""1364s"",\n      ""descripcion_vlm"": ""1 personas. (Persona Nº 1: De pie (?))| En la imagen se observa una persona (ID_1) de pie, posiblemente caminando o en movimiento dentro del pasillo de la Habitación Compartida 4. No hay indicios de actividades de descanso ni conversación visibles en este momento. No se detectan situaciones que amenacen la vida ("",\n      ""alerta"": false\n    },\n    {\n      ""tiempo"": ""1369s"",\n      ""descripcion_vlm"": ""2 personas. (Persona Nº 1: De pie (?), Persona Nº 2: De pie (?))"",\n      ""alerta"": false\n    }\n  ]\n}', '[Zona: Habitación Individual 1 | Tipo: Privada y Pacientes | Vuelta: 1]\n{\n  ""eventos_recientes"": [\n    {\n      ""tiempo"": ""359s"",\n      ""descripcion_vlm"": ""1 personas. (Persona Nº 1: De pie (?))| En la imagen se observa una persona (ID_1) caminando por el pasillo del hospital, alejándose de la zona de habitación individual. No hay actividades de descanso ni recepción de tratamiento visibles en este momento. No se detectan situaciones que amenacen la vida.\\n\\n**Estado:"",\n      ""alerta"": false\n    },\n    {\n      ""tiempo"": ""364s"",\n      ""descripcion_vlm"": ""1 personas. (Persona Nº 1: De pie (?))| En la imagen, se observa una persona ("",\n      ""alerta"": false\n    },\n    {\n      ""tiempo"": ""369s"",\n      ""descripcion_vlm"": ""1 personas. (Persona Nº 36: De pie (?))| En la imagen se observa una persona (ID_36) de pie en la zona de Habitación Individual 1, sin realizar actividades que amenacen la vida. No hay caídas ni situaciones críticas. La otra persona camina normalmente por el pasillo.\\n\\n**Situación: Despe"",\n      ""alerta"": false\n    },\n    {']","Según los sensores, sí. En la zona Habitación Individual 4, se registra una persona (ID_1) sentada en la cama de descanso.","Sí, hay una mujer sentada en la cama",0.7851335345080189,0.5421802894257345,1.0,0.8333333332916666,1.0,0.0,short,qwan3.5_reranker,,,qwan3.5_reranker,system
¿Se detecta a alguien interactuando con equipamiento médico en el Quirófano 2?,"['[Zona: Quirófano 2 | Tipo: Crítica y Alta Esterilidad | Vuelta: 1]\n{\n  ""eventos_recientes"": [\n    {\n      ""tiempo"": ""1379s"",\n      ""descripcion_vlm"": ""1 personas. (Persona Nº 1: Sentada)"",\n      ""alerta"": false\n    },\n    {\n      ""tiempo"": ""1393s"",\n      ""descripcion_vlm"": ""1 personas. (Persona Nº 1: De pie (?))| En Quirófano 2, una persona (ID_1) está de pie y realizando actividades relacionadas con la preparación de instrumental o asistencia quirúrgica. No se observan situaciones que amenacen la vida."",\n      ""alerta"": false\n    },\n    {\n      ""tiempo"": ""1408s"",\n      ""descripcion_vlm"": ""1 personas. (Persona Nº 1: De pie (?))| En Quirófano 2, se observa a una persona (ID_1) caminando por el pasillo, alejándose de la zona de cirugía. No hay actividades de cirugía ni preparación de instrumental visibles en esta imagen. No hay situaciones que amenacen la vida.\\n\\n**Estado"",\n      ""alerta"": false\n    },\n    {\n      ""tiempo"": ""1423s"",', '[Zona: Almacén 2 | Tipo: Restringida | Vuelta: 1]\n{\n  ""eventos_recientes"": [\n    {\n      ""tiempo"": ""2449s"",\n      ""descripcion_vlm"": ""1 personas. (Persona Nº 1: De pie (?))| En la imagen se observa una persona (ID_1) en una zona restringida del hospital, realizando actividades relacionadas con el manejo de suministros. Está de pie y parece estar cargando o moviendo cajas, posiblemente como parte de un proceso de inventario o distribución de material. No se"",\n      ""alerta"": false\n    },\n    {\n      ""tiempo"": ""2454s"",\n      ""descripcion_vlm"": ""2 personas. (Persona Nº 1: Sentada, Persona Nº 2: Sentada)| En la imagen se observan dos personas en una zona restringida del hospital (Almacén 2).\\n\\n- **"",\n      ""alerta"": false\n    }\n  ]\n}', '[Zona: Quirófano 2 | Tipo: Crítica y Alta Esterilidad | Vuelta: 1]\n""alerta"": false\n    },\n    {\n      ""tiempo"": ""1423s"",\n      ""descripcion_vlm"": ""3 personas. (Persona Nº 1: De pie (?), Persona Nº 2: De pie (?), Persona Nº 3: De pie (?))| En Quirófano 2, se observa actividad de preparación de instrumental y asistencia quirúrgica.\\n\\n- **"",\n      ""alerta"": false\n    },\n    {\n      ""tiempo"": ""1428s"",\n      ""descripcion_vlm"": ""2 personas. (Persona Nº 65: De pie (?), Persona Nº 66: De pie (?))| En Quirófano 2, se observa una actividad de preparación de instrumental. La persona ID_65 (Caja ROJA) está de pie, posiblemente supervisando o esperando. La persona ID_66 ("",\n      ""alerta"": false\n    },\n    {\n      ""tiempo"": ""1523s"",\n      ""descripcion_vlm"": ""1 personas. (Persona Nº 1: De pie o caminando)| **Situación:** Zona Crítica y Alta Esterilidad (Quirófano 2).\\n\\n**Actividad detectada:**\\nEl sujeto ID_1 está realizando una actividad de **movimiento rápido** (corriendo o caminando muy veloz) dentro de la zona quirúrg"",\n      ""alerta"": false\n    },']","Sí, hay actividad relacionada con el uso o manejo de equipo médico en el Quirófano 2. En el evento registrado a las ""1393s"", se describe que la persona ID_1 está de pie y realizando actividades relacionadas con la preparación de instrumental o asistencia quirúrgica.","Sí, hay tres trabajadores de pie interactuando con equipo médico y un paciente en la cama",0.4801892974315598,0.6857570397265169,1.0,0.8333333332916666,0.5,0.0,short,qwan3.5_reranker,,,qwan3.5_reranker,system
¿Se detecta a alguna persona presente en la sala compartida 2?,"['[Zona: Sala Común | Tipo: Pública y Espera | Vuelta: 1]\n{\n  ""eventos_recientes"": [\n    {\n      ""tiempo"": ""1192s"",\n      ""descripcion_vlm"": ""2 personas. (Persona Nº 1: De pie o caminando, Persona Nº 2: De pie (?))| En la Sala Común, se observa a dos personas: una de pie (ID_1) y otra sentada (ID_2), ambas en posición de espera o conversación, sin actividades que amenacen la vida. El ambiente es tranquilo y seguro."",\n      ""alerta"": false\n    },\n    {\n      ""tiempo"": ""1197s"",\n      ""descripcion_vlm"": ""1 personas. (Persona Nº 58: De pie o caminando)| En la imagen, se observa una persona (ID_58) de pie, posiblemente conversando o esperando junto a otra persona en la Sala Común. No hay actividades que amenacen la vida ni situaciones de emergencia.\\n\\n**Respuesta:**\\n- Actividad: Espera o conversación"",\n      ""alerta"": false\n    },\n    {\n      ""tiempo"": ""1202s"",', '[Zona: Sala Común | Tipo: Pública y Espera | Vuelta: 1]\n""alerta"": false\n    },\n    {\n      ""tiempo"": ""1202s"",\n      ""descripcion_vlm"": ""1 personas. (Persona Nº 58: De pie o caminando)| En la imagen, una persona (ID_58) está de pie, mirando hacia abajo, posiblemente usando un dispositivo móvil o revisando algo en sus manos. No hay indicios de una situación que amenace la vida ni personas sentadas conversando en esta escena.\\n\\n**Resp"",\n      ""alerta"": false\n    },\n    {\n      ""tiempo"": ""1207s"",\n      ""descripcion_vlm"": ""1 personas. (Persona Nº 58: De pie (?))| En la imagen, se observa una persona (ID_58) de pie, parcialmente visible a la izquierda, posiblemente en movimiento o esperando. No hay indicios de situaciones que amenacen la vida, como caídas o emergencias. El resto del espacio parece tranquilo, con mobiliario típ"",\n      ""alerta"": false\n    },\n    {\n      ""tiempo"": ""1232s"",', '[Zona: Sala Común | Tipo: Pública y Espera | Vuelta: 1]\n""alerta"": false\n    },\n    {\n      ""tiempo"": ""1232s"",\n      ""descripcion_vlm"": ""1 personas. (Persona Nº 1: De pie (?))| En la imagen se observa una persona (ID_1) de pie y caminando hacia adelante, sin interactuar con el entorno inmediato ni mostrar señales de peligro. No hay situaciones que amenacen la vida.\\n\\n**Respuesta:**\\n- Actividad: Caminando en dirección al interior del hospital"",\n      ""alerta"": false\n    }\n  ]\n}']","Sí, hay personas en la Sala Común. Se han registrado dos personas (ID_1 y ID_2) inicialmente, y posteriormente una persona más (ID_58).","Sí, hay una mujer tirada en el suelo. Se recomienda enviar ayuda",0.6075252324818825,0.5944722320177024,0.6666666666666666,0.0,0.0,0.0,short,qwan3.5_reranker,,,qwan3.5_reranker,system
¿Hay más de una persona simultáneamente detrás del mostrador de la Recepción atendiendo a los visitantes?,"['[Zona: Recepcion | Tipo: Desconocida | Vuelta: 1]\n""alerta"": false\n    },\n    {\n      ""tiempo"": ""389s"",\n      ""descripcion_vlm"": ""1 personas. (Persona Nº 12: De pie (?))| En la imagen, una persona (ID_12) está de pie frente al mostrador de recepción, posiblemente esperando o interactuando con el personal. No se observan actividades que amenacen la vida ni situaciones de emergencia. La zona es de tipo \\""Desconocida\\"", pero"",\n      ""alerta"": false\n    },\n    {\n      ""tiempo"": ""598s"",\n      ""descripcion_vlm"": ""2 personas. (Persona Nº 1: Sentada, Persona Nº 2: Sentada)| En la imagen se observan dos personas en una zona de recepción hospitalaria.\\n\\n- **"",\n      ""alerta"": false\n    },\n    {\n      ""tiempo"": ""2246s"",\n      ""descripcion_vlm"": ""5 personas. (Persona Nº 1: De pie o caminando, Persona Nº 2: De pie (?), Persona Nº 3: De pie (?), Persona Nº 4: De pie (?), Persona Nº 5: De pie (?))| En la zona de Recepción (clasificada como Desconocida), se observan varias personas en diferentes estados de actividad:\\n\\n- **"",', '[Zona: Recepcion | Tipo: Desconocida | Vuelta: 1]\n{\n  ""eventos_recientes"": [\n    {\n      ""tiempo"": ""96s"",\n      ""descripcion_vlm"": ""2 personas. (Persona Nº 1: De pie (?), Persona Nº 2: Sentada)| En la imagen se observan dos personas en la zona de Recepción (clasificada como Desconocida):\\n\\n- **"",\n      ""alerta"": false\n    },\n    {\n      ""tiempo"": ""101s"",\n      ""descripcion_vlm"": ""2 personas. (Persona Nº 1: De pie o caminando, Persona Nº 2: De pie o caminando)| En la imagen se observan dos personas en movimiento: una (ID_1, caja azul) caminando hacia la derecha y otra (ID_2, caja verde) también en movimiento, posiblemente caminando o dando pasos. No hay indicios de una situación que amenace la vida,"",\n      ""alerta"": false\n    },\n    {\n      ""tiempo"": ""106s"",\n      ""descripcion_vlm"": ""5 personas. (Persona Nº 1: De pie (?), Persona Nº 2: Sentada, Persona Nº 3: Sentada, Persona Nº 4: Sentada, Persona Nº 5: Sentada)| En la imagen se observa una zona de recepción hospitalaria con cuatro personas.\\n\\n- **"",\n      ""alerta"": false\n    },', '[Zona: Recepcion | Tipo: Desconocida | Vuelta: 1]\n""alerta"": false\n    },\n    {\n      ""tiempo"": ""111s"",\n      ""descripcion_vlm"": ""1 personas. (Persona Nº 6: Sentada)| En la zona de Recepción (clasificada como Desconocida), se observa una persona sentada en un banco, posiblemente esperando o descansando. Otra persona camina por el área, sin aparente riesgo. No hay situaciones que amenacen la vida.\\n\\n**Situación:"",\n      ""alerta"": false\n    },\n    {\n      ""tiempo"": ""116s"",\n      ""descripcion_vlm"": ""1 personas. (Persona Nº 8: Sentada)| En la zona de Recepción (clasificada como Desconocida), se observa a dos personas. La persona identificada como"",\n      ""alerta"": false\n    },\n    {\n      ""tiempo"": ""379s"",']","Basándome en el contexto de sensores recuperado, puedo responder que NO, no hay más de una persona interactuando directamente con el mostrador al mismo tiempo. La información indica que en la mayoría de los casos, solo se observa a una persona en la zona de recepción, posiblemente esperando o interactuando con el personal.",Solo hay una empleada atendiendo a los visitantes,0.7683416153542237,0.4840282482088602,0.3333333333333333,0.0,0.0,0.0,short,qwan3.5_reranker,,,qwan3.5_reranker,system
"En la Habitación Compartida 5, ¿hay algún trabajador (persona de pie) acompañando a los pacientes acostados?","['[Zona: Habitación Compartida 4 | Tipo: Privada y Pacientes | Vuelta: 1]\n{\n  ""eventos_recientes"": [\n    {\n      ""tiempo"": ""1364s"",\n      ""descripcion_vlm"": ""1 personas. (Persona Nº 1: De pie (?))| En la imagen se observa una persona (ID_1) de pie, posiblemente caminando o en movimiento dentro del pasillo de la Habitación Compartida 4. No hay indicios de actividades de descanso ni conversación visibles en este momento. No se detectan situaciones que amenacen la vida ("",\n      ""alerta"": false\n    },\n    {\n      ""tiempo"": ""1369s"",\n      ""descripcion_vlm"": ""2 personas. (Persona Nº 1: De pie (?), Persona Nº 2: De pie (?))"",\n      ""alerta"": false\n    }\n  ]\n}', '[Zona: Habitación Compartida 5 | Tipo: Privada y Pacientes | Vuelta: 1]\n{\n  ""eventos_recientes"": [\n    {\n      ""tiempo"": ""1854s"",\n      ""descripcion_vlm"": ""1 personas. (Persona Nº 1: De pie o caminando)"",\n      ""alerta"": false\n    },\n    {\n      ""tiempo"": ""1859s"",\n      ""descripcion_vlm"": ""1 personas. (Persona Nº 76: Sentada)| En la imagen, se observa una persona (ID_76) sentada en una cama, en una zona de hospital tipo privada. No hay actividades que amenacen la vida ni situaciones de emergencia.\\n\\n**Respuesta:**\\n- Actividad: Descansando en cama.\\n- Estado"",\n      ""alerta"": false\n    },\n    {\n      ""tiempo"": ""1864s"",\n      ""descripcion_vlm"": ""1 personas. (Persona Nº 76: De pie o caminando)| En la imagen, se observa una persona ("",\n      ""alerta"": false\n    },\n    {\n      ""tiempo"": ""1869s"",\n      ""descripcion_vlm"": ""1 personas. (Persona Nº 76: Sentada)| En la imagen, se observa una persona ("",\n      ""alerta"": false\n    },\n    {\n      ""tiempo"": ""1874s"",', '[Zona: Habitación Compartida 5 | Tipo: Privada y Pacientes | Vuelta: 1]\n{\n      ""tiempo"": ""1869s"",\n      ""descripcion_vlm"": ""1 personas. (Persona Nº 76: Sentada)| En la imagen, se observa una persona ("",\n      ""alerta"": false\n    },\n    {\n      ""tiempo"": ""1874s"",\n      ""descripcion_vlm"": ""1 personas. (Persona Nº 76: Sentada)| Las personas en la imagen están sentadas en sus camas, descansando o conversando. No se observa ninguna situación que amenace la vida.\\n\\n**Respuesta:** Descansando/Conversando"",\n      ""alerta"": false\n    }\n  ]\n}']","No hay información registrada sobre la presencia de un trabajador o personal de pie en la Habitación Compartida 5. Los eventos recientes solo muestran a una persona (ID_76) sentada o caminando, pero no se registra la presencia de alguien de pie y acompañando a los pacientes acostados.","Sí, hay un trabajador de pie cerca a una cama con un paciente",0.5048767222422933,0.0,0.5,0.9999999999666668,1.0,0.0,short,qwan3.5_reranker,,,qwan3.5_reranker,system
¿Hay alguien deambulando por el pasillo?,"['[Zona: Habitación Individual 2 | Tipo: Privada y Pacientes | Vuelta: 1]\n""alerta"": false\n    },\n    {\n      ""tiempo"": ""478s"",\n      ""descripcion_vlm"": ""1 personas. (Persona Nº 41: De pie o caminando)| En la imagen, se observa una persona (ID_41) de pie o caminando cerca de la zona de recepción. No hay indicios de actividades de descanso en cama ni recepción de tratamiento en este momento. No se detectan situaciones que amenacen la vida.\\n\\n**Estado: Des"",\n      ""alerta"": false\n    },\n    {\n      ""tiempo"": ""483s"",\n      ""descripcion_vlm"": ""1 personas. (Persona Nº 41: De pie o caminando)"",\n      ""alerta"": false\n    }\n  ]\n}', '[Zona: Recepcion | Tipo: Desconocida | Vuelta: 1]\n""alerta"": false\n    },\n    {\n      ""tiempo"": ""111s"",\n      ""descripcion_vlm"": ""1 personas. (Persona Nº 6: Sentada)| En la zona de Recepción (clasificada como Desconocida), se observa una persona sentada en un banco, posiblemente esperando o descansando. Otra persona camina por el área, sin aparente riesgo. No hay situaciones que amenacen la vida.\\n\\n**Situación:"",\n      ""alerta"": false\n    },\n    {\n      ""tiempo"": ""116s"",\n      ""descripcion_vlm"": ""1 personas. (Persona Nº 8: Sentada)| En la zona de Recepción (clasificada como Desconocida), se observa a dos personas. La persona identificada como"",\n      ""alerta"": false\n    },\n    {\n      ""tiempo"": ""379s"",', '[Zona: Habitación Compartida 4 | Tipo: Privada y Pacientes | Vuelta: 1]\n{\n  ""eventos_recientes"": [\n    {\n      ""tiempo"": ""1364s"",\n      ""descripcion_vlm"": ""1 personas. (Persona Nº 1: De pie (?))| En la imagen se observa una persona (ID_1) de pie, posiblemente caminando o en movimiento dentro del pasillo de la Habitación Compartida 4. No hay indicios de actividades de descanso ni conversación visibles en este momento. No se detectan situaciones que amenacen la vida ("",\n      ""alerta"": false\n    },\n    {\n      ""tiempo"": ""1369s"",\n      ""descripcion_vlm"": ""2 personas. (Persona Nº 1: De pie (?), Persona Nº 2: De pie (?))"",\n      ""alerta"": false\n    }\n  ]\n}']","Sí. En la Habitación Individual 2 se observa a una persona (ID_41) de pie o caminando cerca de la zona de recepción. Además, en la Habitación Compartida 4 se ve a una persona (ID_1) de pie, posiblemente caminando o en movimiento dentro del pasillo.",Hay dos personas deambulando por el pasillo,0.6952192698575014,0.4808082811096567,0.6666666666666666,0.3333333333,1.0,0.0,short,qwan3.5_reranker,,,qwan3.5_reranker,system
¿Se ha detectado la presencia de alguna persona obstaculizando el paso o sentada en los peldaños de las Escaleras 2?,"['[Zona: Baño 2 | Tipo: Privada y Servicios | Vuelta: 1]\n""alerta"": false\n    },\n    {\n      ""tiempo"": ""1844s"",\n      ""descripcion_vlm"": ""1 personas. (Persona Nº 1: De pie (?))"",\n      ""alerta"": false\n    },\n    {\n      ""tiempo"": ""1849s"",\n      ""descripcion_vlm"": ""1 personas. (Persona Nº 1: De pie (?))| En la imagen, se observa una persona (ID_1) en la zona de Baño 2, realizando actividades de aseo personal o lavándose las manos, como corresponde a una zona privada de servicios. No hay situaciones que amenacen la vida ni personas en peligro.\\n\\n**Estado:"",\n      ""alerta"": false\n    }\n  ]\n}', '[Zona: Almacén 2 | Tipo: Restringida | Vuelta: 1]\n{\n  ""eventos_recientes"": [\n    {\n      ""tiempo"": ""2449s"",\n      ""descripcion_vlm"": ""1 personas. (Persona Nº 1: De pie (?))| En la imagen se observa una persona (ID_1) en una zona restringida del hospital, realizando actividades relacionadas con el manejo de suministros. Está de pie y parece estar cargando o moviendo cajas, posiblemente como parte de un proceso de inventario o distribución de material. No se"",\n      ""alerta"": false\n    },\n    {\n      ""tiempo"": ""2454s"",\n      ""descripcion_vlm"": ""2 personas. (Persona Nº 1: Sentada, Persona Nº 2: Sentada)| En la imagen se observan dos personas en una zona restringida del hospital (Almacén 2).\\n\\n- **"",\n      ""alerta"": false\n    }\n  ]\n}', '[Zona: Quirófano 2 | Tipo: Crítica y Alta Esterilidad | Vuelta: 1]\n{\n  ""eventos_recientes"": [\n    {\n      ""tiempo"": ""1379s"",\n      ""descripcion_vlm"": ""1 personas. (Persona Nº 1: Sentada)"",\n      ""alerta"": false\n    },\n    {\n      ""tiempo"": ""1393s"",\n      ""descripcion_vlm"": ""1 personas. (Persona Nº 1: De pie (?))| En Quirófano 2, una persona (ID_1) está de pie y realizando actividades relacionadas con la preparación de instrumental o asistencia quirúrgica. No se observan situaciones que amenacen la vida."",\n      ""alerta"": false\n    },\n    {\n      ""tiempo"": ""1408s"",\n      ""descripcion_vlm"": ""1 personas. (Persona Nº 1: De pie (?))| En Quirófano 2, se observa a una persona (ID_1) caminando por el pasillo, alejándose de la zona de cirugía. No hay actividades de cirugía ni preparación de instrumental visibles en esta imagen. No hay situaciones que amenacen la vida.\\n\\n**Estado"",\n      ""alerta"": false\n    },\n    {\n      ""tiempo"": ""1423s"",']",No hay información registrada sobre la zona de Escaleras 2.,No hay nadie en las escaleras 2.,0.9332065758540556,0.0,0.0,0.5833333333041666,1.0,0.0,short,qwan3.5_reranker,,,qwan3.5_reranker,system
Redacta el informe de seguridad global de la patrulla del hospital.,"['**Resumen Global**\n\nEl análisis de los reportes de zona del hospital revela una actividad normal y tranquila en la mayoría de las áreas. Se han registrado varias actividades y eventos en diferentes zonas, sin situaciones críticas o de emergencia.\n\nEn general, se observó a personas realizando actividades cotidianas, como descansar, caminar o realizar tareas administrativas. No se detectaron anomalías ni situaciones que amenacen la vida en la mayoría de los reportes.\n\nSin embargo, se registró una actividad anómala en Quirófano 2, con un movimiento rápido dentro de la zona quirúrgica. Aunque no se detectaron situaciones que amenacen la vida durante este reporte, es importante seguir vigilando esta área para garantizar la seguridad y el bienestar de los pacientes.\n\nEn Almacén 1, se observó a varias personas realizando actividades relacionadas con el manejo y inventario de suministros en la zona restringida del almacén. No hay indicios de riesgos inmediatos ni anomalías detectadas.\n\nEn general, los reportes sugieren una actividad normal y tranquila en la mayoría de las áreas del hospital, con algunas excepciones anómalas que no parecen representar un riesgo inmediato para la vida o la seguridad de los pacientes y personal. Es importante seguir vigilando estas áreas y tomar medidas preventivas para garantizar la seguridad y el bienestar de todos.\n\n**Resumen Global**\n\nLa actividad en el hospital es normal y tranquila, con algunas excepciones anómalas que no representan un riesgo inmediato. Se han registrado varias actividades y eventos en diferentes zonas, sin situaciones críticas o de emergencia. Es importante seguir vigilando las áreas del hospital para garantizar la seguridad y el bienestar de los pacientes y personal.']","**Resumen Global**

El análisis de los reportes de zona del hospital revela una actividad normal y tranquila en la mayoría de las áreas. Se han registrado varias actividades y eventos en diferentes zonas, sin situaciones críticas o de emergencia.

En general, se observó a personas realizando actividades cotidianas, como descansar, caminar o realizar tareas administrativas. No se detectaron anomalías ni situaciones que amenacen la vida en la mayoría de los reportes.

Sin embargo, se registró una actividad anómala en Quirófano 2, con un movimiento rápido dentro de la zona quirúrgica. Aunque no se detectaron situaciones que amenacen la vida durante este reporte, es importante seguir vigilando esta área para garantizar la seguridad y el bienestar de los pacientes.

En Almacén 1, se observó a varias personas realizando actividades relacionadas con el manejo y inventario de suministros en la zona restringida del almacén. No hay indicios de riesgos inmediatos ni anomalías detectadas.

En general, los reportes sugieren una actividad normal y tranquila en la mayoría de las áreas del hospital, con algunas excepciones anómalas que no parecen representar un riesgo inmediato para la vida o la seguridad de los pacientes y personal. Es importante seguir vigilando estas áreas y tomar medidas preventivas para garantizar la seguridad y el bienestar de todos.

**Resumen Global**

La actividad en el hospital es normal y tranquila, con algunas excepciones anómalas que no representan un riesgo inmediato. Se han registrado varias actividades y eventos en diferentes zonas, sin situaciones críticas o de emergencia. Es importante seguir vigilando las áreas del hospital para garantizar la seguridad y el bienestar de los pacientes y personal.","Se detecta una emergencia crítica en la Habitación Compartida 2, donde una trabajadora se encuentra tirada en el suelo. Se requiere enviar asistencia médica de forma inmediata a esta ubicación para socorrerla. Por otro lado, se reporta una infracción de seguridad en el pasillo, ya que el sistema ha detectado a una persona corriendo cerca de otra trabajadora que traslada a un paciente en silla de ruedas, lo que supone un riesgo de colisión. Además, se observa una gran acumulación de cajas en ambos almacenes que podría obstaculizar el paso, y se registra a una empleada inactiva en la Oficina 2. El resto de las instalaciones del hospital funciona con normalidad y bajo los protocolos establecidos. En el Quirófano 2 se está llevando a cabo una intervención quirúrgica con el personal médico necesario, la zona de Recepción opera de forma habitual con varios visitantes y una sola persona al mostrador, y las habitaciones ocupadas tienen a sus pacientes seguros y atendidos. Zonas como los baños, las escaleras 2 y la habitación individual 1 se encuentran completamente vacías y despejadas.",0.4091370072852442,,0.8181818181818182,,,,summary,qwan3.5_reranker,"['**Resumen Global**\n\nEl análisis de los reportes de zona del hospital revela una actividad normal y tranquila en la mayoría de las áreas. Se han registrado varias actividades y eventos en diferentes zonas, sin situaciones críticas o de emergencia.\n\nEn general, se observó a personas realizando actividades cotidianas, como descansar, caminar o realizar tareas administrativas. No se detectaron anomalías ni situaciones que amenacen la vida en la mayoría de los reportes.\n\nSin embargo, se registró una actividad anómala en Quirófano 2, con un movimiento rápido dentro de la zona quirúrgica. Aunque no se detectaron situaciones que amenacen la vida durante este reporte, es importante seguir vigilando esta área para garantizar la seguridad y el bienestar de los pacientes.\n\nEn Almacén 1, se observó a varias personas realizando actividades relacionadas con el manejo y inventario de suministros en la zona restringida del almacén. No hay indicios de riesgos inmediatos ni anomalías detectadas.\n\nEn general, los reportes sugieren una actividad normal y tranquila en la mayoría de las áreas del hospital, con algunas excepciones anómalas que no parecen representar un riesgo inmediato para la vida o la seguridad de los pacientes y personal. Es importante seguir vigilando estas áreas y tomar medidas preventivas para garantizar la seguridad y el bienestar de todos.\n\n**Resumen Global**\n\nLa actividad en el hospital es normal y tranquila, con algunas excepciones anómalas que no representan un riesgo inmediato. Se han registrado varias actividades y eventos en diferentes zonas, sin situaciones críticas o de emergencia. Es importante seguir vigilando las áreas del hospital para garantizar la seguridad y el bienestar de los pacientes y personal.']",0.4166666666666954,qwan3.5_reranker,system
¿Cuántas personas hay exactamente en la zona de Recepción en este momento?,"['[Zona: Recepcion | Vuelta: 1]\nReporte de la Zona: Recepcion\nVuelta: 1\n{\n  ""nombre_zona"": ""Recepcion"",\n  ""tipo_zona"": ""Desconocida"",\n  ""rango_temporal"": ""20s - 2387s"",\n  ""eventos_recientes"": [\n    {\n      ""tiempo"": ""20s"",\n      ""descripcion_vlm"": ""[YOLO]: Estado: Se han detectado 1 persona(s). Persona 1: Persona sentada | [VLM]: [MEMORIA A CORTO PLAZO]:\\n - Sujeto ID_1 (Caja AZUL): Historial -> Persona de pie (predicción con poca confianza) ALTA FIABILIDAD: Presencia humana confirmada por ambos modelos."",\n      ""alerta"": true\n    },\n    {\n      ""tiempo"": ""25s"",\n      ""descripcion_vlm"": ""[YOLO]: Estado: Se han detectado 1 persona(s). Persona 1: Persona de pie (predicción con poca confianza) | [VLM]: [MEMORIA A CORTO PLAZO]:\\n - Sujeto ID_1 (Caja AZUL): Historial -> Persona de pie (predicción con poca confianza) ALTA FIABILIDAD: Presencia humana confirmada por ambos modelos."",\n      ""alerta"": true\n    },\n    {\n      ""tiempo"": ""26s"",', '[Zona: Quirófano 2 | Vuelta: 1]\nReporte de la Zona: Quirófano 2\nVuelta: 1\n{\n  ""nombre_zona"": ""Quirófano 2"",\n  ""tipo_zona"": ""Crítica y Alta Esterilidad"",\n  ""rango_temporal"": ""1362s - 1557s"",\n  ""eventos_recientes"": [\n    {\n      ""tiempo"": ""1365s"",\n      ""descripcion_vlm"": ""[YOLO]: Estado: Se han detectado 1 persona(s). Persona 1: ATENCIÓN Caída detectada (cuerpo en el suelo), ENVIAR AYUDA URGENTEMENTE. | [VLM]: [MEMORIA A CORTO PLAZO]:\\n - Sujeto ID_1 (Caja AZUL): Historial -> Caída detectada (cuerpo en el suelo), ENVIAR AYUDA URGENTEMENTE. ALTA FIABILIDAD: Presencia humana confirmada por ambos modelos."",\n      ""alerta"": true\n    },\n    {\n      ""tiempo"": ""1366s"",', '[Zona: Sala Común | Vuelta: 1]\nReporte de la Zona: Sala Común\nVuelta: 1\n{\n  ""nombre_zona"": ""Sala Común"",\n  ""tipo_zona"": ""Pública y Espera"",\n  ""rango_temporal"": ""1286s - 1361s"",\n  ""eventos_recientes"": [\n    {\n      ""tiempo"": ""1327s"",\n      ""descripcion_vlm"": ""[YOLO]: Estado: Se han detectado 1 persona(s). Persona 194: Persona de pie (predicción con poca confianza) | [VLM]: [MEMORIA A CORTO PLAZO]:\\n - Sujeto ID_194 (Caja MAGENTA): Historial -> Persona de pie o caminando ALTA FIABILIDAD: Presencia humana confirmada por ambos modelos."",\n      ""alerta"": true\n    },\n    {\n      ""tiempo"": ""1343s"",\n      ""descripcion_vlm"": ""[YOLO]: Estado: Se han detectado 2 persona(s). Persona 1: ATENCIÓN Caída detectada (cuerpo en el suelo), ENVIAR AYUDA URGENTEMENTE. Persona 2: ATENCIÓN Caída detectada (cuerpo en el suelo), ENVIAR AYUDA URGENTEMENTE. | [VLM]: - Sujeto ID_1 (Caja AZUL): Historial -> Caída detectada (cuerpo en el suelo), ENVIAR AYUDA URGENTEMENTE. ALTA FIABILIDAD: Presencia humana confirmada por ambos modelos."",']","Según el contexto, se han detectado 1 persona(s) en la zona de Recepción.",Hay seis personas,0.7624832697570882,0.5775490605886727,1.0,,,,short,hybrid+reranker,,,hybrid+reranker,system
¿Hay alguna persona presente en la Habitación Individual 1 o se encuentra vacía?,"['[Zona: Habitación Individual 1 | Vuelta: 1]\nReporte de la Zona: Habitación Individual 1\nVuelta: 1\n{\n  ""nombre_zona"": ""Habitación Individual 1"",\n  ""tipo_zona"": ""Privada y Pacientes"",\n  ""rango_temporal"": ""282s - 420s"",\n  ""eventos_recientes"": [\n    {\n      ""tiempo"": ""282s"",\n      ""descripcion_vlm"": ""[YOLO]: Estado: Se han detectado 1 persona(s). Persona 136: Persona de pie (predicción con poca confianza) | [VLM]: [MEMORIA A CORTO PLAZO]:\\n - Sujeto ID_136 (Caja AZUL): Historial -> Persona sentada | Persona sentada | persona de pie (predicción con poca confianza) ALTA FIABILIDAD: Presencia humana confirmada por ambos modelos."",\n      ""alerta"": true\n    },\n    {\n      ""tiempo"": ""399s"",', '[Zona: Habitación Individual 2 | Vuelta: 1]\nReporte de la Zona: Habitación Individual 2\nVuelta: 1\n{\n  ""nombre_zona"": ""Habitación Individual 2"",\n  ""tipo_zona"": ""Privada y Pacientes"",\n  ""rango_temporal"": ""463s - 523s"",\n  ""eventos_recientes"": [\n    {\n      ""tiempo"": ""463s"",\n      ""descripcion_vlm"": ""[YOLO]: Estado: Se han detectado 1 persona(s). Persona 1: Persona de pie (predicción con poca confianza) | [VLM]: [MEMORIA A CORTO PLAZO]:\\n - Sujeto ID_1 (Caja AZUL): Historial -> Persona de pie o caminando ALTA FIABILIDAD: Presencia humana confirmada por ambos modelos."",\n      ""alerta"": true\n    },\n    {\n      ""tiempo"": ""505s"",', '[Zona: Habitación Individual 3 | Vuelta: 1]\nReporte de la Zona: Habitación Individual 3\nVuelta: 1\n{\n  ""nombre_zona"": ""Habitación Individual 3"",\n  ""tipo_zona"": ""Privada y Pacientes"",\n  ""rango_temporal"": ""1898s - 2056s"",\n  ""eventos_recientes"": []\n}']","Según el contexto, en la Habitación Individual 1 se ha detectado una persona (Persona 136) de pie con poca confianza. Por lo tanto, la habitación no está vacía.",No hay nadie en la Habitación Individual 1,0.5491150246082955,0.6232456296663934,1.0,,,,short,hybrid+reranker,,,hybrid+reranker,system
¿El pasillo está completamente vacío o hay personas transitando por él?,"['[Zona: Escaleras 1 | Vuelta: 1]\nReporte de la Zona: Escaleras 1\nVuelta: 1\n{\n  ""nombre_zona"": ""Escaleras 1"",\n  ""tipo_zona"": ""Tránsito y Evacuación"",\n  ""rango_temporal"": ""62s - 94s"",\n  ""eventos_recientes"": [\n    {\n      ""tiempo"": ""80s"",\n      ""descripcion_vlm"": ""[YOLO]: Estado: Se han detectado 1 persona(s). Persona 1: Persona sentada o torso visible (predicción con poca confianza) | [VLM]: [MEMORIA A CORTO PLAZO]:\\n - Sujeto ID_1 (Caja AZUL): Historial -> Persona sentada o torso visible (predicción con poca confianza) ALTA FIABILIDAD: Presencia humana confirmada por ambos modelos."",\n      ""alerta"": true\n    },\n    {\n      ""tiempo"": ""86s"",\n      ""descripcion_vlm"": ""[YOLO]: Estado: Se han detectado 1 persona(s). Persona 1: Persona sentada | [VLM]: [MEMORIA A CORTO PLAZO]:\\n - Sujeto ID_1 (Caja AZUL): Historial -> Persona sentada \\n - Sujeto ID_2 (Caja AZUL): Historial -> persona sentada o torso visible ALTA FIABILIDAD: Presencia humana confirmada por ambos modelos."",\n      ""alerta"": true\n    },\n    {', '[Zona: Sala Común | Vuelta: 1]\nReporte de la Zona: Sala Común\nVuelta: 1\n{\n  ""nombre_zona"": ""Sala Común"",\n  ""tipo_zona"": ""Pública y Espera"",\n  ""rango_temporal"": ""1286s - 1361s"",\n  ""eventos_recientes"": [\n    {\n      ""tiempo"": ""1327s"",\n      ""descripcion_vlm"": ""[YOLO]: Estado: Se han detectado 1 persona(s). Persona 194: Persona de pie (predicción con poca confianza) | [VLM]: [MEMORIA A CORTO PLAZO]:\\n - Sujeto ID_194 (Caja MAGENTA): Historial -> Persona de pie o caminando ALTA FIABILIDAD: Presencia humana confirmada por ambos modelos."",\n      ""alerta"": true\n    },\n    {\n      ""tiempo"": ""1343s"",\n      ""descripcion_vlm"": ""[YOLO]: Estado: Se han detectado 2 persona(s). Persona 1: ATENCIÓN Caída detectada (cuerpo en el suelo), ENVIAR AYUDA URGENTEMENTE. Persona 2: ATENCIÓN Caída detectada (cuerpo en el suelo), ENVIAR AYUDA URGENTEMENTE. | [VLM]: - Sujeto ID_1 (Caja AZUL): Historial -> Caída detectada (cuerpo en el suelo), ENVIAR AYUDA URGENTEMENTE. ALTA FIABILIDAD: Presencia humana confirmada por ambos modelos."",', '[Zona: Quirófano 2 | Vuelta: 1]\n""alerta"": true\n    },\n    {\n      ""tiempo"": ""1366s"",\n      ""descripcion_vlm"": ""[YOLO]: Estado: Se han detectado 1 persona(s). Persona 1: ATENCIÓN Caída detectada (cuerpo en el suelo), ENVIAR AYUDA URGENTEMENTE. | [VLM]: [MEMORIA A CORTO PLAZO]:\\n - Sujeto ID_1 (Caja AZUL): Historial -> Persona sentada o torso visible (predicción con poca confianza) ALTA FIABILIDAD: Presencia humana confirmada por ambos modelos."",\n      ""alerta"": true\n    },\n    {\n      ""tiempo"": ""1367s"",\n      ""descripcion_vlm"": ""[YOLO]: Estado: Se han detectado 1 persona(s). Persona 1: ATENCIÓN Caída detectada (cuerpo en el suelo), ENVIAR AYUDA URGENTEMENTE. | [VLM]: 1. Caída detectada (cuerpo en el suelo), ENVIAR AYUDA URGENTEMENTE. ALTA FIABILIDAD: Presencia humana confirmada por ambos modelos."",\n      ""alerta"": true\n    },\n    {\n      ""tiempo"": ""1468s"",']","Según el contexto de sensores recuperado, se ha detectado la presencia humana en el Escaleras 1. En concreto, en la vuelta 1, se han registrado dos eventos recientes que indican la presencia de personas sentadas o torso visible (predicción con poca confianza) y luego persona sentada. Por lo tanto, la respuesta es: Sí, hay alguien en el Escaleras 1.","Hay varias personas, una caminando, otra corriendo y una trabajadora del hospital llevando a un paciente en silla de ruedas",0.5395707174248789,0.5550840675854892,1.0,,,,short,hybrid+reranker,,,hybrid+reranker,system
¿Cuántas personas en total se detectan dentro de la Habitación Compartida 2?,"['[Zona: Habitación Compartida 5 | Vuelta: 1]\nReporte de la Zona: Habitación Compartida 5\nVuelta: 1\n{\n  ""nombre_zona"": ""Habitación Compartida 5"",\n  ""tipo_zona"": ""Privada y Pacientes"",\n  ""rango_temporal"": ""1597s - 1773s"",\n  ""eventos_recientes"": [\n    {\n      ""tiempo"": ""1627s"",\n      ""descripcion_vlm"": ""[YOLO]: Estado: Se han detectado 1 persona(s). Persona 1: Persona de pie (predicción con poca confianza) | [VLM]: [MEMORIA A CORTO PLAZO]:\\n - Sujeto ID_1 (Caja AZUL): Historial -> Persona sentada \\n - Sujeto ID_2 (Caja AZUL): Historial -> persona descansar en cama. ALTA FIABILIDAD: Presencia humana confirmada por ambos modelos."",\n      ""alerta"": true\n    },\n    {\n      ""tiempo"": ""1628s"",\n      ""descripcion_vlm"": ""[YOLO]: Estado: Se han detectado 1 persona(s). Persona 1: Persona sentada | [VLM]: 1. Descansar en cama (caja azul) - Sujeto ID_1 (Caja AZUL): Historial -> Persona de pie o caminando ALTA FIABILIDAD: Presencia humana confirmada por ambos modelos."",\n      ""alerta"": true\n    },\n    {\n      ""tiempo"": ""1748s"",', '[Zona: Habitación Compartida 4 | Vuelta: 1]\nReporte de la Zona: Habitación Compartida 4\nVuelta: 1\n{\n  ""nombre_zona"": ""Habitación Compartida 4"",\n  ""tipo_zona"": ""Privada y Pacientes"",\n  ""rango_temporal"": ""1369s - 1457s"",\n  ""eventos_recientes"": [\n    {\n      ""tiempo"": ""1369s"",\n      ""descripcion_vlm"": ""[YOLO]: Estado: Se han detectado 1 persona(s). Persona 1: Persona sentada | [VLM]: 1. Descansar en cama (persona de pie) | 2. Conversar con otros (persona o caminando). ALTA FIABILIDAD: Presencia humana confirmada por ambos modelos."",\n      ""alerta"": true\n    },\n    {\n      ""tiempo"": ""1378s"",\n      ""descripcion_vlm"": ""[YOLO]: Estado: Se han detectado 1 persona(s). Persona 1: Persona sentada | [VLM]: 1. Sujeto ID_1 (Caja AZUL): Historial -> Persona de pie o caminando ALTA FIABILIDAD: Presencia humana confirmada por ambos modelos."",\n      ""alerta"": true\n    },\n    {\n      ""tiempo"": ""1379s"",', '[Zona: Oficina 2 | Vuelta: 1]\nReporte de la Zona: Oficina 2\nVuelta: 1\n{\n  ""nombre_zona"": ""Oficina 2"",\n  ""tipo_zona"": ""Administrativa y Personal"",\n  ""rango_temporal"": ""1774s - 2081s"",\n  ""eventos_recientes"": [\n    {\n      ""tiempo"": ""1774s"",\n      ""descripcion_vlm"": ""[YOLO]: Estado: Se han detectado 2 persona(s). Persona 242: Persona sentada Persona 243: Persona de pie (predicción con poca confianza) | [VLM]: - Sujeto ID_242 (Caja VERDE): Historial -> Persona sentada | persona sentada | persona sentada ALTA FIABILIDAD: Presencia humana confirmada por ambos modelos."",\n      ""alerta"": true\n    },\n    {\n      ""tiempo"": ""1775s"",\n      ""descripcion_vlm"": ""[YOLO]: Estado: Se han detectado 2 persona(s). Persona 242: Persona sentada Persona 243: Persona de pie (predicción con poca confianza) | [VLM]: - Sujeto ID_242 (Caja VERDE): Historial -> Persona sentada ALTA FIABILIDAD: Presencia humana confirmada por ambos modelos."",\n      ""alerta"": true\n    },\n    {\n      ""tiempo"": ""1776s"",']","No hay información registrada sobre la Habitación Compartida 2. El contexto proporcionado solo incluye reportes de las zonas ""Habitación Compartida 5"", ""Habitación Compartida 4"" y ""Oficina 2"". No se registra información sobre la Habitación Compartida 2.",No hay nadie en la Habitacion Compartida 2,0.9206557302103048,0.0,1.0,,,,short,hybrid+reranker,,,hybrid+reranker,system
¿Hay alguien presente dentro del Quirófano 2?,"['[Zona: Quirófano 2 | Vuelta: 1]\nReporte de la Zona: Quirófano 2\nVuelta: 1\n{\n  ""nombre_zona"": ""Quirófano 2"",\n  ""tipo_zona"": ""Crítica y Alta Esterilidad"",\n  ""rango_temporal"": ""1362s - 1557s"",\n  ""eventos_recientes"": [\n    {\n      ""tiempo"": ""1365s"",\n      ""descripcion_vlm"": ""[YOLO]: Estado: Se han detectado 1 persona(s). Persona 1: ATENCIÓN Caída detectada (cuerpo en el suelo), ENVIAR AYUDA URGENTEMENTE. | [VLM]: [MEMORIA A CORTO PLAZO]:\\n - Sujeto ID_1 (Caja AZUL): Historial -> Caída detectada (cuerpo en el suelo), ENVIAR AYUDA URGENTEMENTE. ALTA FIABILIDAD: Presencia humana confirmada por ambos modelos."",\n      ""alerta"": true\n    },\n    {\n      ""tiempo"": ""1366s"",', '[Zona: Quirófano 2 | Vuelta: 1]\n""alerta"": true\n    },\n    {\n      ""tiempo"": ""1468s"",\n      ""descripcion_vlm"": ""[YOLO]: Estado: Se han detectado 1 persona(s). Persona 1: Persona sentada | [VLM]: [MEMORIA A CORTO PLAZO]:\\n - Sujeto ID_1 (Caja AZUL): Historial -> Caída detectada (cuerpo en el suelo), ENVIAR AYUDA URGENTEMENTE. \\n - Sujeto ID_2 (Caja AZUL): Historial -> Caída detectada (cuerpo en el suelo), ENVIAR AYUDA URGENTAMENTE. ALTA FIABILIDAD: Presencia humana confirmada por ambos modelos."",\n      ""alerta"": true\n    },\n    {\n      ""tiempo"": ""1473s"",\n      ""descripcion_vlm"": ""[YOLO]: Estado: Se han detectado 1 persona(s). Persona 1: Persona sentada | [VLM]: [MEMORIA A CORTO PLAZO]:\\n - Sujeto ID_1 (Caja AZUL): Historial -> Caída detectada (cuerpo en el suelo), ENVIAR AYUDA URGENTEMENTE. ALTA FIABILIDAD: Presencia humana confirmada por ambos modelos."",\n      ""alerta"": true\n    },\n    {\n      ""tiempo"": ""1474s"",', '[Zona: Quirófano 2 | Vuelta: 1]\n""alerta"": true\n    },\n    {\n      ""tiempo"": ""1366s"",\n      ""descripcion_vlm"": ""[YOLO]: Estado: Se han detectado 1 persona(s). Persona 1: ATENCIÓN Caída detectada (cuerpo en el suelo), ENVIAR AYUDA URGENTEMENTE. | [VLM]: [MEMORIA A CORTO PLAZO]:\\n - Sujeto ID_1 (Caja AZUL): Historial -> Persona sentada o torso visible (predicción con poca confianza) ALTA FIABILIDAD: Presencia humana confirmada por ambos modelos."",\n      ""alerta"": true\n    },\n    {\n      ""tiempo"": ""1367s"",\n      ""descripcion_vlm"": ""[YOLO]: Estado: Se han detectado 1 persona(s). Persona 1: ATENCIÓN Caída detectada (cuerpo en el suelo), ENVIAR AYUDA URGENTEMENTE. | [VLM]: 1. Caída detectada (cuerpo en el suelo), ENVIAR AYUDA URGENTEMENTE. ALTA FIABILIDAD: Presencia humana confirmada por ambos modelos."",\n      ""alerta"": true\n    },\n    {\n      ""tiempo"": ""1468s"",']","Según los sensores, en el Quirófano 2 se ha detectado una caída de persona(s) y se han emitido alertas urgentes. La descripción indica que al menos una persona está sentada o con cuerpo en el suelo.","Sí, se está realizando una intervención a un paciente que está tumbado en la cama. Hay tres trabajadores del hospital realizandolo",0.3752271953890872,0.6196238412742029,1.0,,,,short,hybrid+reranker,,,hybrid+reranker,system
¿Se está haciendo alguna actividad en el Quirófano 2?,"['[Zona: Quirófano 2 | Vuelta: 1]\nReporte de la Zona: Quirófano 2\nVuelta: 1\n{\n  ""nombre_zona"": ""Quirófano 2"",\n  ""tipo_zona"": ""Crítica y Alta Esterilidad"",\n  ""rango_temporal"": ""1362s - 1557s"",\n  ""eventos_recientes"": [\n    {\n      ""tiempo"": ""1365s"",\n      ""descripcion_vlm"": ""[YOLO]: Estado: Se han detectado 1 persona(s). Persona 1: ATENCIÓN Caída detectada (cuerpo en el suelo), ENVIAR AYUDA URGENTEMENTE. | [VLM]: [MEMORIA A CORTO PLAZO]:\\n - Sujeto ID_1 (Caja AZUL): Historial -> Caída detectada (cuerpo en el suelo), ENVIAR AYUDA URGENTEMENTE. ALTA FIABILIDAD: Presencia humana confirmada por ambos modelos."",\n      ""alerta"": true\n    },\n    {\n      ""tiempo"": ""1366s"",', '[Zona: Quirófano 2 | Vuelta: 1]\n""alerta"": true\n    },\n    {\n      ""tiempo"": ""1366s"",\n      ""descripcion_vlm"": ""[YOLO]: Estado: Se han detectado 1 persona(s). Persona 1: ATENCIÓN Caída detectada (cuerpo en el suelo), ENVIAR AYUDA URGENTEMENTE. | [VLM]: [MEMORIA A CORTO PLAZO]:\\n - Sujeto ID_1 (Caja AZUL): Historial -> Persona sentada o torso visible (predicción con poca confianza) ALTA FIABILIDAD: Presencia humana confirmada por ambos modelos."",\n      ""alerta"": true\n    },\n    {\n      ""tiempo"": ""1367s"",\n      ""descripcion_vlm"": ""[YOLO]: Estado: Se han detectado 1 persona(s). Persona 1: ATENCIÓN Caída detectada (cuerpo en el suelo), ENVIAR AYUDA URGENTEMENTE. | [VLM]: 1. Caída detectada (cuerpo en el suelo), ENVIAR AYUDA URGENTEMENTE. ALTA FIABILIDAD: Presencia humana confirmada por ambos modelos."",\n      ""alerta"": true\n    },\n    {\n      ""tiempo"": ""1468s"",', '[Zona: Oficina 2 | Vuelta: 1]\nReporte de la Zona: Oficina 2\nVuelta: 1\n{\n  ""nombre_zona"": ""Oficina 2"",\n  ""tipo_zona"": ""Administrativa y Personal"",\n  ""rango_temporal"": ""1774s - 2081s"",\n  ""eventos_recientes"": [\n    {\n      ""tiempo"": ""1774s"",\n      ""descripcion_vlm"": ""[YOLO]: Estado: Se han detectado 2 persona(s). Persona 242: Persona sentada Persona 243: Persona de pie (predicción con poca confianza) | [VLM]: - Sujeto ID_242 (Caja VERDE): Historial -> Persona sentada | persona sentada | persona sentada ALTA FIABILIDAD: Presencia humana confirmada por ambos modelos."",\n      ""alerta"": true\n    },\n    {\n      ""tiempo"": ""1775s"",\n      ""descripcion_vlm"": ""[YOLO]: Estado: Se han detectado 2 persona(s). Persona 242: Persona sentada Persona 243: Persona de pie (predicción con poca confianza) | [VLM]: - Sujeto ID_242 (Caja VERDE): Historial -> Persona sentada ALTA FIABILIDAD: Presencia humana confirmada por ambos modelos."",\n      ""alerta"": true\n    },\n    {\n      ""tiempo"": ""1776s"",']","Basándome en el contexto de sensores recuperado, puedo decir que en el Quirófano 2 se está desarrollando una situación de emergencia médica. Se han detectado caídas humanas y se ha emitido una alerta urgente para enviar ayuda.","Sí, se está realizando una intervención quirúrgica a un paciente que está tumbado en la cama. Hay tres trabajadores del hospital realizandolo",0.5576992431281711,0.6254060122164847,0.75,,,,short,hybrid+reranker,,,hybrid+reranker,system
¿Se detecta a alguna persona caída en el suelo en alguna zona del hospital?,"['[Zona: Quirófano 2 | Vuelta: 1]\n""alerta"": true\n    },\n    {\n      ""tiempo"": ""1366s"",\n      ""descripcion_vlm"": ""[YOLO]: Estado: Se han detectado 1 persona(s). Persona 1: ATENCIÓN Caída detectada (cuerpo en el suelo), ENVIAR AYUDA URGENTEMENTE. | [VLM]: [MEMORIA A CORTO PLAZO]:\\n - Sujeto ID_1 (Caja AZUL): Historial -> Persona sentada o torso visible (predicción con poca confianza) ALTA FIABILIDAD: Presencia humana confirmada por ambos modelos."",\n      ""alerta"": true\n    },\n    {\n      ""tiempo"": ""1367s"",\n      ""descripcion_vlm"": ""[YOLO]: Estado: Se han detectado 1 persona(s). Persona 1: ATENCIÓN Caída detectada (cuerpo en el suelo), ENVIAR AYUDA URGENTEMENTE. | [VLM]: 1. Caída detectada (cuerpo en el suelo), ENVIAR AYUDA URGENTEMENTE. ALTA FIABILIDAD: Presencia humana confirmada por ambos modelos."",\n      ""alerta"": true\n    },\n    {\n      ""tiempo"": ""1468s"",', '[Zona: Quirófano 2 | Vuelta: 1]\n""alerta"": true\n    },\n    {\n      ""tiempo"": ""1468s"",\n      ""descripcion_vlm"": ""[YOLO]: Estado: Se han detectado 1 persona(s). Persona 1: Persona sentada | [VLM]: [MEMORIA A CORTO PLAZO]:\\n - Sujeto ID_1 (Caja AZUL): Historial -> Caída detectada (cuerpo en el suelo), ENVIAR AYUDA URGENTEMENTE. \\n - Sujeto ID_2 (Caja AZUL): Historial -> Caída detectada (cuerpo en el suelo), ENVIAR AYUDA URGENTAMENTE. ALTA FIABILIDAD: Presencia humana confirmada por ambos modelos."",\n      ""alerta"": true\n    },\n    {\n      ""tiempo"": ""1473s"",\n      ""descripcion_vlm"": ""[YOLO]: Estado: Se han detectado 1 persona(s). Persona 1: Persona sentada | [VLM]: [MEMORIA A CORTO PLAZO]:\\n - Sujeto ID_1 (Caja AZUL): Historial -> Caída detectada (cuerpo en el suelo), ENVIAR AYUDA URGENTEMENTE. ALTA FIABILIDAD: Presencia humana confirmada por ambos modelos."",\n      ""alerta"": true\n    },\n    {\n      ""tiempo"": ""1474s"",', '[Zona: Habitación Compartida 1 | Vuelta: 1]\n""alerta"": true\n    },\n    {\n      ""tiempo"": ""668s"",\n      ""descripcion_vlm"": ""[YOLO]: Estado: Se han detectado 1 persona(s). Persona 188: Persona sentada o torso visible (predicción con poca confianza) | [VLM]: [MEMORIA A CORTO PLAZO]:\\n - Sujeto ID_188 (Caja AMARILLA): Historial \\n - Sujeto ID_89 (Caja AMARILLA): Historial \\n - Sujeto ID_91 (Caja AMARILLA): Historial ALTA FIABILIDAD: Presencia humana confirmada por ambos modelos."",\n      ""alerta"": true\n    },\n    {\n      ""tiempo"": ""717s"",\n      ""descripcion_vlm"": ""[YOLO]: Estado: Se han detectado 1 persona(s). Persona 188: Persona sentada o torso visible (predicción con poca confianza) | [VLM]: 1. Person in the hospital room with yellow object on bed. ALTA FIABILIDAD: Presencia humana confirmada por ambos modelos."",\n      ""alerta"": true\n    }\n  ]\n}']","Sí, hay alguien sentado o con cuerpo en el suelo en algún lugar del hospital.","Sí, hay una trabajadora en el suelo en la Habitación Compartida 2",0.6886894096727103,0.6255600267743512,0.5,,,,short,hybrid+reranker,,,hybrid+reranker,system
"En la Habitación Compartida 4, ¿las personas detectadas están acostadas en las camas o hay alguien de pie/sentado?","['[Zona: Habitación Compartida 4 | Vuelta: 1]\nReporte de la Zona: Habitación Compartida 4\nVuelta: 1\n{\n  ""nombre_zona"": ""Habitación Compartida 4"",\n  ""tipo_zona"": ""Privada y Pacientes"",\n  ""rango_temporal"": ""1369s - 1457s"",\n  ""eventos_recientes"": [\n    {\n      ""tiempo"": ""1369s"",\n      ""descripcion_vlm"": ""[YOLO]: Estado: Se han detectado 1 persona(s). Persona 1: Persona sentada | [VLM]: 1. Descansar en cama (persona de pie) | 2. Conversar con otros (persona o caminando). ALTA FIABILIDAD: Presencia humana confirmada por ambos modelos."",\n      ""alerta"": true\n    },\n    {\n      ""tiempo"": ""1378s"",\n      ""descripcion_vlm"": ""[YOLO]: Estado: Se han detectado 1 persona(s). Persona 1: Persona sentada | [VLM]: 1. Sujeto ID_1 (Caja AZUL): Historial -> Persona de pie o caminando ALTA FIABILIDAD: Presencia humana confirmada por ambos modelos."",\n      ""alerta"": true\n    },\n    {\n      ""tiempo"": ""1379s"",', '[Zona: Habitación Compartida 5 | Vuelta: 1]\nReporte de la Zona: Habitación Compartida 5\nVuelta: 1\n{\n  ""nombre_zona"": ""Habitación Compartida 5"",\n  ""tipo_zona"": ""Privada y Pacientes"",\n  ""rango_temporal"": ""1597s - 1773s"",\n  ""eventos_recientes"": [\n    {\n      ""tiempo"": ""1627s"",\n      ""descripcion_vlm"": ""[YOLO]: Estado: Se han detectado 1 persona(s). Persona 1: Persona de pie (predicción con poca confianza) | [VLM]: [MEMORIA A CORTO PLAZO]:\\n - Sujeto ID_1 (Caja AZUL): Historial -> Persona sentada \\n - Sujeto ID_2 (Caja AZUL): Historial -> persona descansar en cama. ALTA FIABILIDAD: Presencia humana confirmada por ambos modelos."",\n      ""alerta"": true\n    },\n    {\n      ""tiempo"": ""1628s"",\n      ""descripcion_vlm"": ""[YOLO]: Estado: Se han detectado 1 persona(s). Persona 1: Persona sentada | [VLM]: 1. Descansar en cama (caja azul) - Sujeto ID_1 (Caja AZUL): Historial -> Persona de pie o caminando ALTA FIABILIDAD: Presencia humana confirmada por ambos modelos."",\n      ""alerta"": true\n    },\n    {\n      ""tiempo"": ""1748s"",', '[Zona: Habitación Compartida 5 | Vuelta: 1]\n""descripcion_vlm"": ""[YOLO]: Estado: Se han detectado 2 persona(s). Persona 242: Persona sentada Persona 243: Persona de pie (predicción con poca confianza) | [VLM]: - Sujeto ID_242 (Caja VERDE): Historial -> Persona sentada \\n - Sujeto ID_243 (Caja AMARILLA): Historial -> Persona de pie o caminando \\n - Sujeto ID_834 (Caja AMARILLA): Historial -> persona de pie o caminando \\n - Sujeto ID_928 (Caja AMARILLA): Historial -> persona de pie o caminando \\n - Sujeto ID_929 (Caja AMARILLA): Historial -> persona de pie o caminando \\n - Sujeto ID_931 (Caja AMARILLA): Historial -> persona de pie o caminando \\n - Sujeto ID_932 (Caja AMARILLA): Historial -> persona de pie o caminando \\n - Sujeto ID_934 (Caja AMARILLA): Historial -> persona de pie o caminando \\n - Sujeto ID_935 (Caja AMARILLA): Historial -> persona de pie o caminando \\n - Sujeto ID_936 (Caja AMARILLA): Historial -> persona de pie o caminando \\n - Sujeto ID_937 (Caja AMARILLA): Historial -> persona de pie o caminando \\n -']","Basándome en el contexto de sensores recuperado, puedo responder que: En la Habitación Compartida 4, se ha detectado una persona sentada.",Hay dos pacientes en las camas y una trabajadora de pie al lado de uno de los pacientes,0.4660448771202995,0.634489371167802,0.5,,,,short,hybrid+reranker,,,hybrid+reranker,system
¿Cuántas personas hay actualmente en la Sala Común?,"['[Zona: Sala Común | Vuelta: 1]\nReporte de la Zona: Sala Común\nVuelta: 1\n{\n  ""nombre_zona"": ""Sala Común"",\n  ""tipo_zona"": ""Pública y Espera"",\n  ""rango_temporal"": ""1286s - 1361s"",\n  ""eventos_recientes"": [\n    {\n      ""tiempo"": ""1327s"",\n      ""descripcion_vlm"": ""[YOLO]: Estado: Se han detectado 1 persona(s). Persona 194: Persona de pie (predicción con poca confianza) | [VLM]: [MEMORIA A CORTO PLAZO]:\\n - Sujeto ID_194 (Caja MAGENTA): Historial -> Persona de pie o caminando ALTA FIABILIDAD: Presencia humana confirmada por ambos modelos."",\n      ""alerta"": true\n    },\n    {\n      ""tiempo"": ""1343s"",\n      ""descripcion_vlm"": ""[YOLO]: Estado: Se han detectado 2 persona(s). Persona 1: ATENCIÓN Caída detectada (cuerpo en el suelo), ENVIAR AYUDA URGENTEMENTE. Persona 2: ATENCIÓN Caída detectada (cuerpo en el suelo), ENVIAR AYUDA URGENTEMENTE. | [VLM]: - Sujeto ID_1 (Caja AZUL): Historial -> Caída detectada (cuerpo en el suelo), ENVIAR AYUDA URGENTEMENTE. ALTA FIABILIDAD: Presencia humana confirmada por ambos modelos."",', '[Zona: Habitación Compartida 5 | Vuelta: 1]\nReporte de la Zona: Habitación Compartida 5\nVuelta: 1\n{\n  ""nombre_zona"": ""Habitación Compartida 5"",\n  ""tipo_zona"": ""Privada y Pacientes"",\n  ""rango_temporal"": ""1597s - 1773s"",\n  ""eventos_recientes"": [\n    {\n      ""tiempo"": ""1627s"",\n      ""descripcion_vlm"": ""[YOLO]: Estado: Se han detectado 1 persona(s). Persona 1: Persona de pie (predicción con poca confianza) | [VLM]: [MEMORIA A CORTO PLAZO]:\\n - Sujeto ID_1 (Caja AZUL): Historial -> Persona sentada \\n - Sujeto ID_2 (Caja AZUL): Historial -> persona descansar en cama. ALTA FIABILIDAD: Presencia humana confirmada por ambos modelos."",\n      ""alerta"": true\n    },\n    {\n      ""tiempo"": ""1628s"",\n      ""descripcion_vlm"": ""[YOLO]: Estado: Se han detectado 1 persona(s). Persona 1: Persona sentada | [VLM]: 1. Descansar en cama (caja azul) - Sujeto ID_1 (Caja AZUL): Historial -> Persona de pie o caminando ALTA FIABILIDAD: Presencia humana confirmada por ambos modelos."",\n      ""alerta"": true\n    },\n    {\n      ""tiempo"": ""1748s"",', '[Zona: Habitación Compartida 2 | Vuelta: 1]\nReporte de la Zona: Habitación Compartida 2\nVuelta: 1\n{\n  ""nombre_zona"": ""Habitación Compartida 2"",\n  ""tipo_zona"": ""Privada y Pacientes"",\n  ""rango_temporal"": ""1068s - 1190s"",\n  ""eventos_recientes"": [\n    {\n      ""tiempo"": ""1155s"",']","Sí, hay una persona detectada en la Sala Común. La predicción de YOLO indica que se han detectado 1 persona(s) y el modelo VLM confirma la presencia humana con alta fiabilidad.","En la sala común hay dos personas de pie con el móvil, frente a frente",0.434421065446313,0.7260139539754804,1.0,,,,short,hybrid+reranker,,,hybrid+reranker,system
¿Hay alguien que requiera asistencia en el interior de algún Baño?,"['[Zona: Baño 2 | Vuelta: 1]\nReporte de la Zona: Baño 2\nVuelta: 1\n{\n  ""nombre_zona"": ""Baño 2"",\n  ""tipo_zona"": ""Privada y Servicios"",\n  ""rango_temporal"": ""1499s - 1747s"",\n  ""eventos_recientes"": [\n    {\n      ""tiempo"": ""1499s"",\n      ""descripcion_vlm"": ""[YOLO]: Estado: Se han detectado 1 persona(s). Persona 1: Persona de pie (predicción con poca confianza) | [VLM]: [MEMORIA A CORTO PLAZO]:\\n - Sujeto ID_1 (Caja AZUL): Historial -> Persona sentada \\n - Sujeto ID_2 (Caja AZUL): Historial -> persona de cualquier sujeto que se convirtió en la imagen. ALTA FIABILIDAD: Presencia humana confirmada por ambos modelos."",\n      ""alerta"": true\n    },\n    {\n      ""tiempo"": ""1561s"",\n      ""descripcion_vlm"": ""[YOLO]: Estado: Se han detectado 1 persona(s). Persona 1: Persona sentada | [VLM]: [MEMORIA A CORTO PLAZO]:\\n - Sujeto ID_1 (Caja AZUL): Historial -> Persona de pie o caminando ALTA FIABILIDAD: Presencia humana confirmada por ambos modelos."",\n      ""alerta"": true\n    },\n    {\n      ""tiempo"": ""1569s"",', '[Zona: Habitación Compartida 1 | Vuelta: 1]\n""alerta"": true\n    },\n    {\n      ""tiempo"": ""668s"",\n      ""descripcion_vlm"": ""[YOLO]: Estado: Se han detectado 1 persona(s). Persona 188: Persona sentada o torso visible (predicción con poca confianza) | [VLM]: [MEMORIA A CORTO PLAZO]:\\n - Sujeto ID_188 (Caja AMARILLA): Historial \\n - Sujeto ID_89 (Caja AMARILLA): Historial \\n - Sujeto ID_91 (Caja AMARILLA): Historial ALTA FIABILIDAD: Presencia humana confirmada por ambos modelos."",\n      ""alerta"": true\n    },\n    {\n      ""tiempo"": ""717s"",\n      ""descripcion_vlm"": ""[YOLO]: Estado: Se han detectado 1 persona(s). Persona 188: Persona sentada o torso visible (predicción con poca confianza) | [VLM]: 1. Person in the hospital room with yellow object on bed. ALTA FIABILIDAD: Presencia humana confirmada por ambos modelos."",\n      ""alerta"": true\n    }\n  ]\n}', '[Zona: Oficina 2 | Vuelta: 1]\nReporte de la Zona: Oficina 2\nVuelta: 1\n{\n  ""nombre_zona"": ""Oficina 2"",\n  ""tipo_zona"": ""Administrativa y Personal"",\n  ""rango_temporal"": ""1774s - 2081s"",\n  ""eventos_recientes"": [\n    {\n      ""tiempo"": ""1774s"",\n      ""descripcion_vlm"": ""[YOLO]: Estado: Se han detectado 2 persona(s). Persona 242: Persona sentada Persona 243: Persona de pie (predicción con poca confianza) | [VLM]: - Sujeto ID_242 (Caja VERDE): Historial -> Persona sentada | persona sentada | persona sentada ALTA FIABILIDAD: Presencia humana confirmada por ambos modelos."",\n      ""alerta"": true\n    },\n    {\n      ""tiempo"": ""1775s"",\n      ""descripcion_vlm"": ""[YOLO]: Estado: Se han detectado 2 persona(s). Persona 242: Persona sentada Persona 243: Persona de pie (predicción con poca confianza) | [VLM]: - Sujeto ID_242 (Caja VERDE): Historial -> Persona sentada ALTA FIABILIDAD: Presencia humana confirmada por ambos modelos."",\n      ""alerta"": true\n    },\n    {\n      ""tiempo"": ""1776s"",']","Basándome en el contexto de sensores recuperado, no hay información registrada sobre personas que necesiten ayuda en el Baño 2.","No, no hay nadie en ningún baño",0.6658522154076807,0.0,1.0,,,,short,hybrid+reranker,,,hybrid+reranker,system
¿Hay cajas o paquetes en los almacenes?,"['[Zona: Almacén 2 | Vuelta: 1]\nReporte de la Zona: Almacén 2\nVuelta: 1\n{\n  ""nombre_zona"": ""Almacén 2"",\n  ""tipo_zona"": ""Restringida"",\n  ""rango_temporal"": ""2242s - 2355s"",\n  ""eventos_recientes"": [\n    {\n      ""tiempo"": ""2348s"",\n      ""descripcion_vlm"": ""[YOLO]: Estado: Se han detectado 1 persona(s). Persona 1: Persona de pie (predicción con poca confianza) | [VLM]: [MEMORIA A CORTO PLAZO]:\\n - Sujeto ID_1 (Caja AZUL): Historial -> Persona sentada ALTA FIABILIDAD: Presencia humana confirmada por ambos modelos."",\n      ""alerta"": true\n    },\n    {\n      ""tiempo"": ""2349s"",\n      ""descripcion_vlm"": ""[YOLO]: Estado: Se han detectado 2 persona(s). Persona 1: Persona de pie (predicción con poca confianza) Persona 2: Persona de pie (predicción con poca confianza) | [VLM]: - Sujeto ID_1 (Caja AZUL): Historial -> Persona de pie (predicción con poca confianza) \\n - Sujeto ID_2 (Caja VERDE): Historial -> Persona de pie (predicción con puca confianza) ALTA FIABILIDAD: Presencia humana confirmada por ambos modelos."",', '[Zona: Almacén 1 | Vuelta: 1]\nReporte de la Zona: Almacén 1\nVuelta: 1\n{\n  ""nombre_zona"": ""Almacén 1"",\n  ""tipo_zona"": ""Restringida"",\n  ""rango_temporal"": ""124s - 281s"",\n  ""eventos_recientes"": [\n    {\n      ""tiempo"": ""261s"",\n      ""descripcion_vlm"": ""[YOLO]: Estado: Se han detectado 1 persona(s). Persona 1: Persona sentada | [VLM]: 1. Sujeto ID_1 (Caja AZUL): Historial -> Persona sentada ALTA FIABILIDAD: Presencia humana confirmada por ambos modelos."",\n      ""alerta"": true\n    },\n    {\n      ""tiempo"": ""262s"",\n      ""descripcion_vlm"": ""[YOLO]: Estado: Se han detectado 1 persona(s). Persona 132: Persona sentada | [VLM]: [MEMORIA A CORTO PLAZO]:\\n - Sujeto ID_132 (CajaVERDE): Historial -> Persona sentada. ALTA FIABILIDAD: Presencia humana confirmada por ambos modelos."",\n      ""alerta"": true\n    },\n    {\n      ""tiempo"": ""263s"",', '[Zona: Quirófano 2 | Vuelta: 1]\nReporte de la Zona: Quirófano 2\nVuelta: 1\n{\n  ""nombre_zona"": ""Quirófano 2"",\n  ""tipo_zona"": ""Crítica y Alta Esterilidad"",\n  ""rango_temporal"": ""1362s - 1557s"",\n  ""eventos_recientes"": [\n    {\n      ""tiempo"": ""1365s"",\n      ""descripcion_vlm"": ""[YOLO]: Estado: Se han detectado 1 persona(s). Persona 1: ATENCIÓN Caída detectada (cuerpo en el suelo), ENVIAR AYUDA URGENTEMENTE. | [VLM]: [MEMORIA A CORTO PLAZO]:\\n - Sujeto ID_1 (Caja AZUL): Historial -> Caída detectada (cuerpo en el suelo), ENVIAR AYUDA URGENTEMENTE. ALTA FIABILIDAD: Presencia humana confirmada por ambos modelos."",\n      ""alerta"": true\n    },\n    {\n      ""tiempo"": ""1366s"",']",No hay información registrada sobre objetos almacenados en Almacén 1 y Almacén 2.,"Sí, hay una montaña de cajas en ambos almacenes",0.940309000737216,0.0,0.0,,,,short,hybrid+reranker,,,hybrid+reranker,system
"¿Qué actividad está realizando la persona en la Oficina 2 (ej. trabajando en el ordenador, leyendo, hablando)?","['[Zona: Oficina 2 | Vuelta: 1]\nde pie o caminando \\n - Sujeto ID_336 (Caja AZUL): Historous -> persona de pie o caminando \\n - Sujeto ID_337 (Caja AZUL): Historous -> persona de pie o caminando \\n - Sujeto ID_338 (Caja AZUL): Historous -> persona de pie o caminando \\n - Sujeto ID_339 (Caja AZUL): Historous -> persona de pie o caminando \\n - Sujeto ID_340 (Caja AZUL): Historous -> persona de pie o caminando \\n - Sujeto ID_341 (Caja AZUL): Historous -> persona de pie o caminando \\n - Sujeto ID_342 (Caja AZUL): Historous -> persona de pie o caminando \\n - Sujeto ID_343 (Caja AZUL): Historous -> persona de pie o caminando \\n - Sujeto ID_344 (Caja AZUL): Historous -> persona de pie o caminando \\n - Sujeto ID_365 (Caja AZUL): Historous -> persona de pie o caminando ALTA FIABILIDAD: Presencia humana confirmada por ambos modelos."",', '[Zona: Oficina 2 | Vuelta: 1]\ncaminando \\n - Sujeto ID_258 (Caja AZUL): Historial -> persona de pie o caminando \\n - Sujeto ID_259 (Caja AZUL): Historial -> persona de pie o caminando \\n - Sujeto ID_260 (Caja AZUL): Historial -> persona de pie o caminando \\n - Sujeto ID_261 (Caja AZUL): Historial -> persona de pie o caminando \\n - Sujeto ID_262 (Caja AZUL): Historial -> persona de pie o caminando \\n - Sujeto ID_263 (Caja AZUL): Historial -> persona de pie o caminando \\n - Sujeto ID_264 (Caja AZUL): Historial -> persona de pie o caminando ALTA FIABILIDAD: Presencia humana confirmada por ambos modelos."",', '[Zona: Oficina 2 | Vuelta: 1]\ncaminando \\n - Sujeto ID_258 (Caja AZUL): Historial -> persona de pie o caminando \\n - Sujeto ID_259 (Caja AZUL): Historial -> persona de pie o caminando \\n - Sujeto ID_260 (Caja AZUL): Historial -> persona de pie o caminando \\n - Sujeto ID_261 (Caja AZUL): Historial -> persona de pie o caminando \\n - Sujeto ID_262 (Caja AZUL): Historial -> persona de pie o caminando \\n - Sujeto ID_263 (Caja AZUL): Historial -> persona de pie o caminando \\n - Sujeto ID_264 (Caja AZUL): Historial -> persona de pie o caminando \\n - Sujeto ID_265 (Caja AZUL): Historial -> persona de pie o caminando \\n - Sujeto ID_266 (Caja AZUL): Historial -> persona de pie o caminando \\n - Sujeto ID_267 (Caja AZUL): Historial -> persona de pie o caminando \\n - Sujeto ID_268 (Caja AZUL): Historial -> persona de pie o caminando \\n - Sujeto ID_269 (Caja AZUL): Historial -> persona de pie o caminando \\n - Sujeto ID_270 (Caja AZUL): Historial -> persona de pie o caminando \\n - Sujeto ID_271 (Caja AZUL): Historial -> persona']","Basándome en el contexto de sensores recuperado, puedo decir que las personas con IDs 336 a 344 y IDs 258 a 271 están caminando o de pie.",Hay una empleada sentada detrás del escritorio. No parece estar haciendo nada,0.4181038440260265,0.5355617614747538,0.5,,,,short,hybrid+reranker,,,hybrid+reranker,system
"En la zona de Recepción, ¿hay alguien interactuando directamente con el mostrador o están únicamente esperando?","['[Zona: Sala Común | Vuelta: 1]\nReporte de la Zona: Sala Común\nVuelta: 1\n{\n  ""nombre_zona"": ""Sala Común"",\n  ""tipo_zona"": ""Pública y Espera"",\n  ""rango_temporal"": ""1286s - 1361s"",\n  ""eventos_recientes"": [\n    {\n      ""tiempo"": ""1327s"",\n      ""descripcion_vlm"": ""[YOLO]: Estado: Se han detectado 1 persona(s). Persona 194: Persona de pie (predicción con poca confianza) | [VLM]: [MEMORIA A CORTO PLAZO]:\\n - Sujeto ID_194 (Caja MAGENTA): Historial -> Persona de pie o caminando ALTA FIABILIDAD: Presencia humana confirmada por ambos modelos."",\n      ""alerta"": true\n    },\n    {\n      ""tiempo"": ""1343s"",\n      ""descripcion_vlm"": ""[YOLO]: Estado: Se han detectado 2 persona(s). Persona 1: ATENCIÓN Caída detectada (cuerpo en el suelo), ENVIAR AYUDA URGENTEMENTE. Persona 2: ATENCIÓN Caída detectada (cuerpo en el suelo), ENVIAR AYUDA URGENTEMENTE. | [VLM]: - Sujeto ID_1 (Caja AZUL): Historial -> Caída detectada (cuerpo en el suelo), ENVIAR AYUDA URGENTEMENTE. ALTA FIABILIDAD: Presencia humana confirmada por ambos modelos."",', '[Zona: Quirófano 2 | Vuelta: 1]\nReporte de la Zona: Quirófano 2\nVuelta: 1\n{\n  ""nombre_zona"": ""Quirófano 2"",\n  ""tipo_zona"": ""Crítica y Alta Esterilidad"",\n  ""rango_temporal"": ""1362s - 1557s"",\n  ""eventos_recientes"": [\n    {\n      ""tiempo"": ""1365s"",\n      ""descripcion_vlm"": ""[YOLO]: Estado: Se han detectado 1 persona(s). Persona 1: ATENCIÓN Caída detectada (cuerpo en el suelo), ENVIAR AYUDA URGENTEMENTE. | [VLM]: [MEMORIA A CORTO PLAZO]:\\n - Sujeto ID_1 (Caja AZUL): Historial -> Caída detectada (cuerpo en el suelo), ENVIAR AYUDA URGENTEMENTE. ALTA FIABILIDAD: Presencia humana confirmada por ambos modelos."",\n      ""alerta"": true\n    },\n    {\n      ""tiempo"": ""1366s"",', '[Zona: Habitación Compartida 5 | Vuelta: 1]\n""descripcion_vlm"": ""[YOLO]: Estado: Se han detectado 2 persona(s). Persona 242: Persona sentada Persona 243: Persona de pie (predicción con poca confianza) | [VLM]: - Sujeto ID_242 (Caja VERDE): Historial -> Persona sentada \\n - Sujeto ID_243 (Caja AMARILLA): Historial -> Persona de pie o caminando \\n - Sujeto ID_834 (Caja AMARILLA): Historial -> persona de pie o caminando \\n - Sujeto ID_928 (Caja AMARILLA): Historial -> persona de pie o caminando \\n - Sujeto ID_929 (Caja AMARILLA): Historial -> persona de pie o caminando \\n - Sujeto ID_931 (Caja AMARILLA): Historial -> persona de pie o caminando \\n - Sujeto ID_932 (Caja AMARILLA): Historial -> persona de pie o caminando \\n - Sujeto ID_934 (Caja AMARILLA): Historial -> persona de pie o caminando \\n - Sujeto ID_935 (Caja AMARILLA): Historial -> persona de pie o caminando \\n - Sujeto ID_936 (Caja AMARILLA): Historial -> persona de pie o caminando \\n - Sujeto ID_937 (Caja AMARILLA): Historial -> persona de pie o caminando \\n -']",No hay información registrada sobre la Recepción.,"Hay tres personas de pie esperando/hablando, un hombre con el móvil, una mujer con un bolso y un hombre caminando. En las sillas se ven a varias sentadas, algunas con el móvil y un niño leyendo un libro",0.3323967141109808,0.0,0.0,,,,short,hybrid+reranker,,,hybrid+reranker,system
"¿Se observa a alguien manipulando objetos, estanterías o cajas dentro del Almacén 1?","['[Zona: Quirófano 2 | Vuelta: 1]\n""alerta"": true\n    },\n    {\n      ""tiempo"": ""1468s"",\n      ""descripcion_vlm"": ""[YOLO]: Estado: Se han detectado 1 persona(s). Persona 1: Persona sentada | [VLM]: [MEMORIA A CORTO PLAZO]:\\n - Sujeto ID_1 (Caja AZUL): Historial -> Caída detectada (cuerpo en el suelo), ENVIAR AYUDA URGENTEMENTE. \\n - Sujeto ID_2 (Caja AZUL): Historial -> Caída detectada (cuerpo en el suelo), ENVIAR AYUDA URGENTAMENTE. ALTA FIABILIDAD: Presencia humana confirmada por ambos modelos."",\n      ""alerta"": true\n    },\n    {\n      ""tiempo"": ""1473s"",\n      ""descripcion_vlm"": ""[YOLO]: Estado: Se han detectado 1 persona(s). Persona 1: Persona sentada | [VLM]: [MEMORIA A CORTO PLAZO]:\\n - Sujeto ID_1 (Caja AZUL): Historial -> Caída detectada (cuerpo en el suelo), ENVIAR AYUDA URGENTEMENTE. ALTA FIABILIDAD: Presencia humana confirmada por ambos modelos."",\n      ""alerta"": true\n    },\n    {\n      ""tiempo"": ""1474s"",', '[Zona: Escaleras 1 | Vuelta: 1]\nReporte de la Zona: Escaleras 1\nVuelta: 1\n{\n  ""nombre_zona"": ""Escaleras 1"",\n  ""tipo_zona"": ""Tránsito y Evacuación"",\n  ""rango_temporal"": ""62s - 94s"",\n  ""eventos_recientes"": [\n    {\n      ""tiempo"": ""80s"",\n      ""descripcion_vlm"": ""[YOLO]: Estado: Se han detectado 1 persona(s). Persona 1: Persona sentada o torso visible (predicción con poca confianza) | [VLM]: [MEMORIA A CORTO PLAZO]:\\n - Sujeto ID_1 (Caja AZUL): Historial -> Persona sentada o torso visible (predicción con poca confianza) ALTA FIABILIDAD: Presencia humana confirmada por ambos modelos."",\n      ""alerta"": true\n    },\n    {\n      ""tiempo"": ""86s"",\n      ""descripcion_vlm"": ""[YOLO]: Estado: Se han detectado 1 persona(s). Persona 1: Persona sentada | [VLM]: [MEMORIA A CORTO PLAZO]:\\n - Sujeto ID_1 (Caja AZUL): Historial -> Persona sentada \\n - Sujeto ID_2 (Caja AZUL): Historial -> persona sentada o torso visible ALTA FIABILIDAD: Presencia humana confirmada por ambos modelos."",\n      ""alerta"": true\n    },\n    {', '[Zona: Baño 1 | Vuelta: 1]\nReporte de la Zona: Baño 1\nVuelta: 1\n{\n  ""nombre_zona"": ""Baño 1"",\n  ""tipo_zona"": ""Privada y Servicios"",\n  ""rango_temporal"": ""652s - 917s"",\n  ""eventos_recientes"": [\n    {\n      ""tiempo"": ""663s"",\n      ""descripcion_vlm"": ""[YOLO]: Estado: Se han detectado 1 persona(s). Persona 1: Persona sentada o torso visible (predicción con poca confianza) | [VLM]: [MEMORIA A CORTO PLAZO]:\\n - Sujeto ID_1 (Caja AZUL): Historial -> Persona sentada ALTA FIABILIDAD: Presencia humana confirmada por ambos modelos."",\n      ""alerta"": true\n    },\n    {\n      ""tiempo"": ""664s"",\n      ""descripcion_vlm"": ""[YOLO]: Estado: Se han detectado 1 persona(s). Persona 186: Persona sentada o torso visible (predicción con poca confianza) | [VLM]: [MEMORIA A CORTO PLAZO]:\\n - Sujeto ID_186 (Caja AZUL): Historial -> Persona sentada o torso visible (predicción con poca confianza) ALTA FIABILIDAD: Presencia humana confirmada por ambos modelos."",\n      ""alerta"": true\n    }\n  ]\n}']","No hay información registrada sobre el Almacén 1. El contexto proporcionado solo incluye informaciones de las zonas Quirófano 2, Escaleras 1 y Baño 1.",No hay nadie en el Almacén 1,0.9236934323412748,0.0,0.5,,,,short,hybrid+reranker,,,hybrid+reranker,system
¿La cama de la Habitación Individual 4 se encuentra ocupada por un paciente en este momento?,"['[Zona: Habitación Individual 4 | Vuelta: 1]\nReporte de la Zona: Habitación Individual 4\nVuelta: 1\n{\n  ""nombre_zona"": ""Habitación Individual 4"",\n  ""tipo_zona"": ""Privada y Pacientes"",\n  ""rango_temporal"": ""2138s - 2222s"",\n  ""eventos_recientes"": [\n    {\n      ""tiempo"": ""2141s"",\n      ""descripcion_vlm"": ""[YOLO]: Estado: Se han detectado 1 persona(s). Persona 1: Persona sentada | [VLM]: [MEMORIA A CORTO PLAZO]:\\n - Sujeto ID_1 (Caja AZUL): Historial -> Persona de pie o caminando ALTA FIABILIDAD: Presencia humana confirmada por ambos modelos."",\n      ""alerta"": true\n    },\n    {\n      ""tiempo"": ""2142s"",\n      ""descripcion_vlm"": ""[YOLO]: Estado: Se han detectado 1 persona(s). Persona 279: Persona sentada | [VLM]: [MEMORIA A CORTO PLAZO]: Sujeto ID_279 (Caja MAGENTA): Historial -> Persona sentada. ALTA FIABILIDAD: Presencia humana confirmada por ambos modelos."",\n      ""alerta"": true\n    },\n    {\n      ""tiempo"": ""2143s"",', '[Zona: Habitación Compartida 4 | Vuelta: 1]\nReporte de la Zona: Habitación Compartida 4\nVuelta: 1\n{\n  ""nombre_zona"": ""Habitación Compartida 4"",\n  ""tipo_zona"": ""Privada y Pacientes"",\n  ""rango_temporal"": ""1369s - 1457s"",\n  ""eventos_recientes"": [\n    {\n      ""tiempo"": ""1369s"",\n      ""descripcion_vlm"": ""[YOLO]: Estado: Se han detectado 1 persona(s). Persona 1: Persona sentada | [VLM]: 1. Descansar en cama (persona de pie) | 2. Conversar con otros (persona o caminando). ALTA FIABILIDAD: Presencia humana confirmada por ambos modelos."",\n      ""alerta"": true\n    },\n    {\n      ""tiempo"": ""1378s"",\n      ""descripcion_vlm"": ""[YOLO]: Estado: Se han detectado 1 persona(s). Persona 1: Persona sentada | [VLM]: 1. Sujeto ID_1 (Caja AZUL): Historial -> Persona de pie o caminando ALTA FIABILIDAD: Presencia humana confirmada por ambos modelos."",\n      ""alerta"": true\n    },\n    {\n      ""tiempo"": ""1379s"",', '[Zona: Habitación Compartida 4 | Vuelta: 1]\n""alerta"": true\n    },\n    {\n      ""tiempo"": ""1379s"",\n      ""descripcion_vlm"": ""[YOLO]: Estado: Se han detectado 2 persona(s). Persona 1: Persona sentada Persona 2: ATENCIÓN Caída detectada (cuerpo en el suelo), ENVIAR AYUDA URGENTEMENTE. | [VLM]: - Sujeto ID_1 (Caja AZUL): Historial -> Persona sentada | persona sentada | persona sentada ALTA FIABILIDAD: Presencia humana confirmada por ambos modelos."",\n      ""alerta"": true\n    }\n  ]\n}']","Según el contexto de sensores recuperado, en la vuelta 1 de la habitación individual 4 se detectó a una persona sentada (Persona 1) y luego a otra persona sentada (Persona 279). Por lo tanto, sí, la habitación individual número 4 está ocupada actualmente.","Sí, hay una mujer sentada en la cama",0.6779104259642715,0.6788034217552844,0.6666666666666666,,,,short,hybrid+reranker,,,hybrid+reranker,system
¿Se detecta a alguien interactuando con equipamiento médico en el Quirófano 2?,"['[Zona: Quirófano 2 | Vuelta: 1]\n""alerta"": true\n    },\n    {\n      ""tiempo"": ""1468s"",\n      ""descripcion_vlm"": ""[YOLO]: Estado: Se han detectado 1 persona(s). Persona 1: Persona sentada | [VLM]: [MEMORIA A CORTO PLAZO]:\\n - Sujeto ID_1 (Caja AZUL): Historial -> Caída detectada (cuerpo en el suelo), ENVIAR AYUDA URGENTEMENTE. \\n - Sujeto ID_2 (Caja AZUL): Historial -> Caída detectada (cuerpo en el suelo), ENVIAR AYUDA URGENTAMENTE. ALTA FIABILIDAD: Presencia humana confirmada por ambos modelos."",\n      ""alerta"": true\n    },\n    {\n      ""tiempo"": ""1473s"",\n      ""descripcion_vlm"": ""[YOLO]: Estado: Se han detectado 1 persona(s). Persona 1: Persona sentada | [VLM]: [MEMORIA A CORTO PLAZO]:\\n - Sujeto ID_1 (Caja AZUL): Historial -> Caída detectada (cuerpo en el suelo), ENVIAR AYUDA URGENTEMENTE. ALTA FIABILIDAD: Presencia humana confirmada por ambos modelos."",\n      ""alerta"": true\n    },\n    {\n      ""tiempo"": ""1474s"",', '[Zona: Quirófano 2 | Vuelta: 1]\n""alerta"": true\n    },\n    {\n      ""tiempo"": ""1366s"",\n      ""descripcion_vlm"": ""[YOLO]: Estado: Se han detectado 1 persona(s). Persona 1: ATENCIÓN Caída detectada (cuerpo en el suelo), ENVIAR AYUDA URGENTEMENTE. | [VLM]: [MEMORIA A CORTO PLAZO]:\\n - Sujeto ID_1 (Caja AZUL): Historial -> Persona sentada o torso visible (predicción con poca confianza) ALTA FIABILIDAD: Presencia humana confirmada por ambos modelos."",\n      ""alerta"": true\n    },\n    {\n      ""tiempo"": ""1367s"",\n      ""descripcion_vlm"": ""[YOLO]: Estado: Se han detectado 1 persona(s). Persona 1: ATENCIÓN Caída detectada (cuerpo en el suelo), ENVIAR AYUDA URGENTEMENTE. | [VLM]: 1. Caída detectada (cuerpo en el suelo), ENVIAR AYUDA URGENTEMENTE. ALTA FIABILIDAD: Presencia humana confirmada por ambos modelos."",\n      ""alerta"": true\n    },\n    {\n      ""tiempo"": ""1468s"",', '[Zona: Oficina 2 | Vuelta: 1]\n""descripcion_vlm"": ""[YOLO]: Estado: Se han detectado 2 persona(s). Persona 249: Persona sentada Persona 251: Persona de pie (predicción con poca confianza) | [VLM]: - Sujeto ID_249 (Caja MAGENTA): Historial -> Persona sentada \\n - Sujeto ID_250 (Caja AZUL): Historial -> persona de pie o caminando \\n - Sujeto ID_251 (Caja AZUL): Historial -> persona de pie o caminando \\n - Sujeto ID_252 (Caja AZUL): Historial -> persona de pie o caminando \\n - Sujeto ID_253 (Caja AZUL): Historial -> persona de pie o caminando \\n - Sujeto ID_254 (Caja AZUL): Historial -> persona de pie o caminando \\n - Sujeto ID_255 (Caja AZUL): Historial -> persona de pie o caminando \\n - Sujeto ID_256 (Caja AZUL): Historial -> persona de pie o caminando \\n - Sujeto ID_257 (Caja AZUL): Historial -> persona de pie o caminando \\n - Sujeto ID_258 (Caja AZUL): Historial -> persona de pie o caminando \\n - Sujeto ID_259 (Caja AZUL): Historial -> persona de pie o caminando \\n - Sujeto ID_260 (Caja AZUL): Historial ->']",No hay información registrada sobre el uso de equipo médico en el quirófano número 2.,"Sí, hay tres trabajadores de pie interactuando con equipo médico y un paciente en la cama",0.6766878872843531,0.0,1.0,,,,short,hybrid+reranker,,,hybrid+reranker,system
¿Se detecta a alguna persona presente en la sala compartida 2?,"['[Zona: Sala Común | Vuelta: 1]\nReporte de la Zona: Sala Común\nVuelta: 1\n{\n  ""nombre_zona"": ""Sala Común"",\n  ""tipo_zona"": ""Pública y Espera"",\n  ""rango_temporal"": ""1286s - 1361s"",\n  ""eventos_recientes"": [\n    {\n      ""tiempo"": ""1327s"",\n      ""descripcion_vlm"": ""[YOLO]: Estado: Se han detectado 1 persona(s). Persona 194: Persona de pie (predicción con poca confianza) | [VLM]: [MEMORIA A CORTO PLAZO]:\\n - Sujeto ID_194 (Caja MAGENTA): Historial -> Persona de pie o caminando ALTA FIABILIDAD: Presencia humana confirmada por ambos modelos."",\n      ""alerta"": true\n    },\n    {\n      ""tiempo"": ""1343s"",\n      ""descripcion_vlm"": ""[YOLO]: Estado: Se han detectado 2 persona(s). Persona 1: ATENCIÓN Caída detectada (cuerpo en el suelo), ENVIAR AYUDA URGENTEMENTE. Persona 2: ATENCIÓN Caída detectada (cuerpo en el suelo), ENVIAR AYUDA URGENTEMENTE. | [VLM]: - Sujeto ID_1 (Caja AZUL): Historial -> Caída detectada (cuerpo en el suelo), ENVIAR AYUDA URGENTEMENTE. ALTA FIABILIDAD: Presencia humana confirmada por ambos modelos."",', '[Zona: Habitación Compartida 5 | Vuelta: 1]\nReporte de la Zona: Habitación Compartida 5\nVuelta: 1\n{\n  ""nombre_zona"": ""Habitación Compartida 5"",\n  ""tipo_zona"": ""Privada y Pacientes"",\n  ""rango_temporal"": ""1597s - 1773s"",\n  ""eventos_recientes"": [\n    {\n      ""tiempo"": ""1627s"",\n      ""descripcion_vlm"": ""[YOLO]: Estado: Se han detectado 1 persona(s). Persona 1: Persona de pie (predicción con poca confianza) | [VLM]: [MEMORIA A CORTO PLAZO]:\\n - Sujeto ID_1 (Caja AZUL): Historial -> Persona sentada \\n - Sujeto ID_2 (Caja AZUL): Historial -> persona descansar en cama. ALTA FIABILIDAD: Presencia humana confirmada por ambos modelos."",\n      ""alerta"": true\n    },\n    {\n      ""tiempo"": ""1628s"",\n      ""descripcion_vlm"": ""[YOLO]: Estado: Se han detectado 1 persona(s). Persona 1: Persona sentada | [VLM]: 1. Descansar en cama (caja azul) - Sujeto ID_1 (Caja AZUL): Historial -> Persona de pie o caminando ALTA FIABILIDAD: Presencia humana confirmada por ambos modelos."",\n      ""alerta"": true\n    },\n    {\n      ""tiempo"": ""1748s"",', '[Zona: Habitación Compartida 2 | Vuelta: 1]\nReporte de la Zona: Habitación Compartida 2\nVuelta: 1\n{\n  ""nombre_zona"": ""Habitación Compartida 2"",\n  ""tipo_zona"": ""Privada y Pacientes"",\n  ""rango_temporal"": ""1068s - 1190s"",\n  ""eventos_recientes"": [\n    {\n      ""tiempo"": ""1155s"",']","Sí, hay al menos una persona en la Sala Común. La predicción de confianza es baja, pero el modelo VLM confirma la presencia humana con alta fiabilidad.","Sí, hay una mujer tirada en el suelo. Se recomienda enviar ayuda",0.6078352026509151,0.5671260421650388,0.6666666666666666,,,,short,hybrid+reranker,,,hybrid+reranker,system
¿Hay más de una persona simultáneamente detrás del mostrador de la Recepción atendiendo a los visitantes?,"['[Zona: Sala Común | Vuelta: 1]\nReporte de la Zona: Sala Común\nVuelta: 1\n{\n  ""nombre_zona"": ""Sala Común"",\n  ""tipo_zona"": ""Pública y Espera"",\n  ""rango_temporal"": ""1286s - 1361s"",\n  ""eventos_recientes"": [\n    {\n      ""tiempo"": ""1327s"",\n      ""descripcion_vlm"": ""[YOLO]: Estado: Se han detectado 1 persona(s). Persona 194: Persona de pie (predicción con poca confianza) | [VLM]: [MEMORIA A CORTO PLAZO]:\\n - Sujeto ID_194 (Caja MAGENTA): Historial -> Persona de pie o caminando ALTA FIABILIDAD: Presencia humana confirmada por ambos modelos."",\n      ""alerta"": true\n    },\n    {\n      ""tiempo"": ""1343s"",\n      ""descripcion_vlm"": ""[YOLO]: Estado: Se han detectado 2 persona(s). Persona 1: ATENCIÓN Caída detectada (cuerpo en el suelo), ENVIAR AYUDA URGENTEMENTE. Persona 2: ATENCIÓN Caída detectada (cuerpo en el suelo), ENVIAR AYUDA URGENTEMENTE. | [VLM]: - Sujeto ID_1 (Caja AZUL): Historial -> Caída detectada (cuerpo en el suelo), ENVIAR AYUDA URGENTEMENTE. ALTA FIABILIDAD: Presencia humana confirmada por ambos modelos."",', '[Zona: Sala Común | Vuelta: 1]\n""alerta"": true\n    },\n    {\n      ""tiempo"": ""1344s"",\n      ""descripcion_vlm"": ""[YOLO]: Estado: Se han detectado 1 persona(s). Persona 1: Persona sentada o torso visible (predicción con poca confianza) | [VLM]: [MEMORIA A CORTO PLAZO]:\\n - Sujeto ID_1 (Caja AZUL): Historial -> Persona de pie (predicción con poca confianza) \\n - En esta zona puede que veas gente Esperar sentado, CONVERSAR con otros. ALTA FIABILIDAD: Presencia humana confirmada por ambos modelos."",\n      ""alerta"": true\n    }\n  ]\n}', '[Zona: Quirófano 2 | Vuelta: 1]\n""alerta"": true\n    },\n    {\n      ""tiempo"": ""1512s"",\n      ""descripcion_vlm"": ""[YOLO]: Estado: Se han detectado 4 persona(s). Persona 1: Persona de pie (predicción con poca confianza) Persona 2: Persona de pie (predicción con poca confianza) Persona 3: Persona de pie (predicción con poca confianza) Persona 4: Persona de pie (predicción con poca confianza) | [VLM]: - Sujeto ID_1 (Caja AZUL): Historial -> Caída detectada (cuerpo en el suelo), ENVIAR AYUDA URGENTEMENTE. \\n - Sujeto ID_2 (Caja VERDE): Historial -> Caída detectada (cuerpo en el suelo), ENVIAR AYUDA URGENTIA. ALTA FIABILIDAD: Presencia humana confirmada por ambos modelos."",\n      ""alerta"": true\n    },\n    {\n      ""tiempo"": ""1513s"",']",No hay información registrada sobre la zona de Recepción en este contexto. La información disponible se refiere a la Sala Común y Quirófano 2.,Solo hay una empleada atendiendo a los visitantes,0.5446695056900119,0.0,0.6666666666666666,,,,short,hybrid+reranker,,,hybrid+reranker,system
"En la Habitación Compartida 5, ¿hay algún trabajador (persona de pie) acompañando a los pacientes acostados?","['[Zona: Habitación Compartida 5 | Vuelta: 1]\nReporte de la Zona: Habitación Compartida 5\nVuelta: 1\n{\n  ""nombre_zona"": ""Habitación Compartida 5"",\n  ""tipo_zona"": ""Privada y Pacientes"",\n  ""rango_temporal"": ""1597s - 1773s"",\n  ""eventos_recientes"": [\n    {\n      ""tiempo"": ""1627s"",\n      ""descripcion_vlm"": ""[YOLO]: Estado: Se han detectado 1 persona(s). Persona 1: Persona de pie (predicción con poca confianza) | [VLM]: [MEMORIA A CORTO PLAZO]:\\n - Sujeto ID_1 (Caja AZUL): Historial -> Persona sentada \\n - Sujeto ID_2 (Caja AZUL): Historial -> persona descansar en cama. ALTA FIABILIDAD: Presencia humana confirmada por ambos modelos."",\n      ""alerta"": true\n    },\n    {\n      ""tiempo"": ""1628s"",\n      ""descripcion_vlm"": ""[YOLO]: Estado: Se han detectado 1 persona(s). Persona 1: Persona sentada | [VLM]: 1. Descansar en cama (caja azul) - Sujeto ID_1 (Caja AZUL): Historial -> Persona de pie o caminando ALTA FIABILIDAD: Presencia humana confirmada por ambos modelos."",\n      ""alerta"": true\n    },\n    {\n      ""tiempo"": ""1748s"",', '[Zona: Habitación Compartida 3 | Vuelta: 1]\nReporte de la Zona: Habitación Compartida 3\nVuelta: 1\n{\n  ""nombre_zona"": ""Habitación Compartida 3"",\n  ""tipo_zona"": ""Privada y Pacientes"",\n  ""rango_temporal"": ""1065s - 1285s"",\n  ""eventos_recientes"": []\n}', '[Zona: Quirófano 1 | Vuelta: 1]\nReporte de la Zona: Quirófano 1\nVuelta: 1\n{\n  ""nombre_zona"": ""Quirófano 1"",\n  ""tipo_zona"": ""Crítica y Alta Esterilidad"",\n  ""rango_temporal"": ""918s - 1064s"",\n  ""eventos_recientes"": [\n    {\n      ""tiempo"": ""932s"",']","Según el contexto de sensores, en la vuelta 1 de la zona ""Habitación Compartida 5"", se detectó a una persona (Persona 1) que inicialmente estaba de pie (predicción con poca confianza), pero luego se sentó. Por lo tanto, la respuesta es: Sí, hay alguien que no está acostado y está presente en la habitación.","Sí, hay un trabajador de pie cerca a una cama con un paciente",0.5613114384238758,0.531099443834315,1.0,,,,short,hybrid+reranker,,,hybrid+reranker,system
¿Hay alguien deambulando por el pasillo?,"['[Zona: Escaleras 2 | Vuelta: 1]\nReporte de la Zona: Escaleras 2\nVuelta: 1\n{\n  ""nombre_zona"": ""Escaleras 2"",\n  ""tipo_zona"": ""Tránsito y Evacuación"",\n  ""rango_temporal"": ""2388s - 2395s"",\n  ""eventos_recientes"": []\n}', '[Zona: Escaleras 1 | Vuelta: 1]\nReporte de la Zona: Escaleras 1\nVuelta: 1\n{\n  ""nombre_zona"": ""Escaleras 1"",\n  ""tipo_zona"": ""Tránsito y Evacuación"",\n  ""rango_temporal"": ""62s - 94s"",\n  ""eventos_recientes"": [\n    {\n      ""tiempo"": ""80s"",\n      ""descripcion_vlm"": ""[YOLO]: Estado: Se han detectado 1 persona(s). Persona 1: Persona sentada o torso visible (predicción con poca confianza) | [VLM]: [MEMORIA A CORTO PLAZO]:\\n - Sujeto ID_1 (Caja AZUL): Historial -> Persona sentada o torso visible (predicción con poca confianza) ALTA FIABILIDAD: Presencia humana confirmada por ambos modelos."",\n      ""alerta"": true\n    },\n    {\n      ""tiempo"": ""86s"",\n      ""descripcion_vlm"": ""[YOLO]: Estado: Se han detectado 1 persona(s). Persona 1: Persona sentada | [VLM]: [MEMORIA A CORTO PLAZO]:\\n - Sujeto ID_1 (Caja AZUL): Historial -> Persona sentada \\n - Sujeto ID_2 (Caja AZUL): Historial -> persona sentada o torso visible ALTA FIABILIDAD: Presencia humana confirmada por ambos modelos."",\n      ""alerta"": true\n    },\n    {', '[Zona: Quirófano 2 | Vuelta: 1]\n""alerta"": true\n    },\n    {\n      ""tiempo"": ""1366s"",\n      ""descripcion_vlm"": ""[YOLO]: Estado: Se han detectado 1 persona(s). Persona 1: ATENCIÓN Caída detectada (cuerpo en el suelo), ENVIAR AYUDA URGENTEMENTE. | [VLM]: [MEMORIA A CORTO PLAZO]:\\n - Sujeto ID_1 (Caja AZUL): Historial -> Persona sentada o torso visible (predicción con poca confianza) ALTA FIABILIDAD: Presencia humana confirmada por ambos modelos."",\n      ""alerta"": true\n    },\n    {\n      ""tiempo"": ""1367s"",\n      ""descripcion_vlm"": ""[YOLO]: Estado: Se han detectado 1 persona(s). Persona 1: ATENCIÓN Caída detectada (cuerpo en el suelo), ENVIAR AYUDA URGENTEMENTE. | [VLM]: 1. Caída detectada (cuerpo en el suelo), ENVIAR AYUDA URGENTEMENTE. ALTA FIABILIDAD: Presencia humana confirmada por ambos modelos."",\n      ""alerta"": true\n    },\n    {\n      ""tiempo"": ""1468s"",']","Sí, hay al menos una persona sentada o torso visible detectada en la Zona: Escaleras 1 (Vuelta: 1) entre los tiempos 80s y 94s. La confianza de la predicción es baja.",Hay dos personas deambulando por el pasillo,0.4749615440495539,0.4844859711675269,1.0,,,,short,hybrid+reranker,,,hybrid+reranker,system
¿Se ha detectado la presencia de alguna persona obstaculizando el paso o sentada en los peldaños de las Escaleras 2?,"['[Zona: Escaleras 2 | Vuelta: 1]\nReporte de la Zona: Escaleras 2\nVuelta: 1\n{\n  ""nombre_zona"": ""Escaleras 2"",\n  ""tipo_zona"": ""Tránsito y Evacuación"",\n  ""rango_temporal"": ""2388s - 2395s"",\n  ""eventos_recientes"": []\n}', '[Zona: Oficina 2 | Vuelta: 1]\nReporte de la Zona: Oficina 2\nVuelta: 1\n{\n  ""nombre_zona"": ""Oficina 2"",\n  ""tipo_zona"": ""Administrativa y Personal"",\n  ""rango_temporal"": ""1774s - 2081s"",\n  ""eventos_recientes"": [\n    {\n      ""tiempo"": ""1774s"",\n      ""descripcion_vlm"": ""[YOLO]: Estado: Se han detectado 2 persona(s). Persona 242: Persona sentada Persona 243: Persona de pie (predicción con poca confianza) | [VLM]: - Sujeto ID_242 (Caja VERDE): Historial -> Persona sentada | persona sentada | persona sentada ALTA FIABILIDAD: Presencia humana confirmada por ambos modelos."",\n      ""alerta"": true\n    },\n    {\n      ""tiempo"": ""1775s"",\n      ""descripcion_vlm"": ""[YOLO]: Estado: Se han detectado 2 persona(s). Persona 242: Persona sentada Persona 243: Persona de pie (predicción con poca confianza) | [VLM]: - Sujeto ID_242 (Caja VERDE): Historial -> Persona sentada ALTA FIABILIDAD: Presencia humana confirmada por ambos modelos."",\n      ""alerta"": true\n    },\n    {\n      ""tiempo"": ""1776s"",', '[Zona: Quirófano 2 | Vuelta: 1]\n""alerta"": true\n    },\n    {\n      ""tiempo"": ""1366s"",\n      ""descripcion_vlm"": ""[YOLO]: Estado: Se han detectado 1 persona(s). Persona 1: ATENCIÓN Caída detectada (cuerpo en el suelo), ENVIAR AYUDA URGENTEMENTE. | [VLM]: [MEMORIA A CORTO PLAZO]:\\n - Sujeto ID_1 (Caja AZUL): Historial -> Persona sentada o torso visible (predicción con poca confianza) ALTA FIABILIDAD: Presencia humana confirmada por ambos modelos."",\n      ""alerta"": true\n    },\n    {\n      ""tiempo"": ""1367s"",\n      ""descripcion_vlm"": ""[YOLO]: Estado: Se han detectado 1 persona(s). Persona 1: ATENCIÓN Caída detectada (cuerpo en el suelo), ENVIAR AYUDA URGENTEMENTE. | [VLM]: 1. Caída detectada (cuerpo en el suelo), ENVIAR AYUDA URGENTEMENTE. ALTA FIABILIDAD: Presencia humana confirmada por ambos modelos."",\n      ""alerta"": true\n    },\n    {\n      ""tiempo"": ""1468s"",']",No hay información registrada sobre la zona de Escaleras 2.,No hay nadie en las escaleras 2.,0.9332065758540556,0.0,0.5,,,,short,hybrid+reranker,,,hybrid+reranker,system
Redacta el informe de seguridad global de la patrulla del hospital.,"['**Resumen Global**\n\nDurante el período de 1065 a 1361 segundos, se han detectado varias actividades y anomalías en diferentes zonas del hospital. A continuación, se presentan los principales eventos:\n\n* **Habitación Individual 1**: Se detectó la presencia humana con alta fiabilidad en varios momentos, incluyendo personas sentadas o de pie.\n* **Baño 1**: Se detectó una persona sentada o torso visible con poca confianza, confirmada por ambos modelos.\n* **Habitación Individual 4**: Se detectó la presencia humana con alta fiabilidad en varios momentos, incluyendo personas sentadas y de pie.\n* **Almacén 2**: Se detectaron tres personas en el almacén, incluyendo una persona que cambió de posición entre estar sentada y estar de pie. La predicción de la persona 1 cambió de ""Persona de pie"" a ""Persona sentada"".\n* **Habitación Compartida 1**: Se detectó la presencia humana con baja confianza, confirmada por ambos modelos. También se detectó un objeto amarillo en la cama.\n* **Sala Común**: Se detectaron tres eventos recientes relacionados con la presencia humana, incluyendo personas caídas en el suelo y sentadas. La zona registró alertas urgentes.\n* **Escaleras 2**: No se reportan eventos recientes en esta zona.\n* **Habitación Compartida 2**: Se detectó una persona caída en el suelo y se envió ayuda urgente. También se realizaron análisis de memoria a corto plazo que confirmaron la presencia humana en la zona.\n\nEn general, se han detectado varias actividades y anomalías en diferentes zonas del hospital, incluyendo la presencia humana con alta o baja confianza, personas caídas en el suelo y objetos amarillos. Es importante monitorear estas actividades para garantizar la seguridad y bienestar de los pacientes y personal del hospital.\n\n**Análisis**\n\nDurante el período reportado, se han detectado varias personas en diferentes momentos y situaciones. A continuación, se presentan los detalles más relevantes:\n\n* La mayoría del tiempo se dedicó a detectar personas sentadas, aunque hubo algunos momentos en los que se detectaron personas de pie o con predicciones de baja confianza.\n* Se observó una actividad constante en la zona Baño 2, con personas detectadas y predicciones de confianza variable.\n* La zona Quirófano 2 registra una alerta constante durante el período de tiempo, lo que sugiere la presencia humana en la zona.\n* En la zona Almacén 1, se detectaron dos personas sentadas con alta fiabilidad.\n* En la Habitación Compartida 4, se detectó una caída en el suelo a las 1379s.\n\n**Alertas**\n\n* Todas las alertas tienen un estado de alerta activado, lo que indica que las actividades detectadas pueden requerir una investigación adicional.\n\nEn general, se observó una actividad constante en varias zonas del hospital, con personas detectadas y predicciones de confianza variable. Se recomienda una mayor vigilancia y atención a las anomalías detectadas para garantizar la seguridad y el bienestar de los pacientes y personal médico.']","**Resumen Global**

Durante el período de 1065 a 1361 segundos, se han detectado varias actividades y anomalías en diferentes zonas del hospital. A continuación, se presentan los principales eventos:

* **Habitación Individual 1**: Se detectó la presencia humana con alta fiabilidad en varios momentos, incluyendo personas sentadas o de pie.
* **Baño 1**: Se detectó una persona sentada o torso visible con poca confianza, confirmada por ambos modelos.
* **Habitación Individual 4**: Se detectó la presencia humana con alta fiabilidad en varios momentos, incluyendo personas sentadas y de pie.
* **Almacén 2**: Se detectaron tres personas en el almacén, incluyendo una persona que cambió de posición entre estar sentada y estar de pie. La predicción de la persona 1 cambió de ""Persona de pie"" a ""Persona sentada"".
* **Habitación Compartida 1**: Se detectó la presencia humana con baja confianza, confirmada por ambos modelos. También se detectó un objeto amarillo en la cama.
* **Sala Común**: Se detectaron tres eventos recientes relacionados con la presencia humana, incluyendo personas caídas en el suelo y sentadas. La zona registró alertas urgentes.
* **Escaleras 2**: No se reportan eventos recientes en esta zona.
* **Habitación Compartida 2**: Se detectó una persona caída en el suelo y se envió ayuda urgente. También se realizaron análisis de memoria a corto plazo que confirmaron la presencia humana en la zona.

En general, se han detectado varias actividades y anomalías en diferentes zonas del hospital, incluyendo la presencia humana con alta o baja confianza, personas caídas en el suelo y objetos amarillos. Es importante monitorear estas actividades para garantizar la seguridad y bienestar de los pacientes y personal del hospital.

**Análisis**

Durante el período reportado, se han detectado varias personas en diferentes momentos y situaciones. A continuación, se presentan los detalles más relevantes:

* La mayoría del tiempo se dedicó a detectar personas sentadas, aunque hubo algunos momentos en los que se detectaron personas de pie o con predicciones de baja confianza.
* Se observó una actividad constante en la zona Baño 2, con personas detectadas y predicciones de confianza variable.
* La zona Quirófano 2 registra una alerta constante durante el período de tiempo, lo que sugiere la presencia humana en la zona.
* En la zona Almacén 1, se detectaron dos personas sentadas con alta fiabilidad.
* En la Habitación Compartida 4, se detectó una caída en el suelo a las 1379s.

**Alertas**

* Todas las alertas tienen un estado de alerta activado, lo que indica que las actividades detectadas pueden requerir una investigación adicional.

En general, se observó una actividad constante en varias zonas del hospital, con personas detectadas y predicciones de confianza variable. Se recomienda una mayor vigilancia y atención a las anomalías detectadas para garantizar la seguridad y el bienestar de los pacientes y personal médico.","Se detecta una emergencia crítica en la Habitación Compartida 2, donde una trabajadora se encuentra tirada en el suelo. Se requiere enviar asistencia médica de forma inmediata a esta ubicación para socorrerla. Por otro lado, se reporta una infracción de seguridad en el pasillo, ya que el sistema ha detectado a una persona corriendo cerca de otra trabajadora que traslada a un paciente en silla de ruedas, lo que supone un riesgo de colisión. Además, se observa una gran acumulación de cajas en ambos almacenes que podría obstaculizar el paso, y se registra a una empleada inactiva en la Oficina 2. El resto de las instalaciones del hospital funciona con normalidad y bajo los protocolos establecidos. En el Quirófano 2 se está llevando a cabo una intervención quirúrgica con el personal médico necesario, la zona de Recepción opera de forma habitual con varios visitantes y una sola persona al mostrador, y las habitaciones ocupadas tienen a sus pacientes seguros y atendidos. Zonas como los baños, las escaleras 2 y la habitación individual 1 se encuentran completamente vacías y despejadas.",0.430117523065735,,0.95,,,,summary,hybrid+reranker,"['**Resumen Global**\n\nDurante el período de 1065 a 1361 segundos, se han detectado varias actividades y anomalías en diferentes zonas del hospital. A continuación, se presentan los principales eventos:\n\n* **Habitación Individual 1**: Se detectó la presencia humana con alta fiabilidad en varios momentos, incluyendo personas sentadas o de pie.\n* **Baño 1**: Se detectó una persona sentada o torso visible con poca confianza, confirmada por ambos modelos.\n* **Habitación Individual 4**: Se detectó la presencia humana con alta fiabilidad en varios momentos, incluyendo personas sentadas y de pie.\n* **Almacén 2**: Se detectaron tres personas en el almacén, incluyendo una persona que cambió de posición entre estar sentada y estar de pie. La predicción de la persona 1 cambió de ""Persona de pie"" a ""Persona sentada"".\n* **Habitación Compartida 1**: Se detectó la presencia humana con baja confianza, confirmada por ambos modelos. También se detectó un objeto amarillo en la cama.\n* **Sala Común**: Se detectaron tres eventos recientes relacionados con la presencia humana, incluyendo personas caídas en el suelo y sentadas. La zona registró alertas urgentes.\n* **Escaleras 2**: No se reportan eventos recientes en esta zona.\n* **Habitación Compartida 2**: Se detectó una persona caída en el suelo y se envió ayuda urgente. También se realizaron análisis de memoria a corto plazo que confirmaron la presencia humana en la zona.\n\nEn general, se han detectado varias actividades y anomalías en diferentes zonas del hospital, incluyendo la presencia humana con alta o baja confianza, personas caídas en el suelo y objetos amarillos. Es importante monitorear estas actividades para garantizar la seguridad y bienestar de los pacientes y personal del hospital.\n\n**Análisis**\n\nDurante el período reportado, se han detectado varias personas en diferentes momentos y situaciones. A continuación, se presentan los detalles más relevantes:\n\n* La mayoría del tiempo se dedicó a detectar personas sentadas, aunque hubo algunos momentos en los que se detectaron personas de pie o con predicciones de baja confianza.\n* Se observó una actividad constante en la zona Baño 2, con personas detectadas y predicciones de confianza variable.\n* La zona Quirófano 2 registra una alerta constante durante el período de tiempo, lo que sugiere la presencia humana en la zona.\n* En la zona Almacén 1, se detectaron dos personas sentadas con alta fiabilidad.\n* En la Habitación Compartida 4, se detectó una caída en el suelo a las 1379s.\n\n**Alertas**\n\n* Todas las alertas tienen un estado de alerta activado, lo que indica que las actividades detectadas pueden requerir una investigación adicional.\n\nEn general, se observó una actividad constante en varias zonas del hospital, con personas detectadas y predicciones de confianza variable. Se recomienda una mayor vigilancia y atención a las anomalías detectadas para garantizar la seguridad y el bienestar de los pacientes y personal médico.']",0.4166666666666836,hybrid+reranker,system
¿Cuántas personas hay exactamente en la zona de Recepción en este momento?,"['[Zona: Quirófano 1 | Vuelta: 1]\n{\n  ""tipo_zona"": ""Crítica y Alta Esterilidad"",\n  ""rango_temporal"": ""918s - 1064s"",\n  ""eventos_recientes"": [\n    {\n      ""tiempo"": ""932s"",\n      ""descripcion_vlm"": ""1 p. (P1: De pie (?))"",\n      ""alerta"": false\n    },\n    {\n      ""tiempo"": ""1042s"",\n      ""descripcion_vlm"": ""1 p. (P1: Sentada)"",\n      ""alerta"": false\n    },\n    {\n      ""tiempo"": ""1043s"",\n      ""descripcion_vlm"": ""1 p. (P1: Sentada)"",\n      ""alerta"": false\n    },\n    {\n      ""tiempo"": ""1044s"",\n      ""descripcion_vlm"": ""1 p. (P1: Sentada)"",\n      ""alerta"": false\n    },\n    {\n      ""tiempo"": ""1045s"",\n      ""descripcion_vlm"": ""1 p. (P148: De pie o caminando)"",\n      ""alerta"": false\n    },\n    {\n      ""tiempo"": ""1046s"",\n      ""descripcion_vlm"": ""1 p. (P148: De pie o caminando)"",\n      ""alerta"": false\n    },\n    {\n      ""tiempo"": ""1047s"",\n      ""descripcion_vlm"": ""1 p. (P148: De pie o caminando)"",\n      ""alerta"": false\n    },\n    {\n      ""tiempo"": ""1048s"",\n      ""descripcion_vlm"": ""1 p. (P148: De pie (?))"",', '[Zona: Habitación Compartida 2 | Vuelta: 1]\n{\n  ""tipo_zona"": ""Privada y Pacientes"",\n  ""rango_temporal"": ""1068s - 1190s"",\n  ""eventos_recientes"": [\n    {\n      ""tiempo"": ""1155s"",\n      ""descripcion_vlm"": ""1 p. (P1: Caída URGENTE)"",\n      ""alerta"": true\n    }\n  ]\n}', '[Zona: Escaleras 2 | Vuelta: 1]\n{\n  ""tipo_zona"": ""Tránsito y Evacuación"",\n  ""rango_temporal"": ""2388s - 2395s"",\n  ""eventos_recientes"": []\n}']",No hay información registrada sobre la zona de Recepción.,Hay seis personas,0.1308749353036571,0.0,0.0,,,,short,hybrid+reranker+simplified,,,hybrid+reranker+simplified,system
¿Hay alguna persona presente en la Habitación Individual 1 o se encuentra vacía?,"['[Zona: Habitación Individual 3 | Vuelta: 1]\n{\n  ""tipo_zona"": ""Privada y Pacientes"",\n  ""rango_temporal"": ""1898s - 2056s"",\n  ""eventos_recientes"": []\n}', '[Zona: Habitación Individual 1 | Vuelta: 1]\n""alerta"": false\n    },\n    {\n      ""tiempo"": ""417s"",\n      ""descripcion_vlm"": ""2 p. (P108: De pie o caminando, P112: De pie (?))"",\n      ""alerta"": false\n    },\n    {\n      ""tiempo"": ""418s"",\n      ""descripcion_vlm"": ""2 p. (P108: De pie o caminando, P112: De pie (?))"",\n      ""alerta"": false\n    },\n    {\n      ""tiempo"": ""419s"",\n      ""descripcion_vlm"": ""4 p. (P1: De pie o caminando, P2: De pie (?), P3: De pie o caminando, P4: De pie (?))"",\n      ""alerta"": false\n    },\n    {\n      ""tiempo"": ""420s"",\n      ""descripcion_vlm"": ""1 p. (P119: De pie o caminando)"",\n      ""alerta"": false\n    }\n  ]\n}', '[Zona: Habitación Individual 2 | Vuelta: 1]\n},\n    {\n      ""tiempo"": ""518s"",\n      ""descripcion_vlm"": ""2 p. (P130: De pie o caminando, P135: De pie o caminando)"",\n      ""alerta"": false\n    },\n    {\n      ""tiempo"": ""519s"",\n      ""descripcion_vlm"": ""2 p. (P130: De pie o caminando, P135: De pie o caminando)"",\n      ""alerta"": false\n    },\n    {\n      ""tiempo"": ""520s"",\n      ""descripcion_vlm"": ""2 p. (P130: De pie o caminando, P135: De pie o caminando)"",\n      ""alerta"": false\n    },\n    {\n      ""tiempo"": ""521s"",\n      ""descripcion_vlm"": ""2 p. (P130: De pie o caminando, P135: De pie o caminando)"",\n      ""alerta"": false\n    },\n    {\n      ""tiempo"": ""522s"",\n      ""descripcion_vlm"": ""2 p. (P130: De pie o caminando, P135: De pie o caminando)"",\n      ""alerta"": false\n    }\n  ]\n}']","Según el contexto de sensores recuperado, en la Habitación Individual 1 no hay información registrada sobre la ocupación. Sin embargo, se detectan personas (2 p.) realizando actividades como caminar o estar de pie en diferentes momentos del rango temporal. Por lo tanto, puedo concluir que la habitación está ocupada.",No hay nadie en la Habitación Individual 1,0.5401144246585393,0.6426864490515969,0.3333333333333333,,,,short,hybrid+reranker+simplified,,,hybrid+reranker+simplified,system
¿El pasillo está completamente vacío o hay personas transitando por él?,"['[Zona: Escaleras 1 | Vuelta: 1]\n{\n  ""tipo_zona"": ""Tránsito y Evacuación"",\n  ""rango_temporal"": ""62s - 94s"",\n  ""eventos_recientes"": [\n    {\n      ""tiempo"": ""80s"",\n      ""descripcion_vlm"": ""1 p. (P1: Sentada (?))"",\n      ""alerta"": false\n    },\n    {\n      ""tiempo"": ""86s"",\n      ""descripcion_vlm"": ""1 p. (P1: Sentada)"",\n      ""alerta"": false\n    },\n    {\n      ""tiempo"": ""88s"",\n      ""descripcion_vlm"": ""2 p. (P1: Sentada, P2: Sentada)"",\n      ""alerta"": false\n    },\n    {\n      ""tiempo"": ""89s"",\n      ""descripcion_vlm"": ""1 p. (P1: Sentada)"",\n      ""alerta"": false\n    },\n    {\n      ""tiempo"": ""90s"",\n      ""descripcion_vlm"": ""1 p. (P86: Sentada)"",\n      ""alerta"": false\n    },\n    {\n      ""tiempo"": ""91s"",\n      ""descripcion_vlm"": ""2 p. (P86: Sentada, P87: De pie o caminando)"",\n      ""alerta"": false\n    },\n    {\n      ""tiempo"": ""92s"",\n      ""descripcion_vlm"": ""2 p. (P86: Sentada, P87: De pie (?))"",\n      ""alerta"": false\n    },\n    {\n      ""tiempo"": ""93s"",\n      ""descripcion_vlm"": ""2 p. (P86: Sentada, P87: De pie (?))"",', '[Zona: Sala Común | Vuelta: 1]\n{\n  ""tipo_zona"": ""Pública y Espera"",\n  ""rango_temporal"": ""1286s - 1361s"",\n  ""eventos_recientes"": [\n    {\n      ""tiempo"": ""1306s"",\n      ""descripcion_vlm"": ""2 p. (P1: De pie (?), P2: De pie o caminando)"",\n      ""alerta"": false\n    },\n    {\n      ""tiempo"": ""1307s"",\n      ""descripcion_vlm"": ""2 p. (P150: De pie (?), P151: De pie o caminando)"",\n      ""alerta"": false\n    },\n    {\n      ""tiempo"": ""1308s"",\n      ""descripcion_vlm"": ""2 p. (P150: De pie (?), P151: De pie o caminando)"",\n      ""alerta"": false\n    },\n    {\n      ""tiempo"": ""1309s"",\n      ""descripcion_vlm"": ""2 p. (P150: De pie (?), P151: De pie o caminando)"",\n      ""alerta"": false\n    },\n    {\n      ""tiempo"": ""1310s"",\n      ""descripcion_vlm"": ""2 p. (P150: De pie (?), P151: De pie o caminando). - Sujeto ID_150 (Caja ROJA): Historial -> De pie o caminando ... (?)"",\n      ""alerta"": false\n    },\n    {\n      ""tiempo"": ""1311s"",', '[Zona: Habitación Individual 2 | Vuelta: 1]\n},\n    {\n      ""tiempo"": ""518s"",\n      ""descripcion_vlm"": ""2 p. (P130: De pie o caminando, P135: De pie o caminando)"",\n      ""alerta"": false\n    },\n    {\n      ""tiempo"": ""519s"",\n      ""descripcion_vlm"": ""2 p. (P130: De pie o caminando, P135: De pie o caminando)"",\n      ""alerta"": false\n    },\n    {\n      ""tiempo"": ""520s"",\n      ""descripcion_vlm"": ""2 p. (P130: De pie o caminando, P135: De pie o caminando)"",\n      ""alerta"": false\n    },\n    {\n      ""tiempo"": ""521s"",\n      ""descripcion_vlm"": ""2 p. (P130: De pie o caminando, P135: De pie o caminando)"",\n      ""alerta"": false\n    },\n    {\n      ""tiempo"": ""522s"",\n      ""descripcion_vlm"": ""2 p. (P130: De pie o caminando, P135: De pie o caminando)"",\n      ""alerta"": false\n    }\n  ]\n}']","Basándome en el contexto de sensores recuperado, puedo responder que sí, hay personas transitando en el pasillo. En la zona ""Escaleras 1"", se registran eventos como ""2 p. (P86: Sentada, P87: De pie o caminando)"" y ""2 p. (P86: Sentada, P87: De pie (?))"" entre los segundos 91 y 93.","Hay varias personas, una caminando, otra corriendo y una trabajadora del hospital llevando a un paciente en silla de ruedas",0.5258686882954846,0.5353784246468566,1.0,,,,short,hybrid+reranker+simplified,,,hybrid+reranker+simplified,system
¿Cuántas personas en total se detectan dentro de la Habitación Compartida 2?,"['[Zona: Habitación Compartida 2 | Vuelta: 1]\n{\n  ""tipo_zona"": ""Privada y Pacientes"",\n  ""rango_temporal"": ""1068s - 1190s"",\n  ""eventos_recientes"": [\n    {\n      ""tiempo"": ""1155s"",\n      ""descripcion_vlm"": ""1 p. (P1: Caída URGENTE)"",\n      ""alerta"": true\n    }\n  ]\n}', '[Zona: Habitación Compartida 3 | Vuelta: 1]\n{\n  ""tipo_zona"": ""Privada y Pacientes"",\n  ""rango_temporal"": ""1065s - 1285s"",\n  ""eventos_recientes"": []\n}', '[Zona: Habitación Compartida 5 | Vuelta: 1]\n""alerta"": false\n    },\n    {\n      ""tiempo"": ""1771s"",\n      ""descripcion_vlm"": ""2 p. (P199: Sentada, P200: De pie (?))"",\n      ""alerta"": false\n    },\n    {\n      ""tiempo"": ""1772s"",\n      ""descripcion_vlm"": ""2 p. (P199: Sentada, P200: Sentada)"",\n      ""alerta"": false\n    },\n    {\n      ""tiempo"": ""1773s"",\n      ""descripcion_vlm"": ""2 p. (P199: Sentada, P200: Sentada)"",\n      ""alerta"": false\n    }\n  ]\n}']","Según el contexto de sensores recuperado, en la Habitación Compartida 2 no hay información registrada sobre el número de personas. Sin embargo, se registra un evento urgente de caída a las 1155s, lo que sugiere que al menos una persona está presente en la zona.",No hay nadie en la Habitacion Compartida 2,0.4178925364615763,0.6910862378138636,0.3333333333333333,,,,short,hybrid+reranker+simplified,,,hybrid+reranker+simplified,system
¿Hay alguien presente dentro del Quirófano 2?,"['[Zona: Quirófano 2 | Vuelta: 1]\n{\n  ""tipo_zona"": ""Crítica y Alta Esterilidad"",\n  ""rango_temporal"": ""1362s - 1557s"",\n  ""eventos_recientes"": [\n    {\n      ""tiempo"": ""1365s"",\n      ""descripcion_vlm"": ""1 p. (P1: Caída URGENTE)"",\n      ""alerta"": true\n    },\n    {\n      ""tiempo"": ""1366s"",\n      ""descripcion_vlm"": ""1 p. (P1: Caída URGENTE)"",\n      ""alerta"": true\n    },\n    {\n      ""tiempo"": ""1367s"",\n      ""descripcion_vlm"": ""1 p. (P1: Caída URGENTE)"",\n      ""alerta"": true\n    },\n    {\n      ""tiempo"": ""1468s"",\n      ""descripcion_vlm"": ""1 p. (P1: Sentada)"",\n      ""alerta"": false\n    },\n    {\n      ""tiempo"": ""1473s"",\n      ""descripcion_vlm"": ""1 p. (P1: Sentada)"",\n      ""alerta"": false\n    },\n    {\n      ""tiempo"": ""1474s"",\n      ""descripcion_vlm"": ""1 p. (P1: De pie (?))"",\n      ""alerta"": false\n    },\n    {\n      ""tiempo"": ""1478s"",\n      ""descripcion_vlm"": ""1 p. (P1: De pie (?))"",\n      ""alerta"": false\n    },\n    {\n      ""tiempo"": ""1480s"",\n      ""descripcion_vlm"": ""1 p. (P1: De pie o caminando)"",\n      ""alerta"": false\n    },', '[Zona: Quirófano 2 | Vuelta: 1]\n""alerta"": false\n    },\n    {\n      ""tiempo"": ""1517s"",\n      ""descripcion_vlm"": ""2 p. (P169: De pie (?), P170: De pie (?))"",\n      ""alerta"": false\n    },\n    {\n      ""tiempo"": ""1550s"",\n      ""descripcion_vlm"": ""1 p. (P1: De pie (?))"",\n      ""alerta"": false\n    },\n    {\n      ""tiempo"": ""1553s"",\n      ""descripcion_vlm"": ""1 p. (P1: Sentada)"",\n      ""alerta"": false\n    },\n    {\n      ""tiempo"": ""1554s"",\n      ""descripcion_vlm"": ""1 p. (P1: De pie (?))"",\n      ""alerta"": false\n    },\n    {\n      ""tiempo"": ""1555s"",\n      ""descripcion_vlm"": ""1 p. (P174: Sentada)"",\n      ""alerta"": false\n    },\n    {\n      ""tiempo"": ""1556s"",\n      ""descripcion_vlm"": ""1 p. (P1: De pie (?))"",\n      ""alerta"": false\n    },\n    {\n      ""tiempo"": ""1557s"",\n      ""descripcion_vlm"": ""1 p. (P1: De pie o caminando)"",\n      ""alerta"": false\n    }\n  ]\n}', '[Zona: Quirófano 1 | Vuelta: 1]\n""tiempo"": ""1047s"",\n      ""descripcion_vlm"": ""1 p. (P148: De pie o caminando)"",\n      ""alerta"": false\n    },\n    {\n      ""tiempo"": ""1048s"",\n      ""descripcion_vlm"": ""1 p. (P148: De pie (?))"",\n      ""alerta"": false\n    }\n  ]\n}']","Según el contexto de sensores recuperado, en la zona del Quirófano 2 (Vuelta: 1), no hay información registrada que indique una situación específica.","Sí, se está realizando una intervención a un paciente que está tumbado en la cama. Hay tres trabajadores del hospital realizandolo",0.6060268002335911,0.0,0.3333333333333333,,,,short,hybrid+reranker+simplified,,,hybrid+reranker+simplified,system
¿Se está haciendo alguna actividad en el Quirófano 2?,"['[Zona: Quirófano 2 | Vuelta: 1]\n{\n  ""tipo_zona"": ""Crítica y Alta Esterilidad"",\n  ""rango_temporal"": ""1362s - 1557s"",\n  ""eventos_recientes"": [\n    {\n      ""tiempo"": ""1365s"",\n      ""descripcion_vlm"": ""1 p. (P1: Caída URGENTE)"",\n      ""alerta"": true\n    },\n    {\n      ""tiempo"": ""1366s"",\n      ""descripcion_vlm"": ""1 p. (P1: Caída URGENTE)"",\n      ""alerta"": true\n    },\n    {\n      ""tiempo"": ""1367s"",\n      ""descripcion_vlm"": ""1 p. (P1: Caída URGENTE)"",\n      ""alerta"": true\n    },\n    {\n      ""tiempo"": ""1468s"",\n      ""descripcion_vlm"": ""1 p. (P1: Sentada)"",\n      ""alerta"": false\n    },\n    {\n      ""tiempo"": ""1473s"",\n      ""descripcion_vlm"": ""1 p. (P1: Sentada)"",\n      ""alerta"": false\n    },\n    {\n      ""tiempo"": ""1474s"",\n      ""descripcion_vlm"": ""1 p. (P1: De pie (?))"",\n      ""alerta"": false\n    },\n    {\n      ""tiempo"": ""1478s"",\n      ""descripcion_vlm"": ""1 p. (P1: De pie (?))"",\n      ""alerta"": false\n    },\n    {\n      ""tiempo"": ""1480s"",\n      ""descripcion_vlm"": ""1 p. (P1: De pie o caminando)"",\n      ""alerta"": false\n    },', '[Zona: Quirófano 2 | Vuelta: 1]\n""alerta"": false\n    },\n    {\n      ""tiempo"": ""1517s"",\n      ""descripcion_vlm"": ""2 p. (P169: De pie (?), P170: De pie (?))"",\n      ""alerta"": false\n    },\n    {\n      ""tiempo"": ""1550s"",\n      ""descripcion_vlm"": ""1 p. (P1: De pie (?))"",\n      ""alerta"": false\n    },\n    {\n      ""tiempo"": ""1553s"",\n      ""descripcion_vlm"": ""1 p. (P1: Sentada)"",\n      ""alerta"": false\n    },\n    {\n      ""tiempo"": ""1554s"",\n      ""descripcion_vlm"": ""1 p. (P1: De pie (?))"",\n      ""alerta"": false\n    },\n    {\n      ""tiempo"": ""1555s"",\n      ""descripcion_vlm"": ""1 p. (P174: Sentada)"",\n      ""alerta"": false\n    },\n    {\n      ""tiempo"": ""1556s"",\n      ""descripcion_vlm"": ""1 p. (P1: De pie (?))"",\n      ""alerta"": false\n    },\n    {\n      ""tiempo"": ""1557s"",\n      ""descripcion_vlm"": ""1 p. (P1: De pie o caminando)"",\n      ""alerta"": false\n    }\n  ]\n}', '[Zona: Escaleras 2 | Vuelta: 1]\n{\n  ""tipo_zona"": ""Tránsito y Evacuación"",\n  ""rango_temporal"": ""2388s - 2395s"",\n  ""eventos_recientes"": []\n}']","Sí, hay al menos una persona (P1) que ha estado realizando actividades en el Quirófano 2. Se han registrado varias entradas con descripciones como ""Caída URGENTE"", ""Sentada"", ""De pie"" o ""Caminando"".","Sí, se está realizando una intervención quirúrgica a un paciente que está tumbado en la cama. Hay tres trabajadores del hospital realizandolo",0.612986883807974,0.6742934038019252,0.6666666666666666,,,,short,hybrid+reranker+simplified,,,hybrid+reranker+simplified,system
¿Se detecta a alguna persona caída en el suelo en alguna zona del hospital?,"['[Zona: Habitación Compartida 2 | Vuelta: 1]\n{\n  ""tipo_zona"": ""Privada y Pacientes"",\n  ""rango_temporal"": ""1068s - 1190s"",\n  ""eventos_recientes"": [\n    {\n      ""tiempo"": ""1155s"",\n      ""descripcion_vlm"": ""1 p. (P1: Caída URGENTE)"",\n      ""alerta"": true\n    }\n  ]\n}', '[Zona: Escaleras 2 | Vuelta: 1]\n{\n  ""tipo_zona"": ""Tránsito y Evacuación"",\n  ""rango_temporal"": ""2388s - 2395s"",\n  ""eventos_recientes"": []\n}', '[Zona: Habitación Compartida 4 | Vuelta: 1]\n{\n  ""tipo_zona"": ""Privada y Pacientes"",\n  ""rango_temporal"": ""1369s - 1457s"",\n  ""eventos_recientes"": [\n    {\n      ""tiempo"": ""1369s"",\n      ""descripcion_vlm"": ""1 p. (P1: Sentada)"",\n      ""alerta"": false\n    },\n    {\n      ""tiempo"": ""1378s"",\n      ""descripcion_vlm"": ""1 p. (P1: Sentada)"",\n      ""alerta"": false\n    },\n    {\n      ""tiempo"": ""1379s"",\n      ""descripcion_vlm"": ""2 p. (P1: Sentada, P2: Caída URGENTE)"",\n      ""alerta"": true\n    },\n    {\n      ""tiempo"": ""1429s"",\n      ""descripcion_vlm"": ""1 p. (P1: De pie o caminando)"",\n      ""alerta"": false\n    }\n  ]\n}']","Sí, hay un registro de caída urgente en la Habitación Compartida 2 (P1: Caída URGENTE) y en la Habitación Compartida 4 (P2: Caída URGENTE).","Sí, hay una trabajadora en el suelo en la Habitación Compartida 2",0.6709055330292696,0.4411472974015117,1.0,,,,short,hybrid+reranker+simplified,,,hybrid+reranker+simplified,system
"En la Habitación Compartida 4, ¿las personas detectadas están acostadas en las camas o hay alguien de pie/sentado?","['[Zona: Habitación Compartida 4 | Vuelta: 1]\n{\n  ""tipo_zona"": ""Privada y Pacientes"",\n  ""rango_temporal"": ""1369s - 1457s"",\n  ""eventos_recientes"": [\n    {\n      ""tiempo"": ""1369s"",\n      ""descripcion_vlm"": ""1 p. (P1: Sentada)"",\n      ""alerta"": false\n    },\n    {\n      ""tiempo"": ""1378s"",\n      ""descripcion_vlm"": ""1 p. (P1: Sentada)"",\n      ""alerta"": false\n    },\n    {\n      ""tiempo"": ""1379s"",\n      ""descripcion_vlm"": ""2 p. (P1: Sentada, P2: Caída URGENTE)"",\n      ""alerta"": true\n    },\n    {\n      ""tiempo"": ""1429s"",\n      ""descripcion_vlm"": ""1 p. (P1: De pie o caminando)"",\n      ""alerta"": false\n    }\n  ]\n}', '[Zona: Habitación Compartida 3 | Vuelta: 1]\n{\n  ""tipo_zona"": ""Privada y Pacientes"",\n  ""rango_temporal"": ""1065s - 1285s"",\n  ""eventos_recientes"": []\n}', '[Zona: Habitación Individual 4 | Vuelta: 1]\n{\n  ""tipo_zona"": ""Privada y Pacientes"",\n  ""rango_temporal"": ""2138s - 2222s"",\n  ""eventos_recientes"": [\n    {\n      ""tiempo"": ""2141s"",\n      ""descripcion_vlm"": ""1 p. (P1: Sentada)"",\n      ""alerta"": false\n    },\n    {\n      ""tiempo"": ""2142s"",\n      ""descripcion_vlm"": ""1 p. (P236: Sentada)"",\n      ""alerta"": false\n    },\n    {\n      ""tiempo"": ""2143s"",\n      ""descripcion_vlm"": ""1 p. (P236: Sentada)"",\n      ""alerta"": false\n    },\n    {\n      ""tiempo"": ""2144s"",\n      ""descripcion_vlm"": ""1 p. (P236: De pie (?))"",\n      ""alerta"": false\n    },\n    {\n      ""tiempo"": ""2198s"",\n      ""descripcion_vlm"": ""1 p. (P236: Sentada)"",\n      ""alerta"": false\n    },\n    {\n      ""tiempo"": ""2220s"",\n      ""descripcion_vlm"": ""2 p. (P1: De pie (?), P2: De pie (?))"",\n      ""alerta"": false\n    }\n  ]\n}']","Según el contexto de sensores recuperado, en la Habitación Compartida 4, las personas detectadas se han encontrado:

* En un momento, una persona (P1) sentada.
* Luego, dos personas (P1 y P2) con P2 caída urgentemente.
* Finalmente, otra persona (P1) de pie o caminando.

No hay información registrada sobre personas acostadas en las camas.",Hay dos pacientes en las camas y una trabajadora de pie al lado de uno de los pacientes,0.5565041359409666,0.6360115124680211,0.8333333333333334,,,,short,hybrid+reranker+simplified,,,hybrid+reranker+simplified,system
¿Cuántas personas hay actualmente en la Sala Común?,"['[Zona: Sala Común | Vuelta: 1]\n{\n  ""tipo_zona"": ""Pública y Espera"",\n  ""rango_temporal"": ""1286s - 1361s"",\n  ""eventos_recientes"": [\n    {\n      ""tiempo"": ""1306s"",\n      ""descripcion_vlm"": ""2 p. (P1: De pie (?), P2: De pie o caminando)"",\n      ""alerta"": false\n    },\n    {\n      ""tiempo"": ""1307s"",\n      ""descripcion_vlm"": ""2 p. (P150: De pie (?), P151: De pie o caminando)"",\n      ""alerta"": false\n    },\n    {\n      ""tiempo"": ""1308s"",\n      ""descripcion_vlm"": ""2 p. (P150: De pie (?), P151: De pie o caminando)"",\n      ""alerta"": false\n    },\n    {\n      ""tiempo"": ""1309s"",\n      ""descripcion_vlm"": ""2 p. (P150: De pie (?), P151: De pie o caminando)"",\n      ""alerta"": false\n    },\n    {\n      ""tiempo"": ""1310s"",\n      ""descripcion_vlm"": ""2 p. (P150: De pie (?), P151: De pie o caminando). - Sujeto ID_150 (Caja ROJA): Historial -> De pie o caminando ... (?)"",\n      ""alerta"": false\n    },\n    {\n      ""tiempo"": ""1311s"",', '[Zona: Habitación Compartida 3 | Vuelta: 1]\n{\n  ""tipo_zona"": ""Privada y Pacientes"",\n  ""rango_temporal"": ""1065s - 1285s"",\n  ""eventos_recientes"": []\n}', '[Zona: Sala Común | Vuelta: 1]\n""alerta"": false\n    },\n    {\n      ""tiempo"": ""1343s"",\n      ""descripcion_vlm"": ""2 p. (P1: Caída URGENTE, P2: Caída URGENTE)"",\n      ""alerta"": true\n    },\n    {\n      ""tiempo"": ""1344s"",\n      ""descripcion_vlm"": ""1 p. (P1: Sentada (?))"",\n      ""alerta"": false\n    }\n  ]\n}']","Sí, hay dos personas presentes en la Sala Común.","En la sala común hay dos personas de pie con el móvil, frente a frente",0.7952722589193919,0.6092066982235915,1.0,,,,short,hybrid+reranker+simplified,,,hybrid+reranker+simplified,system
¿Hay alguien que requiera asistencia en el interior de algún Baño?,"['[Zona: Habitación Compartida 2 | Vuelta: 1]\n{\n  ""tipo_zona"": ""Privada y Pacientes"",\n  ""rango_temporal"": ""1068s - 1190s"",\n  ""eventos_recientes"": [\n    {\n      ""tiempo"": ""1155s"",\n      ""descripcion_vlm"": ""1 p. (P1: Caída URGENTE)"",\n      ""alerta"": true\n    }\n  ]\n}', '[Zona: Habitación Individual 4 | Vuelta: 1]\n{\n  ""tipo_zona"": ""Privada y Pacientes"",\n  ""rango_temporal"": ""2138s - 2222s"",\n  ""eventos_recientes"": [\n    {\n      ""tiempo"": ""2141s"",\n      ""descripcion_vlm"": ""1 p. (P1: Sentada)"",\n      ""alerta"": false\n    },\n    {\n      ""tiempo"": ""2142s"",\n      ""descripcion_vlm"": ""1 p. (P236: Sentada)"",\n      ""alerta"": false\n    },\n    {\n      ""tiempo"": ""2143s"",\n      ""descripcion_vlm"": ""1 p. (P236: Sentada)"",\n      ""alerta"": false\n    },\n    {\n      ""tiempo"": ""2144s"",\n      ""descripcion_vlm"": ""1 p. (P236: De pie (?))"",\n      ""alerta"": false\n    },\n    {\n      ""tiempo"": ""2198s"",\n      ""descripcion_vlm"": ""1 p. (P236: Sentada)"",\n      ""alerta"": false\n    },\n    {\n      ""tiempo"": ""2220s"",\n      ""descripcion_vlm"": ""2 p. (P1: De pie (?), P2: De pie (?))"",\n      ""alerta"": false\n    }\n  ]\n}', '[Zona: Habitación Compartida 1 | Vuelta: 1]\n{\n  ""tipo_zona"": ""Privada y Pacientes"",\n  ""rango_temporal"": ""665s - 813s"",\n  ""eventos_recientes"": [\n    {\n      ""tiempo"": ""665s"",\n      ""descripcion_vlm"": ""1 p. (P1: Sentada (?))"",\n      ""alerta"": false\n    },\n    {\n      ""tiempo"": ""666s"",\n      ""descripcion_vlm"": ""1 p. (P145: Sentada (?))"",\n      ""alerta"": false\n    },\n    {\n      ""tiempo"": ""667s"",\n      ""descripcion_vlm"": ""1 p. (P145: Sentada (?))"",\n      ""alerta"": false\n    },\n    {\n      ""tiempo"": ""668s"",\n      ""descripcion_vlm"": ""1 p. (P145: Sentada (?))"",\n      ""alerta"": false\n    },\n    {\n      ""tiempo"": ""717s"",\n      ""descripcion_vlm"": ""1 p. (P145: Sentada (?))"",\n      ""alerta"": false\n    }\n  ]\n}']",No hay información registrada sobre situaciones de emergencia o necesidad de asistencia en los baños del hospital.,"No, no hay nadie en ningún baño",0.6486559118976004,0.0,1.0,,,,short,hybrid+reranker+simplified,,,hybrid+reranker+simplified,system
¿Hay cajas o paquetes en los almacenes?,"['[Zona: Escaleras 2 | Vuelta: 1]\n{\n  ""tipo_zona"": ""Tránsito y Evacuación"",\n  ""rango_temporal"": ""2388s - 2395s"",\n  ""eventos_recientes"": []\n}', '[Zona: Habitación Individual 3 | Vuelta: 1]\n{\n  ""tipo_zona"": ""Privada y Pacientes"",\n  ""rango_temporal"": ""1898s - 2056s"",\n  ""eventos_recientes"": []\n}', '[Zona: Habitación Compartida 3 | Vuelta: 1]\n{\n  ""tipo_zona"": ""Privada y Pacientes"",\n  ""rango_temporal"": ""1065s - 1285s"",\n  ""eventos_recientes"": []\n}']",No hay información registrada.,"Sí, hay una montaña de cajas en ambos almacenes",0.1611913012069651,0.0,0.0,,,,short,hybrid+reranker+simplified,,,hybrid+reranker+simplified,system
"¿Qué actividad está realizando la persona en la Oficina 2 (ej. trabajando en el ordenador, leyendo, hablando)?","['[Zona: Oficina 2 | Vuelta: 1]\n""alerta"": false\n    },\n    {\n      ""tiempo"": ""2079s"",\n      ""descripcion_vlm"": ""2 p. (P233: De pie o caminando, P234: De pie (?))"",\n      ""alerta"": false\n    },\n    {\n      ""tiempo"": ""2080s"",\n      ""descripcion_vlm"": ""2 p. (P233: De pie o caminando, P234: De pie o caminando)"",\n      ""alerta"": false\n    },\n    {\n      ""tiempo"": ""2081s"",\n      ""descripcion_vlm"": ""2 p. (P233: De pie o caminando, P234: De pie o caminando)"",\n      ""alerta"": false\n    }\n  ]\n}', '[Zona: Oficina 2 | Vuelta: 1]\n{\n  ""tipo_zona"": ""Administrativa y Personal"",\n  ""rango_temporal"": ""1774s - 2081s"",\n  ""eventos_recientes"": [\n    {\n      ""tiempo"": ""1774s"",\n      ""descripcion_vlm"": ""2 p. (P199: Sentada, P200: De pie (?))"",\n      ""alerta"": false\n    },\n    {\n      ""tiempo"": ""1775s"",\n      ""descripcion_vlm"": ""2 p. (P199: Sentada, P200: De pie (?))"",\n      ""alerta"": false\n    },\n    {\n      ""tiempo"": ""1776s"",\n      ""descripcion_vlm"": ""2 p. (P199: Sentada, P200: De pie (?))"",\n      ""alerta"": false\n    },\n    {\n      ""tiempo"": ""1777s"",\n      ""descripcion_vlm"": ""2 p. (P199: Sentada, P200: De pie (?))"",\n      ""alerta"": false\n    },\n    {\n      ""tiempo"": ""1778s"",\n      ""descripcion_vlm"": ""3 p. (P199: De pie (?), P200: De pie (?), P206: Sentada)"",\n      ""alerta"": false\n    },\n    {\n      ""tiempo"": ""1779s"",\n      ""descripcion_vlm"": ""2 p. (P200: De pie (?), P206: Sentada)"",\n      ""alerta"": false\n    },\n    {\n      ""tiempo"": ""1780s"",\n      ""descripcion_vlm"": ""2 p. (P206: Sentada, P208: De pie o caminando)"",', '[Zona: Oficina 2 | Vuelta: 1]\n{\n      ""tiempo"": ""1786s"",\n      ""descripcion_vlm"": ""1 p. (P206: De pie (?))"",\n      ""alerta"": false\n    },\n    {\n      ""tiempo"": ""1787s"",\n      ""descripcion_vlm"": ""1 p. (P208: De pie (?))"",\n      ""alerta"": false\n    },\n    {\n      ""tiempo"": ""1788s"",\n      ""descripcion_vlm"": ""2 p. (P1: De pie (?), P2: De pie (?)). [0.38, 0.39, 0.51, 0.48]"",\n      ""alerta"": false\n    },\n    {\n      ""tiempo"": ""1789s"",\n      ""descripcion_vlm"": ""2 p. (P213: De pie (?), P214: De pie (?))"",\n      ""alerta"": false\n    },\n    {\n      ""tiempo"": ""1790s"",\n      ""descripcion_vlm"": ""2 p. (P213: De pie o caminando, P214: De pie (?))"",\n      ""alerta"": false\n    },\n    {\n      ""tiempo"": ""1791s"",\n      ""descripcion_vlm"": ""2 p. (P213: De pie o caminando, P214: De pie (?))"",\n      ""alerta"": false\n    },\n    {\n      ""tiempo"": ""1792s"",\n      ""descripcion_vlm"": ""2 p. (P213: De pie o caminando, P214: De pie (?))"",\n      ""alerta"": false\n    },\n    {\n      ""tiempo"": ""1797s"",\n      ""descripcion_vlm"": ""1 p. (P1: Sentada)"",']","Basándome en el contexto de sensores recuperado, puedo ver que la persona está caminando o de pie en la Oficina 2. En varios registros, se indica ""P233: De pie o caminando"" y ""P234: De pie o caminando"", lo que sugiere que la persona está moviéndose en ese sentido.",Hay una empleada sentada detrás del escritorio. No parece estar haciendo nada,0.5060392041257289,0.6023442230266004,0.3333333333333333,,,,short,hybrid+reranker+simplified,,,hybrid+reranker+simplified,system
"En la zona de Recepción, ¿hay alguien interactuando directamente con el mostrador o están únicamente esperando?","['[Zona: Habitación Compartida 2 | Vuelta: 1]\n{\n  ""tipo_zona"": ""Privada y Pacientes"",\n  ""rango_temporal"": ""1068s - 1190s"",\n  ""eventos_recientes"": [\n    {\n      ""tiempo"": ""1155s"",\n      ""descripcion_vlm"": ""1 p. (P1: Caída URGENTE)"",\n      ""alerta"": true\n    }\n  ]\n}', '[Zona: Habitación Individual 4 | Vuelta: 1]\n{\n  ""tipo_zona"": ""Privada y Pacientes"",\n  ""rango_temporal"": ""2138s - 2222s"",\n  ""eventos_recientes"": [\n    {\n      ""tiempo"": ""2141s"",\n      ""descripcion_vlm"": ""1 p. (P1: Sentada)"",\n      ""alerta"": false\n    },\n    {\n      ""tiempo"": ""2142s"",\n      ""descripcion_vlm"": ""1 p. (P236: Sentada)"",\n      ""alerta"": false\n    },\n    {\n      ""tiempo"": ""2143s"",\n      ""descripcion_vlm"": ""1 p. (P236: Sentada)"",\n      ""alerta"": false\n    },\n    {\n      ""tiempo"": ""2144s"",\n      ""descripcion_vlm"": ""1 p. (P236: De pie (?))"",\n      ""alerta"": false\n    },\n    {\n      ""tiempo"": ""2198s"",\n      ""descripcion_vlm"": ""1 p. (P236: Sentada)"",\n      ""alerta"": false\n    },\n    {\n      ""tiempo"": ""2220s"",\n      ""descripcion_vlm"": ""2 p. (P1: De pie (?), P2: De pie (?))"",\n      ""alerta"": false\n    }\n  ]\n}', '[Zona: Habitación Compartida 4 | Vuelta: 1]\n{\n  ""tipo_zona"": ""Privada y Pacientes"",\n  ""rango_temporal"": ""1369s - 1457s"",\n  ""eventos_recientes"": [\n    {\n      ""tiempo"": ""1369s"",\n      ""descripcion_vlm"": ""1 p. (P1: Sentada)"",\n      ""alerta"": false\n    },\n    {\n      ""tiempo"": ""1378s"",\n      ""descripcion_vlm"": ""1 p. (P1: Sentada)"",\n      ""alerta"": false\n    },\n    {\n      ""tiempo"": ""1379s"",\n      ""descripcion_vlm"": ""2 p. (P1: Sentada, P2: Caída URGENTE)"",\n      ""alerta"": true\n    },\n    {\n      ""tiempo"": ""1429s"",\n      ""descripcion_vlm"": ""1 p. (P1: De pie o caminando)"",\n      ""alerta"": false\n    }\n  ]\n}']",No hay información registrada sobre la Recepción.,"Hay tres personas de pie esperando/hablando, un hombre con el móvil, una mujer con un bolso y un hombre caminando. En las sillas se ven a varias sentadas, algunas con el móvil y un niño leyendo un libro",0.3323967141109808,0.0,0.0,,,,short,hybrid+reranker+simplified,,,hybrid+reranker+simplified,system
"¿Se observa a alguien manipulando objetos, estanterías o cajas dentro del Almacén 1?","['[Zona: Almacén 2 | Vuelta: 1]\n{\n  ""tipo_zona"": ""Restringida"",\n  ""rango_temporal"": ""2242s - 2355s"",\n  ""eventos_recientes"": [\n    {\n      ""tiempo"": ""2348s"",\n      ""descripcion_vlm"": ""1 p. (P1: De pie (?))"",\n      ""alerta"": false\n    },\n    {\n      ""tiempo"": ""2349s"",\n      ""descripcion_vlm"": ""2 p. (P1: De pie (?), P2: De pie (?))"",\n      ""alerta"": false\n    },\n    {\n      ""tiempo"": ""2352s"",\n      ""descripcion_vlm"": ""3 p. (P1: De pie (?), P2: De pie (?), P3: De pie (?))"",\n      ""alerta"": false\n    },\n    {\n      ""tiempo"": ""2353s"",\n      ""descripcion_vlm"": ""1 p. (P1: De pie o caminando)"",\n      ""alerta"": false\n    },\n    {\n      ""tiempo"": ""2354s"",\n      ""descripcion_vlm"": ""3 p. (P1: Sentada, P2: De pie (?), P3: De pie (?))"",\n      ""alerta"": false\n    },\n    {\n      ""tiempo"": ""2355s"",\n      ""descripcion_vlm"": ""3 p. (P1: Sentada, P2: Sentada, P3: Sentada)"",\n      ""alerta"": false\n    }\n  ]\n}', '[Zona: Almacén 1 | Vuelta: 1]\n{\n  ""tipo_zona"": ""Restringida"",\n  ""rango_temporal"": ""124s - 281s"",\n  ""eventos_recientes"": [\n    {\n      ""tiempo"": ""261s"",\n      ""descripcion_vlm"": ""1 p. (P1: Sentada)"",\n      ""alerta"": false\n    },\n    {\n      ""tiempo"": ""262s"",\n      ""descripcion_vlm"": ""1 p. (P89: Sentada)"",\n      ""alerta"": false\n    },\n    {\n      ""tiempo"": ""263s"",\n      ""descripcion_vlm"": ""1 p. (P89: Sentada)"",\n      ""alerta"": false\n    },\n    {\n      ""tiempo"": ""264s"",\n      ""descripcion_vlm"": ""1 p. (P89: Sentada)"",\n      ""alerta"": false\n    },\n    {\n      ""tiempo"": ""265s"",\n      ""descripcion_vlm"": ""1 p. (P89: Sentada)"",\n      ""alerta"": false\n    },\n    {\n      ""tiempo"": ""266s"",\n      ""descripcion_vlm"": ""1 p. (P89: Sentada)"",\n      ""alerta"": false\n    },\n    {\n      ""tiempo"": ""267s"",\n      ""descripcion_vlm"": ""1 p. (P89: Sentada)"",\n      ""alerta"": false\n    },\n    {\n      ""tiempo"": ""268s"",\n      ""descripcion_vlm"": ""1 p. (P89: Sentada)"",\n      ""alerta"": false\n    },\n    {\n      ""tiempo"": ""269s"",', '[Zona: Almacén 1 | Vuelta: 1]\n""descripcion_vlm"": ""1 p. (P89: Sentada)"",\n      ""alerta"": false\n    },\n    {\n      ""tiempo"": ""276s"",\n      ""descripcion_vlm"": ""2 p. (P89: Sentada, P93: Sentada)"",\n      ""alerta"": false\n    },\n    {\n      ""tiempo"": ""277s"",\n      ""descripcion_vlm"": ""2 p. (P89: Sentada, P93: Sentada)"",\n      ""alerta"": false\n    },\n    {\n      ""tiempo"": ""278s"",\n      ""descripcion_vlm"": ""2 p. (P89: Sentada, P93: Sentada)"",\n      ""alerta"": false\n    },\n    {\n      ""tiempo"": ""279s"",\n      ""descripcion_vlm"": ""2 p. (P89: Sentada, P93: Sentada)"",\n      ""alerta"": false\n    },\n    {\n      ""tiempo"": ""280s"",\n      ""descripcion_vlm"": ""1 p. (P93: Sentada)"",\n      ""alerta"": false\n    },\n    {\n      ""tiempo"": ""281s"",\n      ""descripcion_vlm"": ""1 p. (P93: Sentada)"",\n      ""alerta"": false\n    }\n  ]\n}']","No hay información registrada sobre la manipulación de objetos, estanterías o cajas en el Almacén 1.",No hay nadie en el Almacén 1,0.9306277236245936,0.6147775691077134,0.0,,,,short,hybrid+reranker+simplified,,,hybrid+reranker+simplified,system
¿La cama de la Habitación Individual 4 se encuentra ocupada por un paciente en este momento?,"['[Zona: Habitación Individual 4 | Vuelta: 1]\n{\n  ""tipo_zona"": ""Privada y Pacientes"",\n  ""rango_temporal"": ""2138s - 2222s"",\n  ""eventos_recientes"": [\n    {\n      ""tiempo"": ""2141s"",\n      ""descripcion_vlm"": ""1 p. (P1: Sentada)"",\n      ""alerta"": false\n    },\n    {\n      ""tiempo"": ""2142s"",\n      ""descripcion_vlm"": ""1 p. (P236: Sentada)"",\n      ""alerta"": false\n    },\n    {\n      ""tiempo"": ""2143s"",\n      ""descripcion_vlm"": ""1 p. (P236: Sentada)"",\n      ""alerta"": false\n    },\n    {\n      ""tiempo"": ""2144s"",\n      ""descripcion_vlm"": ""1 p. (P236: De pie (?))"",\n      ""alerta"": false\n    },\n    {\n      ""tiempo"": ""2198s"",\n      ""descripcion_vlm"": ""1 p. (P236: Sentada)"",\n      ""alerta"": false\n    },\n    {\n      ""tiempo"": ""2220s"",\n      ""descripcion_vlm"": ""2 p. (P1: De pie (?), P2: De pie (?))"",\n      ""alerta"": false\n    }\n  ]\n}', '[Zona: Habitación Individual 3 | Vuelta: 1]\n{\n  ""tipo_zona"": ""Privada y Pacientes"",\n  ""rango_temporal"": ""1898s - 2056s"",\n  ""eventos_recientes"": []\n}', '[Zona: Habitación Compartida 4 | Vuelta: 1]\n{\n  ""tipo_zona"": ""Privada y Pacientes"",\n  ""rango_temporal"": ""1369s - 1457s"",\n  ""eventos_recientes"": [\n    {\n      ""tiempo"": ""1369s"",\n      ""descripcion_vlm"": ""1 p. (P1: Sentada)"",\n      ""alerta"": false\n    },\n    {\n      ""tiempo"": ""1378s"",\n      ""descripcion_vlm"": ""1 p. (P1: Sentada)"",\n      ""alerta"": false\n    },\n    {\n      ""tiempo"": ""1379s"",\n      ""descripcion_vlm"": ""2 p. (P1: Sentada, P2: Caída URGENTE)"",\n      ""alerta"": true\n    },\n    {\n      ""tiempo"": ""1429s"",\n      ""descripcion_vlm"": ""1 p. (P1: De pie o caminando)"",\n      ""alerta"": false\n    }\n  ]\n}']","Según el contexto de sensores, en la Habitación Individual 4 (Zona: Habitación Individual 4 | Vuelta: 1), se registra que a las 2141s y posteriores, un paciente (P1) está sentado. Luego, a las 2144s, el mismo paciente (P236) cambia de posición, posiblemente de pie. Finalmente, a las 2220s, dos pacientes (P1 y P2) están de pie. Por lo tanto, la respuesta es: Sí, la cama está ocupada actualmente por un paciente.","Sí, hay una mujer sentada en la cama",0.4707719838694745,0.6993258722972198,0.8333333333333334,,,,short,hybrid+reranker+simplified,,,hybrid+reranker+simplified,system
¿Se detecta a alguien interactuando con equipamiento médico en el Quirófano 2?,"['[Zona: Quirófano 2 | Vuelta: 1]\n{\n  ""tipo_zona"": ""Crítica y Alta Esterilidad"",\n  ""rango_temporal"": ""1362s - 1557s"",\n  ""eventos_recientes"": [\n    {\n      ""tiempo"": ""1365s"",\n      ""descripcion_vlm"": ""1 p. (P1: Caída URGENTE)"",\n      ""alerta"": true\n    },\n    {\n      ""tiempo"": ""1366s"",\n      ""descripcion_vlm"": ""1 p. (P1: Caída URGENTE)"",\n      ""alerta"": true\n    },\n    {\n      ""tiempo"": ""1367s"",\n      ""descripcion_vlm"": ""1 p. (P1: Caída URGENTE)"",\n      ""alerta"": true\n    },\n    {\n      ""tiempo"": ""1468s"",\n      ""descripcion_vlm"": ""1 p. (P1: Sentada)"",\n      ""alerta"": false\n    },\n    {\n      ""tiempo"": ""1473s"",\n      ""descripcion_vlm"": ""1 p. (P1: Sentada)"",\n      ""alerta"": false\n    },\n    {\n      ""tiempo"": ""1474s"",\n      ""descripcion_vlm"": ""1 p. (P1: De pie (?))"",\n      ""alerta"": false\n    },\n    {\n      ""tiempo"": ""1478s"",\n      ""descripcion_vlm"": ""1 p. (P1: De pie (?))"",\n      ""alerta"": false\n    },\n    {\n      ""tiempo"": ""1480s"",\n      ""descripcion_vlm"": ""1 p. (P1: De pie o caminando)"",\n      ""alerta"": false\n    },', '[Zona: Quirófano 2 | Vuelta: 1]\n""alerta"": false\n    },\n    {\n      ""tiempo"": ""1517s"",\n      ""descripcion_vlm"": ""2 p. (P169: De pie (?), P170: De pie (?))"",\n      ""alerta"": false\n    },\n    {\n      ""tiempo"": ""1550s"",\n      ""descripcion_vlm"": ""1 p. (P1: De pie (?))"",\n      ""alerta"": false\n    },\n    {\n      ""tiempo"": ""1553s"",\n      ""descripcion_vlm"": ""1 p. (P1: Sentada)"",\n      ""alerta"": false\n    },\n    {\n      ""tiempo"": ""1554s"",\n      ""descripcion_vlm"": ""1 p. (P1: De pie (?))"",\n      ""alerta"": false\n    },\n    {\n      ""tiempo"": ""1555s"",\n      ""descripcion_vlm"": ""1 p. (P174: Sentada)"",\n      ""alerta"": false\n    },\n    {\n      ""tiempo"": ""1556s"",\n      ""descripcion_vlm"": ""1 p. (P1: De pie (?))"",\n      ""alerta"": false\n    },\n    {\n      ""tiempo"": ""1557s"",\n      ""descripcion_vlm"": ""1 p. (P1: De pie o caminando)"",\n      ""alerta"": false\n    }\n  ]\n}', '[Zona: Quirófano 1 | Vuelta: 1]\n""tiempo"": ""1047s"",\n      ""descripcion_vlm"": ""1 p. (P148: De pie o caminando)"",\n      ""alerta"": false\n    },\n    {\n      ""tiempo"": ""1048s"",\n      ""descripcion_vlm"": ""1 p. (P148: De pie (?))"",\n      ""alerta"": false\n    }\n  ]\n}']",No hay información registrada sobre el uso de equipo médico en el Quirófano 2.,"Sí, hay tres trabajadores de pie interactuando con equipo médico y un paciente en la cama",0.6770189710172332,0.0,0.0,,,,short,hybrid+reranker+simplified,,,hybrid+reranker+simplified,system
¿Se detecta a alguna persona presente en la sala compartida 2?,"['[Zona: Sala Común | Vuelta: 1]\n{\n  ""tipo_zona"": ""Pública y Espera"",\n  ""rango_temporal"": ""1286s - 1361s"",\n  ""eventos_recientes"": [\n    {\n      ""tiempo"": ""1306s"",\n      ""descripcion_vlm"": ""2 p. (P1: De pie (?), P2: De pie o caminando)"",\n      ""alerta"": false\n    },\n    {\n      ""tiempo"": ""1307s"",\n      ""descripcion_vlm"": ""2 p. (P150: De pie (?), P151: De pie o caminando)"",\n      ""alerta"": false\n    },\n    {\n      ""tiempo"": ""1308s"",\n      ""descripcion_vlm"": ""2 p. (P150: De pie (?), P151: De pie o caminando)"",\n      ""alerta"": false\n    },\n    {\n      ""tiempo"": ""1309s"",\n      ""descripcion_vlm"": ""2 p. (P150: De pie (?), P151: De pie o caminando)"",\n      ""alerta"": false\n    },\n    {\n      ""tiempo"": ""1310s"",\n      ""descripcion_vlm"": ""2 p. (P150: De pie (?), P151: De pie o caminando). - Sujeto ID_150 (Caja ROJA): Historial -> De pie o caminando ... (?)"",\n      ""alerta"": false\n    },\n    {\n      ""tiempo"": ""1311s"",', '[Zona: Habitación Compartida 2 | Vuelta: 1]\n{\n  ""tipo_zona"": ""Privada y Pacientes"",\n  ""rango_temporal"": ""1068s - 1190s"",\n  ""eventos_recientes"": [\n    {\n      ""tiempo"": ""1155s"",\n      ""descripcion_vlm"": ""1 p. (P1: Caída URGENTE)"",\n      ""alerta"": true\n    }\n  ]\n}', '[Zona: Sala Común | Vuelta: 1]\n""alerta"": false\n    },\n    {\n      ""tiempo"": ""1343s"",\n      ""descripcion_vlm"": ""2 p. (P1: Caída URGENTE, P2: Caída URGENTE)"",\n      ""alerta"": true\n    },\n    {\n      ""tiempo"": ""1344s"",\n      ""descripcion_vlm"": ""1 p. (P1: Sentada (?))"",\n      ""alerta"": false\n    }\n  ]\n}']","Sí, hay dos personas (P1 y P2) en la Sala Común.","Sí, hay una mujer tirada en el suelo. Se recomienda enviar ayuda",0.5567469763418469,0.5638720677057631,1.0,,,,short,hybrid+reranker+simplified,,,hybrid+reranker+simplified,system
¿Hay más de una persona simultáneamente detrás del mostrador de la Recepción atendiendo a los visitantes?,"['[Zona: Recepcion | Vuelta: 1]\n{\n  ""tipo_zona"": ""Desconocida"",\n  ""rango_temporal"": ""20s - 2387s"",\n  ""eventos_recientes"": [\n    {\n      ""tiempo"": ""20s"",\n      ""descripcion_vlm"": ""1 p. (P1: Sentada)"",\n      ""alerta"": false\n    },\n    {\n      ""tiempo"": ""25s"",\n      ""descripcion_vlm"": ""1 p. (P1: De pie (?))"",\n      ""alerta"": false\n    },\n    {\n      ""tiempo"": ""26s"",\n      ""descripcion_vlm"": ""1 p. (P1: De pie (?))"",\n      ""alerta"": false\n    },\n    {\n      ""tiempo"": ""27s"",\n      ""descripcion_vlm"": ""1 p. (P2: Sentada)"",\n      ""alerta"": false\n    },\n    {\n      ""tiempo"": ""95s"",\n      ""descripcion_vlm"": ""2 p. (P1: De pie (?), P2: Sentada)"",\n      ""alerta"": false\n    },\n    {\n      ""tiempo"": ""96s"",\n      ""descripcion_vlm"": ""1 p. (P4: Sentada)"",\n      ""alerta"": false\n    },\n    {\n      ""tiempo"": ""97s"",\n      ""descripcion_vlm"": ""1 p. (P4: Sentada)"",\n      ""alerta"": false\n    },\n    {\n      ""tiempo"": ""98s"",\n      ""descripcion_vlm"": ""1 p. (P4: Sentada)"",\n      ""alerta"": false\n    },\n    {\n      ""tiempo"": ""99s"",', '[Zona: Habitación Compartida 2 | Vuelta: 1]\n{\n  ""tipo_zona"": ""Privada y Pacientes"",\n  ""rango_temporal"": ""1068s - 1190s"",\n  ""eventos_recientes"": [\n    {\n      ""tiempo"": ""1155s"",\n      ""descripcion_vlm"": ""1 p. (P1: Caída URGENTE)"",\n      ""alerta"": true\n    }\n  ]\n}', '[Zona: Habitación Compartida 4 | Vuelta: 1]\n{\n  ""tipo_zona"": ""Privada y Pacientes"",\n  ""rango_temporal"": ""1369s - 1457s"",\n  ""eventos_recientes"": [\n    {\n      ""tiempo"": ""1369s"",\n      ""descripcion_vlm"": ""1 p. (P1: Sentada)"",\n      ""alerta"": false\n    },\n    {\n      ""tiempo"": ""1378s"",\n      ""descripcion_vlm"": ""1 p. (P1: Sentada)"",\n      ""alerta"": false\n    },\n    {\n      ""tiempo"": ""1379s"",\n      ""descripcion_vlm"": ""2 p. (P1: Sentada, P2: Caída URGENTE)"",\n      ""alerta"": true\n    },\n    {\n      ""tiempo"": ""1429s"",\n      ""descripcion_vlm"": ""1 p. (P1: De pie o caminando)"",\n      ""alerta"": false\n    }\n  ]\n}']",No hay información registrada sobre la interacción directa con el mostrador en la zona de Recepción.,Solo hay una empleada atendiendo a los visitantes,0.6722316663460574,0.0,1.0,,,,short,hybrid+reranker+simplified,,,hybrid+reranker+simplified,system
"En la Habitación Compartida 5, ¿hay algún trabajador (persona de pie) acompañando a los pacientes acostados?","['[Zona: Habitación Compartida 5 | Vuelta: 1]\n{\n  ""tipo_zona"": ""Privada y Pacientes"",\n  ""rango_temporal"": ""1597s - 1773s"",\n  ""eventos_recientes"": [\n    {\n      ""tiempo"": ""1625s"",\n      ""descripcion_vlm"": ""1 p. (P1: De pie o caminando)"",\n      ""alerta"": false\n    },\n    {\n      ""tiempo"": ""1627s"",\n      ""descripcion_vlm"": ""1 p. (P1: De pie (?))"",\n      ""alerta"": false\n    },\n    {\n      ""tiempo"": ""1628s"",\n      ""descripcion_vlm"": ""1 p. (P1: Sentada)"",\n      ""alerta"": false\n    },\n    {\n      ""tiempo"": ""1748s"",\n      ""descripcion_vlm"": ""1 p. (P1: Sentada)"",\n      ""alerta"": false\n    },\n    {\n      ""tiempo"": ""1749s"",\n      ""descripcion_vlm"": ""1 p. (P199: De pie o caminando)"",\n      ""alerta"": false\n    },\n    {\n      ""tiempo"": ""1750s"",\n      ""descripcion_vlm"": ""1 p. (P199: De pie o caminando)"",\n      ""alerta"": false\n    },\n    {\n      ""tiempo"": ""1751s"",\n      ""descripcion_vlm"": ""1 p. (P199: De pie o caminando)"",\n      ""alerta"": false\n    },\n    {\n      ""tiempo"": ""1752s"",\n      ""descripcion_vlm"": ""1 p. (P199: Sentada)"",', '[Zona: Habitación Compartida 5 | Vuelta: 1]\n""alerta"": false\n    },\n    {\n      ""tiempo"": ""1759s"",\n      ""descripcion_vlm"": ""2 p. (P199: De pie o caminando, P200: Sentada)"",\n      ""alerta"": false\n    },\n    {\n      ""tiempo"": ""1760s"",\n      ""descripcion_vlm"": ""2 p. (P199: De pie o caminando, P200: De pie o caminando)"",\n      ""alerta"": false\n    },\n    {\n      ""tiempo"": ""1761s"",\n      ""descripcion_vlm"": ""2 p. (P199: Sentada, P200: De pie o caminando)"",\n      ""alerta"": false\n    },\n    {\n      ""tiempo"": ""1762s"",\n      ""descripcion_vlm"": ""2 p. (P199: Sentada, P200: De pie o caminando)"",\n      ""alerta"": false\n    },\n    {\n      ""tiempo"": ""1763s"",\n      ""descripcion_vlm"": ""2 p. (P199: Sentada, P200: De pie o caminando)"",\n      ""alerta"": false\n    },\n    {\n      ""tiempo"": ""1764s"",\n      ""descripcion_vlm"": ""2 p. (P199: Sentada, P200: De pie o caminando)"",\n      ""alerta"": false\n    },\n    {\n      ""tiempo"": ""1765s"",\n      ""descripcion_vlm"": ""2 p. (P199: Sentada, P200: De pie (?))"",\n      ""alerta"": false\n    },\n    {', '[Zona: Habitación Compartida 5 | Vuelta: 1]\n""alerta"": false\n    },\n    {\n      ""tiempo"": ""1771s"",\n      ""descripcion_vlm"": ""2 p. (P199: Sentada, P200: De pie (?))"",\n      ""alerta"": false\n    },\n    {\n      ""tiempo"": ""1772s"",\n      ""descripcion_vlm"": ""2 p. (P199: Sentada, P200: Sentada)"",\n      ""alerta"": false\n    },\n    {\n      ""tiempo"": ""1773s"",\n      ""descripcion_vlm"": ""2 p. (P199: Sentada, P200: Sentada)"",\n      ""alerta"": false\n    }\n  ]\n}']","Sí, hay al menos una persona (P199) que está de pie o caminando y acompaña a los pacientes acostados.","Sí, hay un trabajador de pie cerca a una cama con un paciente",0.8143692498000867,0.5092590014267425,0.5,,,,short,hybrid+reranker+simplified,,,hybrid+reranker+simplified,system
¿Hay alguien deambulando por el pasillo?,"['[Zona: Habitación Compartida 4 | Vuelta: 1]\n{\n  ""tipo_zona"": ""Privada y Pacientes"",\n  ""rango_temporal"": ""1369s - 1457s"",\n  ""eventos_recientes"": [\n    {\n      ""tiempo"": ""1369s"",\n      ""descripcion_vlm"": ""1 p. (P1: Sentada)"",\n      ""alerta"": false\n    },\n    {\n      ""tiempo"": ""1378s"",\n      ""descripcion_vlm"": ""1 p. (P1: Sentada)"",\n      ""alerta"": false\n    },\n    {\n      ""tiempo"": ""1379s"",\n      ""descripcion_vlm"": ""2 p. (P1: Sentada, P2: Caída URGENTE)"",\n      ""alerta"": true\n    },\n    {\n      ""tiempo"": ""1429s"",\n      ""descripcion_vlm"": ""1 p. (P1: De pie o caminando)"",\n      ""alerta"": false\n    }\n  ]\n}', '[Zona: Habitación Compartida 1 | Vuelta: 1]\n{\n  ""tipo_zona"": ""Privada y Pacientes"",\n  ""rango_temporal"": ""665s - 813s"",\n  ""eventos_recientes"": [\n    {\n      ""tiempo"": ""665s"",\n      ""descripcion_vlm"": ""1 p. (P1: Sentada (?))"",\n      ""alerta"": false\n    },\n    {\n      ""tiempo"": ""666s"",\n      ""descripcion_vlm"": ""1 p. (P145: Sentada (?))"",\n      ""alerta"": false\n    },\n    {\n      ""tiempo"": ""667s"",\n      ""descripcion_vlm"": ""1 p. (P145: Sentada (?))"",\n      ""alerta"": false\n    },\n    {\n      ""tiempo"": ""668s"",\n      ""descripcion_vlm"": ""1 p. (P145: Sentada (?))"",\n      ""alerta"": false\n    },\n    {\n      ""tiempo"": ""717s"",\n      ""descripcion_vlm"": ""1 p. (P145: Sentada (?))"",\n      ""alerta"": false\n    }\n  ]\n}', '[Zona: Habitación Individual 4 | Vuelta: 1]\n{\n  ""tipo_zona"": ""Privada y Pacientes"",\n  ""rango_temporal"": ""2138s - 2222s"",\n  ""eventos_recientes"": [\n    {\n      ""tiempo"": ""2141s"",\n      ""descripcion_vlm"": ""1 p. (P1: Sentada)"",\n      ""alerta"": false\n    },\n    {\n      ""tiempo"": ""2142s"",\n      ""descripcion_vlm"": ""1 p. (P236: Sentada)"",\n      ""alerta"": false\n    },\n    {\n      ""tiempo"": ""2143s"",\n      ""descripcion_vlm"": ""1 p. (P236: Sentada)"",\n      ""alerta"": false\n    },\n    {\n      ""tiempo"": ""2144s"",\n      ""descripcion_vlm"": ""1 p. (P236: De pie (?))"",\n      ""alerta"": false\n    },\n    {\n      ""tiempo"": ""2198s"",\n      ""descripcion_vlm"": ""1 p. (P236: Sentada)"",\n      ""alerta"": false\n    },\n    {\n      ""tiempo"": ""2220s"",\n      ""descripcion_vlm"": ""2 p. (P1: De pie (?), P2: De pie (?))"",\n      ""alerta"": false\n    }\n  ]\n}']",No hay información registrada sobre actividad de personas andando por el corredor.,Hay dos personas deambulando por el pasillo,0.1744565674287713,0.0,1.0,,,,short,hybrid+reranker+simplified,,,hybrid+reranker+simplified,system
¿Se ha detectado la presencia de alguna persona obstaculizando el paso o sentada en los peldaños de las Escaleras 2?,"['[Zona: Habitación Compartida 2 | Vuelta: 1]\n{\n  ""tipo_zona"": ""Privada y Pacientes"",\n  ""rango_temporal"": ""1068s - 1190s"",\n  ""eventos_recientes"": [\n    {\n      ""tiempo"": ""1155s"",\n      ""descripcion_vlm"": ""1 p. (P1: Caída URGENTE)"",\n      ""alerta"": true\n    }\n  ]\n}', '[Zona: Escaleras 1 | Vuelta: 1]\n{\n  ""tipo_zona"": ""Tránsito y Evacuación"",\n  ""rango_temporal"": ""62s - 94s"",\n  ""eventos_recientes"": [\n    {\n      ""tiempo"": ""80s"",\n      ""descripcion_vlm"": ""1 p. (P1: Sentada (?))"",\n      ""alerta"": false\n    },\n    {\n      ""tiempo"": ""86s"",\n      ""descripcion_vlm"": ""1 p. (P1: Sentada)"",\n      ""alerta"": false\n    },\n    {\n      ""tiempo"": ""88s"",\n      ""descripcion_vlm"": ""2 p. (P1: Sentada, P2: Sentada)"",\n      ""alerta"": false\n    },\n    {\n      ""tiempo"": ""89s"",\n      ""descripcion_vlm"": ""1 p. (P1: Sentada)"",\n      ""alerta"": false\n    },\n    {\n      ""tiempo"": ""90s"",\n      ""descripcion_vlm"": ""1 p. (P86: Sentada)"",\n      ""alerta"": false\n    },\n    {\n      ""tiempo"": ""91s"",\n      ""descripcion_vlm"": ""2 p. (P86: Sentada, P87: De pie o caminando)"",\n      ""alerta"": false\n    },\n    {\n      ""tiempo"": ""92s"",\n      ""descripcion_vlm"": ""2 p. (P86: Sentada, P87: De pie (?))"",\n      ""alerta"": false\n    },\n    {\n      ""tiempo"": ""93s"",\n      ""descripcion_vlm"": ""2 p. (P86: Sentada, P87: De pie (?))"",', '[Zona: Habitación Individual 2 | Vuelta: 1]\n{\n  ""tipo_zona"": ""Privada y Pacientes"",\n  ""rango_temporal"": ""463s - 523s"",\n  ""eventos_recientes"": [\n    {\n      ""tiempo"": ""463s"",\n      ""descripcion_vlm"": ""1 p. (P1: De pie (?))"",\n      ""alerta"": false\n    },\n    {\n      ""tiempo"": ""505s"",\n      ""descripcion_vlm"": ""3 p. (P1: De pie (?), P2: De pie (?), P3: De pie (?))"",\n      ""alerta"": false\n    },\n    {\n      ""tiempo"": ""506s"",\n      ""descripcion_vlm"": ""2 p. (P1: De pie (?), P2: De pie (?))"",\n      ""alerta"": false\n    },\n    {\n      ""tiempo"": ""507s"",\n      ""descripcion_vlm"": ""1 p. (P1: De pie (?))"",\n      ""alerta"": false\n    },\n    {\n      ""tiempo"": ""510s"",\n      ""descripcion_vlm"": ""1 p. (P1: De pie (?))"",\n      ""alerta"": false\n    },\n    {\n      ""tiempo"": ""511s"",\n      ""descripcion_vlm"": ""1 p. (P1: Sentada (?))"",\n      ""alerta"": false\n    },\n    {\n      ""tiempo"": ""512s"",\n      ""descripcion_vlm"": ""3 p. (P1: De pie o caminando, P2: De pie (?), P3: Sentada (?))"",\n      ""alerta"": false\n    },\n    {\n      ""tiempo"": ""513s"",']",No hay información registrada sobre la zona de Escaleras 2.,No hay nadie en las escaleras 2.,0.9332065758540556,0.0,0.0,,,,short,hybrid+reranker+simplified,,,hybrid+reranker+simplified,system
Redacta el informe de seguridad global de la patrulla del hospital.,"['**Resumen Global**\n\nDurante el período de tiempo analizado, se han registrado varias actividades y eventos en diferentes zonas del hospital. A continuación, se presentan los principales hallazgos:\n\nEn general, no se han detectado anomalías ni situaciones inusuales en las zonas del hospital durante el período de tiempo analizado.\n\n**Zona Baño 2**\n\n* Duración: 1499s - 1747s (total de 248 segundos)\n* Personas involucradas: P1, P2, P182, P189, P193 y P195\n* Actividad constante con cambios entre estar sentado, de pie o caminando\n\n**Quirófano 2, Vuelta 1**\n\n* Período de tiempo: 1362s - 1557s\n* Tipo de zona: Crítica y Alta Esterilidad\n* Eventos recientes:\n\t+ Caídas urgentes (P1) entre los segundos 1365-1367\n\t+ Actividad normal con personas sentadas o de pie/caminando a partir del segundo 1468\n\t+ Varios eventos con varias personas en diferentes posiciones entre los segundos 1511-1516 y 1550-1557\n\n**Zona Almacén 1**\n\n* Fecha y hora: No especificado\n* Tipo de zona: Restringida\n* Rango temporal: 124s - 281s\n* Actividades registradas:\n\t+ Duración: 157s (261s - 418s)\n\t+ Personas involucradas: P1, P89 y P93\n\t+ Anomalías: No se registraron anomalías en este reporte\n\n**Zona Habitación Compartida 4**\n\n* Vuelta: 1\n* Rango temporal: 1369s - 1457s\n* Eventos recientes:\n\t+ Persona (P1) sentada entre los segundos 1369 y 1378\n\t+ Caída urgente de P2 a las 1379s, ALERTA\n\t+ Actividad normal con persona (P1) de pie o caminando a partir del segundo 1429\n* Anomalías: Una persona (P2) experimentó una caída urgente a las 1379s\n\nEn general, los reportes muestran actividad relativamente tranquila y normal en diferentes zonas del hospital, con algunas situaciones que requieren atención especial. Se han registrado algunas anomalías, como la caída urgente de P2 en la Zona Habitación Compartida 4 y las caídas urgentes en el Quirófano 2, Vuelta 1.\n\n**Análisis**\n\nA continuación, se presentan los resultados clave:\n\n* La mayoría de las zonas del hospital han registrado actividad normal sin anomalías ni situaciones inusuales.\n* Se han detectado algunas anomalías, como la caída urgente de P2 en la Zona Habitación Compartida 4 y las caídas urgentes en el Quirófano 2, Vuelta 1.\n* La Zona Baño 2 ha registrado una actividad constante con cambios entre estar sentado, de pie o caminando.\n* La Zona Almacén 1 no ha reportado anomalías ni situaciones inusuales.\n\n**Recomendaciones**\n\nEn vista de los resultados, se recomienda:\n\n* Monitorear estrechamente las zonas del hospital que han registrado anomalías, como la Zona Habitación Compartida 4 y el Quirófano 2, Vuelta 1.\n* Realizar un seguimiento a las personas involucradas en los eventos registrados, como P1 y P2.\n* Revisar y actualizar los protocolos de emergencia para garantizar la atención especializada en caso de situaciones críticas.\n\n**Conclusión**\n\nEn general, los reportes muestran actividad relativamente tranquila y normal en diferentes zonas del hospital, con algunas situaciones que requieren atención especial. Se han registrado algunas anomalías, como la caída urgente de P2 en la Zona Habitación Compartida 4 y las caídas urgentes en el Quirófano 2, Vuelta 1. Es importante monitorear estrechamente estas zonas y realizar un seguimiento a las personas involucradas para garantizar la atención especializada en caso de situaciones críticas.']","**Resumen Global**

Durante el período de tiempo analizado, se han registrado varias actividades y eventos en diferentes zonas del hospital. A continuación, se presentan los principales hallazgos:

En general, no se han detectado anomalías ni situaciones inusuales en las zonas del hospital durante el período de tiempo analizado.

**Zona Baño 2**

* Duración: 1499s - 1747s (total de 248 segundos)
* Personas involucradas: P1, P2, P182, P189, P193 y P195
* Actividad constante con cambios entre estar sentado, de pie o caminando

**Quirófano 2, Vuelta 1**

* Período de tiempo: 1362s - 1557s
* Tipo de zona: Crítica y Alta Esterilidad
* Eventos recientes:
	+ Caídas urgentes (P1) entre los segundos 1365-1367
	+ Actividad normal con personas sentadas o de pie/caminando a partir del segundo 1468
	+ Varios eventos con varias personas en diferentes posiciones entre los segundos 1511-1516 y 1550-1557

**Zona Almacén 1**

* Fecha y hora: No especificado
* Tipo de zona: Restringida
* Rango temporal: 124s - 281s
* Actividades registradas:
	+ Duración: 157s (261s - 418s)
	+ Personas involucradas: P1, P89 y P93
	+ Anomalías: No se registraron anomalías en este reporte

**Zona Habitación Compartida 4**

* Vuelta: 1
* Rango temporal: 1369s - 1457s
* Eventos recientes:
	+ Persona (P1) sentada entre los segundos 1369 y 1378
	+ Caída urgente de P2 a las 1379s, ALERTA
	+ Actividad normal con persona (P1) de pie o caminando a partir del segundo 1429
* Anomalías: Una persona (P2) experimentó una caída urgente a las 1379s

En general, los reportes muestran actividad relativamente tranquila y normal en diferentes zonas del hospital, con algunas situaciones que requieren atención especial. Se han registrado algunas anomalías, como la caída urgente de P2 en la Zona Habitación Compartida 4 y las caídas urgentes en el Quirófano 2, Vuelta 1.

**Análisis**

A continuación, se presentan los resultados clave:

* La mayoría de las zonas del hospital han registrado actividad normal sin anomalías ni situaciones inusuales.
* Se han detectado algunas anomalías, como la caída urgente de P2 en la Zona Habitación Compartida 4 y las caídas urgentes en el Quirófano 2, Vuelta 1.
* La Zona Baño 2 ha registrado una actividad constante con cambios entre estar sentado, de pie o caminando.
* La Zona Almacén 1 no ha reportado anomalías ni situaciones inusuales.

**Recomendaciones**

En vista de los resultados, se recomienda:

* Monitorear estrechamente las zonas del hospital que han registrado anomalías, como la Zona Habitación Compartida 4 y el Quirófano 2, Vuelta 1.
* Realizar un seguimiento a las personas involucradas en los eventos registrados, como P1 y P2.
* Revisar y actualizar los protocolos de emergencia para garantizar la atención especializada en caso de situaciones críticas.

**Conclusión**

En general, los reportes muestran actividad relativamente tranquila y normal en diferentes zonas del hospital, con algunas situaciones que requieren atención especial. Se han registrado algunas anomalías, como la caída urgente de P2 en la Zona Habitación Compartida 4 y las caídas urgentes en el Quirófano 2, Vuelta 1. Es importante monitorear estrechamente estas zonas y realizar un seguimiento a las personas involucradas para garantizar la atención especializada en caso de situaciones críticas.","Se detecta una emergencia crítica en la Habitación Compartida 2, donde una trabajadora se encuentra tirada en el suelo. Se requiere enviar asistencia médica de forma inmediata a esta ubicación para socorrerla. Por otro lado, se reporta una infracción de seguridad en el pasillo, ya que el sistema ha detectado a una persona corriendo cerca de otra trabajadora que traslada a un paciente en silla de ruedas, lo que supone un riesgo de colisión. Además, se observa una gran acumulación de cajas en ambos almacenes que podría obstaculizar el paso, y se registra a una empleada inactiva en la Oficina 2. El resto de las instalaciones del hospital funciona con normalidad y bajo los protocolos establecidos. En el Quirófano 2 se está llevando a cabo una intervención quirúrgica con el personal médico necesario, la zona de Recepción opera de forma habitual con varios visitantes y una sola persona al mostrador, y las habitaciones ocupadas tienen a sus pacientes seguros y atendidos. Zonas como los baños, las escaleras 2 y la habitación individual 1 se encuentran completamente vacías y despejadas.",0.5662164730393913,,1.0,,,,summary,hybrid+reranker+simplified,"['**Resumen Global**\n\nDurante el período de tiempo analizado, se han registrado varias actividades y eventos en diferentes zonas del hospital. A continuación, se presentan los principales hallazgos:\n\nEn general, no se han detectado anomalías ni situaciones inusuales en las zonas del hospital durante el período de tiempo analizado.\n\n**Zona Baño 2**\n\n* Duración: 1499s - 1747s (total de 248 segundos)\n* Personas involucradas: P1, P2, P182, P189, P193 y P195\n* Actividad constante con cambios entre estar sentado, de pie o caminando\n\n**Quirófano 2, Vuelta 1**\n\n* Período de tiempo: 1362s - 1557s\n* Tipo de zona: Crítica y Alta Esterilidad\n* Eventos recientes:\n\t+ Caídas urgentes (P1) entre los segundos 1365-1367\n\t+ Actividad normal con personas sentadas o de pie/caminando a partir del segundo 1468\n\t+ Varios eventos con varias personas en diferentes posiciones entre los segundos 1511-1516 y 1550-1557\n\n**Zona Almacén 1**\n\n* Fecha y hora: No especificado\n* Tipo de zona: Restringida\n* Rango temporal: 124s - 281s\n* Actividades registradas:\n\t+ Duración: 157s (261s - 418s)\n\t+ Personas involucradas: P1, P89 y P93\n\t+ Anomalías: No se registraron anomalías en este reporte\n\n**Zona Habitación Compartida 4**\n\n* Vuelta: 1\n* Rango temporal: 1369s - 1457s\n* Eventos recientes:\n\t+ Persona (P1) sentada entre los segundos 1369 y 1378\n\t+ Caída urgente de P2 a las 1379s, ALERTA\n\t+ Actividad normal con persona (P1) de pie o caminando a partir del segundo 1429\n* Anomalías: Una persona (P2) experimentó una caída urgente a las 1379s\n\nEn general, los reportes muestran actividad relativamente tranquila y normal en diferentes zonas del hospital, con algunas situaciones que requieren atención especial. Se han registrado algunas anomalías, como la caída urgente de P2 en la Zona Habitación Compartida 4 y las caídas urgentes en el Quirófano 2, Vuelta 1.\n\n**Análisis**\n\nA continuación, se presentan los resultados clave:\n\n* La mayoría de las zonas del hospital han registrado actividad normal sin anomalías ni situaciones inusuales.\n* Se han detectado algunas anomalías, como la caída urgente de P2 en la Zona Habitación Compartida 4 y las caídas urgentes en el Quirófano 2, Vuelta 1.\n* La Zona Baño 2 ha registrado una actividad constante con cambios entre estar sentado, de pie o caminando.\n* La Zona Almacén 1 no ha reportado anomalías ni situaciones inusuales.\n\n**Recomendaciones**\n\nEn vista de los resultados, se recomienda:\n\n* Monitorear estrechamente las zonas del hospital que han registrado anomalías, como la Zona Habitación Compartida 4 y el Quirófano 2, Vuelta 1.\n* Realizar un seguimiento a las personas involucradas en los eventos registrados, como P1 y P2.\n* Revisar y actualizar los protocolos de emergencia para garantizar la atención especializada en caso de situaciones críticas.\n\n**Conclusión**\n\nEn general, los reportes muestran actividad relativamente tranquila y normal en diferentes zonas del hospital, con algunas situaciones que requieren atención especial. Se han registrado algunas anomalías, como la caída urgente de P2 en la Zona Habitación Compartida 4 y las caídas urgentes en el Quirófano 2, Vuelta 1. Es importante monitorear estrechamente estas zonas y realizar un seguimiento a las personas involucradas para garantizar la atención especializada en caso de situaciones críticas.']",0.4500000000000151,hybrid+reranker+simplified,system
¿Cuántas personas hay exactamente en la zona de Recepción en este momento?,"['Reporte de la Zona: Habitación Individual 1\nVuelta: 1\n{\n  ""nombre_zona"": ""Habitación Individual 1"",\n  ""tipo_zona"": ""Privada y Pacientes"",\n  ""rango_temporal"": ""282s - 420s"",\n  ""eventos_recientes"": [\n    {\n      ""tiempo"": ""282s"",\n      ""descripcion_vlm"": ""[YOLO]: Estado: Se han detectado 1 persona(s). Persona 788: Persona de pie (predicción con poca confianza) | [VLM]: [MEMORIA A CORTO PLAZO]:\\n - Sujeto ID_788 (Caja AMARILLA): Historial -> Persona sentada | persona sentada | persona de pie (predicción con poca confianza) ALTA FIABILIDAD: Presencia humana confirmada por ambos modelos."",\n      ""alerta"": true\n    },\n    {\n      ""tiempo"": ""399s"",', 'Reporte de la Zona: Habitación Compartida 4\nVuelta: 1\n{\n  ""nombre_zona"": ""Habitación Compartida 4"",\n  ""tipo_zona"": ""Privada y Pacientes"",\n  ""rango_temporal"": ""1369s - 1457s"",\n  ""eventos_recientes"": [\n    {\n      ""tiempo"": ""1369s"",\n      ""descripcion_vlm"": ""[YOLO]: Estado: Se han detectado 1 persona(s). Persona 1: Persona sentada | [VLM]: 1. Descansar en cama (persona de pie) | 2. Conversar con otros (persona o caminando). ALTA FIABILIDAD: Presencia humana confirmada por ambos modelos."",\n      ""alerta"": true\n    },\n    {\n      ""tiempo"": ""1378s"",\n      ""descripcion_vlm"": ""[YOLO]: Estado: Se han detectado 1 persona(s). Persona 1: Persona sentada | [VLM]: 1. Sujeto ID_1 (Caja AZUL): Historial -> Persona de pie o caminando ALTA FIABILIDAD: Presencia humana confirmada por ambos modelos."",\n      ""alerta"": true\n    },\n    {\n      ""tiempo"": ""1379s"",', 'Reporte de la Zona: Baño 2\nVuelta: 1\n{\n  ""nombre_zona"": ""Baño 2"",\n  ""tipo_zona"": ""Privada y Servicios"",\n  ""rango_temporal"": ""1499s - 1747s"",\n  ""eventos_recientes"": [\n    {\n      ""tiempo"": ""1499s"",\n      ""descripcion_vlm"": ""[YOLO]: Estado: Se han detectado 1 persona(s). Persona 1: Persona de pie (predicción con poca confianza) | [VLM]: [MEMORIA A CORTO PLAZO]:\\n - Sujeto ID_1 (Caja AZUL): Historial -> Persona sentada \\n - Sujeto ID_2 (Caja AZUL): Historial -> persona de cualquier sujeto que se convirtió en la imagen. ALTA FIABILIDAD: Presencia humana confirmada por ambos modelos."",\n      ""alerta"": true\n    },\n    {\n      ""tiempo"": ""1561s"",\n      ""descripcion_vlm"": ""[YOLO]: Estado: Se han detectado 1 persona(s). Persona 1: Persona sentada | [VLM]: [MEMORIA A CORTO PLAZO]:\\n - Sujeto ID_1 (Caja AZUL): Historial -> Persona de pie o caminando ALTA FIABILIDAD: Presencia humana confirmada por ambos modelos."",\n      ""alerta"": true\n    },\n    {\n      ""tiempo"": ""1569s"",']",No hay información registrada sobre la zona de Recepción.,Hay seis personas,0.1308749353036571,0.0,0.0,,,,short,ragas_new_RAG_embbedings_only,,,ragas_new_RAG_embbedings_only,system
¿Hay alguna persona presente en la Habitación Individual 1 o se encuentra vacía?,"['\\n - Sujeto ID_38 (Caja AZUL): Historial -> persona sentada \\n - Sujeto ID_39 (Caja AZUL): Historial -> persona sentada \\n - Sujeto ID_4 (Caja AZUL): Historial ALTA FIABILIDAD: Presencia humana confirmada por ambos modelos."",', 'Reporte de la Zona: Escaleras 1\nVuelta: 1\n{\n  ""nombre_zona"": ""Escaleras 1"",\n  ""tipo_zona"": ""Tránsito y Evacuación"",\n  ""rango_temporal"": ""62s - 94s"",\n  ""eventos_recientes"": [\n    {\n      ""tiempo"": ""80s"",\n      ""descripcion_vlm"": ""[YOLO]: Estado: Se han detectado 1 persona(s). Persona 1: Persona sentada o torso visible (predicción con poca confianza) | [VLM]: [MEMORIA A CORTO PLAZO]:\\n - Sujeto ID_1 (Caja AZUL): Historial -> Persona sentada o torso visible (predicción con poca confianza) ALTA FIABILIDAD: Presencia humana confirmada por ambos modelos."",\n      ""alerta"": true\n    },\n    {\n      ""tiempo"": ""86s"",\n      ""descripcion_vlm"": ""[YOLO]: Estado: Se han detectado 1 persona(s). Persona 1: Persona sentada | [VLM]: [MEMORIA A CORTO PLAZO]:\\n - Sujeto ID_1 (Caja AZUL): Historial -> Persona sentada \\n - Sujeto ID_2 (Caja AZUL): Historial -> persona sentada o torso visible ALTA FIABILIDAD: Presencia humana confirmada por ambos modelos."",\n      ""alerta"": true\n    },\n    {', 'Reporte de la Zona: Baño 1\nVuelta: 1\n{\n  ""nombre_zona"": ""Baño 1"",\n  ""tipo_zona"": ""Privada y Servicios"",\n  ""rango_temporal"": ""652s - 917s"",\n  ""eventos_recientes"": [\n    {\n      ""tiempo"": ""663s"",\n      ""descripcion_vlm"": ""[YOLO]: Estado: Se han detectado 1 persona(s). Persona 1: Persona sentada o torso visible (predicción con poca confianza) | [VLM]: [MEMORIA A CORTO PLAZO]:\\n - Sujeto ID_1 (Caja AZUL): Historial -> Persona sentada ALTA FIABILIDAD: Presencia humana confirmada por ambos modelos."",\n      ""alerta"": true\n    },\n    {\n      ""tiempo"": ""664s"",\n      ""descripcion_vlm"": ""[YOLO]: Estado: Se han detectado 1 persona(s). Persona 838: Persona sentada o torso visible (predicción con poca confianza) | [VLM]: [MEMORIA A CORTO PLAZO]:\\n - Sujeto ID_838 (Caja AMARILLA): Historial -> Persona sentada o torso visible (predicción con poca confianza) ALTA FIABILIDAD: Presencia humana confirmada por ambos modelos."",\n      ""alerta"": true\n    }\n  ]\n}']",No hay información registrada.,No hay nadie en la Habitación Individual 1,0.9107851776455388,0.0,0.0,,,,short,ragas_new_RAG_embbedings_only,,,ragas_new_RAG_embbedings_only,system
¿El pasillo está completamente vacío o hay personas transitando por él?,"['Reporte de la Zona: Oficina 2\nVuelta: 1\n{\n  ""nombre_zona"": ""Oficina 2"",\n  ""tipo_zona"": ""Administrativa y Personal"",\n  ""rango_temporal"": ""1774s - 2081s"",\n  ""eventos_recientes"": [\n    {\n      ""tiempo"": ""1774s"",\n      ""descripcion_vlm"": ""[YOLO]: Estado: Se han detectado 2 persona(s). Persona 894: Persona sentada Persona 895: Persona de pie (predicción con poca confianza) | [VLM]: - Sujeto ID_894 (Caja MAGENTA): Historial -> Persona sentada | persona sentada | persona sentada ALTA FIABILIDAD: Presencia humana confirmada por ambos modelos."",\n      ""alerta"": true\n    },\n    {\n      ""tiempo"": ""1775s"",\n      ""descripcion_vlm"": ""[YOLO]: Estado: Se han detectado 2 persona(s). Persona 894: Persona sentada Persona 895: Persona de pie (predicción con poca confianza) | [VLM]: - Sujeto ID_894 (Caja MAGENTA): Historial -> Persona sentada \\n - Sujeto ID_895 (Caja ROJA): Historial -> persona de pie ALTA FIABILIDAD: Presencia humana confirmada por ambos modelos."",\n      ""alerta"": true\n    },\n    {', 'Reporte de la Zona: Habitación Individual 1\nVuelta: 1\n{\n  ""nombre_zona"": ""Habitación Individual 1"",\n  ""tipo_zona"": ""Privada y Pacientes"",\n  ""rango_temporal"": ""282s - 420s"",\n  ""eventos_recientes"": [\n    {\n      ""tiempo"": ""282s"",\n      ""descripcion_vlm"": ""[YOLO]: Estado: Se han detectado 1 persona(s). Persona 788: Persona de pie (predicción con poca confianza) | [VLM]: [MEMORIA A CORTO PLAZO]:\\n - Sujeto ID_788 (Caja AMARILLA): Historial -> Persona sentada | persona sentada | persona de pie (predicción con poca confianza) ALTA FIABILIDAD: Presencia humana confirmada por ambos modelos."",\n      ""alerta"": true\n    },\n    {\n      ""tiempo"": ""399s"",', 'Reporte de la Zona: Baño 1\nVuelta: 1\n{\n  ""nombre_zona"": ""Baño 1"",\n  ""tipo_zona"": ""Privada y Servicios"",\n  ""rango_temporal"": ""652s - 917s"",\n  ""eventos_recientes"": [\n    {\n      ""tiempo"": ""663s"",\n      ""descripcion_vlm"": ""[YOLO]: Estado: Se han detectado 1 persona(s). Persona 1: Persona sentada o torso visible (predicción con poca confianza) | [VLM]: [MEMORIA A CORTO PLAZO]:\\n - Sujeto ID_1 (Caja AZUL): Historial -> Persona sentada ALTA FIABILIDAD: Presencia humana confirmada por ambos modelos."",\n      ""alerta"": true\n    },\n    {\n      ""tiempo"": ""664s"",\n      ""descripcion_vlm"": ""[YOLO]: Estado: Se han detectado 1 persona(s). Persona 838: Persona sentada o torso visible (predicción con poca confianza) | [VLM]: [MEMORIA A CORTO PLAZO]:\\n - Sujeto ID_838 (Caja AMARILLA): Historial -> Persona sentada o torso visible (predicción con poca confianza) ALTA FIABILIDAD: Presencia humana confirmada por ambos modelos."",\n      ""alerta"": true\n    }\n  ]\n}']",No hay información registrada sobre el pasillo.,"Hay varias personas, una caminando, otra corriendo y una trabajadora del hospital llevando a un paciente en silla de ruedas",0.5248422382933455,0.0,0.0,,,,short,ragas_new_RAG_embbedings_only,,,ragas_new_RAG_embbedings_only,system
¿Cuántas personas en total se detectan dentro de la Habitación Compartida 2?,"['Reporte de la Zona: Oficina 2\nVuelta: 1\n{\n  ""nombre_zona"": ""Oficina 2"",\n  ""tipo_zona"": ""Administrativa y Personal"",\n  ""rango_temporal"": ""1774s - 2081s"",\n  ""eventos_recientes"": [\n    {\n      ""tiempo"": ""1774s"",\n      ""descripcion_vlm"": ""[YOLO]: Estado: Se han detectado 2 persona(s). Persona 894: Persona sentada Persona 895: Persona de pie (predicción con poca confianza) | [VLM]: - Sujeto ID_894 (Caja MAGENTA): Historial -> Persona sentada | persona sentada | persona sentada ALTA FIABILIDAD: Presencia humana confirmada por ambos modelos."",\n      ""alerta"": true\n    },\n    {\n      ""tiempo"": ""1775s"",\n      ""descripcion_vlm"": ""[YOLO]: Estado: Se han detectado 2 persona(s). Persona 894: Persona sentada Persona 895: Persona de pie (predicción con poca confianza) | [VLM]: - Sujeto ID_894 (Caja MAGENTA): Historial -> Persona sentada \\n - Sujeto ID_895 (Caja ROJA): Historial -> persona de pie ALTA FIABILIDAD: Presencia humana confirmada por ambos modelos."",\n      ""alerta"": true\n    },\n    {', 'Reporte de la Zona: Almacén 2\nVuelta: 1\n{\n  ""nombre_zona"": ""Almacén 2"",\n  ""tipo_zona"": ""Restringida"",\n  ""rango_temporal"": ""2242s - 2355s"",\n  ""eventos_recientes"": [\n    {\n      ""tiempo"": ""2348s"",\n      ""descripcion_vlm"": ""[YOLO]: Estado: Se han detectado 1 persona(s). Persona 1: Persona de pie (predicción con poca confianza) | [VLM]: [MEMORIA A CORTO PLAZO]:\\n - Sujeto ID_1 (Caja AZUL): Historial -> Persona sentada ALTA FIABILIDAD: Presencia humana confirmada por ambos modelos."",\n      ""alerta"": true\n    },\n    {\n      ""tiempo"": ""2349s"",\n      ""descripcion_vlm"": ""[YOLO]: Estado: Se han detectado 2 persona(s). Persona 1: Persona de pie (predicción con poca confianza) Persona 2: Persona de pie (predicción con poca confianza) | [VLM]: - Sujeto ID_1 (Caja AZUL): Historial -> Persona de pie (predicción con poca confianza) \\n - Sujeto ID_2 (Caja VERDE): Historial -> Persona de pie (predicción con puca confianza) ALTA FIABILIDAD: Presencia humana confirmada por ambos modelos."",', 'Reporte de la Zona: Baño 2\nVuelta: 1\n{\n  ""nombre_zona"": ""Baño 2"",\n  ""tipo_zona"": ""Privada y Servicios"",\n  ""rango_temporal"": ""1499s - 1747s"",\n  ""eventos_recientes"": [\n    {\n      ""tiempo"": ""1499s"",\n      ""descripcion_vlm"": ""[YOLO]: Estado: Se han detectado 1 persona(s). Persona 1: Persona de pie (predicción con poca confianza) | [VLM]: [MEMORIA A CORTO PLAZO]:\\n - Sujeto ID_1 (Caja AZUL): Historial -> Persona sentada \\n - Sujeto ID_2 (Caja AZUL): Historial -> persona de cualquier sujeto que se convirtió en la imagen. ALTA FIABILIDAD: Presencia humana confirmada por ambos modelos."",\n      ""alerta"": true\n    },\n    {\n      ""tiempo"": ""1561s"",\n      ""descripcion_vlm"": ""[YOLO]: Estado: Se han detectado 1 persona(s). Persona 1: Persona sentada | [VLM]: [MEMORIA A CORTO PLAZO]:\\n - Sujeto ID_1 (Caja AZUL): Historial -> Persona de pie o caminando ALTA FIABILIDAD: Presencia humana confirmada por ambos modelos."",\n      ""alerta"": true\n    },\n    {\n      ""tiempo"": ""1569s"",']","Según el contexto de sensores recuperado, en la Oficina 2 (Zona: Oficina 2, Vuelta: 1) se han detectado 2 personas (Persona 894 y Persona 895) en diferentes momentos.",No hay nadie en la Habitacion Compartida 2,0.7354570047049764,0.6707776135250203,0.6666666666666666,,,,short,ragas_new_RAG_embbedings_only,,,ragas_new_RAG_embbedings_only,system
¿Hay alguien presente dentro del Quirófano 2?,"['Reporte de la Zona: Oficina 2\nVuelta: 1\n{\n  ""nombre_zona"": ""Oficina 2"",\n  ""tipo_zona"": ""Administrativa y Personal"",\n  ""rango_temporal"": ""1774s - 2081s"",\n  ""eventos_recientes"": [\n    {\n      ""tiempo"": ""1774s"",\n      ""descripcion_vlm"": ""[YOLO]: Estado: Se han detectado 2 persona(s). Persona 894: Persona sentada Persona 895: Persona de pie (predicción con poca confianza) | [VLM]: - Sujeto ID_894 (Caja MAGENTA): Historial -> Persona sentada | persona sentada | persona sentada ALTA FIABILIDAD: Presencia humana confirmada por ambos modelos."",\n      ""alerta"": true\n    },\n    {\n      ""tiempo"": ""1775s"",\n      ""descripcion_vlm"": ""[YOLO]: Estado: Se han detectado 2 persona(s). Persona 894: Persona sentada Persona 895: Persona de pie (predicción con poca confianza) | [VLM]: - Sujeto ID_894 (Caja MAGENTA): Historial -> Persona sentada \\n - Sujeto ID_895 (Caja ROJA): Historial -> persona de pie ALTA FIABILIDAD: Presencia humana confirmada por ambos modelos."",\n      ""alerta"": true\n    },\n    {', 'Reporte de la Zona: Escaleras 2\nVuelta: 1\n{\n  ""nombre_zona"": ""Escaleras 2"",\n  ""tipo_zona"": ""Tránsito y Evacuación"",\n  ""rango_temporal"": ""2388s - 2395s"",\n  ""eventos_recientes"": []\n}', 'Reporte de la Zona: Almacén 2\nVuelta: 1\n{\n  ""nombre_zona"": ""Almacén 2"",\n  ""tipo_zona"": ""Restringida"",\n  ""rango_temporal"": ""2242s - 2355s"",\n  ""eventos_recientes"": [\n    {\n      ""tiempo"": ""2348s"",\n      ""descripcion_vlm"": ""[YOLO]: Estado: Se han detectado 1 persona(s). Persona 1: Persona de pie (predicción con poca confianza) | [VLM]: [MEMORIA A CORTO PLAZO]:\\n - Sujeto ID_1 (Caja AZUL): Historial -> Persona sentada ALTA FIABILIDAD: Presencia humana confirmada por ambos modelos."",\n      ""alerta"": true\n    },\n    {\n      ""tiempo"": ""2349s"",\n      ""descripcion_vlm"": ""[YOLO]: Estado: Se han detectado 2 persona(s). Persona 1: Persona de pie (predicción con poca confianza) Persona 2: Persona de pie (predicción con poca confianza) | [VLM]: - Sujeto ID_1 (Caja AZUL): Historial -> Persona de pie (predicción con poca confianza) \\n - Sujeto ID_2 (Caja VERDE): Historial -> Persona de pie (predicción con puca confianza) ALTA FIABILIDAD: Presencia humana confirmada por ambos modelos."",']",No hay información registrada sobre el quirófano 2 en este contexto.,"Sí, se está realizando una intervención a un paciente que está tumbado en la cama. Hay tres trabajadores del hospital realizandolo",0.5479222831535945,0.0,1.0,,,,short,ragas_new_RAG_embbedings_only,,,ragas_new_RAG_embbedings_only,system
¿Se está haciendo alguna actividad en el Quirófano 2?,"['Reporte de la Zona: Oficina 2\nVuelta: 1\n{\n  ""nombre_zona"": ""Oficina 2"",\n  ""tipo_zona"": ""Administrativa y Personal"",\n  ""rango_temporal"": ""1774s - 2081s"",\n  ""eventos_recientes"": [\n    {\n      ""tiempo"": ""1774s"",\n      ""descripcion_vlm"": ""[YOLO]: Estado: Se han detectado 2 persona(s). Persona 894: Persona sentada Persona 895: Persona de pie (predicción con poca confianza) | [VLM]: - Sujeto ID_894 (Caja MAGENTA): Historial -> Persona sentada | persona sentada | persona sentada ALTA FIABILIDAD: Presencia humana confirmada por ambos modelos."",\n      ""alerta"": true\n    },\n    {\n      ""tiempo"": ""1775s"",\n      ""descripcion_vlm"": ""[YOLO]: Estado: Se han detectado 2 persona(s). Persona 894: Persona sentada Persona 895: Persona de pie (predicción con poca confianza) | [VLM]: - Sujeto ID_894 (Caja MAGENTA): Historial -> Persona sentada \\n - Sujeto ID_895 (Caja ROJA): Historial -> persona de pie ALTA FIABILIDAD: Presencia humana confirmada por ambos modelos."",\n      ""alerta"": true\n    },\n    {', 'Reporte de la Zona: Baño 2\nVuelta: 1\n{\n  ""nombre_zona"": ""Baño 2"",\n  ""tipo_zona"": ""Privada y Servicios"",\n  ""rango_temporal"": ""1499s - 1747s"",\n  ""eventos_recientes"": [\n    {\n      ""tiempo"": ""1499s"",\n      ""descripcion_vlm"": ""[YOLO]: Estado: Se han detectado 1 persona(s). Persona 1: Persona de pie (predicción con poca confianza) | [VLM]: [MEMORIA A CORTO PLAZO]:\\n - Sujeto ID_1 (Caja AZUL): Historial -> Persona sentada \\n - Sujeto ID_2 (Caja AZUL): Historial -> persona de cualquier sujeto que se convirtió en la imagen. ALTA FIABILIDAD: Presencia humana confirmada por ambos modelos."",\n      ""alerta"": true\n    },\n    {\n      ""tiempo"": ""1561s"",\n      ""descripcion_vlm"": ""[YOLO]: Estado: Se han detectado 1 persona(s). Persona 1: Persona sentada | [VLM]: [MEMORIA A CORTO PLAZO]:\\n - Sujeto ID_1 (Caja AZUL): Historial -> Persona de pie o caminando ALTA FIABILIDAD: Presencia humana confirmada por ambos modelos."",\n      ""alerta"": true\n    },\n    {\n      ""tiempo"": ""1569s"",', 'Reporte de la Zona: Almacén 2\nVuelta: 1\n{\n  ""nombre_zona"": ""Almacén 2"",\n  ""tipo_zona"": ""Restringida"",\n  ""rango_temporal"": ""2242s - 2355s"",\n  ""eventos_recientes"": [\n    {\n      ""tiempo"": ""2348s"",\n      ""descripcion_vlm"": ""[YOLO]: Estado: Se han detectado 1 persona(s). Persona 1: Persona de pie (predicción con poca confianza) | [VLM]: [MEMORIA A CORTO PLAZO]:\\n - Sujeto ID_1 (Caja AZUL): Historial -> Persona sentada ALTA FIABILIDAD: Presencia humana confirmada por ambos modelos."",\n      ""alerta"": true\n    },\n    {\n      ""tiempo"": ""2349s"",\n      ""descripcion_vlm"": ""[YOLO]: Estado: Se han detectado 2 persona(s). Persona 1: Persona de pie (predicción con poca confianza) Persona 2: Persona de pie (predicción con poca confianza) | [VLM]: - Sujeto ID_1 (Caja AZUL): Historial -> Persona de pie (predicción con poca confianza) \\n - Sujeto ID_2 (Caja VERDE): Historial -> Persona de pie (predicción con puca confianza) ALTA FIABILIDAD: Presencia humana confirmada por ambos modelos."",']","No hay información registrada sobre la Zona ""Quirófano 2"".","Sí, se está realizando una intervención quirúrgica a un paciente que está tumbado en la cama. Hay tres trabajadores del hospital realizandolo",0.1673254831852284,0.0,1.0,,,,short,ragas_new_RAG_embbedings_only,,,ragas_new_RAG_embbedings_only,system
¿Se detecta a alguna persona caída en el suelo en alguna zona del hospital?,"['Reporte de la Zona: Habitación Individual 4\nVuelta: 1\n{\n  ""nombre_zona"": ""Habitación Individual 4"",\n  ""tipo_zona"": ""Privada y Pacientes"",\n  ""rango_temporal"": ""2138s - 2222s"",\n  ""eventos_recientes"": [\n    {\n      ""tiempo"": ""2141s"",\n      ""descripcion_vlm"": ""[YOLO]: Estado: Se han detectado 1 persona(s). Persona 1: Persona sentada | [VLM]: [MEMORIA A CORTO PLAZO]:\\n - Sujeto ID_1 (Caja AZUL): Historial -> Persona de pie o caminando ALTA FIABILIDAD: Presencia humana confirmada por ambos modelos."",\n      ""alerta"": true\n    },\n    {\n      ""tiempo"": ""2142s"",\n      ""descripcion_vlm"": ""[YOLO]: Estado: Se han detectado 1 persona(s). Persona 931: Persona sentada | [VLM]: 1. Descansar en cama (referring to the patient\'s room) ALTA FIABILIDAD: Presencia humana confirmada por ambos modelos."",\n      ""alerta"": true\n    },\n    {\n      ""tiempo"": ""2143s"",', 'Reporte de la Zona: Quirófano 2\nVuelta: 1\n{\n  ""nombre_zona"": ""Quirófano 2"",\n  ""tipo_zona"": ""Crítica y Alta Esterilidad"",\n  ""rango_temporal"": ""1362s - 1557s"",\n  ""eventos_recientes"": [\n    {\n      ""tiempo"": ""1365s"",\n      ""descripcion_vlm"": ""[YOLO]: Estado: Se han detectado 1 persona(s). Persona 1: ATENCIÓN Caída detectada (cuerpo en el suelo), ENVIAR AYUDA URGENTEMENTE. | [VLM]: [MEMORIA A CORTO PLAZO]:\\n - Sujeto ID_1 (Caja AZUL): Historial -> Caída detectada (cuerpo en el suelo), ENVIAR AYUDA URGENTEMENTE. ALTA FIABILIDAD: Presencia humana confirmada por ambos modelos."",\n      ""alerta"": true\n    },\n    {\n      ""tiempo"": ""1366s"",', 'Reporte de la Zona: Sala Común\nVuelta: 1\n{\n  ""nombre_zona"": ""Sala Común"",\n  ""tipo_zona"": ""Pública y Espera"",\n  ""rango_temporal"": ""1286s - 1361s"",\n  ""eventos_recientes"": [\n    {\n      ""tiempo"": ""1327s"",\n      ""descripcion_vlm"": ""[YOLO]: Estado: Se han detectado 1 persona(s). Persona 846: Persona de pie (predicción con poca confianza) | [VLM]: [MEMORIA A CORTO PLAZO]:\\n - Sujeto ID_846 (Caja AZUL): Historial -> Persona de pie o caminando ALTA FIABILIDAD: Presencia humana confirmada por ambos modelos."",\n      ""alerta"": true\n    },\n    {\n      ""tiempo"": ""1343s"",\n      ""descripcion_vlm"": ""[YOLO]: Estado: Se han detectado 2 persona(s). Persona 1: ATENCIÓN Caída detectada (cuerpo en el suelo), ENVIAR AYUDA URGENTEMENTE. Persona 2: ATENCIÓN Caída detectada (cuerpo en el suelo), ENVIAR AYUDA URGENTEMENTE. | [VLM]: - Sujeto ID_1 (Caja AZUL): Historial -> Caída detectada (cuerpo en el suelo), ENVIAR AYUDA URGENTEMENTE. ALTA FIABILIDAD: Presencia humana confirmada por ambos modelos."",']","Sí, se detectó una caída en el suelo en la Zona: Quirófano 2, tiempo 1365s.","Sí, hay una trabajadora en el suelo en la Habitación Compartida 2",0.5042117921016693,0.5021866372793226,1.0,,,,short,ragas_new_RAG_embbedings_only,,,ragas_new_RAG_embbedings_only,system
"En la Habitación Compartida 4, ¿las personas detectadas están acostadas en las camas o hay alguien de pie/sentado?","['Reporte de la Zona: Habitación Compartida 4\nVuelta: 1\n{\n  ""nombre_zona"": ""Habitación Compartida 4"",\n  ""tipo_zona"": ""Privada y Pacientes"",\n  ""rango_temporal"": ""1369s - 1457s"",\n  ""eventos_recientes"": [\n    {\n      ""tiempo"": ""1369s"",\n      ""descripcion_vlm"": ""[YOLO]: Estado: Se han detectado 1 persona(s). Persona 1: Persona sentada | [VLM]: 1. Descansar en cama (persona de pie) | 2. Conversar con otros (persona o caminando). ALTA FIABILIDAD: Presencia humana confirmada por ambos modelos."",\n      ""alerta"": true\n    },\n    {\n      ""tiempo"": ""1378s"",\n      ""descripcion_vlm"": ""[YOLO]: Estado: Se han detectado 1 persona(s). Persona 1: Persona sentada | [VLM]: 1. Sujeto ID_1 (Caja AZUL): Historial -> Persona de pie o caminando ALTA FIABILIDAD: Presencia humana confirmada por ambos modelos."",\n      ""alerta"": true\n    },\n    {\n      ""tiempo"": ""1379s"",', 'Reporte de la Zona: Habitación Individual 1\nVuelta: 1\n{\n  ""nombre_zona"": ""Habitación Individual 1"",\n  ""tipo_zona"": ""Privada y Pacientes"",\n  ""rango_temporal"": ""282s - 420s"",\n  ""eventos_recientes"": [\n    {\n      ""tiempo"": ""282s"",\n      ""descripcion_vlm"": ""[YOLO]: Estado: Se han detectado 1 persona(s). Persona 788: Persona de pie (predicción con poca confianza) | [VLM]: [MEMORIA A CORTO PLAZO]:\\n - Sujeto ID_788 (Caja AMARILLA): Historial -> Persona sentada | persona sentada | persona de pie (predicción con poca confianza) ALTA FIABILIDAD: Presencia humana confirmada por ambos modelos."",\n      ""alerta"": true\n    },\n    {\n      ""tiempo"": ""399s"",', 'Reporte de la Zona: Oficina 2\nVuelta: 1\n{\n  ""nombre_zona"": ""Oficina 2"",\n  ""tipo_zona"": ""Administrativa y Personal"",\n  ""rango_temporal"": ""1774s - 2081s"",\n  ""eventos_recientes"": [\n    {\n      ""tiempo"": ""1774s"",\n      ""descripcion_vlm"": ""[YOLO]: Estado: Se han detectado 2 persona(s). Persona 894: Persona sentada Persona 895: Persona de pie (predicción con poca confianza) | [VLM]: - Sujeto ID_894 (Caja MAGENTA): Historial -> Persona sentada | persona sentada | persona sentada ALTA FIABILIDAD: Presencia humana confirmada por ambos modelos."",\n      ""alerta"": true\n    },\n    {\n      ""tiempo"": ""1775s"",\n      ""descripcion_vlm"": ""[YOLO]: Estado: Se han detectado 2 persona(s). Persona 894: Persona sentada Persona 895: Persona de pie (predicción con poca confianza) | [VLM]: - Sujeto ID_894 (Caja MAGENTA): Historial -> Persona sentada \\n - Sujeto ID_895 (Caja ROJA): Historial -> persona de pie ALTA FIABILIDAD: Presencia humana confirmada por ambos modelos."",\n      ""alerta"": true\n    },\n    {']","Según el contexto de sensores recuperado, en la Habitación Compartida 4 se han detectado 1 persona(s) y se indica que Persona 1 está sentada.",Hay dos pacientes en las camas y una trabajadora de pie al lado de uno de los pacientes,0.5424806711631913,0.5416770742791827,0.5,,,,short,ragas_new_RAG_embbedings_only,,,ragas_new_RAG_embbedings_only,system
¿Cuántas personas hay actualmente en la Sala Común?,"['Reporte de la Zona: Escaleras 2\nVuelta: 1\n{\n  ""nombre_zona"": ""Escaleras 2"",\n  ""tipo_zona"": ""Tránsito y Evacuación"",\n  ""rango_temporal"": ""2388s - 2395s"",\n  ""eventos_recientes"": []\n}', 'Reporte de la Zona: Habitación Compartida 3\nVuelta: 1\n{\n  ""nombre_zona"": ""Habitación Compartida 3"",\n  ""tipo_zona"": ""Privada y Pacientes"",\n  ""rango_temporal"": ""1065s - 1285s"",\n  ""eventos_recientes"": []\n}', 'Reporte de la Zona: Quirófano 1\nVuelta: 1\n{\n  ""nombre_zona"": ""Quirófano 1"",\n  ""tipo_zona"": ""Crítica y Alta Esterilidad"",\n  ""rango_temporal"": ""918s - 1064s"",\n  ""eventos_recientes"": [\n    {\n      ""tiempo"": ""932s"",']",No hay información registrada.,"En la sala común hay dos personas de pie con el móvil, frente a frente",0.7607369344289325,0.0,0.5,,,,short,ragas_new_RAG_embbedings_only,,,ragas_new_RAG_embbedings_only,system
¿Hay alguien que requiera asistencia en el interior de algún Baño?,"['Reporte de la Zona: Baño 1\nVuelta: 1\n{\n  ""nombre_zona"": ""Baño 1"",\n  ""tipo_zona"": ""Privada y Servicios"",\n  ""rango_temporal"": ""652s - 917s"",\n  ""eventos_recientes"": [\n    {\n      ""tiempo"": ""663s"",\n      ""descripcion_vlm"": ""[YOLO]: Estado: Se han detectado 1 persona(s). Persona 1: Persona sentada o torso visible (predicción con poca confianza) | [VLM]: [MEMORIA A CORTO PLAZO]:\\n - Sujeto ID_1 (Caja AZUL): Historial -> Persona sentada ALTA FIABILIDAD: Presencia humana confirmada por ambos modelos."",\n      ""alerta"": true\n    },\n    {\n      ""tiempo"": ""664s"",\n      ""descripcion_vlm"": ""[YOLO]: Estado: Se han detectado 1 persona(s). Persona 838: Persona sentada o torso visible (predicción con poca confianza) | [VLM]: [MEMORIA A CORTO PLAZO]:\\n - Sujeto ID_838 (Caja AMARILLA): Historial -> Persona sentada o torso visible (predicción con poca confianza) ALTA FIABILIDAD: Presencia humana confirmada por ambos modelos."",\n      ""alerta"": true\n    }\n  ]\n}', 'Reporte de la Zona: Oficina 2\nVuelta: 1\n{\n  ""nombre_zona"": ""Oficina 2"",\n  ""tipo_zona"": ""Administrativa y Personal"",\n  ""rango_temporal"": ""1774s - 2081s"",\n  ""eventos_recientes"": [\n    {\n      ""tiempo"": ""1774s"",\n      ""descripcion_vlm"": ""[YOLO]: Estado: Se han detectado 2 persona(s). Persona 894: Persona sentada Persona 895: Persona de pie (predicción con poca confianza) | [VLM]: - Sujeto ID_894 (Caja MAGENTA): Historial -> Persona sentada | persona sentada | persona sentada ALTA FIABILIDAD: Presencia humana confirmada por ambos modelos."",\n      ""alerta"": true\n    },\n    {\n      ""tiempo"": ""1775s"",\n      ""descripcion_vlm"": ""[YOLO]: Estado: Se han detectado 2 persona(s). Persona 894: Persona sentada Persona 895: Persona de pie (predicción con poca confianza) | [VLM]: - Sujeto ID_894 (Caja MAGENTA): Historial -> Persona sentada \\n - Sujeto ID_895 (Caja ROJA): Historial -> persona de pie ALTA FIABILIDAD: Presencia humana confirmada por ambos modelos."",\n      ""alerta"": true\n    },\n    {', 'Reporte de la Zona: Escaleras 1\nVuelta: 1\n{\n  ""nombre_zona"": ""Escaleras 1"",\n  ""tipo_zona"": ""Tránsito y Evacuación"",\n  ""rango_temporal"": ""62s - 94s"",\n  ""eventos_recientes"": [\n    {\n      ""tiempo"": ""80s"",\n      ""descripcion_vlm"": ""[YOLO]: Estado: Se han detectado 1 persona(s). Persona 1: Persona sentada o torso visible (predicción con poca confianza) | [VLM]: [MEMORIA A CORTO PLAZO]:\\n - Sujeto ID_1 (Caja AZUL): Historial -> Persona sentada o torso visible (predicción con poca confianza) ALTA FIABILIDAD: Presencia humana confirmada por ambos modelos."",\n      ""alerta"": true\n    },\n    {\n      ""tiempo"": ""86s"",\n      ""descripcion_vlm"": ""[YOLO]: Estado: Se han detectado 1 persona(s). Persona 1: Persona sentada | [VLM]: [MEMORIA A CORTO PLAZO]:\\n - Sujeto ID_1 (Caja AZUL): Historial -> Persona sentada \\n - Sujeto ID_2 (Caja AZUL): Historial -> persona sentada o torso visible ALTA FIABILIDAD: Presencia humana confirmada por ambos modelos."",\n      ""alerta"": true\n    },\n    {']","Sí, hay una persona sentada o torso visible detectada en el Baño 1. La predicción tiene poca confianza, pero la presencia humana es confirmada por ambos modelos (YOLO y VLM).","No, no hay nadie en ningún baño",0.5890505702916423,0.5636582220976969,0.6666666666666666,,,,short,ragas_new_RAG_embbedings_only,,,ragas_new_RAG_embbedings_only,system
¿Hay cajas o paquetes en los almacenes?,"['Reporte de la Zona: Oficina 2\nVuelta: 1\n{\n  ""nombre_zona"": ""Oficina 2"",\n  ""tipo_zona"": ""Administrativa y Personal"",\n  ""rango_temporal"": ""1774s - 2081s"",\n  ""eventos_recientes"": [\n    {\n      ""tiempo"": ""1774s"",\n      ""descripcion_vlm"": ""[YOLO]: Estado: Se han detectado 2 persona(s). Persona 894: Persona sentada Persona 895: Persona de pie (predicción con poca confianza) | [VLM]: - Sujeto ID_894 (Caja MAGENTA): Historial -> Persona sentada | persona sentada | persona sentada ALTA FIABILIDAD: Presencia humana confirmada por ambos modelos."",\n      ""alerta"": true\n    },\n    {\n      ""tiempo"": ""1775s"",\n      ""descripcion_vlm"": ""[YOLO]: Estado: Se han detectado 2 persona(s). Persona 894: Persona sentada Persona 895: Persona de pie (predicción con poca confianza) | [VLM]: - Sujeto ID_894 (Caja MAGENTA): Historial -> Persona sentada \\n - Sujeto ID_895 (Caja ROJA): Historial -> persona de pie ALTA FIABILIDAD: Presencia humana confirmada por ambos modelos."",\n      ""alerta"": true\n    },\n    {', 'Reporte de la Zona: Almacén 1\nVuelta: 1\n{\n  ""nombre_zona"": ""Almacén 1"",\n  ""tipo_zona"": ""Restringida"",\n  ""rango_temporal"": ""124s - 281s"",\n  ""eventos_recientes"": [\n    {\n      ""tiempo"": ""261s"",\n      ""descripcion_vlm"": ""[YOLO]: Estado: Se han detectado 1 persona(s). Persona 1: Persona sentada | [VLM]: 1. Sujeto ID_1 (Caja AZUL): Historial -> Persona sentada ALTA FIABILIDAD: Presencia humana confirmada por ambos modelos."",\n      ""alerta"": true\n    },\n    {\n      ""tiempo"": ""262s"",\n      ""descripcion_vlm"": ""[YOLO]: Estado: Se han detectado 1 persona(s). Persona 784: Persona sentada | [VLM]: [MEMORIA A CORTO PLAZO]:\\n - Sujeto ID_784 (Caja MAGENTA): Historial -> Persona sentada ALTA FIABILIDAD: Presencia humana confirmada por ambos modelos."",\n      ""alerta"": true\n    },\n    {\n      ""tiempo"": ""263s"",', 'Reporte de la Zona: Quirófano 1\nVuelta: 1\n{\n  ""nombre_zona"": ""Quirófano 1"",\n  ""tipo_zona"": ""Crítica y Alta Esterilidad"",\n  ""rango_temporal"": ""918s - 1064s"",\n  ""eventos_recientes"": [\n    {\n      ""tiempo"": ""932s"",']","Sí, hay información registrada sobre la Zona de Almacén 1.","Sí, hay una montaña de cajas en ambos almacenes",0.6827171061111146,0.5022625785246988,0.0,,,,short,ragas_new_RAG_embbedings_only,,,ragas_new_RAG_embbedings_only,system
"¿Qué actividad está realizando la persona en la Oficina 2 (ej. trabajando en el ordenador, leyendo, hablando)?","['Reporte de la Zona: Habitación Individual 1\nVuelta: 1\n{\n  ""nombre_zona"": ""Habitación Individual 1"",\n  ""tipo_zona"": ""Privada y Pacientes"",\n  ""rango_temporal"": ""282s - 420s"",\n  ""eventos_recientes"": [\n    {\n      ""tiempo"": ""282s"",\n      ""descripcion_vlm"": ""[YOLO]: Estado: Se han detectado 1 persona(s). Persona 788: Persona de pie (predicción con poca confianza) | [VLM]: [MEMORIA A CORTO PLAZO]:\\n - Sujeto ID_788 (Caja AMARILLA): Historial -> Persona sentada | persona sentada | persona de pie (predicción con poca confianza) ALTA FIABILIDAD: Presencia humana confirmada por ambos modelos."",\n      ""alerta"": true\n    },\n    {\n      ""tiempo"": ""399s"",', 'Reporte de la Zona: Almacén 1\nVuelta: 1\n{\n  ""nombre_zona"": ""Almacén 1"",\n  ""tipo_zona"": ""Restringida"",\n  ""rango_temporal"": ""124s - 281s"",\n  ""eventos_recientes"": [\n    {\n      ""tiempo"": ""261s"",\n      ""descripcion_vlm"": ""[YOLO]: Estado: Se han detectado 1 persona(s). Persona 1: Persona sentada | [VLM]: 1. Sujeto ID_1 (Caja AZUL): Historial -> Persona sentada ALTA FIABILIDAD: Presencia humana confirmada por ambos modelos."",\n      ""alerta"": true\n    },\n    {\n      ""tiempo"": ""262s"",\n      ""descripcion_vlm"": ""[YOLO]: Estado: Se han detectado 1 persona(s). Persona 784: Persona sentada | [VLM]: [MEMORIA A CORTO PLAZO]:\\n - Sujeto ID_784 (Caja MAGENTA): Historial -> Persona sentada ALTA FIABILIDAD: Presencia humana confirmada por ambos modelos."",\n      ""alerta"": true\n    },\n    {\n      ""tiempo"": ""263s"",', 'Reporte de la Zona: Escaleras 1\nVuelta: 1\n{\n  ""nombre_zona"": ""Escaleras 1"",\n  ""tipo_zona"": ""Tránsito y Evacuación"",\n  ""rango_temporal"": ""62s - 94s"",\n  ""eventos_recientes"": [\n    {\n      ""tiempo"": ""80s"",\n      ""descripcion_vlm"": ""[YOLO]: Estado: Se han detectado 1 persona(s). Persona 1: Persona sentada o torso visible (predicción con poca confianza) | [VLM]: [MEMORIA A CORTO PLAZO]:\\n - Sujeto ID_1 (Caja AZUL): Historial -> Persona sentada o torso visible (predicción con poca confianza) ALTA FIABILIDAD: Presencia humana confirmada por ambos modelos."",\n      ""alerta"": true\n    },\n    {\n      ""tiempo"": ""86s"",\n      ""descripcion_vlm"": ""[YOLO]: Estado: Se han detectado 1 persona(s). Persona 1: Persona sentada | [VLM]: [MEMORIA A CORTO PLAZO]:\\n - Sujeto ID_1 (Caja AZUL): Historial -> Persona sentada \\n - Sujeto ID_2 (Caja AZUL): Historial -> persona sentada o torso visible ALTA FIABILIDAD: Presencia humana confirmada por ambos modelos."",\n      ""alerta"": true\n    },\n    {']",No hay información registrada sobre el Baño 1.,Hay una empleada sentada detrás del escritorio. No parece estar haciendo nada,0.6003895348181072,0.0,0.0,,,,short,ragas_new_RAG_embbedings_only,,,ragas_new_RAG_embbedings_only,system
"En la zona de Recepción, ¿hay alguien interactuando directamente con el mostrador o están únicamente esperando?","['Reporte de la Zona: Quirófano 1\nVuelta: 1\n{\n  ""nombre_zona"": ""Quirófano 1"",\n  ""tipo_zona"": ""Crítica y Alta Esterilidad"",\n  ""rango_temporal"": ""918s - 1064s"",\n  ""eventos_recientes"": [\n    {\n      ""tiempo"": ""932s"",', 'Reporte de la Zona: Escaleras 2\nVuelta: 1\n{\n  ""nombre_zona"": ""Escaleras 2"",\n  ""tipo_zona"": ""Tránsito y Evacuación"",\n  ""rango_temporal"": ""2388s - 2395s"",\n  ""eventos_recientes"": []\n}', 'Reporte de la Zona: Habitación Compartida 3\nVuelta: 1\n{\n  ""nombre_zona"": ""Habitación Compartida 3"",\n  ""tipo_zona"": ""Privada y Pacientes"",\n  ""rango_temporal"": ""1065s - 1285s"",\n  ""eventos_recientes"": []\n}']",No hay información registrada sobre la Zona de Recepción.,"Hay tres personas de pie esperando/hablando, un hombre con el móvil, una mujer con un bolso y un hombre caminando. En las sillas se ven a varias sentadas, algunas con el móvil y un niño leyendo un libro",0.4556152570166048,0.0,0.0,,,,short,ragas_new_RAG_embbedings_only,,,ragas_new_RAG_embbedings_only,system
"¿Se observa a alguien manipulando objetos, estanterías o cajas dentro del Almacén 1?","['Reporte de la Zona: Almacén 1\nVuelta: 1\n{\n  ""nombre_zona"": ""Almacén 1"",\n  ""tipo_zona"": ""Restringida"",\n  ""rango_temporal"": ""124s - 281s"",\n  ""eventos_recientes"": [\n    {\n      ""tiempo"": ""261s"",\n      ""descripcion_vlm"": ""[YOLO]: Estado: Se han detectado 1 persona(s). Persona 1: Persona sentada | [VLM]: 1. Sujeto ID_1 (Caja AZUL): Historial -> Persona sentada ALTA FIABILIDAD: Presencia humana confirmada por ambos modelos."",\n      ""alerta"": true\n    },\n    {\n      ""tiempo"": ""262s"",\n      ""descripcion_vlm"": ""[YOLO]: Estado: Se han detectado 1 persona(s). Persona 784: Persona sentada | [VLM]: [MEMORIA A CORTO PLAZO]:\\n - Sujeto ID_784 (Caja MAGENTA): Historial -> Persona sentada ALTA FIABILIDAD: Presencia humana confirmada por ambos modelos."",\n      ""alerta"": true\n    },\n    {\n      ""tiempo"": ""263s"",', 'Reporte de la Zona: Baño 1\nVuelta: 1\n{\n  ""nombre_zona"": ""Baño 1"",\n  ""tipo_zona"": ""Privada y Servicios"",\n  ""rango_temporal"": ""652s - 917s"",\n  ""eventos_recientes"": [\n    {\n      ""tiempo"": ""663s"",\n      ""descripcion_vlm"": ""[YOLO]: Estado: Se han detectado 1 persona(s). Persona 1: Persona sentada o torso visible (predicción con poca confianza) | [VLM]: [MEMORIA A CORTO PLAZO]:\\n - Sujeto ID_1 (Caja AZUL): Historial -> Persona sentada ALTA FIABILIDAD: Presencia humana confirmada por ambos modelos."",\n      ""alerta"": true\n    },\n    {\n      ""tiempo"": ""664s"",\n      ""descripcion_vlm"": ""[YOLO]: Estado: Se han detectado 1 persona(s). Persona 838: Persona sentada o torso visible (predicción con poca confianza) | [VLM]: [MEMORIA A CORTO PLAZO]:\\n - Sujeto ID_838 (Caja AMARILLA): Historial -> Persona sentada o torso visible (predicción con poca confianza) ALTA FIABILIDAD: Presencia humana confirmada por ambos modelos."",\n      ""alerta"": true\n    }\n  ]\n}', 'Reporte de la Zona: Escaleras 1\nVuelta: 1\n{\n  ""nombre_zona"": ""Escaleras 1"",\n  ""tipo_zona"": ""Tránsito y Evacuación"",\n  ""rango_temporal"": ""62s - 94s"",\n  ""eventos_recientes"": [\n    {\n      ""tiempo"": ""80s"",\n      ""descripcion_vlm"": ""[YOLO]: Estado: Se han detectado 1 persona(s). Persona 1: Persona sentada o torso visible (predicción con poca confianza) | [VLM]: [MEMORIA A CORTO PLAZO]:\\n - Sujeto ID_1 (Caja AZUL): Historial -> Persona sentada o torso visible (predicción con poca confianza) ALTA FIABILIDAD: Presencia humana confirmada por ambos modelos."",\n      ""alerta"": true\n    },\n    {\n      ""tiempo"": ""86s"",\n      ""descripcion_vlm"": ""[YOLO]: Estado: Se han detectado 1 persona(s). Persona 1: Persona sentada | [VLM]: [MEMORIA A CORTO PLAZO]:\\n - Sujeto ID_1 (Caja AZUL): Historial -> Persona sentada \\n - Sujeto ID_2 (Caja AZUL): Historial -> persona sentada o torso visible ALTA FIABILIDAD: Presencia humana confirmada por ambos modelos."",\n      ""alerta"": true\n    },\n    {']","No hay información registrada sobre la manipulación de objetos, estanterías o cajas en el Almacén 1.",No hay nadie en el Almacén 1,0.9306277236245936,0.613838260398695,0.0,,,,short,ragas_new_RAG_embbedings_only,,,ragas_new_RAG_embbedings_only,system
¿La cama de la Habitación Individual 4 se encuentra ocupada por un paciente en este momento?,"['Reporte de la Zona: Habitación Compartida 4\nVuelta: 1\n{\n  ""nombre_zona"": ""Habitación Compartida 4"",\n  ""tipo_zona"": ""Privada y Pacientes"",\n  ""rango_temporal"": ""1369s - 1457s"",\n  ""eventos_recientes"": [\n    {\n      ""tiempo"": ""1369s"",\n      ""descripcion_vlm"": ""[YOLO]: Estado: Se han detectado 1 persona(s). Persona 1: Persona sentada | [VLM]: 1. Descansar en cama (persona de pie) | 2. Conversar con otros (persona o caminando). ALTA FIABILIDAD: Presencia humana confirmada por ambos modelos."",\n      ""alerta"": true\n    },\n    {\n      ""tiempo"": ""1378s"",\n      ""descripcion_vlm"": ""[YOLO]: Estado: Se han detectado 1 persona(s). Persona 1: Persona sentada | [VLM]: 1. Sujeto ID_1 (Caja AZUL): Historial -> Persona de pie o caminando ALTA FIABILIDAD: Presencia humana confirmada por ambos modelos."",\n      ""alerta"": true\n    },\n    {\n      ""tiempo"": ""1379s"",', 'Reporte de la Zona: Habitación Individual 4\nVuelta: 1\n{\n  ""nombre_zona"": ""Habitación Individual 4"",\n  ""tipo_zona"": ""Privada y Pacientes"",\n  ""rango_temporal"": ""2138s - 2222s"",\n  ""eventos_recientes"": [\n    {\n      ""tiempo"": ""2141s"",\n      ""descripcion_vlm"": ""[YOLO]: Estado: Se han detectado 1 persona(s). Persona 1: Persona sentada | [VLM]: [MEMORIA A CORTO PLAZO]:\\n - Sujeto ID_1 (Caja AZUL): Historial -> Persona de pie o caminando ALTA FIABILIDAD: Presencia humana confirmada por ambos modelos."",\n      ""alerta"": true\n    },\n    {\n      ""tiempo"": ""2142s"",\n      ""descripcion_vlm"": ""[YOLO]: Estado: Se han detectado 1 persona(s). Persona 931: Persona sentada | [VLM]: 1. Descansar en cama (referring to the patient\'s room) ALTA FIABILIDAD: Presencia humana confirmada por ambos modelos."",\n      ""alerta"": true\n    },\n    {\n      ""tiempo"": ""2143s"",', 'Reporte de la Zona: Oficina 2\nVuelta: 1\n{\n  ""nombre_zona"": ""Oficina 2"",\n  ""tipo_zona"": ""Administrativa y Personal"",\n  ""rango_temporal"": ""1774s - 2081s"",\n  ""eventos_recientes"": [\n    {\n      ""tiempo"": ""1774s"",\n      ""descripcion_vlm"": ""[YOLO]: Estado: Se han detectado 2 persona(s). Persona 894: Persona sentada Persona 895: Persona de pie (predicción con poca confianza) | [VLM]: - Sujeto ID_894 (Caja MAGENTA): Historial -> Persona sentada | persona sentada | persona sentada ALTA FIABILIDAD: Presencia humana confirmada por ambos modelos."",\n      ""alerta"": true\n    },\n    {\n      ""tiempo"": ""1775s"",\n      ""descripcion_vlm"": ""[YOLO]: Estado: Se han detectado 2 persona(s). Persona 894: Persona sentada Persona 895: Persona de pie (predicción con poca confianza) | [VLM]: - Sujeto ID_894 (Caja MAGENTA): Historial -> Persona sentada \\n - Sujeto ID_895 (Caja ROJA): Historial -> persona de pie ALTA FIABILIDAD: Presencia humana confirmada por ambos modelos."",\n      ""alerta"": true\n    },\n    {']","Según el contexto, en el evento reciente más antiguo detectado en la Habitación Individual 4 (2141s), se indica que ""Persona 1: Persona sentada"" y se menciona que ""[MEMORIA A CORTO PLAZO]: Sujeto ID_1 (Caja AZUL): Historial -> Persona de pie o caminando"". Esto sugiere que la cama está ocupada por un paciente.","Sí, hay una mujer sentada en la cama",0.6761801038149746,0.5559948074024815,,,,,short,ragas_new_RAG_embbedings_only,,,ragas_new_RAG_embbedings_only,system
¿Se detecta a alguien interactuando con equipamiento médico en el Quirófano 2?,"['Reporte de la Zona: Quirófano 2\nVuelta: 1\n{\n  ""nombre_zona"": ""Quirófano 2"",\n  ""tipo_zona"": ""Crítica y Alta Esterilidad"",\n  ""rango_temporal"": ""1362s - 1557s"",\n  ""eventos_recientes"": [\n    {\n      ""tiempo"": ""1365s"",\n      ""descripcion_vlm"": ""[YOLO]: Estado: Se han detectado 1 persona(s). Persona 1: ATENCIÓN Caída detectada (cuerpo en el suelo), ENVIAR AYUDA URGENTEMENTE. | [VLM]: [MEMORIA A CORTO PLAZO]:\\n - Sujeto ID_1 (Caja AZUL): Historial -> Caída detectada (cuerpo en el suelo), ENVIAR AYUDA URGENTEMENTE. ALTA FIABILIDAD: Presencia humana confirmada por ambos modelos."",\n      ""alerta"": true\n    },\n    {\n      ""tiempo"": ""1366s"",', 'Reporte de la Zona: Oficina 2\nVuelta: 1\n{\n  ""nombre_zona"": ""Oficina 2"",\n  ""tipo_zona"": ""Administrativa y Personal"",\n  ""rango_temporal"": ""1774s - 2081s"",\n  ""eventos_recientes"": [\n    {\n      ""tiempo"": ""1774s"",\n      ""descripcion_vlm"": ""[YOLO]: Estado: Se han detectado 2 persona(s). Persona 894: Persona sentada Persona 895: Persona de pie (predicción con poca confianza) | [VLM]: - Sujeto ID_894 (Caja MAGENTA): Historial -> Persona sentada | persona sentada | persona sentada ALTA FIABILIDAD: Presencia humana confirmada por ambos modelos."",\n      ""alerta"": true\n    },\n    {\n      ""tiempo"": ""1775s"",\n      ""descripcion_vlm"": ""[YOLO]: Estado: Se han detectado 2 persona(s). Persona 894: Persona sentada Persona 895: Persona de pie (predicción con poca confianza) | [VLM]: - Sujeto ID_894 (Caja MAGENTA): Historial -> Persona sentada \\n - Sujeto ID_895 (Caja ROJA): Historial -> persona de pie ALTA FIABILIDAD: Presencia humana confirmada por ambos modelos."",\n      ""alerta"": true\n    },\n    {', 'Reporte de la Zona: Almacén 2\nVuelta: 1\n{\n  ""nombre_zona"": ""Almacén 2"",\n  ""tipo_zona"": ""Restringida"",\n  ""rango_temporal"": ""2242s - 2355s"",\n  ""eventos_recientes"": [\n    {\n      ""tiempo"": ""2348s"",\n      ""descripcion_vlm"": ""[YOLO]: Estado: Se han detectado 1 persona(s). Persona 1: Persona de pie (predicción con poca confianza) | [VLM]: [MEMORIA A CORTO PLAZO]:\\n - Sujeto ID_1 (Caja AZUL): Historial -> Persona sentada ALTA FIABILIDAD: Presencia humana confirmada por ambos modelos."",\n      ""alerta"": true\n    },\n    {\n      ""tiempo"": ""2349s"",\n      ""descripcion_vlm"": ""[YOLO]: Estado: Se han detectado 2 persona(s). Persona 1: Persona de pie (predicción con poca confianza) Persona 2: Persona de pie (predicción con poca confianza) | [VLM]: - Sujeto ID_1 (Caja AZUL): Historial -> Persona de pie (predicción con poca confianza) \\n - Sujeto ID_2 (Caja VERDE): Historial -> Persona de pie (predicción con puca confianza) ALTA FIABILIDAD: Presencia humana confirmada por ambos modelos."",']",No hay información registrada sobre la detección de interacción con equipamiento médico en el Quirófano 2.,"Sí, hay tres trabajadores de pie interactuando con equipo médico y un paciente en la cama",0.680942228641011,0.0,0.5,,,,short,ragas_new_RAG_embbedings_only,,,ragas_new_RAG_embbedings_only,system
¿Se detecta a alguna persona presente en la sala compartida 2?,"['Reporte de la Zona: Sala Común\nVuelta: 1\n{\n  ""nombre_zona"": ""Sala Común"",\n  ""tipo_zona"": ""Pública y Espera"",\n  ""rango_temporal"": ""1286s - 1361s"",\n  ""eventos_recientes"": [\n    {\n      ""tiempo"": ""1327s"",\n      ""descripcion_vlm"": ""[YOLO]: Estado: Se han detectado 1 persona(s). Persona 846: Persona de pie (predicción con poca confianza) | [VLM]: [MEMORIA A CORTO PLAZO]:\\n - Sujeto ID_846 (Caja AZUL): Historial -> Persona de pie o caminando ALTA FIABILIDAD: Presencia humana confirmada por ambos modelos."",\n      ""alerta"": true\n    },\n    {\n      ""tiempo"": ""1343s"",\n      ""descripcion_vlm"": ""[YOLO]: Estado: Se han detectado 2 persona(s). Persona 1: ATENCIÓN Caída detectada (cuerpo en el suelo), ENVIAR AYUDA URGENTEMENTE. Persona 2: ATENCIÓN Caída detectada (cuerpo en el suelo), ENVIAR AYUDA URGENTEMENTE. | [VLM]: - Sujeto ID_1 (Caja AZUL): Historial -> Caída detectada (cuerpo en el suelo), ENVIAR AYUDA URGENTEMENTE. ALTA FIABILIDAD: Presencia humana confirmada por ambos modelos."",', 'Reporte de la Zona: Oficina 2\nVuelta: 1\n{\n  ""nombre_zona"": ""Oficina 2"",\n  ""tipo_zona"": ""Administrativa y Personal"",\n  ""rango_temporal"": ""1774s - 2081s"",\n  ""eventos_recientes"": [\n    {\n      ""tiempo"": ""1774s"",\n      ""descripcion_vlm"": ""[YOLO]: Estado: Se han detectado 2 persona(s). Persona 894: Persona sentada Persona 895: Persona de pie (predicción con poca confianza) | [VLM]: - Sujeto ID_894 (Caja MAGENTA): Historial -> Persona sentada | persona sentada | persona sentada ALTA FIABILIDAD: Presencia humana confirmada por ambos modelos."",\n      ""alerta"": true\n    },\n    {\n      ""tiempo"": ""1775s"",\n      ""descripcion_vlm"": ""[YOLO]: Estado: Se han detectado 2 persona(s). Persona 894: Persona sentada Persona 895: Persona de pie (predicción con poca confianza) | [VLM]: - Sujeto ID_894 (Caja MAGENTA): Historial -> Persona sentada \\n - Sujeto ID_895 (Caja ROJA): Historial -> persona de pie ALTA FIABILIDAD: Presencia humana confirmada por ambos modelos."",\n      ""alerta"": true\n    },\n    {', 'Reporte de la Zona: Almacén 1\nVuelta: 1\n{\n  ""nombre_zona"": ""Almacén 1"",\n  ""tipo_zona"": ""Restringida"",\n  ""rango_temporal"": ""124s - 281s"",\n  ""eventos_recientes"": [\n    {\n      ""tiempo"": ""261s"",\n      ""descripcion_vlm"": ""[YOLO]: Estado: Se han detectado 1 persona(s). Persona 1: Persona sentada | [VLM]: 1. Sujeto ID_1 (Caja AZUL): Historial -> Persona sentada ALTA FIABILIDAD: Presencia humana confirmada por ambos modelos."",\n      ""alerta"": true\n    },\n    {\n      ""tiempo"": ""262s"",\n      ""descripcion_vlm"": ""[YOLO]: Estado: Se han detectado 1 persona(s). Persona 784: Persona sentada | [VLM]: [MEMORIA A CORTO PLAZO]:\\n - Sujeto ID_784 (Caja MAGENTA): Historial -> Persona sentada ALTA FIABILIDAD: Presencia humana confirmada por ambos modelos."",\n      ""alerta"": true\n    },\n    {\n      ""tiempo"": ""263s"",']","Basándome en el contexto de los sensores, no hay información registrada que indique interacción directa con el mostrador. La actividad detectada en la Sala Común es una persona de pie (con poca confianza) y luego dos personas caídas, lo que sugiere que no hay interacción directa con el mostrador.","Sí, hay una mujer tirada en el suelo. Se recomienda enviar ayuda",0.5426457396016724,0.0,1.0,,,,short,ragas_new_RAG_embbedings_only,,,ragas_new_RAG_embbedings_only,system
¿Hay más de una persona simultáneamente detrás del mostrador de la Recepción atendiendo a los visitantes?,"['Reporte de la Zona: Habitación Individual 1\nVuelta: 1\n{\n  ""nombre_zona"": ""Habitación Individual 1"",\n  ""tipo_zona"": ""Privada y Pacientes"",\n  ""rango_temporal"": ""282s - 420s"",\n  ""eventos_recientes"": [\n    {\n      ""tiempo"": ""282s"",\n      ""descripcion_vlm"": ""[YOLO]: Estado: Se han detectado 1 persona(s). Persona 788: Persona de pie (predicción con poca confianza) | [VLM]: [MEMORIA A CORTO PLAZO]:\\n - Sujeto ID_788 (Caja AMARILLA): Historial -> Persona sentada | persona sentada | persona de pie (predicción con poca confianza) ALTA FIABILIDAD: Presencia humana confirmada por ambos modelos."",\n      ""alerta"": true\n    },\n    {\n      ""tiempo"": ""399s"",', 'Reporte de la Zona: Oficina 2\nVuelta: 1\n{\n  ""nombre_zona"": ""Oficina 2"",\n  ""tipo_zona"": ""Administrativa y Personal"",\n  ""rango_temporal"": ""1774s - 2081s"",\n  ""eventos_recientes"": [\n    {\n      ""tiempo"": ""1774s"",\n      ""descripcion_vlm"": ""[YOLO]: Estado: Se han detectado 2 persona(s). Persona 894: Persona sentada Persona 895: Persona de pie (predicción con poca confianza) | [VLM]: - Sujeto ID_894 (Caja MAGENTA): Historial -> Persona sentada | persona sentada | persona sentada ALTA FIABILIDAD: Presencia humana confirmada por ambos modelos."",\n      ""alerta"": true\n    },\n    {\n      ""tiempo"": ""1775s"",\n      ""descripcion_vlm"": ""[YOLO]: Estado: Se han detectado 2 persona(s). Persona 894: Persona sentada Persona 895: Persona de pie (predicción con poca confianza) | [VLM]: - Sujeto ID_894 (Caja MAGENTA): Historial -> Persona sentada \\n - Sujeto ID_895 (Caja ROJA): Historial -> persona de pie ALTA FIABILIDAD: Presencia humana confirmada por ambos modelos."",\n      ""alerta"": true\n    },\n    {', 'Reporte de la Zona: Baño 2\nVuelta: 1\n{\n  ""nombre_zona"": ""Baño 2"",\n  ""tipo_zona"": ""Privada y Servicios"",\n  ""rango_temporal"": ""1499s - 1747s"",\n  ""eventos_recientes"": [\n    {\n      ""tiempo"": ""1499s"",\n      ""descripcion_vlm"": ""[YOLO]: Estado: Se han detectado 1 persona(s). Persona 1: Persona de pie (predicción con poca confianza) | [VLM]: [MEMORIA A CORTO PLAZO]:\\n - Sujeto ID_1 (Caja AZUL): Historial -> Persona sentada \\n - Sujeto ID_2 (Caja AZUL): Historial -> persona de cualquier sujeto que se convirtió en la imagen. ALTA FIABILIDAD: Presencia humana confirmada por ambos modelos."",\n      ""alerta"": true\n    },\n    {\n      ""tiempo"": ""1561s"",\n      ""descripcion_vlm"": ""[YOLO]: Estado: Se han detectado 1 persona(s). Persona 1: Persona sentada | [VLM]: [MEMORIA A CORTO PLAZO]:\\n - Sujeto ID_1 (Caja AZUL): Historial -> Persona de pie o caminando ALTA FIABILIDAD: Presencia humana confirmada por ambos modelos."",\n      ""alerta"": true\n    },\n    {\n      ""tiempo"": ""1569s"",']","No hay información registrada sobre la Recepción. Los sensores solo reportan actividad en las zonas ""Habitación Individual 1"", ""Oficina 2"" y ""Baño 2"".",Solo hay una empleada atendiendo a los visitantes,0.6597556373336081,0.4855310583611303,0.6666666666666666,,,,short,ragas_new_RAG_embbedings_only,,,ragas_new_RAG_embbedings_only,system
"En la Habitación Compartida 5, ¿hay algún trabajador (persona de pie) acompañando a los pacientes acostados?","['Reporte de la Zona: Habitación Compartida 5\nVuelta: 1\n{\n  ""nombre_zona"": ""Habitación Compartida 5"",\n  ""tipo_zona"": ""Privada y Pacientes"",\n  ""rango_temporal"": ""1597s - 1773s"",\n  ""eventos_recientes"": [\n    {\n      ""tiempo"": ""1627s"",\n      ""descripcion_vlm"": ""[YOLO]: Estado: Se han detectado 1 persona(s). Persona 1: Persona de pie (predicción con poca confianza) | [VLM]: [MEMORIA A CORTO PLAZO]:\\n - Sujeto ID_1 (Caja AZUL): Historial -> Persona sentada \\n - Sujeto ID_2 (Caja AZUL): Historial -> persona descansar en cama. ALTA FIABILIDAD: Presencia humana confirmada por ambos modelos."",\n      ""alerta"": true\n    },\n    {\n      ""tiempo"": ""1628s"",\n      ""descripcion_vlm"": ""[YOLO]: Estado: Se han detectado 1 persona(s). Persona 1: Persona sentada | [VLM]: 1. Descansar en cama (caja azul) - Sujeto ID_1 (Caja AZUL): Historial -> Persona de pie o caminando ALTA FIABILIDAD: Presencia humana confirmada por ambos modelos."",\n      ""alerta"": true\n    },\n    {\n      ""tiempo"": ""1748s"",', 'Reporte de la Zona: Habitación Individual 1\nVuelta: 1\n{\n  ""nombre_zona"": ""Habitación Individual 1"",\n  ""tipo_zona"": ""Privada y Pacientes"",\n  ""rango_temporal"": ""282s - 420s"",\n  ""eventos_recientes"": [\n    {\n      ""tiempo"": ""282s"",\n      ""descripcion_vlm"": ""[YOLO]: Estado: Se han detectado 1 persona(s). Persona 788: Persona de pie (predicción con poca confianza) | [VLM]: [MEMORIA A CORTO PLAZO]:\\n - Sujeto ID_788 (Caja AMARILLA): Historial -> Persona sentada | persona sentada | persona de pie (predicción con poca confianza) ALTA FIABILIDAD: Presencia humana confirmada por ambos modelos."",\n      ""alerta"": true\n    },\n    {\n      ""tiempo"": ""399s"",', 'Reporte de la Zona: Almacén 2\nVuelta: 1\n{\n  ""nombre_zona"": ""Almacén 2"",\n  ""tipo_zona"": ""Restringida"",\n  ""rango_temporal"": ""2242s - 2355s"",\n  ""eventos_recientes"": [\n    {\n      ""tiempo"": ""2348s"",\n      ""descripcion_vlm"": ""[YOLO]: Estado: Se han detectado 1 persona(s). Persona 1: Persona de pie (predicción con poca confianza) | [VLM]: [MEMORIA A CORTO PLAZO]:\\n - Sujeto ID_1 (Caja AZUL): Historial -> Persona sentada ALTA FIABILIDAD: Presencia humana confirmada por ambos modelos."",\n      ""alerta"": true\n    },\n    {\n      ""tiempo"": ""2349s"",\n      ""descripcion_vlm"": ""[YOLO]: Estado: Se han detectado 2 persona(s). Persona 1: Persona de pie (predicción con poca confianza) Persona 2: Persona de pie (predicción con poca confianza) | [VLM]: - Sujeto ID_1 (Caja AZUL): Historial -> Persona de pie (predicción con poca confianza) \\n - Sujeto ID_2 (Caja VERDE): Historial -> Persona de pie (predicción con puca confianza) ALTA FIABILIDAD: Presencia humana confirmada por ambos modelos."",']","Según el contexto, en la vuelta 1 del reporte de la Zona: Habitación Compartida 5, se detectó una persona de pie (predicción con poca confianza) en el tiempo 1627s. Posteriormente, en el tiempo 1628s, se confirmó que la persona estaba sentada. No hay información registrada sobre alguien acompañando a los pacientes acostados en la Habitación Compartida 5.","Sí, hay un trabajador de pie cerca a una cama con un paciente",0.6191949013617966,0.5596988688244301,0.6666666666666666,,,,short,ragas_new_RAG_embbedings_only,,,ragas_new_RAG_embbedings_only,system
¿Hay alguien deambulando por el pasillo?,"['Reporte de la Zona: Sala Común\nVuelta: 1\n{\n  ""nombre_zona"": ""Sala Común"",\n  ""tipo_zona"": ""Pública y Espera"",\n  ""rango_temporal"": ""1286s - 1361s"",\n  ""eventos_recientes"": [\n    {\n      ""tiempo"": ""1327s"",\n      ""descripcion_vlm"": ""[YOLO]: Estado: Se han detectado 1 persona(s). Persona 846: Persona de pie (predicción con poca confianza) | [VLM]: [MEMORIA A CORTO PLAZO]:\\n - Sujeto ID_846 (Caja AZUL): Historial -> Persona de pie o caminando ALTA FIABILIDAD: Presencia humana confirmada por ambos modelos."",\n      ""alerta"": true\n    },\n    {\n      ""tiempo"": ""1343s"",\n      ""descripcion_vlm"": ""[YOLO]: Estado: Se han detectado 2 persona(s). Persona 1: ATENCIÓN Caída detectada (cuerpo en el suelo), ENVIAR AYUDA URGENTEMENTE. Persona 2: ATENCIÓN Caída detectada (cuerpo en el suelo), ENVIAR AYUDA URGENTEMENTE. | [VLM]: - Sujeto ID_1 (Caja AZUL): Historial -> Caída detectada (cuerpo en el suelo), ENVIAR AYUDA URGENTEMENTE. ALTA FIABILIDAD: Presencia humana confirmada por ambos modelos."",', 'Reporte de la Zona: Oficina 2\nVuelta: 1\n{\n  ""nombre_zona"": ""Oficina 2"",\n  ""tipo_zona"": ""Administrativa y Personal"",\n  ""rango_temporal"": ""1774s - 2081s"",\n  ""eventos_recientes"": [\n    {\n      ""tiempo"": ""1774s"",\n      ""descripcion_vlm"": ""[YOLO]: Estado: Se han detectado 2 persona(s). Persona 894: Persona sentada Persona 895: Persona de pie (predicción con poca confianza) | [VLM]: - Sujeto ID_894 (Caja MAGENTA): Historial -> Persona sentada | persona sentada | persona sentada ALTA FIABILIDAD: Presencia humana confirmada por ambos modelos."",\n      ""alerta"": true\n    },\n    {\n      ""tiempo"": ""1775s"",\n      ""descripcion_vlm"": ""[YOLO]: Estado: Se han detectado 2 persona(s). Persona 894: Persona sentada Persona 895: Persona de pie (predicción con poca confianza) | [VLM]: - Sujeto ID_894 (Caja MAGENTA): Historial -> Persona sentada \\n - Sujeto ID_895 (Caja ROJA): Historial -> persona de pie ALTA FIABILIDAD: Presencia humana confirmada por ambos modelos."",\n      ""alerta"": true\n    },\n    {', '""descripcion_vlm"": ""[YOLO]: Estado: Se han detectado 1 persona(s). Persona 1: ATENCIÓN Caída detectada (cuerpo en el suelo), ENVIAR AYUDA URGENTEMENTE. | [VLM]: [MEMORIA A CORTO PLAZO]:\\n - Sujeto ID_1 (Caja AZUL): Historial -> Persona sentada \\n - Sujeto ID_2 (Caja AZUL): Historial -> persona sentada \\n - Sujeto ID_3 (Caja AZUL): Historial -> persona sentada \\n - Sujeto ID_4 (Caja AZUL): Historial -> persona sentada \\n - Sujeto ID_5 (Caja AZUL): Historial -> persona sentada \\n - Sujeto ID_6 (Caja AZUL): Historial -> persona sentada \\n - Sujeto ID_7 (Caja AZUL): Historial -> persona sentada \\n - Sujeto ID_8 (Caja AZUL): Historial -> persona sentada \\n - Sujeto ID_9 (Caja AZUL): Historial -> persona sentada \\n - Sujeto ID_10 (Caja AZUL): Historial -> persona sentada \\n - Sujeto ID_11 (Caja AZUL): Historial -> persona sentada \\n - Sujeto ID_12 (Caja AZUL): Historial -> persona sentada \\n - Sujeto ID_13 (Caja AZUL): Historial -> persona sentada \\n - Sujeto ID_14 (Caja AZUL):']","Basándome en el contexto de los sensores, hay una persona detectada en la Sala Común, específicamente Persona 846, que se describe como ""Persona de pie (predicción con poca confianza)"" en el evento registrado a las 1327s. Sin embargo, no hay información registrada sobre alguien deambulando por el pasillo en particular.",Hay dos personas deambulando por el pasillo,0.6059236235833394,0.5456510273668315,0.6666666666666666,,,,short,ragas_new_RAG_embbedings_only,,,ragas_new_RAG_embbedings_only,system
¿Se ha detectado la presencia de alguna persona obstaculizando el paso o sentada en los peldaños de las Escaleras 2?,"['Reporte de la Zona: Oficina 2\nVuelta: 1\n{\n  ""nombre_zona"": ""Oficina 2"",\n  ""tipo_zona"": ""Administrativa y Personal"",\n  ""rango_temporal"": ""1774s - 2081s"",\n  ""eventos_recientes"": [\n    {\n      ""tiempo"": ""1774s"",\n      ""descripcion_vlm"": ""[YOLO]: Estado: Se han detectado 2 persona(s). Persona 894: Persona sentada Persona 895: Persona de pie (predicción con poca confianza) | [VLM]: - Sujeto ID_894 (Caja MAGENTA): Historial -> Persona sentada | persona sentada | persona sentada ALTA FIABILIDAD: Presencia humana confirmada por ambos modelos."",\n      ""alerta"": true\n    },\n    {\n      ""tiempo"": ""1775s"",\n      ""descripcion_vlm"": ""[YOLO]: Estado: Se han detectado 2 persona(s). Persona 894: Persona sentada Persona 895: Persona de pie (predicción con poca confianza) | [VLM]: - Sujeto ID_894 (Caja MAGENTA): Historial -> Persona sentada \\n - Sujeto ID_895 (Caja ROJA): Historial -> persona de pie ALTA FIABILIDAD: Presencia humana confirmada por ambos modelos."",\n      ""alerta"": true\n    },\n    {', 'Reporte de la Zona: Baño 2\nVuelta: 1\n{\n  ""nombre_zona"": ""Baño 2"",\n  ""tipo_zona"": ""Privada y Servicios"",\n  ""rango_temporal"": ""1499s - 1747s"",\n  ""eventos_recientes"": [\n    {\n      ""tiempo"": ""1499s"",\n      ""descripcion_vlm"": ""[YOLO]: Estado: Se han detectado 1 persona(s). Persona 1: Persona de pie (predicción con poca confianza) | [VLM]: [MEMORIA A CORTO PLAZO]:\\n - Sujeto ID_1 (Caja AZUL): Historial -> Persona sentada \\n - Sujeto ID_2 (Caja AZUL): Historial -> persona de cualquier sujeto que se convirtió en la imagen. ALTA FIABILIDAD: Presencia humana confirmada por ambos modelos."",\n      ""alerta"": true\n    },\n    {\n      ""tiempo"": ""1561s"",\n      ""descripcion_vlm"": ""[YOLO]: Estado: Se han detectado 1 persona(s). Persona 1: Persona sentada | [VLM]: [MEMORIA A CORTO PLAZO]:\\n - Sujeto ID_1 (Caja AZUL): Historial -> Persona de pie o caminando ALTA FIABILIDAD: Presencia humana confirmada por ambos modelos."",\n      ""alerta"": true\n    },\n    {\n      ""tiempo"": ""1569s"",', 'Reporte de la Zona: Quirófano 2\nVuelta: 1\n{\n  ""nombre_zona"": ""Quirófano 2"",\n  ""tipo_zona"": ""Crítica y Alta Esterilidad"",\n  ""rango_temporal"": ""1362s - 1557s"",\n  ""eventos_recientes"": [\n    {\n      ""tiempo"": ""1365s"",\n      ""descripcion_vlm"": ""[YOLO]: Estado: Se han detectado 1 persona(s). Persona 1: ATENCIÓN Caída detectada (cuerpo en el suelo), ENVIAR AYUDA URGENTEMENTE. | [VLM]: [MEMORIA A CORTO PLAZO]:\\n - Sujeto ID_1 (Caja AZUL): Historial -> Caída detectada (cuerpo en el suelo), ENVIAR AYUDA URGENTEMENTE. ALTA FIABILIDAD: Presencia humana confirmada por ambos modelos."",\n      ""alerta"": true\n    },\n    {\n      ""tiempo"": ""1366s"",']",No hay información registrada sobre la Zona: Escaleras 2.,No hay nadie en las escaleras 2.,0.6881972527953819,0.0,0.0,,,,short,ragas_new_RAG_embbedings_only,,,ragas_new_RAG_embbedings_only,system
Redacta el informe de seguridad global de la patrulla del hospital.,"['**Resumen Global**\n\nDurante el período analizado, se han detectado varias actividades y eventos en diferentes zonas del hospital. A continuación, se presentan los principales hallazgos:\n\nSe han detectado un total de 24 personas en diferentes zonas del hospital, con una actividad más común la detección de personas sentadas (14 personas). No se han reportado anomalías significativas que requieran atención inmediata.\n\nEn la zona Habitación Compartida 2, se detectaron 20 personas sentadas, todas con un historial de presencia humana confirmada por ambos modelos (YOLO y VLM). Se registró una caída en el suelo a las 1155s, lo que requiere atención urgente.\n\nEn la zona Escaleras 1, se detectaron personas sentadas o de pie, con predicciones de confianza variable. La mayoría de las detecciones se realizaron entre los minutos 2230 y 2359.\n\nEn la zona Baño 2, se registra una actividad constante durante el período de tiempo reportado. Se detectan personas en el área, con predicciones de confianza variable.\n\nEn la zona Quirófano 1, se detectaron dos personas sentadas o de pie, con predicciones de confianza alta. Se registró una caída detectada entre los segundos 1365-1370, lo que requiere ayuda urgente.\n\nEn la zona Almacén 1, se han detectado personas en la zona durante un período prolongado de tiempo. La persona ID_784 (Caja MAGENTA) ha sido detectada sentada durante un período prolongado de tiempo.\n\nNo hay anomalías significativas reportadas en este informe. La presencia humana es confirmada por ambos modelos (YOLO y VLM) en la mayoría de los eventos.\n\nEn resumen, se han registrado varios eventos relevantes en diferentes zonas del hospital, incluyendo una caída en el suelo que requirió atención médica inmediata.']","**Resumen Global**

Durante el período analizado, se han detectado varias actividades y eventos en diferentes zonas del hospital. A continuación, se presentan los principales hallazgos:

Se han detectado un total de 24 personas en diferentes zonas del hospital, con una actividad más común la detección de personas sentadas (14 personas). No se han reportado anomalías significativas que requieran atención inmediata.

En la zona Habitación Compartida 2, se detectaron 20 personas sentadas, todas con un historial de presencia humana confirmada por ambos modelos (YOLO y VLM). Se registró una caída en el suelo a las 1155s, lo que requiere atención urgente.

En la zona Escaleras 1, se detectaron personas sentadas o de pie, con predicciones de confianza variable. La mayoría de las detecciones se realizaron entre los minutos 2230 y 2359.

En la zona Baño 2, se registra una actividad constante durante el período de tiempo reportado. Se detectan personas en el área, con predicciones de confianza variable.

En la zona Quirófano 1, se detectaron dos personas sentadas o de pie, con predicciones de confianza alta. Se registró una caída detectada entre los segundos 1365-1370, lo que requiere ayuda urgente.

En la zona Almacén 1, se han detectado personas en la zona durante un período prolongado de tiempo. La persona ID_784 (Caja MAGENTA) ha sido detectada sentada durante un período prolongado de tiempo.

No hay anomalías significativas reportadas en este informe. La presencia humana es confirmada por ambos modelos (YOLO y VLM) en la mayoría de los eventos.

En resumen, se han registrado varios eventos relevantes en diferentes zonas del hospital, incluyendo una caída en el suelo que requirió atención médica inmediata.","Se detecta una emergencia crítica en la Habitación Compartida 2, donde una trabajadora se encuentra tirada en el suelo. Se requiere enviar asistencia médica de forma inmediata a esta ubicación para socorrerla. Por otro lado, se reporta una infracción de seguridad en el pasillo, ya que el sistema ha detectado a una persona corriendo cerca de otra trabajadora que traslada a un paciente en silla de ruedas, lo que supone un riesgo de colisión. Además, se observa una gran acumulación de cajas en ambos almacenes que podría obstaculizar el paso, y se registra a una empleada inactiva en la Oficina 2. El resto de las instalaciones del hospital funciona con normalidad y bajo los protocolos establecidos. En el Quirófano 2 se está llevando a cabo una intervención quirúrgica con el personal médico necesario, la zona de Recepción opera de forma habitual con varios visitantes y una sola persona al mostrador, y las habitaciones ocupadas tienen a sus pacientes seguros y atendidos. Zonas como los baños, las escaleras 2 y la habitación individual 1 se encuentran completamente vacías y despejadas.",0.5277637026408237,,1.0,,,,summary,ragas_new_RAG_embbedings_only,"['**Resumen Global**\n\nDurante el período analizado, se han detectado varias actividades y eventos en diferentes zonas del hospital. A continuación, se presentan los principales hallazgos:\n\nSe han detectado un total de 24 personas en diferentes zonas del hospital, con una actividad más común la detección de personas sentadas (14 personas). No se han reportado anomalías significativas que requieran atención inmediata.\n\nEn la zona Habitación Compartida 2, se detectaron 20 personas sentadas, todas con un historial de presencia humana confirmada por ambos modelos (YOLO y VLM). Se registró una caída en el suelo a las 1155s, lo que requiere atención urgente.\n\nEn la zona Escaleras 1, se detectaron personas sentadas o de pie, con predicciones de confianza variable. La mayoría de las detecciones se realizaron entre los minutos 2230 y 2359.\n\nEn la zona Baño 2, se registra una actividad constante durante el período de tiempo reportado. Se detectan personas en el área, con predicciones de confianza variable.\n\nEn la zona Quirófano 1, se detectaron dos personas sentadas o de pie, con predicciones de confianza alta. Se registró una caída detectada entre los segundos 1365-1370, lo que requiere ayuda urgente.\n\nEn la zona Almacén 1, se han detectado personas en la zona durante un período prolongado de tiempo. La persona ID_784 (Caja MAGENTA) ha sido detectada sentada durante un período prolongado de tiempo.\n\nNo hay anomalías significativas reportadas en este informe. La presencia humana es confirmada por ambos modelos (YOLO y VLM) en la mayoría de los eventos.\n\nEn resumen, se han registrado varios eventos relevantes en diferentes zonas del hospital, incluyendo una caída en el suelo que requirió atención médica inmediata.']",0.5000000000000289,ragas_new_RAG_embbedings_only,system
