[0.089s] DEBUG:colcon:Command line arguments: ['/usr/bin/colcon', 'build', '--symlink-install', '--packages-select', 'tests']
[0.089s] DEBUG:colcon:Parsed command line arguments: Namespace(log_base=None, log_level=None, verb_name='build', build_base='build', install_base='install', merge_install=False, symlink_install=True, test_result_base=None, continue_on_error=False, executor='parallel', parallel_workers=16, event_handlers=None, ignore_user_meta=False, metas=['./colcon.meta'], base_paths=['.'], packages_ignore=None, packages_ignore_regex=None, paths=None, packages_up_to=None, packages_up_to_regex=None, packages_above=None, packages_above_and_dependencies=None, packages_above_depth=None, packages_select_by_dep=None, packages_skip_by_dep=None, packages_skip_up_to=None, packages_select_build_failed=False, packages_skip_build_finished=False, packages_select_test_failures=False, packages_skip_test_passed=False, packages_select=['tests'], packages_skip=None, packages_select_regex=None, packages_skip_regex=None, packages_start=None, packages_end=None, allow_overriding=[], cmake_args=None, cmake_target=None, cmake_target_skip_unavailable=False, cmake_clean_cache=False, cmake_clean_first=False, cmake_force_configure=False, ament_cmake_args=None, catkin_cmake_args=None, catkin_skip_building_tests=False, mixin_files=None, mixin=None, verb_parser=<colcon_mixin.mixin.mixin_argument.MixinArgumentDecorator object at 0x7efeba68c2e0>, verb_extension=<colcon_core.verb.build.BuildVerb object at 0x7efeba65fdf0>, main=<bound method BuildVerb.main of <colcon_core.verb.build.BuildVerb object at 0x7efeba65fdf0>>, mixin_verb=('build',))
[0.242s] Level 1:colcon.colcon_core.package_discovery:discover_packages(colcon_meta) check parameters
[0.242s] Level 1:colcon.colcon_core.package_discovery:discover_packages(recursive) check parameters
[0.242s] Level 1:colcon.colcon_core.package_discovery:discover_packages(ignore) check parameters
[0.242s] Level 1:colcon.colcon_core.package_discovery:discover_packages(path) check parameters
[0.242s] Level 1:colcon.colcon_core.package_discovery:discover_packages(colcon_meta) discover
[0.242s] Level 1:colcon.colcon_core.package_discovery:discover_packages(recursive) discover
[0.242s] INFO:colcon.colcon_core.package_discovery:Crawling recursively for packages in '/home/alberto/tfg/tests/tiago_tests'
[0.242s] Level 1:colcon.colcon_core.package_identification:_identify(.) by extensions ['ignore', 'ignore_ament_install']
[0.243s] Level 1:colcon.colcon_core.package_identification:_identify(.) by extension 'ignore'
[0.243s] Level 1:colcon.colcon_core.package_identification:_identify(.) by extension 'ignore_ament_install'
[0.243s] Level 1:colcon.colcon_core.package_identification:_identify(.) by extensions ['colcon_pkg']
[0.243s] Level 1:colcon.colcon_core.package_identification:_identify(.) by extension 'colcon_pkg'
[0.243s] Level 1:colcon.colcon_core.package_identification:_identify(.) by extensions ['colcon_meta']
[0.243s] Level 1:colcon.colcon_core.package_identification:_identify(.) by extension 'colcon_meta'
[0.243s] Level 1:colcon.colcon_core.package_identification:_identify(.) by extensions ['ros']
[0.243s] Level 1:colcon.colcon_core.package_identification:_identify(.) by extension 'ros'
[0.251s] Level 1:colcon.colcon_core.package_identification:_identify(.) by extensions ['cmake', 'python']
[0.251s] Level 1:colcon.colcon_core.package_identification:_identify(.) by extension 'cmake'
[0.251s] Level 1:colcon.colcon_core.package_identification:_identify(.) by extension 'python'
[0.251s] Level 1:colcon.colcon_core.package_identification:_identify(.) by extensions ['python_setup_py']
[0.251s] Level 1:colcon.colcon_core.package_identification:_identify(.) by extension 'python_setup_py'
[0.251s] Level 1:colcon.colcon_core.package_identification:_identify(build) by extensions ['ignore', 'ignore_ament_install']
[0.251s] Level 1:colcon.colcon_core.package_identification:_identify(build) by extension 'ignore'
[0.251s] Level 1:colcon.colcon_core.package_identification:_identify(build) ignored
[0.251s] Level 1:colcon.colcon_core.package_identification:_identify(install) by extensions ['ignore', 'ignore_ament_install']
[0.251s] Level 1:colcon.colcon_core.package_identification:_identify(install) by extension 'ignore'
[0.251s] Level 1:colcon.colcon_core.package_identification:_identify(install) ignored
[0.252s] Level 1:colcon.colcon_core.package_identification:_identify(log) by extensions ['ignore', 'ignore_ament_install']
[0.252s] Level 1:colcon.colcon_core.package_identification:_identify(log) by extension 'ignore'
[0.252s] Level 1:colcon.colcon_core.package_identification:_identify(log) ignored
[0.252s] Level 1:colcon.colcon_core.package_identification:_identify(src) by extensions ['ignore', 'ignore_ament_install']
[0.252s] Level 1:colcon.colcon_core.package_identification:_identify(src) by extension 'ignore'
[0.252s] Level 1:colcon.colcon_core.package_identification:_identify(src) by extension 'ignore_ament_install'
[0.252s] Level 1:colcon.colcon_core.package_identification:_identify(src) by extensions ['colcon_pkg']
[0.252s] Level 1:colcon.colcon_core.package_identification:_identify(src) by extension 'colcon_pkg'
[0.252s] Level 1:colcon.colcon_core.package_identification:_identify(src) by extensions ['colcon_meta']
[0.252s] Level 1:colcon.colcon_core.package_identification:_identify(src) by extension 'colcon_meta'
[0.252s] Level 1:colcon.colcon_core.package_identification:_identify(src) by extensions ['ros']
[0.252s] Level 1:colcon.colcon_core.package_identification:_identify(src) by extension 'ros'
[0.252s] Level 1:colcon.colcon_core.package_identification:_identify(src) by extensions ['cmake', 'python']
[0.252s] Level 1:colcon.colcon_core.package_identification:_identify(src) by extension 'cmake'
[0.252s] Level 1:colcon.colcon_core.package_identification:_identify(src) by extension 'python'
[0.252s] Level 1:colcon.colcon_core.package_identification:_identify(src) by extensions ['python_setup_py']
[0.252s] Level 1:colcon.colcon_core.package_identification:_identify(src) by extension 'python_setup_py'
[0.252s] Level 1:colcon.colcon_core.package_identification:_identify(src/launch_pal) by extensions ['ignore', 'ignore_ament_install']
[0.252s] Level 1:colcon.colcon_core.package_identification:_identify(src/launch_pal) by extension 'ignore'
[0.253s] Level 1:colcon.colcon_core.package_identification:_identify(src/launch_pal) by extension 'ignore_ament_install'
[0.253s] Level 1:colcon.colcon_core.package_identification:_identify(src/launch_pal) by extensions ['colcon_pkg']
[0.253s] Level 1:colcon.colcon_core.package_identification:_identify(src/launch_pal) by extension 'colcon_pkg'
[0.253s] Level 1:colcon.colcon_core.package_identification:_identify(src/launch_pal) by extensions ['colcon_meta']
[0.253s] Level 1:colcon.colcon_core.package_identification:_identify(src/launch_pal) by extension 'colcon_meta'
[0.253s] Level 1:colcon.colcon_core.package_identification:_identify(src/launch_pal) by extensions ['ros']
[0.253s] Level 1:colcon.colcon_core.package_identification:_identify(src/launch_pal) by extension 'ros'
[0.255s] DEBUG:colcon.colcon_core.package_identification:Package 'src/launch_pal' with type 'ros.ament_python' and name 'launch_pal'
[0.255s] Level 1:colcon.colcon_core.package_identification:_identify(src/pal_gazebo_worlds) by extensions ['ignore', 'ignore_ament_install']
[0.255s] Level 1:colcon.colcon_core.package_identification:_identify(src/pal_gazebo_worlds) by extension 'ignore'
[0.255s] Level 1:colcon.colcon_core.package_identification:_identify(src/pal_gazebo_worlds) by extension 'ignore_ament_install'
[0.255s] Level 1:colcon.colcon_core.package_identification:_identify(src/pal_gazebo_worlds) by extensions ['colcon_pkg']
[0.255s] Level 1:colcon.colcon_core.package_identification:_identify(src/pal_gazebo_worlds) by extension 'colcon_pkg'
[0.255s] Level 1:colcon.colcon_core.package_identification:_identify(src/pal_gazebo_worlds) by extensions ['colcon_meta']
[0.255s] Level 1:colcon.colcon_core.package_identification:_identify(src/pal_gazebo_worlds) by extension 'colcon_meta'
[0.255s] Level 1:colcon.colcon_core.package_identification:_identify(src/pal_gazebo_worlds) by extensions ['ros']
[0.255s] Level 1:colcon.colcon_core.package_identification:_identify(src/pal_gazebo_worlds) by extension 'ros'
[0.257s] DEBUG:colcon.colcon_core.package_identification:Package 'src/pal_gazebo_worlds' with type 'ros.ament_cmake' and name 'pal_gazebo_worlds'
[0.257s] Level 1:colcon.colcon_core.package_identification:_identify(src/pal_gripper) by extensions ['ignore', 'ignore_ament_install']
[0.257s] Level 1:colcon.colcon_core.package_identification:_identify(src/pal_gripper) by extension 'ignore'
[0.257s] Level 1:colcon.colcon_core.package_identification:_identify(src/pal_gripper) by extension 'ignore_ament_install'
[0.257s] Level 1:colcon.colcon_core.package_identification:_identify(src/pal_gripper) by extensions ['colcon_pkg']
[0.257s] Level 1:colcon.colcon_core.package_identification:_identify(src/pal_gripper) by extension 'colcon_pkg'
[0.257s] Level 1:colcon.colcon_core.package_identification:_identify(src/pal_gripper) by extensions ['colcon_meta']
[0.257s] Level 1:colcon.colcon_core.package_identification:_identify(src/pal_gripper) by extension 'colcon_meta'
[0.257s] Level 1:colcon.colcon_core.package_identification:_identify(src/pal_gripper) by extensions ['ros']
[0.257s] Level 1:colcon.colcon_core.package_identification:_identify(src/pal_gripper) by extension 'ros'
[0.257s] Level 1:colcon.colcon_core.package_identification:_identify(src/pal_gripper) by extensions ['cmake', 'python']
[0.257s] Level 1:colcon.colcon_core.package_identification:_identify(src/pal_gripper) by extension 'cmake'
[0.257s] Level 1:colcon.colcon_core.package_identification:_identify(src/pal_gripper) by extension 'python'
[0.257s] Level 1:colcon.colcon_core.package_identification:_identify(src/pal_gripper) by extensions ['python_setup_py']
[0.257s] Level 1:colcon.colcon_core.package_identification:_identify(src/pal_gripper) by extension 'python_setup_py'
[0.258s] Level 1:colcon.colcon_core.package_identification:_identify(src/pal_gripper/pal_gripper) by extensions ['ignore', 'ignore_ament_install']
[0.258s] Level 1:colcon.colcon_core.package_identification:_identify(src/pal_gripper/pal_gripper) by extension 'ignore'
[0.258s] Level 1:colcon.colcon_core.package_identification:_identify(src/pal_gripper/pal_gripper) by extension 'ignore_ament_install'
[0.258s] Level 1:colcon.colcon_core.package_identification:_identify(src/pal_gripper/pal_gripper) by extensions ['colcon_pkg']
[0.258s] Level 1:colcon.colcon_core.package_identification:_identify(src/pal_gripper/pal_gripper) by extension 'colcon_pkg'
[0.258s] Level 1:colcon.colcon_core.package_identification:_identify(src/pal_gripper/pal_gripper) by extensions ['colcon_meta']
[0.258s] Level 1:colcon.colcon_core.package_identification:_identify(src/pal_gripper/pal_gripper) by extension 'colcon_meta'
[0.258s] Level 1:colcon.colcon_core.package_identification:_identify(src/pal_gripper/pal_gripper) by extensions ['ros']
[0.258s] Level 1:colcon.colcon_core.package_identification:_identify(src/pal_gripper/pal_gripper) by extension 'ros'
[0.259s] DEBUG:colcon.colcon_core.package_identification:Package 'src/pal_gripper/pal_gripper' with type 'ros.ament_cmake' and name 'pal_gripper'
[0.259s] Level 1:colcon.colcon_core.package_identification:_identify(src/pal_gripper/pal_gripper_controller_configuration) by extensions ['ignore', 'ignore_ament_install']
[0.259s] Level 1:colcon.colcon_core.package_identification:_identify(src/pal_gripper/pal_gripper_controller_configuration) by extension 'ignore'
[0.259s] Level 1:colcon.colcon_core.package_identification:_identify(src/pal_gripper/pal_gripper_controller_configuration) by extension 'ignore_ament_install'
[0.259s] Level 1:colcon.colcon_core.package_identification:_identify(src/pal_gripper/pal_gripper_controller_configuration) by extensions ['colcon_pkg']
[0.259s] Level 1:colcon.colcon_core.package_identification:_identify(src/pal_gripper/pal_gripper_controller_configuration) by extension 'colcon_pkg'
[0.259s] Level 1:colcon.colcon_core.package_identification:_identify(src/pal_gripper/pal_gripper_controller_configuration) by extensions ['colcon_meta']
[0.259s] Level 1:colcon.colcon_core.package_identification:_identify(src/pal_gripper/pal_gripper_controller_configuration) by extension 'colcon_meta'
[0.259s] Level 1:colcon.colcon_core.package_identification:_identify(src/pal_gripper/pal_gripper_controller_configuration) by extensions ['ros']
[0.259s] Level 1:colcon.colcon_core.package_identification:_identify(src/pal_gripper/pal_gripper_controller_configuration) by extension 'ros'
[0.260s] DEBUG:colcon.colcon_core.package_identification:Package 'src/pal_gripper/pal_gripper_controller_configuration' with type 'ros.ament_cmake' and name 'pal_gripper_controller_configuration'
[0.260s] Level 1:colcon.colcon_core.package_identification:_identify(src/pal_gripper/pal_gripper_description) by extensions ['ignore', 'ignore_ament_install']
[0.260s] Level 1:colcon.colcon_core.package_identification:_identify(src/pal_gripper/pal_gripper_description) by extension 'ignore'
[0.260s] Level 1:colcon.colcon_core.package_identification:_identify(src/pal_gripper/pal_gripper_description) by extension 'ignore_ament_install'
[0.260s] Level 1:colcon.colcon_core.package_identification:_identify(src/pal_gripper/pal_gripper_description) by extensions ['colcon_pkg']
[0.260s] Level 1:colcon.colcon_core.package_identification:_identify(src/pal_gripper/pal_gripper_description) by extension 'colcon_pkg'
[0.260s] Level 1:colcon.colcon_core.package_identification:_identify(src/pal_gripper/pal_gripper_description) by extensions ['colcon_meta']
[0.260s] Level 1:colcon.colcon_core.package_identification:_identify(src/pal_gripper/pal_gripper_description) by extension 'colcon_meta'
[0.260s] Level 1:colcon.colcon_core.package_identification:_identify(src/pal_gripper/pal_gripper_description) by extensions ['ros']
[0.260s] Level 1:colcon.colcon_core.package_identification:_identify(src/pal_gripper/pal_gripper_description) by extension 'ros'
[0.261s] DEBUG:colcon.colcon_core.package_identification:Package 'src/pal_gripper/pal_gripper_description' with type 'ros.ament_cmake' and name 'pal_gripper_description'
[0.261s] Level 1:colcon.colcon_core.package_identification:_identify(src/pal_gripper/pal_gripper_gazebo) by extensions ['ignore', 'ignore_ament_install']
[0.261s] Level 1:colcon.colcon_core.package_identification:_identify(src/pal_gripper/pal_gripper_gazebo) by extension 'ignore'
[0.261s] Level 1:colcon.colcon_core.package_identification:_identify(src/pal_gripper/pal_gripper_gazebo) ignored
[0.261s] Level 1:colcon.colcon_core.package_identification:_identify(src/pal_gripper/pal_gripper_simulation) by extensions ['ignore', 'ignore_ament_install']
[0.261s] Level 1:colcon.colcon_core.package_identification:_identify(src/pal_gripper/pal_gripper_simulation) by extension 'ignore'
[0.261s] Level 1:colcon.colcon_core.package_identification:_identify(src/pal_gripper/pal_gripper_simulation) by extension 'ignore_ament_install'
[0.261s] Level 1:colcon.colcon_core.package_identification:_identify(src/pal_gripper/pal_gripper_simulation) by extensions ['colcon_pkg']
[0.261s] Level 1:colcon.colcon_core.package_identification:_identify(src/pal_gripper/pal_gripper_simulation) by extension 'colcon_pkg'
[0.261s] Level 1:colcon.colcon_core.package_identification:_identify(src/pal_gripper/pal_gripper_simulation) by extensions ['colcon_meta']
[0.261s] Level 1:colcon.colcon_core.package_identification:_identify(src/pal_gripper/pal_gripper_simulation) by extension 'colcon_meta'
[0.261s] Level 1:colcon.colcon_core.package_identification:_identify(src/pal_gripper/pal_gripper_simulation) by extensions ['ros']
[0.261s] Level 1:colcon.colcon_core.package_identification:_identify(src/pal_gripper/pal_gripper_simulation) by extension 'ros'
[0.262s] DEBUG:colcon.colcon_core.package_identification:Package 'src/pal_gripper/pal_gripper_simulation' with type 'ros.ament_cmake' and name 'pal_gripper_simulation'
[0.262s] Level 1:colcon.colcon_core.package_identification:_identify(src/pal_gripper/pal_parallel_gripper_wrapper) by extensions ['ignore', 'ignore_ament_install']
[0.262s] Level 1:colcon.colcon_core.package_identification:_identify(src/pal_gripper/pal_parallel_gripper_wrapper) by extension 'ignore'
[0.262s] Level 1:colcon.colcon_core.package_identification:_identify(src/pal_gripper/pal_parallel_gripper_wrapper) ignored
[0.262s] Level 1:colcon.colcon_core.package_identification:_identify(src/pal_hey5) by extensions ['ignore', 'ignore_ament_install']
[0.262s] Level 1:colcon.colcon_core.package_identification:_identify(src/pal_hey5) by extension 'ignore'
[0.262s] Level 1:colcon.colcon_core.package_identification:_identify(src/pal_hey5) by extension 'ignore_ament_install'
[0.262s] Level 1:colcon.colcon_core.package_identification:_identify(src/pal_hey5) by extensions ['colcon_pkg']
[0.262s] Level 1:colcon.colcon_core.package_identification:_identify(src/pal_hey5) by extension 'colcon_pkg'
[0.262s] Level 1:colcon.colcon_core.package_identification:_identify(src/pal_hey5) by extensions ['colcon_meta']
[0.262s] Level 1:colcon.colcon_core.package_identification:_identify(src/pal_hey5) by extension 'colcon_meta'
[0.262s] Level 1:colcon.colcon_core.package_identification:_identify(src/pal_hey5) by extensions ['ros']
[0.262s] Level 1:colcon.colcon_core.package_identification:_identify(src/pal_hey5) by extension 'ros'
[0.262s] Level 1:colcon.colcon_core.package_identification:_identify(src/pal_hey5) by extensions ['cmake', 'python']
[0.262s] Level 1:colcon.colcon_core.package_identification:_identify(src/pal_hey5) by extension 'cmake'
[0.262s] Level 1:colcon.colcon_core.package_identification:_identify(src/pal_hey5) by extension 'python'
[0.262s] Level 1:colcon.colcon_core.package_identification:_identify(src/pal_hey5) by extensions ['python_setup_py']
[0.263s] Level 1:colcon.colcon_core.package_identification:_identify(src/pal_hey5) by extension 'python_setup_py'
[0.263s] Level 1:colcon.colcon_core.package_identification:_identify(src/pal_hey5/pal_hey5) by extensions ['ignore', 'ignore_ament_install']
[0.263s] Level 1:colcon.colcon_core.package_identification:_identify(src/pal_hey5/pal_hey5) by extension 'ignore'
[0.263s] Level 1:colcon.colcon_core.package_identification:_identify(src/pal_hey5/pal_hey5) by extension 'ignore_ament_install'
[0.263s] Level 1:colcon.colcon_core.package_identification:_identify(src/pal_hey5/pal_hey5) by extensions ['colcon_pkg']
[0.263s] Level 1:colcon.colcon_core.package_identification:_identify(src/pal_hey5/pal_hey5) by extension 'colcon_pkg'
[0.263s] Level 1:colcon.colcon_core.package_identification:_identify(src/pal_hey5/pal_hey5) by extensions ['colcon_meta']
[0.263s] Level 1:colcon.colcon_core.package_identification:_identify(src/pal_hey5/pal_hey5) by extension 'colcon_meta'
[0.263s] Level 1:colcon.colcon_core.package_identification:_identify(src/pal_hey5/pal_hey5) by extensions ['ros']
[0.263s] Level 1:colcon.colcon_core.package_identification:_identify(src/pal_hey5/pal_hey5) by extension 'ros'
[0.263s] DEBUG:colcon.colcon_core.package_identification:Package 'src/pal_hey5/pal_hey5' with type 'ros.ament_cmake' and name 'pal_hey5'
[0.264s] Level 1:colcon.colcon_core.package_identification:_identify(src/pal_hey5/pal_hey5_controller_configuration) by extensions ['ignore', 'ignore_ament_install']
[0.264s] Level 1:colcon.colcon_core.package_identification:_identify(src/pal_hey5/pal_hey5_controller_configuration) by extension 'ignore'
[0.264s] Level 1:colcon.colcon_core.package_identification:_identify(src/pal_hey5/pal_hey5_controller_configuration) by extension 'ignore_ament_install'
[0.264s] Level 1:colcon.colcon_core.package_identification:_identify(src/pal_hey5/pal_hey5_controller_configuration) by extensions ['colcon_pkg']
[0.264s] Level 1:colcon.colcon_core.package_identification:_identify(src/pal_hey5/pal_hey5_controller_configuration) by extension 'colcon_pkg'
[0.264s] Level 1:colcon.colcon_core.package_identification:_identify(src/pal_hey5/pal_hey5_controller_configuration) by extensions ['colcon_meta']
[0.264s] Level 1:colcon.colcon_core.package_identification:_identify(src/pal_hey5/pal_hey5_controller_configuration) by extension 'colcon_meta'
[0.264s] Level 1:colcon.colcon_core.package_identification:_identify(src/pal_hey5/pal_hey5_controller_configuration) by extensions ['ros']
[0.264s] Level 1:colcon.colcon_core.package_identification:_identify(src/pal_hey5/pal_hey5_controller_configuration) by extension 'ros'
[0.264s] DEBUG:colcon.colcon_core.package_identification:Package 'src/pal_hey5/pal_hey5_controller_configuration' with type 'ros.ament_cmake' and name 'pal_hey5_controller_configuration'
[0.264s] Level 1:colcon.colcon_core.package_identification:_identify(src/pal_hey5/pal_hey5_description) by extensions ['ignore', 'ignore_ament_install']
[0.264s] Level 1:colcon.colcon_core.package_identification:_identify(src/pal_hey5/pal_hey5_description) by extension 'ignore'
[0.264s] Level 1:colcon.colcon_core.package_identification:_identify(src/pal_hey5/pal_hey5_description) by extension 'ignore_ament_install'
[0.264s] Level 1:colcon.colcon_core.package_identification:_identify(src/pal_hey5/pal_hey5_description) by extensions ['colcon_pkg']
[0.265s] Level 1:colcon.colcon_core.package_identification:_identify(src/pal_hey5/pal_hey5_description) by extension 'colcon_pkg'
[0.265s] Level 1:colcon.colcon_core.package_identification:_identify(src/pal_hey5/pal_hey5_description) by extensions ['colcon_meta']
[0.265s] Level 1:colcon.colcon_core.package_identification:_identify(src/pal_hey5/pal_hey5_description) by extension 'colcon_meta'
[0.265s] Level 1:colcon.colcon_core.package_identification:_identify(src/pal_hey5/pal_hey5_description) by extensions ['ros']
[0.265s] Level 1:colcon.colcon_core.package_identification:_identify(src/pal_hey5/pal_hey5_description) by extension 'ros'
[0.273s] DEBUG:colcon.colcon_core.package_identification:Package 'src/pal_hey5/pal_hey5_description' with type 'ros.ament_cmake' and name 'pal_hey5_description'
[0.273s] Level 1:colcon.colcon_core.package_identification:_identify(src/pal_navigation_cfg_public) by extensions ['ignore', 'ignore_ament_install']
[0.273s] Level 1:colcon.colcon_core.package_identification:_identify(src/pal_navigation_cfg_public) by extension 'ignore'
[0.273s] Level 1:colcon.colcon_core.package_identification:_identify(src/pal_navigation_cfg_public) by extension 'ignore_ament_install'
[0.273s] Level 1:colcon.colcon_core.package_identification:_identify(src/pal_navigation_cfg_public) by extensions ['colcon_pkg']
[0.273s] Level 1:colcon.colcon_core.package_identification:_identify(src/pal_navigation_cfg_public) by extension 'colcon_pkg'
[0.273s] Level 1:colcon.colcon_core.package_identification:_identify(src/pal_navigation_cfg_public) by extensions ['colcon_meta']
[0.273s] Level 1:colcon.colcon_core.package_identification:_identify(src/pal_navigation_cfg_public) by extension 'colcon_meta'
[0.273s] Level 1:colcon.colcon_core.package_identification:_identify(src/pal_navigation_cfg_public) by extensions ['ros']
[0.274s] Level 1:colcon.colcon_core.package_identification:_identify(src/pal_navigation_cfg_public) by extension 'ros'
[0.274s] Level 1:colcon.colcon_core.package_identification:_identify(src/pal_navigation_cfg_public) by extensions ['cmake', 'python']
[0.274s] Level 1:colcon.colcon_core.package_identification:_identify(src/pal_navigation_cfg_public) by extension 'cmake'
[0.274s] Level 1:colcon.colcon_core.package_identification:_identify(src/pal_navigation_cfg_public) by extension 'python'
[0.274s] Level 1:colcon.colcon_core.package_identification:_identify(src/pal_navigation_cfg_public) by extensions ['python_setup_py']
[0.274s] Level 1:colcon.colcon_core.package_identification:_identify(src/pal_navigation_cfg_public) by extension 'python_setup_py'
[0.274s] Level 1:colcon.colcon_core.package_identification:_identify(src/pal_navigation_cfg_public/pal_navigation_cfg_bringup) by extensions ['ignore', 'ignore_ament_install']
[0.274s] Level 1:colcon.colcon_core.package_identification:_identify(src/pal_navigation_cfg_public/pal_navigation_cfg_bringup) by extension 'ignore'
[0.274s] Level 1:colcon.colcon_core.package_identification:_identify(src/pal_navigation_cfg_public/pal_navigation_cfg_bringup) by extension 'ignore_ament_install'
[0.274s] Level 1:colcon.colcon_core.package_identification:_identify(src/pal_navigation_cfg_public/pal_navigation_cfg_bringup) by extensions ['colcon_pkg']
[0.274s] Level 1:colcon.colcon_core.package_identification:_identify(src/pal_navigation_cfg_public/pal_navigation_cfg_bringup) by extension 'colcon_pkg'
[0.274s] Level 1:colcon.colcon_core.package_identification:_identify(src/pal_navigation_cfg_public/pal_navigation_cfg_bringup) by extensions ['colcon_meta']
[0.274s] Level 1:colcon.colcon_core.package_identification:_identify(src/pal_navigation_cfg_public/pal_navigation_cfg_bringup) by extension 'colcon_meta'
[0.274s] Level 1:colcon.colcon_core.package_identification:_identify(src/pal_navigation_cfg_public/pal_navigation_cfg_bringup) by extensions ['ros']
[0.274s] Level 1:colcon.colcon_core.package_identification:_identify(src/pal_navigation_cfg_public/pal_navigation_cfg_bringup) by extension 'ros'
[0.275s] DEBUG:colcon.colcon_core.package_identification:Package 'src/pal_navigation_cfg_public/pal_navigation_cfg_bringup' with type 'ros.ament_cmake' and name 'pal_navigation_cfg_bringup'
[0.275s] Level 1:colcon.colcon_core.package_identification:_identify(src/pal_navigation_cfg_public/pal_navigation_cfg_params) by extensions ['ignore', 'ignore_ament_install']
[0.275s] Level 1:colcon.colcon_core.package_identification:_identify(src/pal_navigation_cfg_public/pal_navigation_cfg_params) by extension 'ignore'
[0.275s] Level 1:colcon.colcon_core.package_identification:_identify(src/pal_navigation_cfg_public/pal_navigation_cfg_params) by extension 'ignore_ament_install'
[0.275s] Level 1:colcon.colcon_core.package_identification:_identify(src/pal_navigation_cfg_public/pal_navigation_cfg_params) by extensions ['colcon_pkg']
[0.275s] Level 1:colcon.colcon_core.package_identification:_identify(src/pal_navigation_cfg_public/pal_navigation_cfg_params) by extension 'colcon_pkg'
[0.275s] Level 1:colcon.colcon_core.package_identification:_identify(src/pal_navigation_cfg_public/pal_navigation_cfg_params) by extensions ['colcon_meta']
[0.275s] Level 1:colcon.colcon_core.package_identification:_identify(src/pal_navigation_cfg_public/pal_navigation_cfg_params) by extension 'colcon_meta'
[0.275s] Level 1:colcon.colcon_core.package_identification:_identify(src/pal_navigation_cfg_public/pal_navigation_cfg_params) by extensions ['ros']
[0.275s] Level 1:colcon.colcon_core.package_identification:_identify(src/pal_navigation_cfg_public/pal_navigation_cfg_params) by extension 'ros'
[0.275s] DEBUG:colcon.colcon_core.package_identification:Package 'src/pal_navigation_cfg_public/pal_navigation_cfg_params' with type 'ros.ament_cmake' and name 'pal_navigation_cfg_params'
[0.275s] Level 1:colcon.colcon_core.package_identification:_identify(src/pal_navigation_cfg_public/pal_navigation_cfg_public) by extensions ['ignore', 'ignore_ament_install']
[0.275s] Level 1:colcon.colcon_core.package_identification:_identify(src/pal_navigation_cfg_public/pal_navigation_cfg_public) by extension 'ignore'
[0.276s] Level 1:colcon.colcon_core.package_identification:_identify(src/pal_navigation_cfg_public/pal_navigation_cfg_public) by extension 'ignore_ament_install'
[0.276s] Level 1:colcon.colcon_core.package_identification:_identify(src/pal_navigation_cfg_public/pal_navigation_cfg_public) by extensions ['colcon_pkg']
[0.276s] Level 1:colcon.colcon_core.package_identification:_identify(src/pal_navigation_cfg_public/pal_navigation_cfg_public) by extension 'colcon_pkg'
[0.276s] Level 1:colcon.colcon_core.package_identification:_identify(src/pal_navigation_cfg_public/pal_navigation_cfg_public) by extensions ['colcon_meta']
[0.276s] Level 1:colcon.colcon_core.package_identification:_identify(src/pal_navigation_cfg_public/pal_navigation_cfg_public) by extension 'colcon_meta'
[0.276s] Level 1:colcon.colcon_core.package_identification:_identify(src/pal_navigation_cfg_public/pal_navigation_cfg_public) by extensions ['ros']
[0.276s] Level 1:colcon.colcon_core.package_identification:_identify(src/pal_navigation_cfg_public/pal_navigation_cfg_public) by extension 'ros'
[0.276s] DEBUG:colcon.colcon_core.package_identification:Package 'src/pal_navigation_cfg_public/pal_navigation_cfg_public' with type 'ros.ament_cmake' and name 'pal_navigation_cfg'
[0.276s] Level 1:colcon.colcon_core.package_identification:_identify(src/pal_robotiq_gripper) by extensions ['ignore', 'ignore_ament_install']
[0.276s] Level 1:colcon.colcon_core.package_identification:_identify(src/pal_robotiq_gripper) by extension 'ignore'
[0.276s] Level 1:colcon.colcon_core.package_identification:_identify(src/pal_robotiq_gripper) by extension 'ignore_ament_install'
[0.276s] Level 1:colcon.colcon_core.package_identification:_identify(src/pal_robotiq_gripper) by extensions ['colcon_pkg']
[0.276s] Level 1:colcon.colcon_core.package_identification:_identify(src/pal_robotiq_gripper) by extension 'colcon_pkg'
[0.276s] Level 1:colcon.colcon_core.package_identification:_identify(src/pal_robotiq_gripper) by extensions ['colcon_meta']
[0.276s] Level 1:colcon.colcon_core.package_identification:_identify(src/pal_robotiq_gripper) by extension 'colcon_meta'
[0.277s] Level 1:colcon.colcon_core.package_identification:_identify(src/pal_robotiq_gripper) by extensions ['ros']
[0.277s] Level 1:colcon.colcon_core.package_identification:_identify(src/pal_robotiq_gripper) by extension 'ros'
[0.277s] Level 1:colcon.colcon_core.package_identification:_identify(src/pal_robotiq_gripper) by extensions ['cmake', 'python']
[0.277s] Level 1:colcon.colcon_core.package_identification:_identify(src/pal_robotiq_gripper) by extension 'cmake'
[0.277s] Level 1:colcon.colcon_core.package_identification:_identify(src/pal_robotiq_gripper) by extension 'python'
[0.277s] Level 1:colcon.colcon_core.package_identification:_identify(src/pal_robotiq_gripper) by extensions ['python_setup_py']
[0.277s] Level 1:colcon.colcon_core.package_identification:_identify(src/pal_robotiq_gripper) by extension 'python_setup_py'
[0.277s] Level 1:colcon.colcon_core.package_identification:_identify(src/pal_robotiq_gripper/pal_robotiq_controller_configuration) by extensions ['ignore', 'ignore_ament_install']
[0.277s] Level 1:colcon.colcon_core.package_identification:_identify(src/pal_robotiq_gripper/pal_robotiq_controller_configuration) by extension 'ignore'
[0.277s] Level 1:colcon.colcon_core.package_identification:_identify(src/pal_robotiq_gripper/pal_robotiq_controller_configuration) by extension 'ignore_ament_install'
[0.277s] Level 1:colcon.colcon_core.package_identification:_identify(src/pal_robotiq_gripper/pal_robotiq_controller_configuration) by extensions ['colcon_pkg']
[0.277s] Level 1:colcon.colcon_core.package_identification:_identify(src/pal_robotiq_gripper/pal_robotiq_controller_configuration) by extension 'colcon_pkg'
[0.277s] Level 1:colcon.colcon_core.package_identification:_identify(src/pal_robotiq_gripper/pal_robotiq_controller_configuration) by extensions ['colcon_meta']
[0.277s] Level 1:colcon.colcon_core.package_identification:_identify(src/pal_robotiq_gripper/pal_robotiq_controller_configuration) by extension 'colcon_meta'
[0.277s] Level 1:colcon.colcon_core.package_identification:_identify(src/pal_robotiq_gripper/pal_robotiq_controller_configuration) by extensions ['ros']
[0.277s] Level 1:colcon.colcon_core.package_identification:_identify(src/pal_robotiq_gripper/pal_robotiq_controller_configuration) by extension 'ros'
[0.278s] DEBUG:colcon.colcon_core.package_identification:Package 'src/pal_robotiq_gripper/pal_robotiq_controller_configuration' with type 'ros.ament_cmake' and name 'pal_robotiq_controller_configuration'
[0.278s] Level 1:colcon.colcon_core.package_identification:_identify(src/pal_robotiq_gripper/pal_robotiq_description) by extensions ['ignore', 'ignore_ament_install']
[0.278s] Level 1:colcon.colcon_core.package_identification:_identify(src/pal_robotiq_gripper/pal_robotiq_description) by extension 'ignore'
[0.278s] Level 1:colcon.colcon_core.package_identification:_identify(src/pal_robotiq_gripper/pal_robotiq_description) by extension 'ignore_ament_install'
[0.278s] Level 1:colcon.colcon_core.package_identification:_identify(src/pal_robotiq_gripper/pal_robotiq_description) by extensions ['colcon_pkg']
[0.278s] Level 1:colcon.colcon_core.package_identification:_identify(src/pal_robotiq_gripper/pal_robotiq_description) by extension 'colcon_pkg'
[0.278s] Level 1:colcon.colcon_core.package_identification:_identify(src/pal_robotiq_gripper/pal_robotiq_description) by extensions ['colcon_meta']
[0.278s] Level 1:colcon.colcon_core.package_identification:_identify(src/pal_robotiq_gripper/pal_robotiq_description) by extension 'colcon_meta'
[0.278s] Level 1:colcon.colcon_core.package_identification:_identify(src/pal_robotiq_gripper/pal_robotiq_description) by extensions ['ros']
[0.278s] Level 1:colcon.colcon_core.package_identification:_identify(src/pal_robotiq_gripper/pal_robotiq_description) by extension 'ros'
[0.278s] DEBUG:colcon.colcon_core.package_identification:Package 'src/pal_robotiq_gripper/pal_robotiq_description' with type 'ros.ament_cmake' and name 'pal_robotiq_description'
[0.278s] Level 1:colcon.colcon_core.package_identification:_identify(src/pal_robotiq_gripper/pal_robotiq_epick_gripper) by extensions ['ignore', 'ignore_ament_install']
[0.278s] Level 1:colcon.colcon_core.package_identification:_identify(src/pal_robotiq_gripper/pal_robotiq_epick_gripper) by extension 'ignore'
[0.279s] Level 1:colcon.colcon_core.package_identification:_identify(src/pal_robotiq_gripper/pal_robotiq_epick_gripper) by extension 'ignore_ament_install'
[0.279s] Level 1:colcon.colcon_core.package_identification:_identify(src/pal_robotiq_gripper/pal_robotiq_epick_gripper) by extensions ['colcon_pkg']
[0.279s] Level 1:colcon.colcon_core.package_identification:_identify(src/pal_robotiq_gripper/pal_robotiq_epick_gripper) by extension 'colcon_pkg'
[0.279s] Level 1:colcon.colcon_core.package_identification:_identify(src/pal_robotiq_gripper/pal_robotiq_epick_gripper) by extensions ['colcon_meta']
[0.279s] Level 1:colcon.colcon_core.package_identification:_identify(src/pal_robotiq_gripper/pal_robotiq_epick_gripper) by extension 'colcon_meta'
[0.279s] Level 1:colcon.colcon_core.package_identification:_identify(src/pal_robotiq_gripper/pal_robotiq_epick_gripper) by extensions ['ros']
[0.279s] Level 1:colcon.colcon_core.package_identification:_identify(src/pal_robotiq_gripper/pal_robotiq_epick_gripper) by extension 'ros'
[0.279s] Level 1:colcon.colcon_core.package_identification:_identify(src/pal_robotiq_gripper/pal_robotiq_epick_gripper) by extensions ['cmake', 'python']
[0.279s] Level 1:colcon.colcon_core.package_identification:_identify(src/pal_robotiq_gripper/pal_robotiq_epick_gripper) by extension 'cmake'
[0.279s] Level 1:colcon.colcon_core.package_identification:_identify(src/pal_robotiq_gripper/pal_robotiq_epick_gripper) by extension 'python'
[0.279s] Level 1:colcon.colcon_core.package_identification:_identify(src/pal_robotiq_gripper/pal_robotiq_epick_gripper) by extensions ['python_setup_py']
[0.279s] Level 1:colcon.colcon_core.package_identification:_identify(src/pal_robotiq_gripper/pal_robotiq_epick_gripper) by extension 'python_setup_py'
[0.279s] Level 1:colcon.colcon_core.package_identification:_identify(src/pal_robotiq_gripper/pal_robotiq_epick_gripper/pal_robotiq_epick_description) by extensions ['ignore', 'ignore_ament_install']
[0.279s] Level 1:colcon.colcon_core.package_identification:_identify(src/pal_robotiq_gripper/pal_robotiq_epick_gripper/pal_robotiq_epick_description) by extension 'ignore'
[0.279s] Level 1:colcon.colcon_core.package_identification:_identify(src/pal_robotiq_gripper/pal_robotiq_epick_gripper/pal_robotiq_epick_description) ignored
[0.279s] Level 1:colcon.colcon_core.package_identification:_identify(src/pal_robotiq_gripper/pal_robotiq_epick_gripper/pal_robotiq_epick_gripper) by extensions ['ignore', 'ignore_ament_install']
[0.279s] Level 1:colcon.colcon_core.package_identification:_identify(src/pal_robotiq_gripper/pal_robotiq_epick_gripper/pal_robotiq_epick_gripper) by extension 'ignore'
[0.279s] Level 1:colcon.colcon_core.package_identification:_identify(src/pal_robotiq_gripper/pal_robotiq_epick_gripper/pal_robotiq_epick_gripper) ignored
[0.279s] Level 1:colcon.colcon_core.package_identification:_identify(src/pal_robotiq_gripper/pal_robotiq_gripper) by extensions ['ignore', 'ignore_ament_install']
[0.279s] Level 1:colcon.colcon_core.package_identification:_identify(src/pal_robotiq_gripper/pal_robotiq_gripper) by extension 'ignore'
[0.279s] Level 1:colcon.colcon_core.package_identification:_identify(src/pal_robotiq_gripper/pal_robotiq_gripper) by extension 'ignore_ament_install'
[0.280s] Level 1:colcon.colcon_core.package_identification:_identify(src/pal_robotiq_gripper/pal_robotiq_gripper) by extensions ['colcon_pkg']
[0.280s] Level 1:colcon.colcon_core.package_identification:_identify(src/pal_robotiq_gripper/pal_robotiq_gripper) by extension 'colcon_pkg'
[0.280s] Level 1:colcon.colcon_core.package_identification:_identify(src/pal_robotiq_gripper/pal_robotiq_gripper) by extensions ['colcon_meta']
[0.280s] Level 1:colcon.colcon_core.package_identification:_identify(src/pal_robotiq_gripper/pal_robotiq_gripper) by extension 'colcon_meta'
[0.280s] Level 1:colcon.colcon_core.package_identification:_identify(src/pal_robotiq_gripper/pal_robotiq_gripper) by extensions ['ros']
[0.280s] Level 1:colcon.colcon_core.package_identification:_identify(src/pal_robotiq_gripper/pal_robotiq_gripper) by extension 'ros'
[0.280s] DEBUG:colcon.colcon_core.package_identification:Package 'src/pal_robotiq_gripper/pal_robotiq_gripper' with type 'ros.ament_cmake' and name 'pal_robotiq_gripper'
[0.280s] Level 1:colcon.colcon_core.package_identification:_identify(src/pal_robotiq_gripper/pal_robotiq_gripper_wrapper) by extensions ['ignore', 'ignore_ament_install']
[0.280s] Level 1:colcon.colcon_core.package_identification:_identify(src/pal_robotiq_gripper/pal_robotiq_gripper_wrapper) by extension 'ignore'
[0.280s] Level 1:colcon.colcon_core.package_identification:_identify(src/pal_robotiq_gripper/pal_robotiq_gripper_wrapper) ignored
[0.280s] Level 1:colcon.colcon_core.package_identification:_identify(src/pal_urdf_utils) by extensions ['ignore', 'ignore_ament_install']
[0.280s] Level 1:colcon.colcon_core.package_identification:_identify(src/pal_urdf_utils) by extension 'ignore'
[0.281s] Level 1:colcon.colcon_core.package_identification:_identify(src/pal_urdf_utils) by extension 'ignore_ament_install'
[0.281s] Level 1:colcon.colcon_core.package_identification:_identify(src/pal_urdf_utils) by extensions ['colcon_pkg']
[0.281s] Level 1:colcon.colcon_core.package_identification:_identify(src/pal_urdf_utils) by extension 'colcon_pkg'
[0.281s] Level 1:colcon.colcon_core.package_identification:_identify(src/pal_urdf_utils) by extensions ['colcon_meta']
[0.281s] Level 1:colcon.colcon_core.package_identification:_identify(src/pal_urdf_utils) by extension 'colcon_meta'
[0.281s] Level 1:colcon.colcon_core.package_identification:_identify(src/pal_urdf_utils) by extensions ['ros']
[0.281s] Level 1:colcon.colcon_core.package_identification:_identify(src/pal_urdf_utils) by extension 'ros'
[0.281s] DEBUG:colcon.colcon_core.package_identification:Package 'src/pal_urdf_utils' with type 'ros.ament_cmake' and name 'pal_urdf_utils'
[0.281s] Level 1:colcon.colcon_core.package_identification:_identify(src/play_motion2) by extensions ['ignore', 'ignore_ament_install']
[0.281s] Level 1:colcon.colcon_core.package_identification:_identify(src/play_motion2) by extension 'ignore'
[0.281s] Level 1:colcon.colcon_core.package_identification:_identify(src/play_motion2) by extension 'ignore_ament_install'
[0.281s] Level 1:colcon.colcon_core.package_identification:_identify(src/play_motion2) by extensions ['colcon_pkg']
[0.281s] Level 1:colcon.colcon_core.package_identification:_identify(src/play_motion2) by extension 'colcon_pkg'
[0.281s] Level 1:colcon.colcon_core.package_identification:_identify(src/play_motion2) by extensions ['colcon_meta']
[0.281s] Level 1:colcon.colcon_core.package_identification:_identify(src/play_motion2) by extension 'colcon_meta'
[0.281s] Level 1:colcon.colcon_core.package_identification:_identify(src/play_motion2) by extensions ['ros']
[0.282s] Level 1:colcon.colcon_core.package_identification:_identify(src/play_motion2) by extension 'ros'
[0.282s] Level 1:colcon.colcon_core.package_identification:_identify(src/play_motion2) by extensions ['cmake', 'python']
[0.282s] Level 1:colcon.colcon_core.package_identification:_identify(src/play_motion2) by extension 'cmake'
[0.282s] Level 1:colcon.colcon_core.package_identification:_identify(src/play_motion2) by extension 'python'
[0.282s] Level 1:colcon.colcon_core.package_identification:_identify(src/play_motion2) by extensions ['python_setup_py']
[0.282s] Level 1:colcon.colcon_core.package_identification:_identify(src/play_motion2) by extension 'python_setup_py'
[0.282s] Level 1:colcon.colcon_core.package_identification:_identify(src/play_motion2/play_motion2) by extensions ['ignore', 'ignore_ament_install']
[0.282s] Level 1:colcon.colcon_core.package_identification:_identify(src/play_motion2/play_motion2) by extension 'ignore'
[0.282s] Level 1:colcon.colcon_core.package_identification:_identify(src/play_motion2/play_motion2) by extension 'ignore_ament_install'
[0.282s] Level 1:colcon.colcon_core.package_identification:_identify(src/play_motion2/play_motion2) by extensions ['colcon_pkg']
[0.282s] Level 1:colcon.colcon_core.package_identification:_identify(src/play_motion2/play_motion2) by extension 'colcon_pkg'
[0.282s] Level 1:colcon.colcon_core.package_identification:_identify(src/play_motion2/play_motion2) by extensions ['colcon_meta']
[0.282s] Level 1:colcon.colcon_core.package_identification:_identify(src/play_motion2/play_motion2) by extension 'colcon_meta'
[0.282s] Level 1:colcon.colcon_core.package_identification:_identify(src/play_motion2/play_motion2) by extensions ['ros']
[0.282s] Level 1:colcon.colcon_core.package_identification:_identify(src/play_motion2/play_motion2) by extension 'ros'
[0.283s] DEBUG:colcon.colcon_core.package_identification:Package 'src/play_motion2/play_motion2' with type 'ros.ament_cmake' and name 'play_motion2'
[0.283s] Level 1:colcon.colcon_core.package_identification:_identify(src/play_motion2/play_motion2_msgs) by extensions ['ignore', 'ignore_ament_install']
[0.283s] Level 1:colcon.colcon_core.package_identification:_identify(src/play_motion2/play_motion2_msgs) by extension 'ignore'
[0.283s] Level 1:colcon.colcon_core.package_identification:_identify(src/play_motion2/play_motion2_msgs) by extension 'ignore_ament_install'
[0.283s] Level 1:colcon.colcon_core.package_identification:_identify(src/play_motion2/play_motion2_msgs) by extensions ['colcon_pkg']
[0.283s] Level 1:colcon.colcon_core.package_identification:_identify(src/play_motion2/play_motion2_msgs) by extension 'colcon_pkg'
[0.284s] Level 1:colcon.colcon_core.package_identification:_identify(src/play_motion2/play_motion2_msgs) by extensions ['colcon_meta']
[0.284s] Level 1:colcon.colcon_core.package_identification:_identify(src/play_motion2/play_motion2_msgs) by extension 'colcon_meta'
[0.284s] Level 1:colcon.colcon_core.package_identification:_identify(src/play_motion2/play_motion2_msgs) by extensions ['ros']
[0.284s] Level 1:colcon.colcon_core.package_identification:_identify(src/play_motion2/play_motion2_msgs) by extension 'ros'
[0.284s] DEBUG:colcon.colcon_core.package_identification:Package 'src/play_motion2/play_motion2_msgs' with type 'ros.ament_cmake' and name 'play_motion2_msgs'
[0.284s] Level 1:colcon.colcon_core.package_identification:_identify(src/pmb2_navigation) by extensions ['ignore', 'ignore_ament_install']
[0.284s] Level 1:colcon.colcon_core.package_identification:_identify(src/pmb2_navigation) by extension 'ignore'
[0.284s] Level 1:colcon.colcon_core.package_identification:_identify(src/pmb2_navigation) by extension 'ignore_ament_install'
[0.284s] Level 1:colcon.colcon_core.package_identification:_identify(src/pmb2_navigation) by extensions ['colcon_pkg']
[0.284s] Level 1:colcon.colcon_core.package_identification:_identify(src/pmb2_navigation) by extension 'colcon_pkg'
[0.284s] Level 1:colcon.colcon_core.package_identification:_identify(src/pmb2_navigation) by extensions ['colcon_meta']
[0.284s] Level 1:colcon.colcon_core.package_identification:_identify(src/pmb2_navigation) by extension 'colcon_meta'
[0.284s] Level 1:colcon.colcon_core.package_identification:_identify(src/pmb2_navigation) by extensions ['ros']
[0.285s] Level 1:colcon.colcon_core.package_identification:_identify(src/pmb2_navigation) by extension 'ros'
[0.285s] Level 1:colcon.colcon_core.package_identification:_identify(src/pmb2_navigation) by extensions ['cmake', 'python']
[0.285s] Level 1:colcon.colcon_core.package_identification:_identify(src/pmb2_navigation) by extension 'cmake'
[0.285s] Level 1:colcon.colcon_core.package_identification:_identify(src/pmb2_navigation) by extension 'python'
[0.285s] Level 1:colcon.colcon_core.package_identification:_identify(src/pmb2_navigation) by extensions ['python_setup_py']
[0.285s] Level 1:colcon.colcon_core.package_identification:_identify(src/pmb2_navigation) by extension 'python_setup_py'
[0.285s] Level 1:colcon.colcon_core.package_identification:_identify(src/pmb2_navigation/pmb2_2dnav) by extensions ['ignore', 'ignore_ament_install']
[0.285s] Level 1:colcon.colcon_core.package_identification:_identify(src/pmb2_navigation/pmb2_2dnav) by extension 'ignore'
[0.285s] Level 1:colcon.colcon_core.package_identification:_identify(src/pmb2_navigation/pmb2_2dnav) by extension 'ignore_ament_install'
[0.285s] Level 1:colcon.colcon_core.package_identification:_identify(src/pmb2_navigation/pmb2_2dnav) by extensions ['colcon_pkg']
[0.285s] Level 1:colcon.colcon_core.package_identification:_identify(src/pmb2_navigation/pmb2_2dnav) by extension 'colcon_pkg'
[0.285s] Level 1:colcon.colcon_core.package_identification:_identify(src/pmb2_navigation/pmb2_2dnav) by extensions ['colcon_meta']
[0.285s] Level 1:colcon.colcon_core.package_identification:_identify(src/pmb2_navigation/pmb2_2dnav) by extension 'colcon_meta'
[0.285s] Level 1:colcon.colcon_core.package_identification:_identify(src/pmb2_navigation/pmb2_2dnav) by extensions ['ros']
[0.285s] Level 1:colcon.colcon_core.package_identification:_identify(src/pmb2_navigation/pmb2_2dnav) by extension 'ros'
[0.289s] DEBUG:colcon.colcon_core.package_identification:Package 'src/pmb2_navigation/pmb2_2dnav' with type 'ros.ament_cmake' and name 'pmb2_2dnav'
[0.290s] Level 1:colcon.colcon_core.package_identification:_identify(src/pmb2_navigation/pmb2_laser_sensors) by extensions ['ignore', 'ignore_ament_install']
[0.290s] Level 1:colcon.colcon_core.package_identification:_identify(src/pmb2_navigation/pmb2_laser_sensors) by extension 'ignore'
[0.290s] Level 1:colcon.colcon_core.package_identification:_identify(src/pmb2_navigation/pmb2_laser_sensors) by extension 'ignore_ament_install'
[0.290s] Level 1:colcon.colcon_core.package_identification:_identify(src/pmb2_navigation/pmb2_laser_sensors) by extensions ['colcon_pkg']
[0.290s] Level 1:colcon.colcon_core.package_identification:_identify(src/pmb2_navigation/pmb2_laser_sensors) by extension 'colcon_pkg'
[0.290s] Level 1:colcon.colcon_core.package_identification:_identify(src/pmb2_navigation/pmb2_laser_sensors) by extensions ['colcon_meta']
[0.290s] Level 1:colcon.colcon_core.package_identification:_identify(src/pmb2_navigation/pmb2_laser_sensors) by extension 'colcon_meta'
[0.290s] Level 1:colcon.colcon_core.package_identification:_identify(src/pmb2_navigation/pmb2_laser_sensors) by extensions ['ros']
[0.290s] Level 1:colcon.colcon_core.package_identification:_identify(src/pmb2_navigation/pmb2_laser_sensors) by extension 'ros'
[0.292s] DEBUG:colcon.colcon_core.package_identification:Package 'src/pmb2_navigation/pmb2_laser_sensors' with type 'ros.ament_cmake' and name 'pmb2_laser_sensors'
[0.292s] Level 1:colcon.colcon_core.package_identification:_identify(src/pmb2_navigation/pmb2_navigation) by extensions ['ignore', 'ignore_ament_install']
[0.292s] Level 1:colcon.colcon_core.package_identification:_identify(src/pmb2_navigation/pmb2_navigation) by extension 'ignore'
[0.292s] Level 1:colcon.colcon_core.package_identification:_identify(src/pmb2_navigation/pmb2_navigation) by extension 'ignore_ament_install'
[0.293s] Level 1:colcon.colcon_core.package_identification:_identify(src/pmb2_navigation/pmb2_navigation) by extensions ['colcon_pkg']
[0.293s] Level 1:colcon.colcon_core.package_identification:_identify(src/pmb2_navigation/pmb2_navigation) by extension 'colcon_pkg'
[0.293s] Level 1:colcon.colcon_core.package_identification:_identify(src/pmb2_navigation/pmb2_navigation) by extensions ['colcon_meta']
[0.293s] Level 1:colcon.colcon_core.package_identification:_identify(src/pmb2_navigation/pmb2_navigation) by extension 'colcon_meta'
[0.293s] Level 1:colcon.colcon_core.package_identification:_identify(src/pmb2_navigation/pmb2_navigation) by extensions ['ros']
[0.293s] Level 1:colcon.colcon_core.package_identification:_identify(src/pmb2_navigation/pmb2_navigation) by extension 'ros'
[0.293s] DEBUG:colcon.colcon_core.package_identification:Package 'src/pmb2_navigation/pmb2_navigation' with type 'ros.ament_cmake' and name 'pmb2_navigation'
[0.293s] Level 1:colcon.colcon_core.package_identification:_identify(src/pmb2_navigation/pmb2_rgbd_sensors) by extensions ['ignore', 'ignore_ament_install']
[0.293s] Level 1:colcon.colcon_core.package_identification:_identify(src/pmb2_navigation/pmb2_rgbd_sensors) by extension 'ignore'
[0.293s] Level 1:colcon.colcon_core.package_identification:_identify(src/pmb2_navigation/pmb2_rgbd_sensors) by extension 'ignore_ament_install'
[0.293s] Level 1:colcon.colcon_core.package_identification:_identify(src/pmb2_navigation/pmb2_rgbd_sensors) by extensions ['colcon_pkg']
[0.293s] Level 1:colcon.colcon_core.package_identification:_identify(src/pmb2_navigation/pmb2_rgbd_sensors) by extension 'colcon_pkg'
[0.293s] Level 1:colcon.colcon_core.package_identification:_identify(src/pmb2_navigation/pmb2_rgbd_sensors) by extensions ['colcon_meta']
[0.293s] Level 1:colcon.colcon_core.package_identification:_identify(src/pmb2_navigation/pmb2_rgbd_sensors) by extension 'colcon_meta'
[0.294s] Level 1:colcon.colcon_core.package_identification:_identify(src/pmb2_navigation/pmb2_rgbd_sensors) by extensions ['ros']
[0.294s] Level 1:colcon.colcon_core.package_identification:_identify(src/pmb2_navigation/pmb2_rgbd_sensors) by extension 'ros'
[0.295s] DEBUG:colcon.colcon_core.package_identification:Package 'src/pmb2_navigation/pmb2_rgbd_sensors' with type 'ros.ament_cmake' and name 'pmb2_rgbd_sensors'
[0.296s] Level 1:colcon.colcon_core.package_identification:_identify(src/pmb2_robot) by extensions ['ignore', 'ignore_ament_install']
[0.296s] Level 1:colcon.colcon_core.package_identification:_identify(src/pmb2_robot) by extension 'ignore'
[0.296s] Level 1:colcon.colcon_core.package_identification:_identify(src/pmb2_robot) by extension 'ignore_ament_install'
[0.296s] Level 1:colcon.colcon_core.package_identification:_identify(src/pmb2_robot) by extensions ['colcon_pkg']
[0.296s] Level 1:colcon.colcon_core.package_identification:_identify(src/pmb2_robot) by extension 'colcon_pkg'
[0.296s] Level 1:colcon.colcon_core.package_identification:_identify(src/pmb2_robot) by extensions ['colcon_meta']
[0.296s] Level 1:colcon.colcon_core.package_identification:_identify(src/pmb2_robot) by extension 'colcon_meta'
[0.296s] Level 1:colcon.colcon_core.package_identification:_identify(src/pmb2_robot) by extensions ['ros']
[0.296s] Level 1:colcon.colcon_core.package_identification:_identify(src/pmb2_robot) by extension 'ros'
[0.296s] Level 1:colcon.colcon_core.package_identification:_identify(src/pmb2_robot) by extensions ['cmake', 'python']
[0.296s] Level 1:colcon.colcon_core.package_identification:_identify(src/pmb2_robot) by extension 'cmake'
[0.296s] Level 1:colcon.colcon_core.package_identification:_identify(src/pmb2_robot) by extension 'python'
[0.296s] Level 1:colcon.colcon_core.package_identification:_identify(src/pmb2_robot) by extensions ['python_setup_py']
[0.296s] Level 1:colcon.colcon_core.package_identification:_identify(src/pmb2_robot) by extension 'python_setup_py'
[0.296s] Level 1:colcon.colcon_core.package_identification:_identify(src/pmb2_robot/pmb2_bringup) by extensions ['ignore', 'ignore_ament_install']
[0.296s] Level 1:colcon.colcon_core.package_identification:_identify(src/pmb2_robot/pmb2_bringup) by extension 'ignore'
[0.296s] Level 1:colcon.colcon_core.package_identification:_identify(src/pmb2_robot/pmb2_bringup) by extension 'ignore_ament_install'
[0.296s] Level 1:colcon.colcon_core.package_identification:_identify(src/pmb2_robot/pmb2_bringup) by extensions ['colcon_pkg']
[0.296s] Level 1:colcon.colcon_core.package_identification:_identify(src/pmb2_robot/pmb2_bringup) by extension 'colcon_pkg'
[0.296s] Level 1:colcon.colcon_core.package_identification:_identify(src/pmb2_robot/pmb2_bringup) by extensions ['colcon_meta']
[0.296s] Level 1:colcon.colcon_core.package_identification:_identify(src/pmb2_robot/pmb2_bringup) by extension 'colcon_meta'
[0.297s] Level 1:colcon.colcon_core.package_identification:_identify(src/pmb2_robot/pmb2_bringup) by extensions ['ros']
[0.297s] Level 1:colcon.colcon_core.package_identification:_identify(src/pmb2_robot/pmb2_bringup) by extension 'ros'
[0.297s] DEBUG:colcon.colcon_core.package_identification:Package 'src/pmb2_robot/pmb2_bringup' with type 'ros.ament_cmake' and name 'pmb2_bringup'
[0.297s] Level 1:colcon.colcon_core.package_identification:_identify(src/pmb2_robot/pmb2_controller_configuration) by extensions ['ignore', 'ignore_ament_install']
[0.297s] Level 1:colcon.colcon_core.package_identification:_identify(src/pmb2_robot/pmb2_controller_configuration) by extension 'ignore'
[0.297s] Level 1:colcon.colcon_core.package_identification:_identify(src/pmb2_robot/pmb2_controller_configuration) by extension 'ignore_ament_install'
[0.298s] Level 1:colcon.colcon_core.package_identification:_identify(src/pmb2_robot/pmb2_controller_configuration) by extensions ['colcon_pkg']
[0.298s] Level 1:colcon.colcon_core.package_identification:_identify(src/pmb2_robot/pmb2_controller_configuration) by extension 'colcon_pkg'
[0.298s] Level 1:colcon.colcon_core.package_identification:_identify(src/pmb2_robot/pmb2_controller_configuration) by extensions ['colcon_meta']
[0.298s] Level 1:colcon.colcon_core.package_identification:_identify(src/pmb2_robot/pmb2_controller_configuration) by extension 'colcon_meta'
[0.298s] Level 1:colcon.colcon_core.package_identification:_identify(src/pmb2_robot/pmb2_controller_configuration) by extensions ['ros']
[0.298s] Level 1:colcon.colcon_core.package_identification:_identify(src/pmb2_robot/pmb2_controller_configuration) by extension 'ros'
[0.298s] DEBUG:colcon.colcon_core.package_identification:Package 'src/pmb2_robot/pmb2_controller_configuration' with type 'ros.ament_cmake' and name 'pmb2_controller_configuration'
[0.298s] Level 1:colcon.colcon_core.package_identification:_identify(src/pmb2_robot/pmb2_description) by extensions ['ignore', 'ignore_ament_install']
[0.298s] Level 1:colcon.colcon_core.package_identification:_identify(src/pmb2_robot/pmb2_description) by extension 'ignore'
[0.299s] Level 1:colcon.colcon_core.package_identification:_identify(src/pmb2_robot/pmb2_description) by extension 'ignore_ament_install'
[0.299s] Level 1:colcon.colcon_core.package_identification:_identify(src/pmb2_robot/pmb2_description) by extensions ['colcon_pkg']
[0.299s] Level 1:colcon.colcon_core.package_identification:_identify(src/pmb2_robot/pmb2_description) by extension 'colcon_pkg'
[0.299s] Level 1:colcon.colcon_core.package_identification:_identify(src/pmb2_robot/pmb2_description) by extensions ['colcon_meta']
[0.299s] Level 1:colcon.colcon_core.package_identification:_identify(src/pmb2_robot/pmb2_description) by extension 'colcon_meta'
[0.299s] Level 1:colcon.colcon_core.package_identification:_identify(src/pmb2_robot/pmb2_description) by extensions ['ros']
[0.299s] Level 1:colcon.colcon_core.package_identification:_identify(src/pmb2_robot/pmb2_description) by extension 'ros'
[0.300s] DEBUG:colcon.colcon_core.package_identification:Package 'src/pmb2_robot/pmb2_description' with type 'ros.ament_cmake' and name 'pmb2_description'
[0.300s] Level 1:colcon.colcon_core.package_identification:_identify(src/pmb2_robot/pmb2_robot) by extensions ['ignore', 'ignore_ament_install']
[0.300s] Level 1:colcon.colcon_core.package_identification:_identify(src/pmb2_robot/pmb2_robot) by extension 'ignore'
[0.300s] Level 1:colcon.colcon_core.package_identification:_identify(src/pmb2_robot/pmb2_robot) by extension 'ignore_ament_install'
[0.300s] Level 1:colcon.colcon_core.package_identification:_identify(src/pmb2_robot/pmb2_robot) by extensions ['colcon_pkg']
[0.300s] Level 1:colcon.colcon_core.package_identification:_identify(src/pmb2_robot/pmb2_robot) by extension 'colcon_pkg'
[0.300s] Level 1:colcon.colcon_core.package_identification:_identify(src/pmb2_robot/pmb2_robot) by extensions ['colcon_meta']
[0.300s] Level 1:colcon.colcon_core.package_identification:_identify(src/pmb2_robot/pmb2_robot) by extension 'colcon_meta'
[0.300s] Level 1:colcon.colcon_core.package_identification:_identify(src/pmb2_robot/pmb2_robot) by extensions ['ros']
[0.300s] Level 1:colcon.colcon_core.package_identification:_identify(src/pmb2_robot/pmb2_robot) by extension 'ros'
[0.300s] DEBUG:colcon.colcon_core.package_identification:Package 'src/pmb2_robot/pmb2_robot' with type 'ros.ament_cmake' and name 'pmb2_robot'
[0.300s] Level 1:colcon.colcon_core.package_identification:_identify(src/tests) by extensions ['ignore', 'ignore_ament_install']
[0.301s] Level 1:colcon.colcon_core.package_identification:_identify(src/tests) by extension 'ignore'
[0.301s] Level 1:colcon.colcon_core.package_identification:_identify(src/tests) by extension 'ignore_ament_install'
[0.301s] Level 1:colcon.colcon_core.package_identification:_identify(src/tests) by extensions ['colcon_pkg']
[0.301s] Level 1:colcon.colcon_core.package_identification:_identify(src/tests) by extension 'colcon_pkg'
[0.301s] Level 1:colcon.colcon_core.package_identification:_identify(src/tests) by extensions ['colcon_meta']
[0.301s] Level 1:colcon.colcon_core.package_identification:_identify(src/tests) by extension 'colcon_meta'
[0.301s] Level 1:colcon.colcon_core.package_identification:_identify(src/tests) by extensions ['ros']
[0.301s] Level 1:colcon.colcon_core.package_identification:_identify(src/tests) by extension 'ros'
[0.301s] DEBUG:colcon.colcon_core.package_identification:Package 'src/tests' with type 'ros.ament_python' and name 'tests'
[0.301s] Level 1:colcon.colcon_core.package_identification:_identify(src/tiago_moveit_config) by extensions ['ignore', 'ignore_ament_install']
[0.301s] Level 1:colcon.colcon_core.package_identification:_identify(src/tiago_moveit_config) by extension 'ignore'
[0.301s] Level 1:colcon.colcon_core.package_identification:_identify(src/tiago_moveit_config) by extension 'ignore_ament_install'
[0.302s] Level 1:colcon.colcon_core.package_identification:_identify(src/tiago_moveit_config) by extensions ['colcon_pkg']
[0.302s] Level 1:colcon.colcon_core.package_identification:_identify(src/tiago_moveit_config) by extension 'colcon_pkg'
[0.302s] Level 1:colcon.colcon_core.package_identification:_identify(src/tiago_moveit_config) by extensions ['colcon_meta']
[0.302s] Level 1:colcon.colcon_core.package_identification:_identify(src/tiago_moveit_config) by extension 'colcon_meta'
[0.302s] Level 1:colcon.colcon_core.package_identification:_identify(src/tiago_moveit_config) by extensions ['ros']
[0.302s] Level 1:colcon.colcon_core.package_identification:_identify(src/tiago_moveit_config) by extension 'ros'
[0.302s] DEBUG:colcon.colcon_core.package_identification:Package 'src/tiago_moveit_config' with type 'ros.ament_cmake' and name 'tiago_moveit_config'
[0.303s] Level 1:colcon.colcon_core.package_identification:_identify(src/tiago_navigation) by extensions ['ignore', 'ignore_ament_install']
[0.303s] Level 1:colcon.colcon_core.package_identification:_identify(src/tiago_navigation) by extension 'ignore'
[0.303s] Level 1:colcon.colcon_core.package_identification:_identify(src/tiago_navigation) by extension 'ignore_ament_install'
[0.303s] Level 1:colcon.colcon_core.package_identification:_identify(src/tiago_navigation) by extensions ['colcon_pkg']
[0.303s] Level 1:colcon.colcon_core.package_identification:_identify(src/tiago_navigation) by extension 'colcon_pkg'
[0.303s] Level 1:colcon.colcon_core.package_identification:_identify(src/tiago_navigation) by extensions ['colcon_meta']
[0.303s] Level 1:colcon.colcon_core.package_identification:_identify(src/tiago_navigation) by extension 'colcon_meta'
[0.303s] Level 1:colcon.colcon_core.package_identification:_identify(src/tiago_navigation) by extensions ['ros']
[0.303s] Level 1:colcon.colcon_core.package_identification:_identify(src/tiago_navigation) by extension 'ros'
[0.303s] Level 1:colcon.colcon_core.package_identification:_identify(src/tiago_navigation) by extensions ['cmake', 'python']
[0.303s] Level 1:colcon.colcon_core.package_identification:_identify(src/tiago_navigation) by extension 'cmake'
[0.303s] Level 1:colcon.colcon_core.package_identification:_identify(src/tiago_navigation) by extension 'python'
[0.303s] Level 1:colcon.colcon_core.package_identification:_identify(src/tiago_navigation) by extensions ['python_setup_py']
[0.303s] Level 1:colcon.colcon_core.package_identification:_identify(src/tiago_navigation) by extension 'python_setup_py'
[0.303s] Level 1:colcon.colcon_core.package_identification:_identify(src/tiago_navigation/tiago_2dnav) by extensions ['ignore', 'ignore_ament_install']
[0.303s] Level 1:colcon.colcon_core.package_identification:_identify(src/tiago_navigation/tiago_2dnav) by extension 'ignore'
[0.303s] Level 1:colcon.colcon_core.package_identification:_identify(src/tiago_navigation/tiago_2dnav) by extension 'ignore_ament_install'
[0.303s] Level 1:colcon.colcon_core.package_identification:_identify(src/tiago_navigation/tiago_2dnav) by extensions ['colcon_pkg']
[0.303s] Level 1:colcon.colcon_core.package_identification:_identify(src/tiago_navigation/tiago_2dnav) by extension 'colcon_pkg'
[0.303s] Level 1:colcon.colcon_core.package_identification:_identify(src/tiago_navigation/tiago_2dnav) by extensions ['colcon_meta']
[0.303s] Level 1:colcon.colcon_core.package_identification:_identify(src/tiago_navigation/tiago_2dnav) by extension 'colcon_meta'
[0.303s] Level 1:colcon.colcon_core.package_identification:_identify(src/tiago_navigation/tiago_2dnav) by extensions ['ros']
[0.303s] Level 1:colcon.colcon_core.package_identification:_identify(src/tiago_navigation/tiago_2dnav) by extension 'ros'
[0.304s] DEBUG:colcon.colcon_core.package_identification:Package 'src/tiago_navigation/tiago_2dnav' with type 'ros.ament_cmake' and name 'tiago_2dnav'
[0.304s] Level 1:colcon.colcon_core.package_identification:_identify(src/tiago_navigation/tiago_laser_sensors) by extensions ['ignore', 'ignore_ament_install']
[0.304s] Level 1:colcon.colcon_core.package_identification:_identify(src/tiago_navigation/tiago_laser_sensors) by extension 'ignore'
[0.304s] Level 1:colcon.colcon_core.package_identification:_identify(src/tiago_navigation/tiago_laser_sensors) by extension 'ignore_ament_install'
[0.304s] Level 1:colcon.colcon_core.package_identification:_identify(src/tiago_navigation/tiago_laser_sensors) by extensions ['colcon_pkg']
[0.304s] Level 1:colcon.colcon_core.package_identification:_identify(src/tiago_navigation/tiago_laser_sensors) by extension 'colcon_pkg'
[0.304s] Level 1:colcon.colcon_core.package_identification:_identify(src/tiago_navigation/tiago_laser_sensors) by extensions ['colcon_meta']
[0.304s] Level 1:colcon.colcon_core.package_identification:_identify(src/tiago_navigation/tiago_laser_sensors) by extension 'colcon_meta'
[0.304s] Level 1:colcon.colcon_core.package_identification:_identify(src/tiago_navigation/tiago_laser_sensors) by extensions ['ros']
[0.304s] Level 1:colcon.colcon_core.package_identification:_identify(src/tiago_navigation/tiago_laser_sensors) by extension 'ros'
[0.305s] DEBUG:colcon.colcon_core.package_identification:Package 'src/tiago_navigation/tiago_laser_sensors' with type 'ros.ament_cmake' and name 'tiago_laser_sensors'
[0.305s] Level 1:colcon.colcon_core.package_identification:_identify(src/tiago_navigation/tiago_navigation) by extensions ['ignore', 'ignore_ament_install']
[0.305s] Level 1:colcon.colcon_core.package_identification:_identify(src/tiago_navigation/tiago_navigation) by extension 'ignore'
[0.305s] Level 1:colcon.colcon_core.package_identification:_identify(src/tiago_navigation/tiago_navigation) by extension 'ignore_ament_install'
[0.305s] Level 1:colcon.colcon_core.package_identification:_identify(src/tiago_navigation/tiago_navigation) by extensions ['colcon_pkg']
[0.305s] Level 1:colcon.colcon_core.package_identification:_identify(src/tiago_navigation/tiago_navigation) by extension 'colcon_pkg'
[0.305s] Level 1:colcon.colcon_core.package_identification:_identify(src/tiago_navigation/tiago_navigation) by extensions ['colcon_meta']
[0.305s] Level 1:colcon.colcon_core.package_identification:_identify(src/tiago_navigation/tiago_navigation) by extension 'colcon_meta'
[0.305s] Level 1:colcon.colcon_core.package_identification:_identify(src/tiago_navigation/tiago_navigation) by extensions ['ros']
[0.305s] Level 1:colcon.colcon_core.package_identification:_identify(src/tiago_navigation/tiago_navigation) by extension 'ros'
[0.306s] DEBUG:colcon.colcon_core.package_identification:Package 'src/tiago_navigation/tiago_navigation' with type 'ros.ament_cmake' and name 'tiago_navigation'
[0.306s] Level 1:colcon.colcon_core.package_identification:_identify(src/tiago_navigation/tiago_rgbd_sensors) by extensions ['ignore', 'ignore_ament_install']
[0.306s] Level 1:colcon.colcon_core.package_identification:_identify(src/tiago_navigation/tiago_rgbd_sensors) by extension 'ignore'
[0.306s] Level 1:colcon.colcon_core.package_identification:_identify(src/tiago_navigation/tiago_rgbd_sensors) by extension 'ignore_ament_install'
[0.306s] Level 1:colcon.colcon_core.package_identification:_identify(src/tiago_navigation/tiago_rgbd_sensors) by extensions ['colcon_pkg']
[0.306s] Level 1:colcon.colcon_core.package_identification:_identify(src/tiago_navigation/tiago_rgbd_sensors) by extension 'colcon_pkg'
[0.306s] Level 1:colcon.colcon_core.package_identification:_identify(src/tiago_navigation/tiago_rgbd_sensors) by extensions ['colcon_meta']
[0.306s] Level 1:colcon.colcon_core.package_identification:_identify(src/tiago_navigation/tiago_rgbd_sensors) by extension 'colcon_meta'
[0.306s] Level 1:colcon.colcon_core.package_identification:_identify(src/tiago_navigation/tiago_rgbd_sensors) by extensions ['ros']
[0.306s] Level 1:colcon.colcon_core.package_identification:_identify(src/tiago_navigation/tiago_rgbd_sensors) by extension 'ros'
[0.307s] DEBUG:colcon.colcon_core.package_identification:Package 'src/tiago_navigation/tiago_rgbd_sensors' with type 'ros.ament_cmake' and name 'tiago_rgbd_sensors'
[0.307s] Level 1:colcon.colcon_core.package_identification:_identify(src/tiago_robot) by extensions ['ignore', 'ignore_ament_install']
[0.307s] Level 1:colcon.colcon_core.package_identification:_identify(src/tiago_robot) by extension 'ignore'
[0.307s] Level 1:colcon.colcon_core.package_identification:_identify(src/tiago_robot) by extension 'ignore_ament_install'
[0.307s] Level 1:colcon.colcon_core.package_identification:_identify(src/tiago_robot) by extensions ['colcon_pkg']
[0.308s] Level 1:colcon.colcon_core.package_identification:_identify(src/tiago_robot) by extension 'colcon_pkg'
[0.308s] Level 1:colcon.colcon_core.package_identification:_identify(src/tiago_robot) by extensions ['colcon_meta']
[0.308s] Level 1:colcon.colcon_core.package_identification:_identify(src/tiago_robot) by extension 'colcon_meta'
[0.308s] Level 1:colcon.colcon_core.package_identification:_identify(src/tiago_robot) by extensions ['ros']
[0.308s] Level 1:colcon.colcon_core.package_identification:_identify(src/tiago_robot) by extension 'ros'
[0.308s] Level 1:colcon.colcon_core.package_identification:_identify(src/tiago_robot) by extensions ['cmake', 'python']
[0.308s] Level 1:colcon.colcon_core.package_identification:_identify(src/tiago_robot) by extension 'cmake'
[0.308s] Level 1:colcon.colcon_core.package_identification:_identify(src/tiago_robot) by extension 'python'
[0.308s] Level 1:colcon.colcon_core.package_identification:_identify(src/tiago_robot) by extensions ['python_setup_py']
[0.308s] Level 1:colcon.colcon_core.package_identification:_identify(src/tiago_robot) by extension 'python_setup_py'
[0.308s] Level 1:colcon.colcon_core.package_identification:_identify(src/tiago_robot/tiago_bringup) by extensions ['ignore', 'ignore_ament_install']
[0.308s] Level 1:colcon.colcon_core.package_identification:_identify(src/tiago_robot/tiago_bringup) by extension 'ignore'
[0.308s] Level 1:colcon.colcon_core.package_identification:_identify(src/tiago_robot/tiago_bringup) by extension 'ignore_ament_install'
[0.308s] Level 1:colcon.colcon_core.package_identification:_identify(src/tiago_robot/tiago_bringup) by extensions ['colcon_pkg']
[0.308s] Level 1:colcon.colcon_core.package_identification:_identify(src/tiago_robot/tiago_bringup) by extension 'colcon_pkg'
[0.308s] Level 1:colcon.colcon_core.package_identification:_identify(src/tiago_robot/tiago_bringup) by extensions ['colcon_meta']
[0.308s] Level 1:colcon.colcon_core.package_identification:_identify(src/tiago_robot/tiago_bringup) by extension 'colcon_meta'
[0.308s] Level 1:colcon.colcon_core.package_identification:_identify(src/tiago_robot/tiago_bringup) by extensions ['ros']
[0.308s] Level 1:colcon.colcon_core.package_identification:_identify(src/tiago_robot/tiago_bringup) by extension 'ros'
[0.309s] DEBUG:colcon.colcon_core.package_identification:Package 'src/tiago_robot/tiago_bringup' with type 'ros.ament_cmake' and name 'tiago_bringup'
[0.309s] Level 1:colcon.colcon_core.package_identification:_identify(src/tiago_robot/tiago_controller_configuration) by extensions ['ignore', 'ignore_ament_install']
[0.309s] Level 1:colcon.colcon_core.package_identification:_identify(src/tiago_robot/tiago_controller_configuration) by extension 'ignore'
[0.309s] Level 1:colcon.colcon_core.package_identification:_identify(src/tiago_robot/tiago_controller_configuration) by extension 'ignore_ament_install'
[0.309s] Level 1:colcon.colcon_core.package_identification:_identify(src/tiago_robot/tiago_controller_configuration) by extensions ['colcon_pkg']
[0.309s] Level 1:colcon.colcon_core.package_identification:_identify(src/tiago_robot/tiago_controller_configuration) by extension 'colcon_pkg'
[0.309s] Level 1:colcon.colcon_core.package_identification:_identify(src/tiago_robot/tiago_controller_configuration) by extensions ['colcon_meta']
[0.310s] Level 1:colcon.colcon_core.package_identification:_identify(src/tiago_robot/tiago_controller_configuration) by extension 'colcon_meta'
[0.310s] Level 1:colcon.colcon_core.package_identification:_identify(src/tiago_robot/tiago_controller_configuration) by extensions ['ros']
[0.310s] Level 1:colcon.colcon_core.package_identification:_identify(src/tiago_robot/tiago_controller_configuration) by extension 'ros'
[0.311s] DEBUG:colcon.colcon_core.package_identification:Package 'src/tiago_robot/tiago_controller_configuration' with type 'ros.ament_cmake' and name 'tiago_controller_configuration'
[0.311s] Level 1:colcon.colcon_core.package_identification:_identify(src/tiago_robot/tiago_description) by extensions ['ignore', 'ignore_ament_install']
[0.311s] Level 1:colcon.colcon_core.package_identification:_identify(src/tiago_robot/tiago_description) by extension 'ignore'
[0.311s] Level 1:colcon.colcon_core.package_identification:_identify(src/tiago_robot/tiago_description) by extension 'ignore_ament_install'
[0.311s] Level 1:colcon.colcon_core.package_identification:_identify(src/tiago_robot/tiago_description) by extensions ['colcon_pkg']
[0.311s] Level 1:colcon.colcon_core.package_identification:_identify(src/tiago_robot/tiago_description) by extension 'colcon_pkg'
[0.311s] Level 1:colcon.colcon_core.package_identification:_identify(src/tiago_robot/tiago_description) by extensions ['colcon_meta']
[0.311s] Level 1:colcon.colcon_core.package_identification:_identify(src/tiago_robot/tiago_description) by extension 'colcon_meta'
[0.311s] Level 1:colcon.colcon_core.package_identification:_identify(src/tiago_robot/tiago_description) by extensions ['ros']
[0.311s] Level 1:colcon.colcon_core.package_identification:_identify(src/tiago_robot/tiago_description) by extension 'ros'
[0.312s] DEBUG:colcon.colcon_core.package_identification:Package 'src/tiago_robot/tiago_description' with type 'ros.ament_cmake' and name 'tiago_description'
[0.312s] Level 1:colcon.colcon_core.package_identification:_identify(src/tiago_robot/tiago_robot) by extensions ['ignore', 'ignore_ament_install']
[0.312s] Level 1:colcon.colcon_core.package_identification:_identify(src/tiago_robot/tiago_robot) by extension 'ignore'
[0.312s] Level 1:colcon.colcon_core.package_identification:_identify(src/tiago_robot/tiago_robot) by extension 'ignore_ament_install'
[0.312s] Level 1:colcon.colcon_core.package_identification:_identify(src/tiago_robot/tiago_robot) by extensions ['colcon_pkg']
[0.312s] Level 1:colcon.colcon_core.package_identification:_identify(src/tiago_robot/tiago_robot) by extension 'colcon_pkg'
[0.312s] Level 1:colcon.colcon_core.package_identification:_identify(src/tiago_robot/tiago_robot) by extensions ['colcon_meta']
[0.312s] Level 1:colcon.colcon_core.package_identification:_identify(src/tiago_robot/tiago_robot) by extension 'colcon_meta'
[0.312s] Level 1:colcon.colcon_core.package_identification:_identify(src/tiago_robot/tiago_robot) by extensions ['ros']
[0.312s] Level 1:colcon.colcon_core.package_identification:_identify(src/tiago_robot/tiago_robot) by extension 'ros'
[0.313s] DEBUG:colcon.colcon_core.package_identification:Package 'src/tiago_robot/tiago_robot' with type 'ros.ament_cmake' and name 'tiago_robot'
[0.313s] Level 1:colcon.colcon_core.package_identification:_identify(src/tiago_simulation) by extensions ['ignore', 'ignore_ament_install']
[0.313s] Level 1:colcon.colcon_core.package_identification:_identify(src/tiago_simulation) by extension 'ignore'
[0.313s] Level 1:colcon.colcon_core.package_identification:_identify(src/tiago_simulation) by extension 'ignore_ament_install'
[0.313s] Level 1:colcon.colcon_core.package_identification:_identify(src/tiago_simulation) by extensions ['colcon_pkg']
[0.313s] Level 1:colcon.colcon_core.package_identification:_identify(src/tiago_simulation) by extension 'colcon_pkg'
[0.313s] Level 1:colcon.colcon_core.package_identification:_identify(src/tiago_simulation) by extensions ['colcon_meta']
[0.313s] Level 1:colcon.colcon_core.package_identification:_identify(src/tiago_simulation) by extension 'colcon_meta'
[0.313s] Level 1:colcon.colcon_core.package_identification:_identify(src/tiago_simulation) by extensions ['ros']
[0.313s] Level 1:colcon.colcon_core.package_identification:_identify(src/tiago_simulation) by extension 'ros'
[0.313s] Level 1:colcon.colcon_core.package_identification:_identify(src/tiago_simulation) by extensions ['cmake', 'python']
[0.313s] Level 1:colcon.colcon_core.package_identification:_identify(src/tiago_simulation) by extension 'cmake'
[0.313s] Level 1:colcon.colcon_core.package_identification:_identify(src/tiago_simulation) by extension 'python'
[0.313s] Level 1:colcon.colcon_core.package_identification:_identify(src/tiago_simulation) by extensions ['python_setup_py']
[0.313s] Level 1:colcon.colcon_core.package_identification:_identify(src/tiago_simulation) by extension 'python_setup_py'
[0.313s] Level 1:colcon.colcon_core.package_identification:_identify(src/tiago_simulation/doc) by extensions ['ignore', 'ignore_ament_install']
[0.313s] Level 1:colcon.colcon_core.package_identification:_identify(src/tiago_simulation/doc) by extension 'ignore'
[0.313s] Level 1:colcon.colcon_core.package_identification:_identify(src/tiago_simulation/doc) by extension 'ignore_ament_install'
[0.314s] Level 1:colcon.colcon_core.package_identification:_identify(src/tiago_simulation/doc) by extensions ['colcon_pkg']
[0.314s] Level 1:colcon.colcon_core.package_identification:_identify(src/tiago_simulation/doc) by extension 'colcon_pkg'
[0.314s] Level 1:colcon.colcon_core.package_identification:_identify(src/tiago_simulation/doc) by extensions ['colcon_meta']
[0.314s] Level 1:colcon.colcon_core.package_identification:_identify(src/tiago_simulation/doc) by extension 'colcon_meta'
[0.314s] Level 1:colcon.colcon_core.package_identification:_identify(src/tiago_simulation/doc) by extensions ['ros']
[0.314s] Level 1:colcon.colcon_core.package_identification:_identify(src/tiago_simulation/doc) by extension 'ros'
[0.314s] Level 1:colcon.colcon_core.package_identification:_identify(src/tiago_simulation/doc) by extensions ['cmake', 'python']
[0.314s] Level 1:colcon.colcon_core.package_identification:_identify(src/tiago_simulation/doc) by extension 'cmake'
[0.314s] Level 1:colcon.colcon_core.package_identification:_identify(src/tiago_simulation/doc) by extension 'python'
[0.314s] Level 1:colcon.colcon_core.package_identification:_identify(src/tiago_simulation/doc) by extensions ['python_setup_py']
[0.314s] Level 1:colcon.colcon_core.package_identification:_identify(src/tiago_simulation/doc) by extension 'python_setup_py'
[0.314s] Level 1:colcon.colcon_core.package_identification:_identify(src/tiago_simulation/doc/media) by extensions ['ignore', 'ignore_ament_install']
[0.314s] Level 1:colcon.colcon_core.package_identification:_identify(src/tiago_simulation/doc/media) by extension 'ignore'
[0.314s] Level 1:colcon.colcon_core.package_identification:_identify(src/tiago_simulation/doc/media) by extension 'ignore_ament_install'
[0.314s] Level 1:colcon.colcon_core.package_identification:_identify(src/tiago_simulation/doc/media) by extensions ['colcon_pkg']
[0.314s] Level 1:colcon.colcon_core.package_identification:_identify(src/tiago_simulation/doc/media) by extension 'colcon_pkg'
[0.314s] Level 1:colcon.colcon_core.package_identification:_identify(src/tiago_simulation/doc/media) by extensions ['colcon_meta']
[0.314s] Level 1:colcon.colcon_core.package_identification:_identify(src/tiago_simulation/doc/media) by extension 'colcon_meta'
[0.314s] Level 1:colcon.colcon_core.package_identification:_identify(src/tiago_simulation/doc/media) by extensions ['ros']
[0.314s] Level 1:colcon.colcon_core.package_identification:_identify(src/tiago_simulation/doc/media) by extension 'ros'
[0.314s] Level 1:colcon.colcon_core.package_identification:_identify(src/tiago_simulation/doc/media) by extensions ['cmake', 'python']
[0.314s] Level 1:colcon.colcon_core.package_identification:_identify(src/tiago_simulation/doc/media) by extension 'cmake'
[0.314s] Level 1:colcon.colcon_core.package_identification:_identify(src/tiago_simulation/doc/media) by extension 'python'
[0.314s] Level 1:colcon.colcon_core.package_identification:_identify(src/tiago_simulation/doc/media) by extensions ['python_setup_py']
[0.314s] Level 1:colcon.colcon_core.package_identification:_identify(src/tiago_simulation/doc/media) by extension 'python_setup_py'
[0.315s] Level 1:colcon.colcon_core.package_identification:_identify(src/tiago_simulation/tiago_gazebo) by extensions ['ignore', 'ignore_ament_install']
[0.315s] Level 1:colcon.colcon_core.package_identification:_identify(src/tiago_simulation/tiago_gazebo) by extension 'ignore'
[0.315s] Level 1:colcon.colcon_core.package_identification:_identify(src/tiago_simulation/tiago_gazebo) by extension 'ignore_ament_install'
[0.315s] Level 1:colcon.colcon_core.package_identification:_identify(src/tiago_simulation/tiago_gazebo) by extensions ['colcon_pkg']
[0.315s] Level 1:colcon.colcon_core.package_identification:_identify(src/tiago_simulation/tiago_gazebo) by extension 'colcon_pkg'
[0.315s] Level 1:colcon.colcon_core.package_identification:_identify(src/tiago_simulation/tiago_gazebo) by extensions ['colcon_meta']
[0.315s] Level 1:colcon.colcon_core.package_identification:_identify(src/tiago_simulation/tiago_gazebo) by extension 'colcon_meta'
[0.315s] Level 1:colcon.colcon_core.package_identification:_identify(src/tiago_simulation/tiago_gazebo) by extensions ['ros']
[0.315s] Level 1:colcon.colcon_core.package_identification:_identify(src/tiago_simulation/tiago_gazebo) by extension 'ros'
[0.316s] DEBUG:colcon.colcon_core.package_identification:Package 'src/tiago_simulation/tiago_gazebo' with type 'ros.ament_cmake' and name 'tiago_gazebo'
[0.316s] Level 1:colcon.colcon_core.package_identification:_identify(src/tiago_simulation/tiago_multi) by extensions ['ignore', 'ignore_ament_install']
[0.316s] Level 1:colcon.colcon_core.package_identification:_identify(src/tiago_simulation/tiago_multi) by extension 'ignore'
[0.316s] Level 1:colcon.colcon_core.package_identification:_identify(src/tiago_simulation/tiago_multi) ignored
[0.316s] Level 1:colcon.colcon_core.package_identification:_identify(src/tiago_simulation/tiago_simulation) by extensions ['ignore', 'ignore_ament_install']
[0.316s] Level 1:colcon.colcon_core.package_identification:_identify(src/tiago_simulation/tiago_simulation) by extension 'ignore'
[0.316s] Level 1:colcon.colcon_core.package_identification:_identify(src/tiago_simulation/tiago_simulation) by extension 'ignore_ament_install'
[0.316s] Level 1:colcon.colcon_core.package_identification:_identify(src/tiago_simulation/tiago_simulation) by extensions ['colcon_pkg']
[0.316s] Level 1:colcon.colcon_core.package_identification:_identify(src/tiago_simulation/tiago_simulation) by extension 'colcon_pkg'
[0.316s] Level 1:colcon.colcon_core.package_identification:_identify(src/tiago_simulation/tiago_simulation) by extensions ['colcon_meta']
[0.316s] Level 1:colcon.colcon_core.package_identification:_identify(src/tiago_simulation/tiago_simulation) by extension 'colcon_meta'
[0.316s] Level 1:colcon.colcon_core.package_identification:_identify(src/tiago_simulation/tiago_simulation) by extensions ['ros']
[0.316s] Level 1:colcon.colcon_core.package_identification:_identify(src/tiago_simulation/tiago_simulation) by extension 'ros'
[0.317s] DEBUG:colcon.colcon_core.package_identification:Package 'src/tiago_simulation/tiago_simulation' with type 'ros.ament_cmake' and name 'tiago_simulation'
[0.317s] Level 1:colcon.colcon_core.package_identification:_identify(src/urdf_test) by extensions ['ignore', 'ignore_ament_install']
[0.317s] Level 1:colcon.colcon_core.package_identification:_identify(src/urdf_test) by extension 'ignore'
[0.317s] Level 1:colcon.colcon_core.package_identification:_identify(src/urdf_test) by extension 'ignore_ament_install'
[0.317s] Level 1:colcon.colcon_core.package_identification:_identify(src/urdf_test) by extensions ['colcon_pkg']
[0.317s] Level 1:colcon.colcon_core.package_identification:_identify(src/urdf_test) by extension 'colcon_pkg'
[0.317s] Level 1:colcon.colcon_core.package_identification:_identify(src/urdf_test) by extensions ['colcon_meta']
[0.317s] Level 1:colcon.colcon_core.package_identification:_identify(src/urdf_test) by extension 'colcon_meta'
[0.317s] Level 1:colcon.colcon_core.package_identification:_identify(src/urdf_test) by extensions ['ros']
[0.317s] Level 1:colcon.colcon_core.package_identification:_identify(src/urdf_test) by extension 'ros'
[0.318s] DEBUG:colcon.colcon_core.package_identification:Package 'src/urdf_test' with type 'ros.ament_cmake' and name 'urdf_test'
[0.318s] Level 1:colcon.colcon_core.package_discovery:discover_packages(recursive) using defaults
[0.318s] Level 1:colcon.colcon_core.package_discovery:discover_packages(ignore) discover
[0.318s] Level 1:colcon.colcon_core.package_discovery:discover_packages(ignore) using defaults
[0.318s] Level 1:colcon.colcon_core.package_discovery:discover_packages(path) discover
[0.318s] Level 1:colcon.colcon_core.package_discovery:discover_packages(path) using defaults
[0.342s] INFO:colcon.colcon_core.package_selection:Skipping not selected package 'launch_pal' in 'src/launch_pal'
[0.342s] INFO:colcon.colcon_core.package_selection:Skipping not selected package 'pal_gazebo_worlds' in 'src/pal_gazebo_worlds'
[0.342s] INFO:colcon.colcon_core.package_selection:Skipping not selected package 'pal_gripper_controller_configuration' in 'src/pal_gripper/pal_gripper_controller_configuration'
[0.342s] INFO:colcon.colcon_core.package_selection:Skipping not selected package 'pal_hey5_controller_configuration' in 'src/pal_hey5/pal_hey5_controller_configuration'
[0.342s] INFO:colcon.colcon_core.package_selection:Skipping not selected package 'pal_navigation_cfg_params' in 'src/pal_navigation_cfg_public/pal_navigation_cfg_params'
[0.342s] INFO:colcon.colcon_core.package_selection:Skipping not selected package 'pal_robotiq_controller_configuration' in 'src/pal_robotiq_gripper/pal_robotiq_controller_configuration'
[0.342s] INFO:colcon.colcon_core.package_selection:Skipping not selected package 'pal_robotiq_description' in 'src/pal_robotiq_gripper/pal_robotiq_description'
[0.342s] INFO:colcon.colcon_core.package_selection:Skipping not selected package 'pal_urdf_utils' in 'src/pal_urdf_utils'
[0.342s] INFO:colcon.colcon_core.package_selection:Skipping not selected package 'play_motion2_msgs' in 'src/play_motion2/play_motion2_msgs'
[0.342s] INFO:colcon.colcon_core.package_selection:Skipping not selected package 'pmb2_laser_sensors' in 'src/pmb2_navigation/pmb2_laser_sensors'
[0.342s] INFO:colcon.colcon_core.package_selection:Skipping not selected package 'tiago_rgbd_sensors' in 'src/tiago_navigation/tiago_rgbd_sensors'
[0.342s] INFO:colcon.colcon_core.package_selection:Skipping not selected package 'urdf_test' in 'src/urdf_test'
[0.342s] INFO:colcon.colcon_core.package_selection:Skipping not selected package 'pal_gripper_description' in 'src/pal_gripper/pal_gripper_description'
[0.342s] INFO:colcon.colcon_core.package_selection:Skipping not selected package 'pal_hey5_description' in 'src/pal_hey5/pal_hey5_description'
[0.342s] INFO:colcon.colcon_core.package_selection:Skipping not selected package 'pal_navigation_cfg_bringup' in 'src/pal_navigation_cfg_public/pal_navigation_cfg_bringup'
[0.342s] INFO:colcon.colcon_core.package_selection:Skipping not selected package 'pal_robotiq_gripper' in 'src/pal_robotiq_gripper/pal_robotiq_gripper'
[0.342s] INFO:colcon.colcon_core.package_selection:Skipping not selected package 'play_motion2' in 'src/play_motion2/play_motion2'
[0.342s] INFO:colcon.colcon_core.package_selection:Skipping not selected package 'pmb2_2dnav' in 'src/pmb2_navigation/pmb2_2dnav'
[0.343s] INFO:colcon.colcon_core.package_selection:Skipping not selected package 'pmb2_controller_configuration' in 'src/pmb2_robot/pmb2_controller_configuration'
[0.343s] INFO:colcon.colcon_core.package_selection:Skipping not selected package 'pmb2_description' in 'src/pmb2_robot/pmb2_description'
[0.343s] INFO:colcon.colcon_core.package_selection:Skipping not selected package 'pmb2_rgbd_sensors' in 'src/pmb2_navigation/pmb2_rgbd_sensors'
[0.343s] INFO:colcon.colcon_core.package_selection:Skipping not selected package 'tiago_laser_sensors' in 'src/tiago_navigation/tiago_laser_sensors'
[0.343s] INFO:colcon.colcon_core.package_selection:Skipping not selected package 'pal_gripper' in 'src/pal_gripper/pal_gripper'
[0.343s] INFO:colcon.colcon_core.package_selection:Skipping not selected package 'pal_gripper_simulation' in 'src/pal_gripper/pal_gripper_simulation'
[0.343s] INFO:colcon.colcon_core.package_selection:Skipping not selected package 'pal_hey5' in 'src/pal_hey5/pal_hey5'
[0.343s] INFO:colcon.colcon_core.package_selection:Skipping not selected package 'pal_navigation_cfg' in 'src/pal_navigation_cfg_public/pal_navigation_cfg_public'
[0.343s] INFO:colcon.colcon_core.package_selection:Skipping not selected package 'pmb2_bringup' in 'src/pmb2_robot/pmb2_bringup'
[0.343s] INFO:colcon.colcon_core.package_selection:Skipping not selected package 'pmb2_navigation' in 'src/pmb2_navigation/pmb2_navigation'
[0.343s] INFO:colcon.colcon_core.package_selection:Skipping not selected package 'tiago_2dnav' in 'src/tiago_navigation/tiago_2dnav'
[0.343s] INFO:colcon.colcon_core.package_selection:Skipping not selected package 'tiago_controller_configuration' in 'src/tiago_robot/tiago_controller_configuration'
[0.343s] INFO:colcon.colcon_core.package_selection:Skipping not selected package 'tiago_description' in 'src/tiago_robot/tiago_description'
[0.343s] INFO:colcon.colcon_core.package_selection:Skipping not selected package 'pmb2_robot' in 'src/pmb2_robot/pmb2_robot'
[0.343s] INFO:colcon.colcon_core.package_selection:Skipping not selected package 'tiago_bringup' in 'src/tiago_robot/tiago_bringup'
[0.343s] INFO:colcon.colcon_core.package_selection:Skipping not selected package 'tiago_moveit_config' in 'src/tiago_moveit_config'
[0.343s] INFO:colcon.colcon_core.package_selection:Skipping not selected package 'tiago_navigation' in 'src/tiago_navigation/tiago_navigation'
[0.343s] INFO:colcon.colcon_core.package_selection:Skipping not selected package 'tiago_gazebo' in 'src/tiago_simulation/tiago_gazebo'
[0.343s] INFO:colcon.colcon_core.package_selection:Skipping not selected package 'tiago_robot' in 'src/tiago_robot/tiago_robot'
[0.343s] INFO:colcon.colcon_core.package_selection:Skipping not selected package 'tiago_simulation' in 'src/tiago_simulation/tiago_simulation'
[0.343s] Level 1:colcon.colcon_core.package_discovery:discover_packages(prefix_path) check parameters
[0.343s] Level 1:colcon.colcon_core.package_discovery:discover_packages(prefix_path) discover
[0.347s] DEBUG:colcon.colcon_installed_package_information.package_discovery:Found 39 installed packages in /home/alberto/tfg/tests/tiago_tests/install
[0.349s] DEBUG:colcon.colcon_installed_package_information.package_discovery:Found 423 installed packages in /opt/ros/humble
[0.351s] Level 1:colcon.colcon_core.package_discovery:discover_packages(prefix_path) using defaults
[0.393s] Level 5:colcon.colcon_core.verb:set package 'tests' build argument 'cmake_args' from command line to 'None'
[0.393s] Level 5:colcon.colcon_core.verb:set package 'tests' build argument 'cmake_target' from command line to 'None'
[0.393s] Level 5:colcon.colcon_core.verb:set package 'tests' build argument 'cmake_target_skip_unavailable' from command line to 'False'
[0.393s] Level 5:colcon.colcon_core.verb:set package 'tests' build argument 'cmake_clean_cache' from command line to 'False'
[0.393s] Level 5:colcon.colcon_core.verb:set package 'tests' build argument 'cmake_clean_first' from command line to 'False'
[0.393s] Level 5:colcon.colcon_core.verb:set package 'tests' build argument 'cmake_force_configure' from command line to 'False'
[0.393s] Level 5:colcon.colcon_core.verb:set package 'tests' build argument 'ament_cmake_args' from command line to 'None'
[0.393s] Level 5:colcon.colcon_core.verb:set package 'tests' build argument 'catkin_cmake_args' from command line to 'None'
[0.393s] Level 5:colcon.colcon_core.verb:set package 'tests' build argument 'catkin_skip_building_tests' from command line to 'False'
[0.393s] DEBUG:colcon.colcon_core.verb:Building package 'tests' with the following arguments: {'ament_cmake_args': None, 'build_base': '/home/alberto/tfg/tests/tiago_tests/build/tests', 'catkin_cmake_args': None, 'catkin_skip_building_tests': False, 'cmake_args': None, 'cmake_clean_cache': False, 'cmake_clean_first': False, 'cmake_force_configure': False, 'cmake_target': None, 'cmake_target_skip_unavailable': False, 'install_base': '/home/alberto/tfg/tests/tiago_tests/install/tests', 'merge_install': False, 'path': '/home/alberto/tfg/tests/tiago_tests/src/tests', 'symlink_install': True, 'test_result_base': None}
[0.394s] INFO:colcon.colcon_core.executor:Executing jobs using 'parallel' executor
[0.394s] DEBUG:colcon.colcon_parallel_executor.executor.parallel:run_until_complete
[0.395s] INFO:colcon.colcon_ros.task.ament_python.build:Building ROS package in '/home/alberto/tfg/tests/tiago_tests/src/tests' with build type 'ament_python'
[0.395s] Level 1:colcon.colcon_core.shell:create_environment_hook('tests', 'ament_prefix_path')
[0.397s] INFO:colcon.colcon_core.plugin_system:Skipping extension 'colcon_core.shell.bat': Not used on non-Windows systems
[0.397s] INFO:colcon.colcon_core.shell:Creating environment hook '/home/alberto/tfg/tests/tiago_tests/install/tests/share/tests/hook/ament_prefix_path.ps1'
[0.398s] INFO:colcon.colcon_core.shell:Creating environment descriptor '/home/alberto/tfg/tests/tiago_tests/install/tests/share/tests/hook/ament_prefix_path.dsv'
[0.398s] INFO:colcon.colcon_core.shell:Creating environment hook '/home/alberto/tfg/tests/tiago_tests/install/tests/share/tests/hook/ament_prefix_path.sh'
[0.399s] INFO:colcon.colcon_core.shell:Skip shell extension 'powershell' for command environment: Not usable outside of PowerShell
[0.399s] DEBUG:colcon.colcon_core.shell:Skip shell extension 'dsv' for command environment
[0.634s] INFO:colcon.colcon_core.task.python.build:Building Python package in '/home/alberto/tfg/tests/tiago_tests/src/tests'
[0.634s] INFO:colcon.colcon_core.shell:Skip shell extension 'powershell' for command environment: Not usable outside of PowerShell
[0.634s] DEBUG:colcon.colcon_core.shell:Skip shell extension 'dsv' for command environment
[0.962s] DEBUG:colcon.colcon_core.event_handler.log_command:Invoking command in '/home/alberto/tfg/tests/tiago_tests/build/tests': PYTHONPATH=/home/alberto/tfg/tests/tiago_tests/build/tests/prefix_override:/usr/lib/python3/dist-packages/colcon_core/task/python/colcon_distutils_commands:/home/alberto/tfg/tests/tiago_tests/install/tests/lib/python3.10/site-packages:${PYTHONPATH} /usr/bin/python3 -W ignore:setup.py install is deprecated -W ignore:easy_install command is deprecated setup.py develop --editable --build-directory /home/alberto/tfg/tests/tiago_tests/build/tests/build --no-deps symlink_data
[1.352s] Level 1:colcon.colcon_core.shell:create_environment_hook('tests', 'pythonpath_develop')
[1.353s] INFO:colcon.colcon_core.shell:Creating environment hook '/home/alberto/tfg/tests/tiago_tests/build/tests/share/tests/hook/pythonpath_develop.ps1'
[1.353s] DEBUG:colcon.colcon_core.event_handler.log_command:Invoked command in '/home/alberto/tfg/tests/tiago_tests/build/tests' returned '0': PYTHONPATH=/home/alberto/tfg/tests/tiago_tests/build/tests/prefix_override:/usr/lib/python3/dist-packages/colcon_core/task/python/colcon_distutils_commands:/home/alberto/tfg/tests/tiago_tests/install/tests/lib/python3.10/site-packages:${PYTHONPATH} /usr/bin/python3 -W ignore:setup.py install is deprecated -W ignore:easy_install command is deprecated setup.py develop --editable --build-directory /home/alberto/tfg/tests/tiago_tests/build/tests/build --no-deps symlink_data
[1.354s] INFO:colcon.colcon_core.shell:Creating environment descriptor '/home/alberto/tfg/tests/tiago_tests/build/tests/share/tests/hook/pythonpath_develop.dsv'
[1.354s] INFO:colcon.colcon_core.shell:Creating environment hook '/home/alberto/tfg/tests/tiago_tests/build/tests/share/tests/hook/pythonpath_develop.sh'
[1.356s] Level 1:colcon.colcon_core.environment:checking '/home/alberto/tfg/tests/tiago_tests/install/tests' for CMake module files
[1.357s] Level 1:colcon.colcon_core.environment:checking '/home/alberto/tfg/tests/tiago_tests/install/tests' for CMake config files
[1.357s] Level 1:colcon.colcon_core.environment:checking '/home/alberto/tfg/tests/tiago_tests/install/tests/lib'
[1.357s] Level 1:colcon.colcon_core.environment:checking '/home/alberto/tfg/tests/tiago_tests/install/tests/bin'
[1.357s] Level 1:colcon.colcon_core.environment:checking '/home/alberto/tfg/tests/tiago_tests/install/tests/lib/pkgconfig/tests.pc'
[1.357s] Level 1:colcon.colcon_core.environment:checking '/home/alberto/tfg/tests/tiago_tests/install/tests/lib/python3.10/site-packages'
[1.358s] Level 1:colcon.colcon_core.shell:create_environment_hook('tests', 'pythonpath')
[1.358s] INFO:colcon.colcon_core.shell:Creating environment hook '/home/alberto/tfg/tests/tiago_tests/install/tests/share/tests/hook/pythonpath.ps1'
[1.358s] INFO:colcon.colcon_core.shell:Creating environment descriptor '/home/alberto/tfg/tests/tiago_tests/install/tests/share/tests/hook/pythonpath.dsv'
[1.358s] INFO:colcon.colcon_core.shell:Creating environment hook '/home/alberto/tfg/tests/tiago_tests/install/tests/share/tests/hook/pythonpath.sh'
[1.359s] Level 1:colcon.colcon_core.environment:checking '/home/alberto/tfg/tests/tiago_tests/install/tests/bin'
[1.359s] Level 1:colcon.colcon_core.environment:create_environment_scripts_only(tests)
[1.359s] INFO:colcon.colcon_core.shell:Creating package script '/home/alberto/tfg/tests/tiago_tests/install/tests/share/tests/package.ps1'
[1.360s] INFO:colcon.colcon_core.shell:Creating package descriptor '/home/alberto/tfg/tests/tiago_tests/install/tests/share/tests/package.dsv'
[1.360s] INFO:colcon.colcon_core.shell:Creating package script '/home/alberto/tfg/tests/tiago_tests/install/tests/share/tests/package.sh'
[1.361s] INFO:colcon.colcon_core.shell:Creating package script '/home/alberto/tfg/tests/tiago_tests/install/tests/share/tests/package.bash'
[1.361s] INFO:colcon.colcon_core.shell:Creating package script '/home/alberto/tfg/tests/tiago_tests/install/tests/share/tests/package.zsh'
[1.362s] Level 1:colcon.colcon_core.environment:create_file_with_runtime_dependencies(/home/alberto/tfg/tests/tiago_tests/install/tests/share/colcon-core/packages/tests)
[1.362s] DEBUG:colcon.colcon_parallel_executor.executor.parallel:closing loop
[1.362s] DEBUG:colcon.colcon_parallel_executor.executor.parallel:loop closed
[1.363s] DEBUG:colcon.colcon_parallel_executor.executor.parallel:run_until_complete finished with '0'
[1.363s] DEBUG:colcon.colcon_core.event_reactor:joining thread
[1.367s] INFO:colcon.colcon_core.plugin_system:Skipping extension 'colcon_notification.desktop_notification.terminal_notifier': Not used on non-Darwin systems
[1.367s] INFO:colcon.colcon_core.plugin_system:Skipping extension 'colcon_notification.desktop_notification.win32': Not used on non-Windows systems
[1.367s] INFO:colcon.colcon_notification.desktop_notification:Sending desktop notification using 'notify2'
[1.378s] DEBUG:colcon.colcon_core.event_reactor:joined thread
[1.378s] INFO:colcon.colcon_core.shell:Creating prefix script '/home/alberto/tfg/tests/tiago_tests/install/local_setup.ps1'
[1.379s] INFO:colcon.colcon_core.shell:Creating prefix util module '/home/alberto/tfg/tests/tiago_tests/install/_local_setup_util_ps1.py'
[1.380s] INFO:colcon.colcon_core.shell:Creating prefix chain script '/home/alberto/tfg/tests/tiago_tests/install/setup.ps1'
[1.382s] INFO:colcon.colcon_core.shell:Creating prefix script '/home/alberto/tfg/tests/tiago_tests/install/local_setup.sh'
[1.383s] INFO:colcon.colcon_core.shell:Creating prefix util module '/home/alberto/tfg/tests/tiago_tests/install/_local_setup_util_sh.py'
[1.383s] INFO:colcon.colcon_core.shell:Creating prefix chain script '/home/alberto/tfg/tests/tiago_tests/install/setup.sh'
[1.386s] INFO:colcon.colcon_core.shell:Creating prefix script '/home/alberto/tfg/tests/tiago_tests/install/local_setup.bash'
[1.386s] INFO:colcon.colcon_core.shell:Creating prefix chain script '/home/alberto/tfg/tests/tiago_tests/install/setup.bash'
[1.389s] INFO:colcon.colcon_core.shell:Creating prefix script '/home/alberto/tfg/tests/tiago_tests/install/local_setup.zsh'
[1.389s] INFO:colcon.colcon_core.shell:Creating prefix chain script '/home/alberto/tfg/tests/tiago_tests/install/setup.zsh'
