[0.086s] DEBUG:colcon:Command line arguments: ['/usr/bin/colcon', 'build', '--packages-select', 'ruta_hospital']
[0.086s] DEBUG:colcon:Parsed command line arguments: Namespace(log_base=None, log_level=None, verb_name='build', build_base='build', install_base='install', merge_install=False, symlink_install=False, test_result_base=None, continue_on_error=False, executor='parallel', parallel_workers=16, event_handlers=None, ignore_user_meta=False, metas=['./colcon.meta'], base_paths=['.'], packages_ignore=None, packages_ignore_regex=None, paths=None, packages_up_to=None, packages_up_to_regex=None, packages_above=None, packages_above_and_dependencies=None, packages_above_depth=None, packages_select_by_dep=None, packages_skip_by_dep=None, packages_skip_up_to=None, packages_select_build_failed=False, packages_skip_build_finished=False, packages_select_test_failures=False, packages_skip_test_passed=False, packages_select=['ruta_hospital'], packages_skip=None, packages_select_regex=None, packages_skip_regex=None, packages_start=None, packages_end=None, allow_overriding=[], cmake_args=None, cmake_target=None, cmake_target_skip_unavailable=False, cmake_clean_cache=False, cmake_clean_first=False, cmake_force_configure=False, ament_cmake_args=None, catkin_cmake_args=None, catkin_skip_building_tests=False, mixin_files=None, mixin=None, verb_parser=<colcon_mixin.mixin.mixin_argument.MixinArgumentDecorator object at 0x7d08643acaf0>, verb_extension=<colcon_core.verb.build.BuildVerb object at 0x7d08643ac580>, main=<bound method BuildVerb.main of <colcon_core.verb.build.BuildVerb object at 0x7d08643ac580>>, mixin_verb=('build',))
[0.265s] Level 1:colcon.colcon_core.package_discovery:discover_packages(colcon_meta) check parameters
[0.266s] Level 1:colcon.colcon_core.package_discovery:discover_packages(recursive) check parameters
[0.266s] Level 1:colcon.colcon_core.package_discovery:discover_packages(ignore) check parameters
[0.266s] Level 1:colcon.colcon_core.package_discovery:discover_packages(path) check parameters
[0.266s] Level 1:colcon.colcon_core.package_discovery:discover_packages(colcon_meta) discover
[0.266s] Level 1:colcon.colcon_core.package_discovery:discover_packages(recursive) discover
[0.266s] INFO:colcon.colcon_core.package_discovery:Crawling recursively for packages in '/home/alberto/tfg/Reconocimiento-y-sintesis-visual-Tiago'
[0.266s] Level 1:colcon.colcon_core.package_identification:_identify(.) by extensions ['ignore', 'ignore_ament_install']
[0.266s] Level 1:colcon.colcon_core.package_identification:_identify(.) by extension 'ignore'
[0.266s] Level 1:colcon.colcon_core.package_identification:_identify(.) by extension 'ignore_ament_install'
[0.266s] Level 1:colcon.colcon_core.package_identification:_identify(.) by extensions ['colcon_pkg']
[0.266s] Level 1:colcon.colcon_core.package_identification:_identify(.) by extension 'colcon_pkg'
[0.266s] Level 1:colcon.colcon_core.package_identification:_identify(.) by extensions ['colcon_meta']
[0.266s] Level 1:colcon.colcon_core.package_identification:_identify(.) by extension 'colcon_meta'
[0.266s] Level 1:colcon.colcon_core.package_identification:_identify(.) by extensions ['ros']
[0.266s] Level 1:colcon.colcon_core.package_identification:_identify(.) by extension 'ros'
[0.299s] Level 1:colcon.colcon_core.package_identification:_identify(.) by extensions ['cmake', 'python']
[0.299s] Level 1:colcon.colcon_core.package_identification:_identify(.) by extension 'cmake'
[0.300s] Level 1:colcon.colcon_core.package_identification:_identify(.) by extension 'python'
[0.300s] Level 1:colcon.colcon_core.package_identification:_identify(.) by extensions ['python_setup_py']
[0.300s] Level 1:colcon.colcon_core.package_identification:_identify(.) by extension 'python_setup_py'
[0.300s] Level 1:colcon.colcon_core.package_identification:_identify(Metrics_History_Data) by extensions ['ignore', 'ignore_ament_install']
[0.300s] Level 1:colcon.colcon_core.package_identification:_identify(Metrics_History_Data) by extension 'ignore'
[0.300s] Level 1:colcon.colcon_core.package_identification:_identify(Metrics_History_Data) by extension 'ignore_ament_install'
[0.300s] Level 1:colcon.colcon_core.package_identification:_identify(Metrics_History_Data) by extensions ['colcon_pkg']
[0.300s] Level 1:colcon.colcon_core.package_identification:_identify(Metrics_History_Data) by extension 'colcon_pkg'
[0.300s] Level 1:colcon.colcon_core.package_identification:_identify(Metrics_History_Data) by extensions ['colcon_meta']
[0.300s] Level 1:colcon.colcon_core.package_identification:_identify(Metrics_History_Data) by extension 'colcon_meta'
[0.300s] Level 1:colcon.colcon_core.package_identification:_identify(Metrics_History_Data) by extensions ['ros']
[0.300s] Level 1:colcon.colcon_core.package_identification:_identify(Metrics_History_Data) by extension 'ros'
[0.300s] Level 1:colcon.colcon_core.package_identification:_identify(Metrics_History_Data) by extensions ['cmake', 'python']
[0.300s] Level 1:colcon.colcon_core.package_identification:_identify(Metrics_History_Data) by extension 'cmake'
[0.300s] Level 1:colcon.colcon_core.package_identification:_identify(Metrics_History_Data) by extension 'python'
[0.300s] Level 1:colcon.colcon_core.package_identification:_identify(Metrics_History_Data) by extensions ['python_setup_py']
[0.300s] Level 1:colcon.colcon_core.package_identification:_identify(Metrics_History_Data) by extension 'python_setup_py'
[0.300s] Level 1:colcon.colcon_core.package_identification:_identify(Metrics_History_Data/Mixto) by extensions ['ignore', 'ignore_ament_install']
[0.300s] Level 1:colcon.colcon_core.package_identification:_identify(Metrics_History_Data/Mixto) by extension 'ignore'
[0.300s] Level 1:colcon.colcon_core.package_identification:_identify(Metrics_History_Data/Mixto) by extension 'ignore_ament_install'
[0.300s] Level 1:colcon.colcon_core.package_identification:_identify(Metrics_History_Data/Mixto) by extensions ['colcon_pkg']
[0.301s] Level 1:colcon.colcon_core.package_identification:_identify(Metrics_History_Data/Mixto) by extension 'colcon_pkg'
[0.301s] Level 1:colcon.colcon_core.package_identification:_identify(Metrics_History_Data/Mixto) by extensions ['colcon_meta']
[0.301s] Level 1:colcon.colcon_core.package_identification:_identify(Metrics_History_Data/Mixto) by extension 'colcon_meta'
[0.301s] Level 1:colcon.colcon_core.package_identification:_identify(Metrics_History_Data/Mixto) by extensions ['ros']
[0.301s] Level 1:colcon.colcon_core.package_identification:_identify(Metrics_History_Data/Mixto) by extension 'ros'
[0.301s] Level 1:colcon.colcon_core.package_identification:_identify(Metrics_History_Data/Mixto) by extensions ['cmake', 'python']
[0.301s] Level 1:colcon.colcon_core.package_identification:_identify(Metrics_History_Data/Mixto) by extension 'cmake'
[0.301s] Level 1:colcon.colcon_core.package_identification:_identify(Metrics_History_Data/Mixto) by extension 'python'
[0.301s] Level 1:colcon.colcon_core.package_identification:_identify(Metrics_History_Data/Mixto) by extensions ['python_setup_py']
[0.301s] Level 1:colcon.colcon_core.package_identification:_identify(Metrics_History_Data/Mixto) by extension 'python_setup_py'
[0.301s] Level 1:colcon.colcon_core.package_identification:_identify(Metrics_History_Data/PorZonasJSON) by extensions ['ignore', 'ignore_ament_install']
[0.301s] Level 1:colcon.colcon_core.package_identification:_identify(Metrics_History_Data/PorZonasJSON) by extension 'ignore'
[0.301s] Level 1:colcon.colcon_core.package_identification:_identify(Metrics_History_Data/PorZonasJSON) by extension 'ignore_ament_install'
[0.301s] Level 1:colcon.colcon_core.package_identification:_identify(Metrics_History_Data/PorZonasJSON) by extensions ['colcon_pkg']
[0.301s] Level 1:colcon.colcon_core.package_identification:_identify(Metrics_History_Data/PorZonasJSON) by extension 'colcon_pkg'
[0.301s] Level 1:colcon.colcon_core.package_identification:_identify(Metrics_History_Data/PorZonasJSON) by extensions ['colcon_meta']
[0.301s] Level 1:colcon.colcon_core.package_identification:_identify(Metrics_History_Data/PorZonasJSON) by extension 'colcon_meta'
[0.301s] Level 1:colcon.colcon_core.package_identification:_identify(Metrics_History_Data/PorZonasJSON) by extensions ['ros']
[0.301s] Level 1:colcon.colcon_core.package_identification:_identify(Metrics_History_Data/PorZonasJSON) by extension 'ros'
[0.301s] Level 1:colcon.colcon_core.package_identification:_identify(Metrics_History_Data/PorZonasJSON) by extensions ['cmake', 'python']
[0.301s] Level 1:colcon.colcon_core.package_identification:_identify(Metrics_History_Data/PorZonasJSON) by extension 'cmake'
[0.301s] Level 1:colcon.colcon_core.package_identification:_identify(Metrics_History_Data/PorZonasJSON) by extension 'python'
[0.301s] Level 1:colcon.colcon_core.package_identification:_identify(Metrics_History_Data/PorZonasJSON) by extensions ['python_setup_py']
[0.302s] Level 1:colcon.colcon_core.package_identification:_identify(Metrics_History_Data/PorZonasJSON) by extension 'python_setup_py'
[0.302s] Level 1:colcon.colcon_core.package_identification:_identify(Metrics_History_Data/PorZonasLibre) by extensions ['ignore', 'ignore_ament_install']
[0.302s] Level 1:colcon.colcon_core.package_identification:_identify(Metrics_History_Data/PorZonasLibre) by extension 'ignore'
[0.302s] Level 1:colcon.colcon_core.package_identification:_identify(Metrics_History_Data/PorZonasLibre) by extension 'ignore_ament_install'
[0.302s] Level 1:colcon.colcon_core.package_identification:_identify(Metrics_History_Data/PorZonasLibre) by extensions ['colcon_pkg']
[0.302s] Level 1:colcon.colcon_core.package_identification:_identify(Metrics_History_Data/PorZonasLibre) by extension 'colcon_pkg'
[0.302s] Level 1:colcon.colcon_core.package_identification:_identify(Metrics_History_Data/PorZonasLibre) by extensions ['colcon_meta']
[0.302s] Level 1:colcon.colcon_core.package_identification:_identify(Metrics_History_Data/PorZonasLibre) by extension 'colcon_meta'
[0.302s] Level 1:colcon.colcon_core.package_identification:_identify(Metrics_History_Data/PorZonasLibre) by extensions ['ros']
[0.302s] Level 1:colcon.colcon_core.package_identification:_identify(Metrics_History_Data/PorZonasLibre) by extension 'ros'
[0.302s] Level 1:colcon.colcon_core.package_identification:_identify(Metrics_History_Data/PorZonasLibre) by extensions ['cmake', 'python']
[0.302s] Level 1:colcon.colcon_core.package_identification:_identify(Metrics_History_Data/PorZonasLibre) by extension 'cmake'
[0.302s] Level 1:colcon.colcon_core.package_identification:_identify(Metrics_History_Data/PorZonasLibre) by extension 'python'
[0.302s] Level 1:colcon.colcon_core.package_identification:_identify(Metrics_History_Data/PorZonasLibre) by extensions ['python_setup_py']
[0.302s] Level 1:colcon.colcon_core.package_identification:_identify(Metrics_History_Data/PorZonasLibre) by extension 'python_setup_py'
[0.302s] Level 1:colcon.colcon_core.package_identification:_identify(autogenerate_metrics) by extensions ['ignore', 'ignore_ament_install']
[0.302s] Level 1:colcon.colcon_core.package_identification:_identify(autogenerate_metrics) by extension 'ignore'
[0.302s] Level 1:colcon.colcon_core.package_identification:_identify(autogenerate_metrics) by extension 'ignore_ament_install'
[0.302s] Level 1:colcon.colcon_core.package_identification:_identify(autogenerate_metrics) by extensions ['colcon_pkg']
[0.302s] Level 1:colcon.colcon_core.package_identification:_identify(autogenerate_metrics) by extension 'colcon_pkg'
[0.302s] Level 1:colcon.colcon_core.package_identification:_identify(autogenerate_metrics) by extensions ['colcon_meta']
[0.302s] Level 1:colcon.colcon_core.package_identification:_identify(autogenerate_metrics) by extension 'colcon_meta'
[0.302s] Level 1:colcon.colcon_core.package_identification:_identify(autogenerate_metrics) by extensions ['ros']
[0.302s] Level 1:colcon.colcon_core.package_identification:_identify(autogenerate_metrics) by extension 'ros'
[0.303s] Level 1:colcon.colcon_core.package_identification:_identify(autogenerate_metrics) by extensions ['cmake', 'python']
[0.303s] Level 1:colcon.colcon_core.package_identification:_identify(autogenerate_metrics) by extension 'cmake'
[0.303s] Level 1:colcon.colcon_core.package_identification:_identify(autogenerate_metrics) by extension 'python'
[0.303s] Level 1:colcon.colcon_core.package_identification:_identify(autogenerate_metrics) by extensions ['python_setup_py']
[0.303s] Level 1:colcon.colcon_core.package_identification:_identify(autogenerate_metrics) by extension 'python_setup_py'
[0.303s] Level 1:colcon.colcon_core.package_identification:_identify(build) by extensions ['ignore', 'ignore_ament_install']
[0.303s] Level 1:colcon.colcon_core.package_identification:_identify(build) by extension 'ignore'
[0.303s] Level 1:colcon.colcon_core.package_identification:_identify(build) ignored
[0.303s] Level 1:colcon.colcon_core.package_identification:_identify(diagrams) by extensions ['ignore', 'ignore_ament_install']
[0.303s] Level 1:colcon.colcon_core.package_identification:_identify(diagrams) by extension 'ignore'
[0.303s] Level 1:colcon.colcon_core.package_identification:_identify(diagrams) by extension 'ignore_ament_install'
[0.303s] Level 1:colcon.colcon_core.package_identification:_identify(diagrams) by extensions ['colcon_pkg']
[0.303s] Level 1:colcon.colcon_core.package_identification:_identify(diagrams) by extension 'colcon_pkg'
[0.303s] Level 1:colcon.colcon_core.package_identification:_identify(diagrams) by extensions ['colcon_meta']
[0.303s] Level 1:colcon.colcon_core.package_identification:_identify(diagrams) by extension 'colcon_meta'
[0.303s] Level 1:colcon.colcon_core.package_identification:_identify(diagrams) by extensions ['ros']
[0.303s] Level 1:colcon.colcon_core.package_identification:_identify(diagrams) by extension 'ros'
[0.303s] Level 1:colcon.colcon_core.package_identification:_identify(diagrams) by extensions ['cmake', 'python']
[0.303s] Level 1:colcon.colcon_core.package_identification:_identify(diagrams) by extension 'cmake'
[0.303s] Level 1:colcon.colcon_core.package_identification:_identify(diagrams) by extension 'python'
[0.303s] Level 1:colcon.colcon_core.package_identification:_identify(diagrams) by extensions ['python_setup_py']
[0.303s] Level 1:colcon.colcon_core.package_identification:_identify(diagrams) by extension 'python_setup_py'
[0.304s] Level 1:colcon.colcon_core.package_identification:_identify(diagrams/sinEvaluador) by extensions ['ignore', 'ignore_ament_install']
[0.304s] Level 1:colcon.colcon_core.package_identification:_identify(diagrams/sinEvaluador) by extension 'ignore'
[0.304s] Level 1:colcon.colcon_core.package_identification:_identify(diagrams/sinEvaluador) by extension 'ignore_ament_install'
[0.304s] Level 1:colcon.colcon_core.package_identification:_identify(diagrams/sinEvaluador) by extensions ['colcon_pkg']
[0.304s] Level 1:colcon.colcon_core.package_identification:_identify(diagrams/sinEvaluador) by extension 'colcon_pkg'
[0.304s] Level 1:colcon.colcon_core.package_identification:_identify(diagrams/sinEvaluador) by extensions ['colcon_meta']
[0.304s] Level 1:colcon.colcon_core.package_identification:_identify(diagrams/sinEvaluador) by extension 'colcon_meta'
[0.304s] Level 1:colcon.colcon_core.package_identification:_identify(diagrams/sinEvaluador) by extensions ['ros']
[0.304s] Level 1:colcon.colcon_core.package_identification:_identify(diagrams/sinEvaluador) by extension 'ros'
[0.304s] Level 1:colcon.colcon_core.package_identification:_identify(diagrams/sinEvaluador) by extensions ['cmake', 'python']
[0.304s] Level 1:colcon.colcon_core.package_identification:_identify(diagrams/sinEvaluador) by extension 'cmake'
[0.304s] Level 1:colcon.colcon_core.package_identification:_identify(diagrams/sinEvaluador) by extension 'python'
[0.304s] Level 1:colcon.colcon_core.package_identification:_identify(diagrams/sinEvaluador) by extensions ['python_setup_py']
[0.304s] Level 1:colcon.colcon_core.package_identification:_identify(diagrams/sinEvaluador) by extension 'python_setup_py'
[0.304s] Level 1:colcon.colcon_core.package_identification:_identify(install) by extensions ['ignore', 'ignore_ament_install']
[0.304s] Level 1:colcon.colcon_core.package_identification:_identify(install) by extension 'ignore'
[0.304s] Level 1:colcon.colcon_core.package_identification:_identify(install) ignored
[0.304s] Level 1:colcon.colcon_core.package_identification:_identify(log) by extensions ['ignore', 'ignore_ament_install']
[0.304s] Level 1:colcon.colcon_core.package_identification:_identify(log) by extension 'ignore'
[0.304s] Level 1:colcon.colcon_core.package_identification:_identify(log) ignored
[0.304s] Level 1:colcon.colcon_core.package_identification:_identify(workspace) by extensions ['ignore', 'ignore_ament_install']
[0.305s] Level 1:colcon.colcon_core.package_identification:_identify(workspace) by extension 'ignore'
[0.305s] Level 1:colcon.colcon_core.package_identification:_identify(workspace) by extension 'ignore_ament_install'
[0.305s] Level 1:colcon.colcon_core.package_identification:_identify(workspace) by extensions ['colcon_pkg']
[0.305s] Level 1:colcon.colcon_core.package_identification:_identify(workspace) by extension 'colcon_pkg'
[0.305s] Level 1:colcon.colcon_core.package_identification:_identify(workspace) by extensions ['colcon_meta']
[0.305s] Level 1:colcon.colcon_core.package_identification:_identify(workspace) by extension 'colcon_meta'
[0.305s] Level 1:colcon.colcon_core.package_identification:_identify(workspace) by extensions ['ros']
[0.305s] Level 1:colcon.colcon_core.package_identification:_identify(workspace) by extension 'ros'
[0.305s] Level 1:colcon.colcon_core.package_identification:_identify(workspace) by extensions ['cmake', 'python']
[0.305s] Level 1:colcon.colcon_core.package_identification:_identify(workspace) by extension 'cmake'
[0.305s] Level 1:colcon.colcon_core.package_identification:_identify(workspace) by extension 'python'
[0.305s] Level 1:colcon.colcon_core.package_identification:_identify(workspace) by extensions ['python_setup_py']
[0.305s] Level 1:colcon.colcon_core.package_identification:_identify(workspace) by extension 'python_setup_py'
[0.305s] Level 1:colcon.colcon_core.package_identification:_identify(workspace/__pycache__) by extensions ['ignore', 'ignore_ament_install']
[0.305s] Level 1:colcon.colcon_core.package_identification:_identify(workspace/__pycache__) by extension 'ignore'
[0.305s] Level 1:colcon.colcon_core.package_identification:_identify(workspace/__pycache__) by extension 'ignore_ament_install'
[0.305s] Level 1:colcon.colcon_core.package_identification:_identify(workspace/__pycache__) by extensions ['colcon_pkg']
[0.305s] Level 1:colcon.colcon_core.package_identification:_identify(workspace/__pycache__) by extension 'colcon_pkg'
[0.305s] Level 1:colcon.colcon_core.package_identification:_identify(workspace/__pycache__) by extensions ['colcon_meta']
[0.305s] Level 1:colcon.colcon_core.package_identification:_identify(workspace/__pycache__) by extension 'colcon_meta'
[0.305s] Level 1:colcon.colcon_core.package_identification:_identify(workspace/__pycache__) by extensions ['ros']
[0.305s] Level 1:colcon.colcon_core.package_identification:_identify(workspace/__pycache__) by extension 'ros'
[0.305s] Level 1:colcon.colcon_core.package_identification:_identify(workspace/__pycache__) by extensions ['cmake', 'python']
[0.305s] Level 1:colcon.colcon_core.package_identification:_identify(workspace/__pycache__) by extension 'cmake'
[0.305s] Level 1:colcon.colcon_core.package_identification:_identify(workspace/__pycache__) by extension 'python'
[0.305s] Level 1:colcon.colcon_core.package_identification:_identify(workspace/__pycache__) by extensions ['python_setup_py']
[0.305s] Level 1:colcon.colcon_core.package_identification:_identify(workspace/__pycache__) by extension 'python_setup_py'
[0.306s] Level 1:colcon.colcon_core.package_identification:_identify(workspace/build) by extensions ['ignore', 'ignore_ament_install']
[0.306s] Level 1:colcon.colcon_core.package_identification:_identify(workspace/build) by extension 'ignore'
[0.306s] Level 1:colcon.colcon_core.package_identification:_identify(workspace/build) ignored
[0.306s] Level 1:colcon.colcon_core.package_identification:_identify(workspace/config) by extensions ['ignore', 'ignore_ament_install']
[0.306s] Level 1:colcon.colcon_core.package_identification:_identify(workspace/config) by extension 'ignore'
[0.306s] Level 1:colcon.colcon_core.package_identification:_identify(workspace/config) by extension 'ignore_ament_install'
[0.306s] Level 1:colcon.colcon_core.package_identification:_identify(workspace/config) by extensions ['colcon_pkg']
[0.306s] Level 1:colcon.colcon_core.package_identification:_identify(workspace/config) by extension 'colcon_pkg'
[0.306s] Level 1:colcon.colcon_core.package_identification:_identify(workspace/config) by extensions ['colcon_meta']
[0.306s] Level 1:colcon.colcon_core.package_identification:_identify(workspace/config) by extension 'colcon_meta'
[0.306s] Level 1:colcon.colcon_core.package_identification:_identify(workspace/config) by extensions ['ros']
[0.306s] Level 1:colcon.colcon_core.package_identification:_identify(workspace/config) by extension 'ros'
[0.306s] Level 1:colcon.colcon_core.package_identification:_identify(workspace/config) by extensions ['cmake', 'python']
[0.306s] Level 1:colcon.colcon_core.package_identification:_identify(workspace/config) by extension 'cmake'
[0.306s] Level 1:colcon.colcon_core.package_identification:_identify(workspace/config) by extension 'python'
[0.306s] Level 1:colcon.colcon_core.package_identification:_identify(workspace/config) by extensions ['python_setup_py']
[0.306s] Level 1:colcon.colcon_core.package_identification:_identify(workspace/config) by extension 'python_setup_py'
[0.307s] Level 1:colcon.colcon_core.package_identification:_identify(workspace/hospital_photos) by extensions ['ignore', 'ignore_ament_install']
[0.307s] Level 1:colcon.colcon_core.package_identification:_identify(workspace/hospital_photos) by extension 'ignore'
[0.307s] Level 1:colcon.colcon_core.package_identification:_identify(workspace/hospital_photos) by extension 'ignore_ament_install'
[0.307s] Level 1:colcon.colcon_core.package_identification:_identify(workspace/hospital_photos) by extensions ['colcon_pkg']
[0.307s] Level 1:colcon.colcon_core.package_identification:_identify(workspace/hospital_photos) by extension 'colcon_pkg'
[0.307s] Level 1:colcon.colcon_core.package_identification:_identify(workspace/hospital_photos) by extensions ['colcon_meta']
[0.307s] Level 1:colcon.colcon_core.package_identification:_identify(workspace/hospital_photos) by extension 'colcon_meta'
[0.307s] Level 1:colcon.colcon_core.package_identification:_identify(workspace/hospital_photos) by extensions ['ros']
[0.307s] Level 1:colcon.colcon_core.package_identification:_identify(workspace/hospital_photos) by extension 'ros'
[0.307s] Level 1:colcon.colcon_core.package_identification:_identify(workspace/hospital_photos) by extensions ['cmake', 'python']
[0.307s] Level 1:colcon.colcon_core.package_identification:_identify(workspace/hospital_photos) by extension 'cmake'
[0.307s] Level 1:colcon.colcon_core.package_identification:_identify(workspace/hospital_photos) by extension 'python'
[0.307s] Level 1:colcon.colcon_core.package_identification:_identify(workspace/hospital_photos) by extensions ['python_setup_py']
[0.307s] Level 1:colcon.colcon_core.package_identification:_identify(workspace/hospital_photos) by extension 'python_setup_py'
[0.307s] Level 1:colcon.colcon_core.package_identification:_identify(workspace/install) by extensions ['ignore', 'ignore_ament_install']
[0.307s] Level 1:colcon.colcon_core.package_identification:_identify(workspace/install) by extension 'ignore'
[0.307s] Level 1:colcon.colcon_core.package_identification:_identify(workspace/install) ignored
[0.307s] Level 1:colcon.colcon_core.package_identification:_identify(workspace/launch_files) by extensions ['ignore', 'ignore_ament_install']
[0.307s] Level 1:colcon.colcon_core.package_identification:_identify(workspace/launch_files) by extension 'ignore'
[0.307s] Level 1:colcon.colcon_core.package_identification:_identify(workspace/launch_files) by extension 'ignore_ament_install'
[0.307s] Level 1:colcon.colcon_core.package_identification:_identify(workspace/launch_files) by extensions ['colcon_pkg']
[0.307s] Level 1:colcon.colcon_core.package_identification:_identify(workspace/launch_files) by extension 'colcon_pkg'
[0.308s] Level 1:colcon.colcon_core.package_identification:_identify(workspace/launch_files) by extensions ['colcon_meta']
[0.308s] Level 1:colcon.colcon_core.package_identification:_identify(workspace/launch_files) by extension 'colcon_meta'
[0.308s] Level 1:colcon.colcon_core.package_identification:_identify(workspace/launch_files) by extensions ['ros']
[0.308s] Level 1:colcon.colcon_core.package_identification:_identify(workspace/launch_files) by extension 'ros'
[0.308s] Level 1:colcon.colcon_core.package_identification:_identify(workspace/launch_files) by extensions ['cmake', 'python']
[0.308s] Level 1:colcon.colcon_core.package_identification:_identify(workspace/launch_files) by extension 'cmake'
[0.308s] Level 1:colcon.colcon_core.package_identification:_identify(workspace/launch_files) by extension 'python'
[0.308s] Level 1:colcon.colcon_core.package_identification:_identify(workspace/launch_files) by extensions ['python_setup_py']
[0.308s] Level 1:colcon.colcon_core.package_identification:_identify(workspace/launch_files) by extension 'python_setup_py'
[0.308s] Level 1:colcon.colcon_core.package_identification:_identify(workspace/launch_files/__pycache__) by extensions ['ignore', 'ignore_ament_install']
[0.308s] Level 1:colcon.colcon_core.package_identification:_identify(workspace/launch_files/__pycache__) by extension 'ignore'
[0.308s] Level 1:colcon.colcon_core.package_identification:_identify(workspace/launch_files/__pycache__) by extension 'ignore_ament_install'
[0.308s] Level 1:colcon.colcon_core.package_identification:_identify(workspace/launch_files/__pycache__) by extensions ['colcon_pkg']
[0.308s] Level 1:colcon.colcon_core.package_identification:_identify(workspace/launch_files/__pycache__) by extension 'colcon_pkg'
[0.308s] Level 1:colcon.colcon_core.package_identification:_identify(workspace/launch_files/__pycache__) by extensions ['colcon_meta']
[0.308s] Level 1:colcon.colcon_core.package_identification:_identify(workspace/launch_files/__pycache__) by extension 'colcon_meta'
[0.308s] Level 1:colcon.colcon_core.package_identification:_identify(workspace/launch_files/__pycache__) by extensions ['ros']
[0.308s] Level 1:colcon.colcon_core.package_identification:_identify(workspace/launch_files/__pycache__) by extension 'ros'
[0.308s] Level 1:colcon.colcon_core.package_identification:_identify(workspace/launch_files/__pycache__) by extensions ['cmake', 'python']
[0.308s] Level 1:colcon.colcon_core.package_identification:_identify(workspace/launch_files/__pycache__) by extension 'cmake'
[0.308s] Level 1:colcon.colcon_core.package_identification:_identify(workspace/launch_files/__pycache__) by extension 'python'
[0.308s] Level 1:colcon.colcon_core.package_identification:_identify(workspace/launch_files/__pycache__) by extensions ['python_setup_py']
[0.308s] Level 1:colcon.colcon_core.package_identification:_identify(workspace/launch_files/__pycache__) by extension 'python_setup_py'
[0.309s] Level 1:colcon.colcon_core.package_identification:_identify(workspace/log) by extensions ['ignore', 'ignore_ament_install']
[0.309s] Level 1:colcon.colcon_core.package_identification:_identify(workspace/log) by extension 'ignore'
[0.309s] Level 1:colcon.colcon_core.package_identification:_identify(workspace/log) ignored
[0.309s] Level 1:colcon.colcon_core.package_identification:_identify(workspace/rviz_configs) by extensions ['ignore', 'ignore_ament_install']
[0.309s] Level 1:colcon.colcon_core.package_identification:_identify(workspace/rviz_configs) by extension 'ignore'
[0.309s] Level 1:colcon.colcon_core.package_identification:_identify(workspace/rviz_configs) by extension 'ignore_ament_install'
[0.309s] Level 1:colcon.colcon_core.package_identification:_identify(workspace/rviz_configs) by extensions ['colcon_pkg']
[0.309s] Level 1:colcon.colcon_core.package_identification:_identify(workspace/rviz_configs) by extension 'colcon_pkg'
[0.309s] Level 1:colcon.colcon_core.package_identification:_identify(workspace/rviz_configs) by extensions ['colcon_meta']
[0.309s] Level 1:colcon.colcon_core.package_identification:_identify(workspace/rviz_configs) by extension 'colcon_meta'
[0.309s] Level 1:colcon.colcon_core.package_identification:_identify(workspace/rviz_configs) by extensions ['ros']
[0.309s] Level 1:colcon.colcon_core.package_identification:_identify(workspace/rviz_configs) by extension 'ros'
[0.309s] Level 1:colcon.colcon_core.package_identification:_identify(workspace/rviz_configs) by extensions ['cmake', 'python']
[0.309s] Level 1:colcon.colcon_core.package_identification:_identify(workspace/rviz_configs) by extension 'cmake'
[0.309s] Level 1:colcon.colcon_core.package_identification:_identify(workspace/rviz_configs) by extension 'python'
[0.309s] Level 1:colcon.colcon_core.package_identification:_identify(workspace/rviz_configs) by extensions ['python_setup_py']
[0.309s] Level 1:colcon.colcon_core.package_identification:_identify(workspace/rviz_configs) by extension 'python_setup_py'
[0.309s] Level 1:colcon.colcon_core.package_identification:_identify(workspace/slam_maps) by extensions ['ignore', 'ignore_ament_install']
[0.309s] Level 1:colcon.colcon_core.package_identification:_identify(workspace/slam_maps) by extension 'ignore'
[0.309s] Level 1:colcon.colcon_core.package_identification:_identify(workspace/slam_maps) by extension 'ignore_ament_install'
[0.309s] Level 1:colcon.colcon_core.package_identification:_identify(workspace/slam_maps) by extensions ['colcon_pkg']
[0.310s] Level 1:colcon.colcon_core.package_identification:_identify(workspace/slam_maps) by extension 'colcon_pkg'
[0.310s] Level 1:colcon.colcon_core.package_identification:_identify(workspace/slam_maps) by extensions ['colcon_meta']
[0.310s] Level 1:colcon.colcon_core.package_identification:_identify(workspace/slam_maps) by extension 'colcon_meta'
[0.310s] Level 1:colcon.colcon_core.package_identification:_identify(workspace/slam_maps) by extensions ['ros']
[0.310s] Level 1:colcon.colcon_core.package_identification:_identify(workspace/slam_maps) by extension 'ros'
[0.310s] Level 1:colcon.colcon_core.package_identification:_identify(workspace/slam_maps) by extensions ['cmake', 'python']
[0.310s] Level 1:colcon.colcon_core.package_identification:_identify(workspace/slam_maps) by extension 'cmake'
[0.310s] Level 1:colcon.colcon_core.package_identification:_identify(workspace/slam_maps) by extension 'python'
[0.310s] Level 1:colcon.colcon_core.package_identification:_identify(workspace/slam_maps) by extensions ['python_setup_py']
[0.310s] Level 1:colcon.colcon_core.package_identification:_identify(workspace/slam_maps) by extension 'python_setup_py'
[0.310s] Level 1:colcon.colcon_core.package_identification:_identify(workspace/src) by extensions ['ignore', 'ignore_ament_install']
[0.310s] Level 1:colcon.colcon_core.package_identification:_identify(workspace/src) by extension 'ignore'
[0.310s] Level 1:colcon.colcon_core.package_identification:_identify(workspace/src) by extension 'ignore_ament_install'
[0.310s] Level 1:colcon.colcon_core.package_identification:_identify(workspace/src) by extensions ['colcon_pkg']
[0.310s] Level 1:colcon.colcon_core.package_identification:_identify(workspace/src) by extension 'colcon_pkg'
[0.310s] Level 1:colcon.colcon_core.package_identification:_identify(workspace/src) by extensions ['colcon_meta']
[0.310s] Level 1:colcon.colcon_core.package_identification:_identify(workspace/src) by extension 'colcon_meta'
[0.310s] Level 1:colcon.colcon_core.package_identification:_identify(workspace/src) by extensions ['ros']
[0.310s] Level 1:colcon.colcon_core.package_identification:_identify(workspace/src) by extension 'ros'
[0.310s] Level 1:colcon.colcon_core.package_identification:_identify(workspace/src) by extensions ['cmake', 'python']
[0.310s] Level 1:colcon.colcon_core.package_identification:_identify(workspace/src) by extension 'cmake'
[0.310s] Level 1:colcon.colcon_core.package_identification:_identify(workspace/src) by extension 'python'
[0.310s] Level 1:colcon.colcon_core.package_identification:_identify(workspace/src) by extensions ['python_setup_py']
[0.310s] Level 1:colcon.colcon_core.package_identification:_identify(workspace/src) by extension 'python_setup_py'
[0.311s] Level 1:colcon.colcon_core.package_identification:_identify(workspace/src/aws-robomaker-hospital-world) by extensions ['ignore', 'ignore_ament_install']
[0.311s] Level 1:colcon.colcon_core.package_identification:_identify(workspace/src/aws-robomaker-hospital-world) by extension 'ignore'
[0.311s] Level 1:colcon.colcon_core.package_identification:_identify(workspace/src/aws-robomaker-hospital-world) by extension 'ignore_ament_install'
[0.311s] Level 1:colcon.colcon_core.package_identification:_identify(workspace/src/aws-robomaker-hospital-world) by extensions ['colcon_pkg']
[0.311s] Level 1:colcon.colcon_core.package_identification:_identify(workspace/src/aws-robomaker-hospital-world) by extension 'colcon_pkg'
[0.311s] Level 1:colcon.colcon_core.package_identification:_identify(workspace/src/aws-robomaker-hospital-world) by extensions ['colcon_meta']
[0.311s] Level 1:colcon.colcon_core.package_identification:_identify(workspace/src/aws-robomaker-hospital-world) by extension 'colcon_meta'
[0.311s] Level 1:colcon.colcon_core.package_identification:_identify(workspace/src/aws-robomaker-hospital-world) by extensions ['ros']
[0.311s] Level 1:colcon.colcon_core.package_identification:_identify(workspace/src/aws-robomaker-hospital-world) by extension 'ros'
[0.313s] DEBUG:colcon.colcon_core.package_identification:Package 'workspace/src/aws-robomaker-hospital-world' with type 'ros.ament_cmake' and name 'aws_robomaker_hospital_world'
[0.313s] Level 1:colcon.colcon_core.package_identification:_identify(workspace/src/hospital_interfaces) by extensions ['ignore', 'ignore_ament_install']
[0.313s] Level 1:colcon.colcon_core.package_identification:_identify(workspace/src/hospital_interfaces) by extension 'ignore'
[0.313s] Level 1:colcon.colcon_core.package_identification:_identify(workspace/src/hospital_interfaces) by extension 'ignore_ament_install'
[0.313s] Level 1:colcon.colcon_core.package_identification:_identify(workspace/src/hospital_interfaces) by extensions ['colcon_pkg']
[0.313s] Level 1:colcon.colcon_core.package_identification:_identify(workspace/src/hospital_interfaces) by extension 'colcon_pkg'
[0.313s] Level 1:colcon.colcon_core.package_identification:_identify(workspace/src/hospital_interfaces) by extensions ['colcon_meta']
[0.313s] Level 1:colcon.colcon_core.package_identification:_identify(workspace/src/hospital_interfaces) by extension 'colcon_meta'
[0.313s] Level 1:colcon.colcon_core.package_identification:_identify(workspace/src/hospital_interfaces) by extensions ['ros']
[0.313s] Level 1:colcon.colcon_core.package_identification:_identify(workspace/src/hospital_interfaces) by extension 'ros'
[0.314s] DEBUG:colcon.colcon_core.package_identification:Package 'workspace/src/hospital_interfaces' with type 'ros.ament_cmake' and name 'hospital_interfaces'
[0.314s] Level 1:colcon.colcon_core.package_identification:_identify(workspace/src/launch_pal) by extensions ['ignore', 'ignore_ament_install']
[0.314s] Level 1:colcon.colcon_core.package_identification:_identify(workspace/src/launch_pal) by extension 'ignore'
[0.314s] Level 1:colcon.colcon_core.package_identification:_identify(workspace/src/launch_pal) by extension 'ignore_ament_install'
[0.314s] Level 1:colcon.colcon_core.package_identification:_identify(workspace/src/launch_pal) by extensions ['colcon_pkg']
[0.314s] Level 1:colcon.colcon_core.package_identification:_identify(workspace/src/launch_pal) by extension 'colcon_pkg'
[0.314s] Level 1:colcon.colcon_core.package_identification:_identify(workspace/src/launch_pal) by extensions ['colcon_meta']
[0.314s] Level 1:colcon.colcon_core.package_identification:_identify(workspace/src/launch_pal) by extension 'colcon_meta'
[0.314s] Level 1:colcon.colcon_core.package_identification:_identify(workspace/src/launch_pal) by extensions ['ros']
[0.314s] Level 1:colcon.colcon_core.package_identification:_identify(workspace/src/launch_pal) by extension 'ros'
[0.315s] DEBUG:colcon.colcon_core.package_identification:Package 'workspace/src/launch_pal' with type 'ros.ament_python' and name 'launch_pal'
[0.315s] Level 1:colcon.colcon_core.package_identification:_identify(workspace/src/m-explore-ros2) by extensions ['ignore', 'ignore_ament_install']
[0.315s] Level 1:colcon.colcon_core.package_identification:_identify(workspace/src/m-explore-ros2) by extension 'ignore'
[0.315s] Level 1:colcon.colcon_core.package_identification:_identify(workspace/src/m-explore-ros2) by extension 'ignore_ament_install'
[0.315s] Level 1:colcon.colcon_core.package_identification:_identify(workspace/src/m-explore-ros2) by extensions ['colcon_pkg']
[0.315s] Level 1:colcon.colcon_core.package_identification:_identify(workspace/src/m-explore-ros2) by extension 'colcon_pkg'
[0.315s] Level 1:colcon.colcon_core.package_identification:_identify(workspace/src/m-explore-ros2) by extensions ['colcon_meta']
[0.315s] Level 1:colcon.colcon_core.package_identification:_identify(workspace/src/m-explore-ros2) by extension 'colcon_meta'
[0.315s] Level 1:colcon.colcon_core.package_identification:_identify(workspace/src/m-explore-ros2) by extensions ['ros']
[0.315s] Level 1:colcon.colcon_core.package_identification:_identify(workspace/src/m-explore-ros2) by extension 'ros'
[0.315s] Level 1:colcon.colcon_core.package_identification:_identify(workspace/src/m-explore-ros2) by extensions ['cmake', 'python']
[0.315s] Level 1:colcon.colcon_core.package_identification:_identify(workspace/src/m-explore-ros2) by extension 'cmake'
[0.315s] Level 1:colcon.colcon_core.package_identification:_identify(workspace/src/m-explore-ros2) by extension 'python'
[0.315s] Level 1:colcon.colcon_core.package_identification:_identify(workspace/src/m-explore-ros2) by extensions ['python_setup_py']
[0.315s] Level 1:colcon.colcon_core.package_identification:_identify(workspace/src/m-explore-ros2) by extension 'python_setup_py'
[0.316s] Level 1:colcon.colcon_core.package_identification:_identify(workspace/src/m-explore-ros2/explore) by extensions ['ignore', 'ignore_ament_install']
[0.316s] Level 1:colcon.colcon_core.package_identification:_identify(workspace/src/m-explore-ros2/explore) by extension 'ignore'
[0.316s] Level 1:colcon.colcon_core.package_identification:_identify(workspace/src/m-explore-ros2/explore) by extension 'ignore_ament_install'
[0.316s] Level 1:colcon.colcon_core.package_identification:_identify(workspace/src/m-explore-ros2/explore) by extensions ['colcon_pkg']
[0.316s] Level 1:colcon.colcon_core.package_identification:_identify(workspace/src/m-explore-ros2/explore) by extension 'colcon_pkg'
[0.316s] Level 1:colcon.colcon_core.package_identification:_identify(workspace/src/m-explore-ros2/explore) by extensions ['colcon_meta']
[0.316s] Level 1:colcon.colcon_core.package_identification:_identify(workspace/src/m-explore-ros2/explore) by extension 'colcon_meta'
[0.316s] Level 1:colcon.colcon_core.package_identification:_identify(workspace/src/m-explore-ros2/explore) by extensions ['ros']
[0.316s] Level 1:colcon.colcon_core.package_identification:_identify(workspace/src/m-explore-ros2/explore) by extension 'ros'
[0.317s] DEBUG:colcon.colcon_core.package_identification:Package 'workspace/src/m-explore-ros2/explore' with type 'ros.ament_cmake' and name 'explore_lite'
[0.317s] Level 1:colcon.colcon_core.package_identification:_identify(workspace/src/m-explore-ros2/map_merge) by extensions ['ignore', 'ignore_ament_install']
[0.317s] Level 1:colcon.colcon_core.package_identification:_identify(workspace/src/m-explore-ros2/map_merge) by extension 'ignore'
[0.317s] Level 1:colcon.colcon_core.package_identification:_identify(workspace/src/m-explore-ros2/map_merge) by extension 'ignore_ament_install'
[0.317s] Level 1:colcon.colcon_core.package_identification:_identify(workspace/src/m-explore-ros2/map_merge) by extensions ['colcon_pkg']
[0.317s] Level 1:colcon.colcon_core.package_identification:_identify(workspace/src/m-explore-ros2/map_merge) by extension 'colcon_pkg'
[0.317s] Level 1:colcon.colcon_core.package_identification:_identify(workspace/src/m-explore-ros2/map_merge) by extensions ['colcon_meta']
[0.317s] Level 1:colcon.colcon_core.package_identification:_identify(workspace/src/m-explore-ros2/map_merge) by extension 'colcon_meta'
[0.317s] Level 1:colcon.colcon_core.package_identification:_identify(workspace/src/m-explore-ros2/map_merge) by extensions ['ros']
[0.317s] Level 1:colcon.colcon_core.package_identification:_identify(workspace/src/m-explore-ros2/map_merge) by extension 'ros'
[0.318s] DEBUG:colcon.colcon_core.package_identification:Package 'workspace/src/m-explore-ros2/map_merge' with type 'ros.ament_cmake' and name 'multirobot_map_merge'
[0.318s] Level 1:colcon.colcon_core.package_identification:_identify(workspace/src/pal_gazebo_worlds) by extensions ['ignore', 'ignore_ament_install']
[0.318s] Level 1:colcon.colcon_core.package_identification:_identify(workspace/src/pal_gazebo_worlds) by extension 'ignore'
[0.318s] Level 1:colcon.colcon_core.package_identification:_identify(workspace/src/pal_gazebo_worlds) by extension 'ignore_ament_install'
[0.318s] Level 1:colcon.colcon_core.package_identification:_identify(workspace/src/pal_gazebo_worlds) by extensions ['colcon_pkg']
[0.318s] Level 1:colcon.colcon_core.package_identification:_identify(workspace/src/pal_gazebo_worlds) by extension 'colcon_pkg'
[0.318s] Level 1:colcon.colcon_core.package_identification:_identify(workspace/src/pal_gazebo_worlds) by extensions ['colcon_meta']
[0.318s] Level 1:colcon.colcon_core.package_identification:_identify(workspace/src/pal_gazebo_worlds) by extension 'colcon_meta'
[0.318s] Level 1:colcon.colcon_core.package_identification:_identify(workspace/src/pal_gazebo_worlds) by extensions ['ros']
[0.318s] Level 1:colcon.colcon_core.package_identification:_identify(workspace/src/pal_gazebo_worlds) by extension 'ros'
[0.321s] DEBUG:colcon.colcon_core.package_identification:Package 'workspace/src/pal_gazebo_worlds' with type 'ros.ament_cmake' and name 'pal_gazebo_worlds'
[0.321s] Level 1:colcon.colcon_core.package_identification:_identify(workspace/src/pal_gripper) by extensions ['ignore', 'ignore_ament_install']
[0.321s] Level 1:colcon.colcon_core.package_identification:_identify(workspace/src/pal_gripper) by extension 'ignore'
[0.321s] Level 1:colcon.colcon_core.package_identification:_identify(workspace/src/pal_gripper) by extension 'ignore_ament_install'
[0.321s] Level 1:colcon.colcon_core.package_identification:_identify(workspace/src/pal_gripper) by extensions ['colcon_pkg']
[0.321s] Level 1:colcon.colcon_core.package_identification:_identify(workspace/src/pal_gripper) by extension 'colcon_pkg'
[0.321s] Level 1:colcon.colcon_core.package_identification:_identify(workspace/src/pal_gripper) by extensions ['colcon_meta']
[0.321s] Level 1:colcon.colcon_core.package_identification:_identify(workspace/src/pal_gripper) by extension 'colcon_meta'
[0.321s] Level 1:colcon.colcon_core.package_identification:_identify(workspace/src/pal_gripper) by extensions ['ros']
[0.321s] Level 1:colcon.colcon_core.package_identification:_identify(workspace/src/pal_gripper) by extension 'ros'
[0.321s] Level 1:colcon.colcon_core.package_identification:_identify(workspace/src/pal_gripper) by extensions ['cmake', 'python']
[0.321s] Level 1:colcon.colcon_core.package_identification:_identify(workspace/src/pal_gripper) by extension 'cmake'
[0.322s] Level 1:colcon.colcon_core.package_identification:_identify(workspace/src/pal_gripper) by extension 'python'
[0.322s] Level 1:colcon.colcon_core.package_identification:_identify(workspace/src/pal_gripper) by extensions ['python_setup_py']
[0.322s] Level 1:colcon.colcon_core.package_identification:_identify(workspace/src/pal_gripper) by extension 'python_setup_py'
[0.322s] Level 1:colcon.colcon_core.package_identification:_identify(workspace/src/pal_gripper/pal_gripper) by extensions ['ignore', 'ignore_ament_install']
[0.322s] Level 1:colcon.colcon_core.package_identification:_identify(workspace/src/pal_gripper/pal_gripper) by extension 'ignore'
[0.322s] Level 1:colcon.colcon_core.package_identification:_identify(workspace/src/pal_gripper/pal_gripper) by extension 'ignore_ament_install'
[0.322s] Level 1:colcon.colcon_core.package_identification:_identify(workspace/src/pal_gripper/pal_gripper) by extensions ['colcon_pkg']
[0.322s] Level 1:colcon.colcon_core.package_identification:_identify(workspace/src/pal_gripper/pal_gripper) by extension 'colcon_pkg'
[0.322s] Level 1:colcon.colcon_core.package_identification:_identify(workspace/src/pal_gripper/pal_gripper) by extensions ['colcon_meta']
[0.322s] Level 1:colcon.colcon_core.package_identification:_identify(workspace/src/pal_gripper/pal_gripper) by extension 'colcon_meta'
[0.322s] Level 1:colcon.colcon_core.package_identification:_identify(workspace/src/pal_gripper/pal_gripper) by extensions ['ros']
[0.322s] Level 1:colcon.colcon_core.package_identification:_identify(workspace/src/pal_gripper/pal_gripper) by extension 'ros'
[0.323s] DEBUG:colcon.colcon_core.package_identification:Package 'workspace/src/pal_gripper/pal_gripper' with type 'ros.ament_cmake' and name 'pal_gripper'
[0.323s] Level 1:colcon.colcon_core.package_identification:_identify(workspace/src/pal_gripper/pal_gripper_controller_configuration) by extensions ['ignore', 'ignore_ament_install']
[0.323s] Level 1:colcon.colcon_core.package_identification:_identify(workspace/src/pal_gripper/pal_gripper_controller_configuration) by extension 'ignore'
[0.323s] Level 1:colcon.colcon_core.package_identification:_identify(workspace/src/pal_gripper/pal_gripper_controller_configuration) by extension 'ignore_ament_install'
[0.323s] Level 1:colcon.colcon_core.package_identification:_identify(workspace/src/pal_gripper/pal_gripper_controller_configuration) by extensions ['colcon_pkg']
[0.323s] Level 1:colcon.colcon_core.package_identification:_identify(workspace/src/pal_gripper/pal_gripper_controller_configuration) by extension 'colcon_pkg'
[0.323s] Level 1:colcon.colcon_core.package_identification:_identify(workspace/src/pal_gripper/pal_gripper_controller_configuration) by extensions ['colcon_meta']
[0.323s] Level 1:colcon.colcon_core.package_identification:_identify(workspace/src/pal_gripper/pal_gripper_controller_configuration) by extension 'colcon_meta'
[0.323s] Level 1:colcon.colcon_core.package_identification:_identify(workspace/src/pal_gripper/pal_gripper_controller_configuration) by extensions ['ros']
[0.323s] Level 1:colcon.colcon_core.package_identification:_identify(workspace/src/pal_gripper/pal_gripper_controller_configuration) by extension 'ros'
[0.323s] DEBUG:colcon.colcon_core.package_identification:Package 'workspace/src/pal_gripper/pal_gripper_controller_configuration' with type 'ros.ament_cmake' and name 'pal_gripper_controller_configuration'
[0.324s] Level 1:colcon.colcon_core.package_identification:_identify(workspace/src/pal_gripper/pal_gripper_description) by extensions ['ignore', 'ignore_ament_install']
[0.324s] Level 1:colcon.colcon_core.package_identification:_identify(workspace/src/pal_gripper/pal_gripper_description) by extension 'ignore'
[0.324s] Level 1:colcon.colcon_core.package_identification:_identify(workspace/src/pal_gripper/pal_gripper_description) by extension 'ignore_ament_install'
[0.324s] Level 1:colcon.colcon_core.package_identification:_identify(workspace/src/pal_gripper/pal_gripper_description) by extensions ['colcon_pkg']
[0.324s] Level 1:colcon.colcon_core.package_identification:_identify(workspace/src/pal_gripper/pal_gripper_description) by extension 'colcon_pkg'
[0.324s] Level 1:colcon.colcon_core.package_identification:_identify(workspace/src/pal_gripper/pal_gripper_description) by extensions ['colcon_meta']
[0.324s] Level 1:colcon.colcon_core.package_identification:_identify(workspace/src/pal_gripper/pal_gripper_description) by extension 'colcon_meta'
[0.324s] Level 1:colcon.colcon_core.package_identification:_identify(workspace/src/pal_gripper/pal_gripper_description) by extensions ['ros']
[0.324s] Level 1:colcon.colcon_core.package_identification:_identify(workspace/src/pal_gripper/pal_gripper_description) by extension 'ros'
[0.324s] DEBUG:colcon.colcon_core.package_identification:Package 'workspace/src/pal_gripper/pal_gripper_description' with type 'ros.ament_cmake' and name 'pal_gripper_description'
[0.324s] Level 1:colcon.colcon_core.package_identification:_identify(workspace/src/pal_gripper/pal_gripper_gazebo) by extensions ['ignore', 'ignore_ament_install']
[0.325s] Level 1:colcon.colcon_core.package_identification:_identify(workspace/src/pal_gripper/pal_gripper_gazebo) by extension 'ignore'
[0.325s] Level 1:colcon.colcon_core.package_identification:_identify(workspace/src/pal_gripper/pal_gripper_gazebo) ignored
[0.325s] Level 1:colcon.colcon_core.package_identification:_identify(workspace/src/pal_gripper/pal_gripper_simulation) by extensions ['ignore', 'ignore_ament_install']
[0.325s] Level 1:colcon.colcon_core.package_identification:_identify(workspace/src/pal_gripper/pal_gripper_simulation) by extension 'ignore'
[0.325s] Level 1:colcon.colcon_core.package_identification:_identify(workspace/src/pal_gripper/pal_gripper_simulation) by extension 'ignore_ament_install'
[0.325s] Level 1:colcon.colcon_core.package_identification:_identify(workspace/src/pal_gripper/pal_gripper_simulation) by extensions ['colcon_pkg']
[0.325s] Level 1:colcon.colcon_core.package_identification:_identify(workspace/src/pal_gripper/pal_gripper_simulation) by extension 'colcon_pkg'
[0.325s] Level 1:colcon.colcon_core.package_identification:_identify(workspace/src/pal_gripper/pal_gripper_simulation) by extensions ['colcon_meta']
[0.325s] Level 1:colcon.colcon_core.package_identification:_identify(workspace/src/pal_gripper/pal_gripper_simulation) by extension 'colcon_meta'
[0.325s] Level 1:colcon.colcon_core.package_identification:_identify(workspace/src/pal_gripper/pal_gripper_simulation) by extensions ['ros']
[0.325s] Level 1:colcon.colcon_core.package_identification:_identify(workspace/src/pal_gripper/pal_gripper_simulation) by extension 'ros'
[0.325s] DEBUG:colcon.colcon_core.package_identification:Package 'workspace/src/pal_gripper/pal_gripper_simulation' with type 'ros.ament_cmake' and name 'pal_gripper_simulation'
[0.325s] Level 1:colcon.colcon_core.package_identification:_identify(workspace/src/pal_gripper/pal_parallel_gripper_wrapper) by extensions ['ignore', 'ignore_ament_install']
[0.326s] Level 1:colcon.colcon_core.package_identification:_identify(workspace/src/pal_gripper/pal_parallel_gripper_wrapper) by extension 'ignore'
[0.326s] Level 1:colcon.colcon_core.package_identification:_identify(workspace/src/pal_gripper/pal_parallel_gripper_wrapper) ignored
[0.326s] Level 1:colcon.colcon_core.package_identification:_identify(workspace/src/pal_hey5) by extensions ['ignore', 'ignore_ament_install']
[0.326s] Level 1:colcon.colcon_core.package_identification:_identify(workspace/src/pal_hey5) by extension 'ignore'
[0.326s] Level 1:colcon.colcon_core.package_identification:_identify(workspace/src/pal_hey5) by extension 'ignore_ament_install'
[0.326s] Level 1:colcon.colcon_core.package_identification:_identify(workspace/src/pal_hey5) by extensions ['colcon_pkg']
[0.326s] Level 1:colcon.colcon_core.package_identification:_identify(workspace/src/pal_hey5) by extension 'colcon_pkg'
[0.326s] Level 1:colcon.colcon_core.package_identification:_identify(workspace/src/pal_hey5) by extensions ['colcon_meta']
[0.326s] Level 1:colcon.colcon_core.package_identification:_identify(workspace/src/pal_hey5) by extension 'colcon_meta'
[0.326s] Level 1:colcon.colcon_core.package_identification:_identify(workspace/src/pal_hey5) by extensions ['ros']
[0.326s] Level 1:colcon.colcon_core.package_identification:_identify(workspace/src/pal_hey5) by extension 'ros'
[0.326s] Level 1:colcon.colcon_core.package_identification:_identify(workspace/src/pal_hey5) by extensions ['cmake', 'python']
[0.326s] Level 1:colcon.colcon_core.package_identification:_identify(workspace/src/pal_hey5) by extension 'cmake'
[0.326s] Level 1:colcon.colcon_core.package_identification:_identify(workspace/src/pal_hey5) by extension 'python'
[0.326s] Level 1:colcon.colcon_core.package_identification:_identify(workspace/src/pal_hey5) by extensions ['python_setup_py']
[0.326s] Level 1:colcon.colcon_core.package_identification:_identify(workspace/src/pal_hey5) by extension 'python_setup_py'
[0.326s] Level 1:colcon.colcon_core.package_identification:_identify(workspace/src/pal_hey5/pal_hey5) by extensions ['ignore', 'ignore_ament_install']
[0.326s] Level 1:colcon.colcon_core.package_identification:_identify(workspace/src/pal_hey5/pal_hey5) by extension 'ignore'
[0.326s] Level 1:colcon.colcon_core.package_identification:_identify(workspace/src/pal_hey5/pal_hey5) by extension 'ignore_ament_install'
[0.326s] Level 1:colcon.colcon_core.package_identification:_identify(workspace/src/pal_hey5/pal_hey5) by extensions ['colcon_pkg']
[0.326s] Level 1:colcon.colcon_core.package_identification:_identify(workspace/src/pal_hey5/pal_hey5) by extension 'colcon_pkg'
[0.326s] Level 1:colcon.colcon_core.package_identification:_identify(workspace/src/pal_hey5/pal_hey5) by extensions ['colcon_meta']
[0.327s] Level 1:colcon.colcon_core.package_identification:_identify(workspace/src/pal_hey5/pal_hey5) by extension 'colcon_meta'
[0.327s] Level 1:colcon.colcon_core.package_identification:_identify(workspace/src/pal_hey5/pal_hey5) by extensions ['ros']
[0.327s] Level 1:colcon.colcon_core.package_identification:_identify(workspace/src/pal_hey5/pal_hey5) by extension 'ros'
[0.327s] DEBUG:colcon.colcon_core.package_identification:Package 'workspace/src/pal_hey5/pal_hey5' with type 'ros.ament_cmake' and name 'pal_hey5'
[0.327s] Level 1:colcon.colcon_core.package_identification:_identify(workspace/src/pal_hey5/pal_hey5_controller_configuration) by extensions ['ignore', 'ignore_ament_install']
[0.327s] Level 1:colcon.colcon_core.package_identification:_identify(workspace/src/pal_hey5/pal_hey5_controller_configuration) by extension 'ignore'
[0.327s] Level 1:colcon.colcon_core.package_identification:_identify(workspace/src/pal_hey5/pal_hey5_controller_configuration) by extension 'ignore_ament_install'
[0.327s] Level 1:colcon.colcon_core.package_identification:_identify(workspace/src/pal_hey5/pal_hey5_controller_configuration) by extensions ['colcon_pkg']
[0.327s] Level 1:colcon.colcon_core.package_identification:_identify(workspace/src/pal_hey5/pal_hey5_controller_configuration) by extension 'colcon_pkg'
[0.327s] Level 1:colcon.colcon_core.package_identification:_identify(workspace/src/pal_hey5/pal_hey5_controller_configuration) by extensions ['colcon_meta']
[0.327s] Level 1:colcon.colcon_core.package_identification:_identify(workspace/src/pal_hey5/pal_hey5_controller_configuration) by extension 'colcon_meta'
[0.327s] Level 1:colcon.colcon_core.package_identification:_identify(workspace/src/pal_hey5/pal_hey5_controller_configuration) by extensions ['ros']
[0.327s] Level 1:colcon.colcon_core.package_identification:_identify(workspace/src/pal_hey5/pal_hey5_controller_configuration) by extension 'ros'
[0.328s] DEBUG:colcon.colcon_core.package_identification:Package 'workspace/src/pal_hey5/pal_hey5_controller_configuration' with type 'ros.ament_cmake' and name 'pal_hey5_controller_configuration'
[0.328s] Level 1:colcon.colcon_core.package_identification:_identify(workspace/src/pal_hey5/pal_hey5_description) by extensions ['ignore', 'ignore_ament_install']
[0.328s] Level 1:colcon.colcon_core.package_identification:_identify(workspace/src/pal_hey5/pal_hey5_description) by extension 'ignore'
[0.328s] Level 1:colcon.colcon_core.package_identification:_identify(workspace/src/pal_hey5/pal_hey5_description) by extension 'ignore_ament_install'
[0.328s] Level 1:colcon.colcon_core.package_identification:_identify(workspace/src/pal_hey5/pal_hey5_description) by extensions ['colcon_pkg']
[0.328s] Level 1:colcon.colcon_core.package_identification:_identify(workspace/src/pal_hey5/pal_hey5_description) by extension 'colcon_pkg'
[0.328s] Level 1:colcon.colcon_core.package_identification:_identify(workspace/src/pal_hey5/pal_hey5_description) by extensions ['colcon_meta']
[0.328s] Level 1:colcon.colcon_core.package_identification:_identify(workspace/src/pal_hey5/pal_hey5_description) by extension 'colcon_meta'
[0.328s] Level 1:colcon.colcon_core.package_identification:_identify(workspace/src/pal_hey5/pal_hey5_description) by extensions ['ros']
[0.328s] Level 1:colcon.colcon_core.package_identification:_identify(workspace/src/pal_hey5/pal_hey5_description) by extension 'ros'
[0.329s] DEBUG:colcon.colcon_core.package_identification:Package 'workspace/src/pal_hey5/pal_hey5_description' with type 'ros.ament_cmake' and name 'pal_hey5_description'
[0.329s] Level 1:colcon.colcon_core.package_identification:_identify(workspace/src/pal_navigation_cfg_public) by extensions ['ignore', 'ignore_ament_install']
[0.329s] Level 1:colcon.colcon_core.package_identification:_identify(workspace/src/pal_navigation_cfg_public) by extension 'ignore'
[0.329s] Level 1:colcon.colcon_core.package_identification:_identify(workspace/src/pal_navigation_cfg_public) by extension 'ignore_ament_install'
[0.329s] Level 1:colcon.colcon_core.package_identification:_identify(workspace/src/pal_navigation_cfg_public) by extensions ['colcon_pkg']
[0.329s] Level 1:colcon.colcon_core.package_identification:_identify(workspace/src/pal_navigation_cfg_public) by extension 'colcon_pkg'
[0.329s] Level 1:colcon.colcon_core.package_identification:_identify(workspace/src/pal_navigation_cfg_public) by extensions ['colcon_meta']
[0.329s] Level 1:colcon.colcon_core.package_identification:_identify(workspace/src/pal_navigation_cfg_public) by extension 'colcon_meta'
[0.329s] Level 1:colcon.colcon_core.package_identification:_identify(workspace/src/pal_navigation_cfg_public) by extensions ['ros']
[0.329s] Level 1:colcon.colcon_core.package_identification:_identify(workspace/src/pal_navigation_cfg_public) by extension 'ros'
[0.329s] Level 1:colcon.colcon_core.package_identification:_identify(workspace/src/pal_navigation_cfg_public) by extensions ['cmake', 'python']
[0.329s] Level 1:colcon.colcon_core.package_identification:_identify(workspace/src/pal_navigation_cfg_public) by extension 'cmake'
[0.329s] Level 1:colcon.colcon_core.package_identification:_identify(workspace/src/pal_navigation_cfg_public) by extension 'python'
[0.329s] Level 1:colcon.colcon_core.package_identification:_identify(workspace/src/pal_navigation_cfg_public) by extensions ['python_setup_py']
[0.329s] Level 1:colcon.colcon_core.package_identification:_identify(workspace/src/pal_navigation_cfg_public) by extension 'python_setup_py'
[0.329s] Level 1:colcon.colcon_core.package_identification:_identify(workspace/src/pal_navigation_cfg_public/pal_navigation_cfg_bringup) by extensions ['ignore', 'ignore_ament_install']
[0.329s] Level 1:colcon.colcon_core.package_identification:_identify(workspace/src/pal_navigation_cfg_public/pal_navigation_cfg_bringup) by extension 'ignore'
[0.329s] Level 1:colcon.colcon_core.package_identification:_identify(workspace/src/pal_navigation_cfg_public/pal_navigation_cfg_bringup) by extension 'ignore_ament_install'
[0.330s] Level 1:colcon.colcon_core.package_identification:_identify(workspace/src/pal_navigation_cfg_public/pal_navigation_cfg_bringup) by extensions ['colcon_pkg']
[0.330s] Level 1:colcon.colcon_core.package_identification:_identify(workspace/src/pal_navigation_cfg_public/pal_navigation_cfg_bringup) by extension 'colcon_pkg'
[0.330s] Level 1:colcon.colcon_core.package_identification:_identify(workspace/src/pal_navigation_cfg_public/pal_navigation_cfg_bringup) by extensions ['colcon_meta']
[0.330s] Level 1:colcon.colcon_core.package_identification:_identify(workspace/src/pal_navigation_cfg_public/pal_navigation_cfg_bringup) by extension 'colcon_meta'
[0.330s] Level 1:colcon.colcon_core.package_identification:_identify(workspace/src/pal_navigation_cfg_public/pal_navigation_cfg_bringup) by extensions ['ros']
[0.330s] Level 1:colcon.colcon_core.package_identification:_identify(workspace/src/pal_navigation_cfg_public/pal_navigation_cfg_bringup) by extension 'ros'
[0.330s] DEBUG:colcon.colcon_core.package_identification:Package 'workspace/src/pal_navigation_cfg_public/pal_navigation_cfg_bringup' with type 'ros.ament_cmake' and name 'pal_navigation_cfg_bringup'
[0.330s] Level 1:colcon.colcon_core.package_identification:_identify(workspace/src/pal_navigation_cfg_public/pal_navigation_cfg_params) by extensions ['ignore', 'ignore_ament_install']
[0.330s] Level 1:colcon.colcon_core.package_identification:_identify(workspace/src/pal_navigation_cfg_public/pal_navigation_cfg_params) by extension 'ignore'
[0.330s] Level 1:colcon.colcon_core.package_identification:_identify(workspace/src/pal_navigation_cfg_public/pal_navigation_cfg_params) by extension 'ignore_ament_install'
[0.330s] Level 1:colcon.colcon_core.package_identification:_identify(workspace/src/pal_navigation_cfg_public/pal_navigation_cfg_params) by extensions ['colcon_pkg']
[0.330s] Level 1:colcon.colcon_core.package_identification:_identify(workspace/src/pal_navigation_cfg_public/pal_navigation_cfg_params) by extension 'colcon_pkg'
[0.330s] Level 1:colcon.colcon_core.package_identification:_identify(workspace/src/pal_navigation_cfg_public/pal_navigation_cfg_params) by extensions ['colcon_meta']
[0.330s] Level 1:colcon.colcon_core.package_identification:_identify(workspace/src/pal_navigation_cfg_public/pal_navigation_cfg_params) by extension 'colcon_meta'
[0.331s] Level 1:colcon.colcon_core.package_identification:_identify(workspace/src/pal_navigation_cfg_public/pal_navigation_cfg_params) by extensions ['ros']
[0.331s] Level 1:colcon.colcon_core.package_identification:_identify(workspace/src/pal_navigation_cfg_public/pal_navigation_cfg_params) by extension 'ros'
[0.331s] DEBUG:colcon.colcon_core.package_identification:Package 'workspace/src/pal_navigation_cfg_public/pal_navigation_cfg_params' with type 'ros.ament_cmake' and name 'pal_navigation_cfg_params'
[0.331s] Level 1:colcon.colcon_core.package_identification:_identify(workspace/src/pal_navigation_cfg_public/pal_navigation_cfg_public) by extensions ['ignore', 'ignore_ament_install']
[0.331s] Level 1:colcon.colcon_core.package_identification:_identify(workspace/src/pal_navigation_cfg_public/pal_navigation_cfg_public) by extension 'ignore'
[0.331s] Level 1:colcon.colcon_core.package_identification:_identify(workspace/src/pal_navigation_cfg_public/pal_navigation_cfg_public) by extension 'ignore_ament_install'
[0.331s] Level 1:colcon.colcon_core.package_identification:_identify(workspace/src/pal_navigation_cfg_public/pal_navigation_cfg_public) by extensions ['colcon_pkg']
[0.331s] Level 1:colcon.colcon_core.package_identification:_identify(workspace/src/pal_navigation_cfg_public/pal_navigation_cfg_public) by extension 'colcon_pkg'
[0.331s] Level 1:colcon.colcon_core.package_identification:_identify(workspace/src/pal_navigation_cfg_public/pal_navigation_cfg_public) by extensions ['colcon_meta']
[0.331s] Level 1:colcon.colcon_core.package_identification:_identify(workspace/src/pal_navigation_cfg_public/pal_navigation_cfg_public) by extension 'colcon_meta'
[0.331s] Level 1:colcon.colcon_core.package_identification:_identify(workspace/src/pal_navigation_cfg_public/pal_navigation_cfg_public) by extensions ['ros']
[0.331s] Level 1:colcon.colcon_core.package_identification:_identify(workspace/src/pal_navigation_cfg_public/pal_navigation_cfg_public) by extension 'ros'
[0.332s] DEBUG:colcon.colcon_core.package_identification:Package 'workspace/src/pal_navigation_cfg_public/pal_navigation_cfg_public' with type 'ros.ament_cmake' and name 'pal_navigation_cfg'
[0.332s] Level 1:colcon.colcon_core.package_identification:_identify(workspace/src/pal_robotiq_gripper) by extensions ['ignore', 'ignore_ament_install']
[0.332s] Level 1:colcon.colcon_core.package_identification:_identify(workspace/src/pal_robotiq_gripper) by extension 'ignore'
[0.332s] Level 1:colcon.colcon_core.package_identification:_identify(workspace/src/pal_robotiq_gripper) by extension 'ignore_ament_install'
[0.332s] Level 1:colcon.colcon_core.package_identification:_identify(workspace/src/pal_robotiq_gripper) by extensions ['colcon_pkg']
[0.332s] Level 1:colcon.colcon_core.package_identification:_identify(workspace/src/pal_robotiq_gripper) by extension 'colcon_pkg'
[0.332s] Level 1:colcon.colcon_core.package_identification:_identify(workspace/src/pal_robotiq_gripper) by extensions ['colcon_meta']
[0.332s] Level 1:colcon.colcon_core.package_identification:_identify(workspace/src/pal_robotiq_gripper) by extension 'colcon_meta'
[0.332s] Level 1:colcon.colcon_core.package_identification:_identify(workspace/src/pal_robotiq_gripper) by extensions ['ros']
[0.332s] Level 1:colcon.colcon_core.package_identification:_identify(workspace/src/pal_robotiq_gripper) by extension 'ros'
[0.332s] Level 1:colcon.colcon_core.package_identification:_identify(workspace/src/pal_robotiq_gripper) by extensions ['cmake', 'python']
[0.332s] Level 1:colcon.colcon_core.package_identification:_identify(workspace/src/pal_robotiq_gripper) by extension 'cmake'
[0.332s] Level 1:colcon.colcon_core.package_identification:_identify(workspace/src/pal_robotiq_gripper) by extension 'python'
[0.332s] Level 1:colcon.colcon_core.package_identification:_identify(workspace/src/pal_robotiq_gripper) by extensions ['python_setup_py']
[0.332s] Level 1:colcon.colcon_core.package_identification:_identify(workspace/src/pal_robotiq_gripper) by extension 'python_setup_py'
[0.332s] Level 1:colcon.colcon_core.package_identification:_identify(workspace/src/pal_robotiq_gripper/pal_robotiq_controller_configuration) by extensions ['ignore', 'ignore_ament_install']
[0.332s] Level 1:colcon.colcon_core.package_identification:_identify(workspace/src/pal_robotiq_gripper/pal_robotiq_controller_configuration) by extension 'ignore'
[0.333s] Level 1:colcon.colcon_core.package_identification:_identify(workspace/src/pal_robotiq_gripper/pal_robotiq_controller_configuration) by extension 'ignore_ament_install'
[0.333s] Level 1:colcon.colcon_core.package_identification:_identify(workspace/src/pal_robotiq_gripper/pal_robotiq_controller_configuration) by extensions ['colcon_pkg']
[0.333s] Level 1:colcon.colcon_core.package_identification:_identify(workspace/src/pal_robotiq_gripper/pal_robotiq_controller_configuration) by extension 'colcon_pkg'
[0.333s] Level 1:colcon.colcon_core.package_identification:_identify(workspace/src/pal_robotiq_gripper/pal_robotiq_controller_configuration) by extensions ['colcon_meta']
[0.333s] Level 1:colcon.colcon_core.package_identification:_identify(workspace/src/pal_robotiq_gripper/pal_robotiq_controller_configuration) by extension 'colcon_meta'
[0.333s] Level 1:colcon.colcon_core.package_identification:_identify(workspace/src/pal_robotiq_gripper/pal_robotiq_controller_configuration) by extensions ['ros']
[0.333s] Level 1:colcon.colcon_core.package_identification:_identify(workspace/src/pal_robotiq_gripper/pal_robotiq_controller_configuration) by extension 'ros'
[0.333s] DEBUG:colcon.colcon_core.package_identification:Package 'workspace/src/pal_robotiq_gripper/pal_robotiq_controller_configuration' with type 'ros.ament_cmake' and name 'pal_robotiq_controller_configuration'
[0.333s] Level 1:colcon.colcon_core.package_identification:_identify(workspace/src/pal_robotiq_gripper/pal_robotiq_description) by extensions ['ignore', 'ignore_ament_install']
[0.333s] Level 1:colcon.colcon_core.package_identification:_identify(workspace/src/pal_robotiq_gripper/pal_robotiq_description) by extension 'ignore'
[0.333s] Level 1:colcon.colcon_core.package_identification:_identify(workspace/src/pal_robotiq_gripper/pal_robotiq_description) by extension 'ignore_ament_install'
[0.333s] Level 1:colcon.colcon_core.package_identification:_identify(workspace/src/pal_robotiq_gripper/pal_robotiq_description) by extensions ['colcon_pkg']
[0.333s] Level 1:colcon.colcon_core.package_identification:_identify(workspace/src/pal_robotiq_gripper/pal_robotiq_description) by extension 'colcon_pkg'
[0.333s] Level 1:colcon.colcon_core.package_identification:_identify(workspace/src/pal_robotiq_gripper/pal_robotiq_description) by extensions ['colcon_meta']
[0.334s] Level 1:colcon.colcon_core.package_identification:_identify(workspace/src/pal_robotiq_gripper/pal_robotiq_description) by extension 'colcon_meta'
[0.334s] Level 1:colcon.colcon_core.package_identification:_identify(workspace/src/pal_robotiq_gripper/pal_robotiq_description) by extensions ['ros']
[0.334s] Level 1:colcon.colcon_core.package_identification:_identify(workspace/src/pal_robotiq_gripper/pal_robotiq_description) by extension 'ros'
[0.334s] DEBUG:colcon.colcon_core.package_identification:Package 'workspace/src/pal_robotiq_gripper/pal_robotiq_description' with type 'ros.ament_cmake' and name 'pal_robotiq_description'
[0.334s] Level 1:colcon.colcon_core.package_identification:_identify(workspace/src/pal_robotiq_gripper/pal_robotiq_epick_gripper) by extensions ['ignore', 'ignore_ament_install']
[0.334s] Level 1:colcon.colcon_core.package_identification:_identify(workspace/src/pal_robotiq_gripper/pal_robotiq_epick_gripper) by extension 'ignore'
[0.334s] Level 1:colcon.colcon_core.package_identification:_identify(workspace/src/pal_robotiq_gripper/pal_robotiq_epick_gripper) by extension 'ignore_ament_install'
[0.334s] Level 1:colcon.colcon_core.package_identification:_identify(workspace/src/pal_robotiq_gripper/pal_robotiq_epick_gripper) by extensions ['colcon_pkg']
[0.334s] Level 1:colcon.colcon_core.package_identification:_identify(workspace/src/pal_robotiq_gripper/pal_robotiq_epick_gripper) by extension 'colcon_pkg'
[0.334s] Level 1:colcon.colcon_core.package_identification:_identify(workspace/src/pal_robotiq_gripper/pal_robotiq_epick_gripper) by extensions ['colcon_meta']
[0.334s] Level 1:colcon.colcon_core.package_identification:_identify(workspace/src/pal_robotiq_gripper/pal_robotiq_epick_gripper) by extension 'colcon_meta'
[0.334s] Level 1:colcon.colcon_core.package_identification:_identify(workspace/src/pal_robotiq_gripper/pal_robotiq_epick_gripper) by extensions ['ros']
[0.334s] Level 1:colcon.colcon_core.package_identification:_identify(workspace/src/pal_robotiq_gripper/pal_robotiq_epick_gripper) by extension 'ros'
[0.334s] Level 1:colcon.colcon_core.package_identification:_identify(workspace/src/pal_robotiq_gripper/pal_robotiq_epick_gripper) by extensions ['cmake', 'python']
[0.335s] Level 1:colcon.colcon_core.package_identification:_identify(workspace/src/pal_robotiq_gripper/pal_robotiq_epick_gripper) by extension 'cmake'
[0.335s] Level 1:colcon.colcon_core.package_identification:_identify(workspace/src/pal_robotiq_gripper/pal_robotiq_epick_gripper) by extension 'python'
[0.335s] Level 1:colcon.colcon_core.package_identification:_identify(workspace/src/pal_robotiq_gripper/pal_robotiq_epick_gripper) by extensions ['python_setup_py']
[0.335s] Level 1:colcon.colcon_core.package_identification:_identify(workspace/src/pal_robotiq_gripper/pal_robotiq_epick_gripper) by extension 'python_setup_py'
[0.335s] Level 1:colcon.colcon_core.package_identification:_identify(workspace/src/pal_robotiq_gripper/pal_robotiq_epick_gripper/pal_robotiq_epick_description) by extensions ['ignore', 'ignore_ament_install']
[0.335s] Level 1:colcon.colcon_core.package_identification:_identify(workspace/src/pal_robotiq_gripper/pal_robotiq_epick_gripper/pal_robotiq_epick_description) by extension 'ignore'
[0.335s] Level 1:colcon.colcon_core.package_identification:_identify(workspace/src/pal_robotiq_gripper/pal_robotiq_epick_gripper/pal_robotiq_epick_description) ignored
[0.335s] Level 1:colcon.colcon_core.package_identification:_identify(workspace/src/pal_robotiq_gripper/pal_robotiq_epick_gripper/pal_robotiq_epick_gripper) by extensions ['ignore', 'ignore_ament_install']
[0.335s] Level 1:colcon.colcon_core.package_identification:_identify(workspace/src/pal_robotiq_gripper/pal_robotiq_epick_gripper/pal_robotiq_epick_gripper) by extension 'ignore'
[0.335s] Level 1:colcon.colcon_core.package_identification:_identify(workspace/src/pal_robotiq_gripper/pal_robotiq_epick_gripper/pal_robotiq_epick_gripper) ignored
[0.335s] Level 1:colcon.colcon_core.package_identification:_identify(workspace/src/pal_robotiq_gripper/pal_robotiq_gripper) by extensions ['ignore', 'ignore_ament_install']
[0.335s] Level 1:colcon.colcon_core.package_identification:_identify(workspace/src/pal_robotiq_gripper/pal_robotiq_gripper) by extension 'ignore'
[0.335s] Level 1:colcon.colcon_core.package_identification:_identify(workspace/src/pal_robotiq_gripper/pal_robotiq_gripper) by extension 'ignore_ament_install'
[0.335s] Level 1:colcon.colcon_core.package_identification:_identify(workspace/src/pal_robotiq_gripper/pal_robotiq_gripper) by extensions ['colcon_pkg']
[0.335s] Level 1:colcon.colcon_core.package_identification:_identify(workspace/src/pal_robotiq_gripper/pal_robotiq_gripper) by extension 'colcon_pkg'
[0.335s] Level 1:colcon.colcon_core.package_identification:_identify(workspace/src/pal_robotiq_gripper/pal_robotiq_gripper) by extensions ['colcon_meta']
[0.335s] Level 1:colcon.colcon_core.package_identification:_identify(workspace/src/pal_robotiq_gripper/pal_robotiq_gripper) by extension 'colcon_meta'
[0.335s] Level 1:colcon.colcon_core.package_identification:_identify(workspace/src/pal_robotiq_gripper/pal_robotiq_gripper) by extensions ['ros']
[0.336s] Level 1:colcon.colcon_core.package_identification:_identify(workspace/src/pal_robotiq_gripper/pal_robotiq_gripper) by extension 'ros'
[0.336s] DEBUG:colcon.colcon_core.package_identification:Package 'workspace/src/pal_robotiq_gripper/pal_robotiq_gripper' with type 'ros.ament_cmake' and name 'pal_robotiq_gripper'
[0.336s] Level 1:colcon.colcon_core.package_identification:_identify(workspace/src/pal_robotiq_gripper/pal_robotiq_gripper_wrapper) by extensions ['ignore', 'ignore_ament_install']
[0.336s] Level 1:colcon.colcon_core.package_identification:_identify(workspace/src/pal_robotiq_gripper/pal_robotiq_gripper_wrapper) by extension 'ignore'
[0.336s] Level 1:colcon.colcon_core.package_identification:_identify(workspace/src/pal_robotiq_gripper/pal_robotiq_gripper_wrapper) ignored
[0.336s] Level 1:colcon.colcon_core.package_identification:_identify(workspace/src/pal_urdf_utils) by extensions ['ignore', 'ignore_ament_install']
[0.336s] Level 1:colcon.colcon_core.package_identification:_identify(workspace/src/pal_urdf_utils) by extension 'ignore'
[0.336s] Level 1:colcon.colcon_core.package_identification:_identify(workspace/src/pal_urdf_utils) by extension 'ignore_ament_install'
[0.336s] Level 1:colcon.colcon_core.package_identification:_identify(workspace/src/pal_urdf_utils) by extensions ['colcon_pkg']
[0.336s] Level 1:colcon.colcon_core.package_identification:_identify(workspace/src/pal_urdf_utils) by extension 'colcon_pkg'
[0.336s] Level 1:colcon.colcon_core.package_identification:_identify(workspace/src/pal_urdf_utils) by extensions ['colcon_meta']
[0.336s] Level 1:colcon.colcon_core.package_identification:_identify(workspace/src/pal_urdf_utils) by extension 'colcon_meta'
[0.337s] Level 1:colcon.colcon_core.package_identification:_identify(workspace/src/pal_urdf_utils) by extensions ['ros']
[0.337s] Level 1:colcon.colcon_core.package_identification:_identify(workspace/src/pal_urdf_utils) by extension 'ros'
[0.337s] DEBUG:colcon.colcon_core.package_identification:Package 'workspace/src/pal_urdf_utils' with type 'ros.ament_cmake' and name 'pal_urdf_utils'
[0.337s] Level 1:colcon.colcon_core.package_identification:_identify(workspace/src/play_motion2) by extensions ['ignore', 'ignore_ament_install']
[0.337s] Level 1:colcon.colcon_core.package_identification:_identify(workspace/src/play_motion2) by extension 'ignore'
[0.337s] Level 1:colcon.colcon_core.package_identification:_identify(workspace/src/play_motion2) by extension 'ignore_ament_install'
[0.337s] Level 1:colcon.colcon_core.package_identification:_identify(workspace/src/play_motion2) by extensions ['colcon_pkg']
[0.337s] Level 1:colcon.colcon_core.package_identification:_identify(workspace/src/play_motion2) by extension 'colcon_pkg'
[0.337s] Level 1:colcon.colcon_core.package_identification:_identify(workspace/src/play_motion2) by extensions ['colcon_meta']
[0.337s] Level 1:colcon.colcon_core.package_identification:_identify(workspace/src/play_motion2) by extension 'colcon_meta'
[0.337s] Level 1:colcon.colcon_core.package_identification:_identify(workspace/src/play_motion2) by extensions ['ros']
[0.337s] Level 1:colcon.colcon_core.package_identification:_identify(workspace/src/play_motion2) by extension 'ros'
[0.337s] Level 1:colcon.colcon_core.package_identification:_identify(workspace/src/play_motion2) by extensions ['cmake', 'python']
[0.337s] Level 1:colcon.colcon_core.package_identification:_identify(workspace/src/play_motion2) by extension 'cmake'
[0.337s] Level 1:colcon.colcon_core.package_identification:_identify(workspace/src/play_motion2) by extension 'python'
[0.338s] Level 1:colcon.colcon_core.package_identification:_identify(workspace/src/play_motion2) by extensions ['python_setup_py']
[0.338s] Level 1:colcon.colcon_core.package_identification:_identify(workspace/src/play_motion2) by extension 'python_setup_py'
[0.338s] Level 1:colcon.colcon_core.package_identification:_identify(workspace/src/play_motion2/play_motion2) by extensions ['ignore', 'ignore_ament_install']
[0.338s] Level 1:colcon.colcon_core.package_identification:_identify(workspace/src/play_motion2/play_motion2) by extension 'ignore'
[0.338s] Level 1:colcon.colcon_core.package_identification:_identify(workspace/src/play_motion2/play_motion2) by extension 'ignore_ament_install'
[0.338s] Level 1:colcon.colcon_core.package_identification:_identify(workspace/src/play_motion2/play_motion2) by extensions ['colcon_pkg']
[0.338s] Level 1:colcon.colcon_core.package_identification:_identify(workspace/src/play_motion2/play_motion2) by extension 'colcon_pkg'
[0.338s] Level 1:colcon.colcon_core.package_identification:_identify(workspace/src/play_motion2/play_motion2) by extensions ['colcon_meta']
[0.338s] Level 1:colcon.colcon_core.package_identification:_identify(workspace/src/play_motion2/play_motion2) by extension 'colcon_meta'
[0.338s] Level 1:colcon.colcon_core.package_identification:_identify(workspace/src/play_motion2/play_motion2) by extensions ['ros']
[0.338s] Level 1:colcon.colcon_core.package_identification:_identify(workspace/src/play_motion2/play_motion2) by extension 'ros'
[0.339s] DEBUG:colcon.colcon_core.package_identification:Package 'workspace/src/play_motion2/play_motion2' with type 'ros.ament_cmake' and name 'play_motion2'
[0.339s] Level 1:colcon.colcon_core.package_identification:_identify(workspace/src/play_motion2/play_motion2_msgs) by extensions ['ignore', 'ignore_ament_install']
[0.339s] Level 1:colcon.colcon_core.package_identification:_identify(workspace/src/play_motion2/play_motion2_msgs) by extension 'ignore'
[0.339s] Level 1:colcon.colcon_core.package_identification:_identify(workspace/src/play_motion2/play_motion2_msgs) by extension 'ignore_ament_install'
[0.339s] Level 1:colcon.colcon_core.package_identification:_identify(workspace/src/play_motion2/play_motion2_msgs) by extensions ['colcon_pkg']
[0.339s] Level 1:colcon.colcon_core.package_identification:_identify(workspace/src/play_motion2/play_motion2_msgs) by extension 'colcon_pkg'
[0.339s] Level 1:colcon.colcon_core.package_identification:_identify(workspace/src/play_motion2/play_motion2_msgs) by extensions ['colcon_meta']
[0.339s] Level 1:colcon.colcon_core.package_identification:_identify(workspace/src/play_motion2/play_motion2_msgs) by extension 'colcon_meta'
[0.340s] Level 1:colcon.colcon_core.package_identification:_identify(workspace/src/play_motion2/play_motion2_msgs) by extensions ['ros']
[0.340s] Level 1:colcon.colcon_core.package_identification:_identify(workspace/src/play_motion2/play_motion2_msgs) by extension 'ros'
[0.340s] DEBUG:colcon.colcon_core.package_identification:Package 'workspace/src/play_motion2/play_motion2_msgs' with type 'ros.ament_cmake' and name 'play_motion2_msgs'
[0.340s] Level 1:colcon.colcon_core.package_identification:_identify(workspace/src/pmb2_navigation) by extensions ['ignore', 'ignore_ament_install']
[0.340s] Level 1:colcon.colcon_core.package_identification:_identify(workspace/src/pmb2_navigation) by extension 'ignore'
[0.340s] Level 1:colcon.colcon_core.package_identification:_identify(workspace/src/pmb2_navigation) by extension 'ignore_ament_install'
[0.340s] Level 1:colcon.colcon_core.package_identification:_identify(workspace/src/pmb2_navigation) by extensions ['colcon_pkg']
[0.340s] Level 1:colcon.colcon_core.package_identification:_identify(workspace/src/pmb2_navigation) by extension 'colcon_pkg'
[0.340s] Level 1:colcon.colcon_core.package_identification:_identify(workspace/src/pmb2_navigation) by extensions ['colcon_meta']
[0.340s] Level 1:colcon.colcon_core.package_identification:_identify(workspace/src/pmb2_navigation) by extension 'colcon_meta'
[0.340s] Level 1:colcon.colcon_core.package_identification:_identify(workspace/src/pmb2_navigation) by extensions ['ros']
[0.340s] Level 1:colcon.colcon_core.package_identification:_identify(workspace/src/pmb2_navigation) by extension 'ros'
[0.341s] Level 1:colcon.colcon_core.package_identification:_identify(workspace/src/pmb2_navigation) by extensions ['cmake', 'python']
[0.341s] Level 1:colcon.colcon_core.package_identification:_identify(workspace/src/pmb2_navigation) by extension 'cmake'
[0.341s] Level 1:colcon.colcon_core.package_identification:_identify(workspace/src/pmb2_navigation) by extension 'python'
[0.341s] Level 1:colcon.colcon_core.package_identification:_identify(workspace/src/pmb2_navigation) by extensions ['python_setup_py']
[0.341s] Level 1:colcon.colcon_core.package_identification:_identify(workspace/src/pmb2_navigation) by extension 'python_setup_py'
[0.341s] Level 1:colcon.colcon_core.package_identification:_identify(workspace/src/pmb2_navigation/pmb2_2dnav) by extensions ['ignore', 'ignore_ament_install']
[0.341s] Level 1:colcon.colcon_core.package_identification:_identify(workspace/src/pmb2_navigation/pmb2_2dnav) by extension 'ignore'
[0.341s] Level 1:colcon.colcon_core.package_identification:_identify(workspace/src/pmb2_navigation/pmb2_2dnav) by extension 'ignore_ament_install'
[0.341s] Level 1:colcon.colcon_core.package_identification:_identify(workspace/src/pmb2_navigation/pmb2_2dnav) by extensions ['colcon_pkg']
[0.341s] Level 1:colcon.colcon_core.package_identification:_identify(workspace/src/pmb2_navigation/pmb2_2dnav) by extension 'colcon_pkg'
[0.341s] Level 1:colcon.colcon_core.package_identification:_identify(workspace/src/pmb2_navigation/pmb2_2dnav) by extensions ['colcon_meta']
[0.341s] Level 1:colcon.colcon_core.package_identification:_identify(workspace/src/pmb2_navigation/pmb2_2dnav) by extension 'colcon_meta'
[0.341s] Level 1:colcon.colcon_core.package_identification:_identify(workspace/src/pmb2_navigation/pmb2_2dnav) by extensions ['ros']
[0.341s] Level 1:colcon.colcon_core.package_identification:_identify(workspace/src/pmb2_navigation/pmb2_2dnav) by extension 'ros'
[0.346s] DEBUG:colcon.colcon_core.package_identification:Package 'workspace/src/pmb2_navigation/pmb2_2dnav' with type 'ros.ament_cmake' and name 'pmb2_2dnav'
[0.347s] Level 1:colcon.colcon_core.package_identification:_identify(workspace/src/pmb2_navigation/pmb2_laser_sensors) by extensions ['ignore', 'ignore_ament_install']
[0.347s] Level 1:colcon.colcon_core.package_identification:_identify(workspace/src/pmb2_navigation/pmb2_laser_sensors) by extension 'ignore'
[0.347s] Level 1:colcon.colcon_core.package_identification:_identify(workspace/src/pmb2_navigation/pmb2_laser_sensors) by extension 'ignore_ament_install'
[0.347s] Level 1:colcon.colcon_core.package_identification:_identify(workspace/src/pmb2_navigation/pmb2_laser_sensors) by extensions ['colcon_pkg']
[0.347s] Level 1:colcon.colcon_core.package_identification:_identify(workspace/src/pmb2_navigation/pmb2_laser_sensors) by extension 'colcon_pkg'
[0.347s] Level 1:colcon.colcon_core.package_identification:_identify(workspace/src/pmb2_navigation/pmb2_laser_sensors) by extensions ['colcon_meta']
[0.347s] Level 1:colcon.colcon_core.package_identification:_identify(workspace/src/pmb2_navigation/pmb2_laser_sensors) by extension 'colcon_meta'
[0.347s] Level 1:colcon.colcon_core.package_identification:_identify(workspace/src/pmb2_navigation/pmb2_laser_sensors) by extensions ['ros']
[0.347s] Level 1:colcon.colcon_core.package_identification:_identify(workspace/src/pmb2_navigation/pmb2_laser_sensors) by extension 'ros'
[0.350s] DEBUG:colcon.colcon_core.package_identification:Package 'workspace/src/pmb2_navigation/pmb2_laser_sensors' with type 'ros.ament_cmake' and name 'pmb2_laser_sensors'
[0.350s] Level 1:colcon.colcon_core.package_identification:_identify(workspace/src/pmb2_navigation/pmb2_navigation) by extensions ['ignore', 'ignore_ament_install']
[0.350s] Level 1:colcon.colcon_core.package_identification:_identify(workspace/src/pmb2_navigation/pmb2_navigation) by extension 'ignore'
[0.350s] Level 1:colcon.colcon_core.package_identification:_identify(workspace/src/pmb2_navigation/pmb2_navigation) by extension 'ignore_ament_install'
[0.350s] Level 1:colcon.colcon_core.package_identification:_identify(workspace/src/pmb2_navigation/pmb2_navigation) by extensions ['colcon_pkg']
[0.350s] Level 1:colcon.colcon_core.package_identification:_identify(workspace/src/pmb2_navigation/pmb2_navigation) by extension 'colcon_pkg'
[0.350s] Level 1:colcon.colcon_core.package_identification:_identify(workspace/src/pmb2_navigation/pmb2_navigation) by extensions ['colcon_meta']
[0.350s] Level 1:colcon.colcon_core.package_identification:_identify(workspace/src/pmb2_navigation/pmb2_navigation) by extension 'colcon_meta'
[0.350s] Level 1:colcon.colcon_core.package_identification:_identify(workspace/src/pmb2_navigation/pmb2_navigation) by extensions ['ros']
[0.350s] Level 1:colcon.colcon_core.package_identification:_identify(workspace/src/pmb2_navigation/pmb2_navigation) by extension 'ros'
[0.350s] DEBUG:colcon.colcon_core.package_identification:Package 'workspace/src/pmb2_navigation/pmb2_navigation' with type 'ros.ament_cmake' and name 'pmb2_navigation'
[0.351s] Level 1:colcon.colcon_core.package_identification:_identify(workspace/src/pmb2_navigation/pmb2_rgbd_sensors) by extensions ['ignore', 'ignore_ament_install']
[0.351s] Level 1:colcon.colcon_core.package_identification:_identify(workspace/src/pmb2_navigation/pmb2_rgbd_sensors) by extension 'ignore'
[0.351s] Level 1:colcon.colcon_core.package_identification:_identify(workspace/src/pmb2_navigation/pmb2_rgbd_sensors) by extension 'ignore_ament_install'
[0.351s] Level 1:colcon.colcon_core.package_identification:_identify(workspace/src/pmb2_navigation/pmb2_rgbd_sensors) by extensions ['colcon_pkg']
[0.351s] Level 1:colcon.colcon_core.package_identification:_identify(workspace/src/pmb2_navigation/pmb2_rgbd_sensors) by extension 'colcon_pkg'
[0.351s] Level 1:colcon.colcon_core.package_identification:_identify(workspace/src/pmb2_navigation/pmb2_rgbd_sensors) by extensions ['colcon_meta']
[0.351s] Level 1:colcon.colcon_core.package_identification:_identify(workspace/src/pmb2_navigation/pmb2_rgbd_sensors) by extension 'colcon_meta'
[0.351s] Level 1:colcon.colcon_core.package_identification:_identify(workspace/src/pmb2_navigation/pmb2_rgbd_sensors) by extensions ['ros']
[0.351s] Level 1:colcon.colcon_core.package_identification:_identify(workspace/src/pmb2_navigation/pmb2_rgbd_sensors) by extension 'ros'
[0.353s] DEBUG:colcon.colcon_core.package_identification:Package 'workspace/src/pmb2_navigation/pmb2_rgbd_sensors' with type 'ros.ament_cmake' and name 'pmb2_rgbd_sensors'
[0.353s] Level 1:colcon.colcon_core.package_identification:_identify(workspace/src/pmb2_robot) by extensions ['ignore', 'ignore_ament_install']
[0.353s] Level 1:colcon.colcon_core.package_identification:_identify(workspace/src/pmb2_robot) by extension 'ignore'
[0.353s] Level 1:colcon.colcon_core.package_identification:_identify(workspace/src/pmb2_robot) by extension 'ignore_ament_install'
[0.353s] Level 1:colcon.colcon_core.package_identification:_identify(workspace/src/pmb2_robot) by extensions ['colcon_pkg']
[0.353s] Level 1:colcon.colcon_core.package_identification:_identify(workspace/src/pmb2_robot) by extension 'colcon_pkg'
[0.353s] Level 1:colcon.colcon_core.package_identification:_identify(workspace/src/pmb2_robot) by extensions ['colcon_meta']
[0.353s] Level 1:colcon.colcon_core.package_identification:_identify(workspace/src/pmb2_robot) by extension 'colcon_meta'
[0.353s] Level 1:colcon.colcon_core.package_identification:_identify(workspace/src/pmb2_robot) by extensions ['ros']
[0.353s] Level 1:colcon.colcon_core.package_identification:_identify(workspace/src/pmb2_robot) by extension 'ros'
[0.353s] Level 1:colcon.colcon_core.package_identification:_identify(workspace/src/pmb2_robot) by extensions ['cmake', 'python']
[0.353s] Level 1:colcon.colcon_core.package_identification:_identify(workspace/src/pmb2_robot) by extension 'cmake'
[0.353s] Level 1:colcon.colcon_core.package_identification:_identify(workspace/src/pmb2_robot) by extension 'python'
[0.353s] Level 1:colcon.colcon_core.package_identification:_identify(workspace/src/pmb2_robot) by extensions ['python_setup_py']
[0.354s] Level 1:colcon.colcon_core.package_identification:_identify(workspace/src/pmb2_robot) by extension 'python_setup_py'
[0.354s] Level 1:colcon.colcon_core.package_identification:_identify(workspace/src/pmb2_robot/pmb2_bringup) by extensions ['ignore', 'ignore_ament_install']
[0.354s] Level 1:colcon.colcon_core.package_identification:_identify(workspace/src/pmb2_robot/pmb2_bringup) by extension 'ignore'
[0.354s] Level 1:colcon.colcon_core.package_identification:_identify(workspace/src/pmb2_robot/pmb2_bringup) by extension 'ignore_ament_install'
[0.354s] Level 1:colcon.colcon_core.package_identification:_identify(workspace/src/pmb2_robot/pmb2_bringup) by extensions ['colcon_pkg']
[0.354s] Level 1:colcon.colcon_core.package_identification:_identify(workspace/src/pmb2_robot/pmb2_bringup) by extension 'colcon_pkg'
[0.354s] Level 1:colcon.colcon_core.package_identification:_identify(workspace/src/pmb2_robot/pmb2_bringup) by extensions ['colcon_meta']
[0.354s] Level 1:colcon.colcon_core.package_identification:_identify(workspace/src/pmb2_robot/pmb2_bringup) by extension 'colcon_meta'
[0.354s] Level 1:colcon.colcon_core.package_identification:_identify(workspace/src/pmb2_robot/pmb2_bringup) by extensions ['ros']
[0.354s] Level 1:colcon.colcon_core.package_identification:_identify(workspace/src/pmb2_robot/pmb2_bringup) by extension 'ros'
[0.355s] DEBUG:colcon.colcon_core.package_identification:Package 'workspace/src/pmb2_robot/pmb2_bringup' with type 'ros.ament_cmake' and name 'pmb2_bringup'
[0.355s] Level 1:colcon.colcon_core.package_identification:_identify(workspace/src/pmb2_robot/pmb2_controller_configuration) by extensions ['ignore', 'ignore_ament_install']
[0.355s] Level 1:colcon.colcon_core.package_identification:_identify(workspace/src/pmb2_robot/pmb2_controller_configuration) by extension 'ignore'
[0.355s] Level 1:colcon.colcon_core.package_identification:_identify(workspace/src/pmb2_robot/pmb2_controller_configuration) by extension 'ignore_ament_install'
[0.355s] Level 1:colcon.colcon_core.package_identification:_identify(workspace/src/pmb2_robot/pmb2_controller_configuration) by extensions ['colcon_pkg']
[0.355s] Level 1:colcon.colcon_core.package_identification:_identify(workspace/src/pmb2_robot/pmb2_controller_configuration) by extension 'colcon_pkg'
[0.355s] Level 1:colcon.colcon_core.package_identification:_identify(workspace/src/pmb2_robot/pmb2_controller_configuration) by extensions ['colcon_meta']
[0.355s] Level 1:colcon.colcon_core.package_identification:_identify(workspace/src/pmb2_robot/pmb2_controller_configuration) by extension 'colcon_meta'
[0.355s] Level 1:colcon.colcon_core.package_identification:_identify(workspace/src/pmb2_robot/pmb2_controller_configuration) by extensions ['ros']
[0.355s] Level 1:colcon.colcon_core.package_identification:_identify(workspace/src/pmb2_robot/pmb2_controller_configuration) by extension 'ros'
[0.356s] DEBUG:colcon.colcon_core.package_identification:Package 'workspace/src/pmb2_robot/pmb2_controller_configuration' with type 'ros.ament_cmake' and name 'pmb2_controller_configuration'
[0.356s] Level 1:colcon.colcon_core.package_identification:_identify(workspace/src/pmb2_robot/pmb2_description) by extensions ['ignore', 'ignore_ament_install']
[0.356s] Level 1:colcon.colcon_core.package_identification:_identify(workspace/src/pmb2_robot/pmb2_description) by extension 'ignore'
[0.356s] Level 1:colcon.colcon_core.package_identification:_identify(workspace/src/pmb2_robot/pmb2_description) by extension 'ignore_ament_install'
[0.356s] Level 1:colcon.colcon_core.package_identification:_identify(workspace/src/pmb2_robot/pmb2_description) by extensions ['colcon_pkg']
[0.356s] Level 1:colcon.colcon_core.package_identification:_identify(workspace/src/pmb2_robot/pmb2_description) by extension 'colcon_pkg'
[0.356s] Level 1:colcon.colcon_core.package_identification:_identify(workspace/src/pmb2_robot/pmb2_description) by extensions ['colcon_meta']
[0.356s] Level 1:colcon.colcon_core.package_identification:_identify(workspace/src/pmb2_robot/pmb2_description) by extension 'colcon_meta'
[0.356s] Level 1:colcon.colcon_core.package_identification:_identify(workspace/src/pmb2_robot/pmb2_description) by extensions ['ros']
[0.356s] Level 1:colcon.colcon_core.package_identification:_identify(workspace/src/pmb2_robot/pmb2_description) by extension 'ros'
[0.357s] DEBUG:colcon.colcon_core.package_identification:Package 'workspace/src/pmb2_robot/pmb2_description' with type 'ros.ament_cmake' and name 'pmb2_description'
[0.357s] Level 1:colcon.colcon_core.package_identification:_identify(workspace/src/pmb2_robot/pmb2_robot) by extensions ['ignore', 'ignore_ament_install']
[0.357s] Level 1:colcon.colcon_core.package_identification:_identify(workspace/src/pmb2_robot/pmb2_robot) by extension 'ignore'
[0.357s] Level 1:colcon.colcon_core.package_identification:_identify(workspace/src/pmb2_robot/pmb2_robot) by extension 'ignore_ament_install'
[0.357s] Level 1:colcon.colcon_core.package_identification:_identify(workspace/src/pmb2_robot/pmb2_robot) by extensions ['colcon_pkg']
[0.357s] Level 1:colcon.colcon_core.package_identification:_identify(workspace/src/pmb2_robot/pmb2_robot) by extension 'colcon_pkg'
[0.357s] Level 1:colcon.colcon_core.package_identification:_identify(workspace/src/pmb2_robot/pmb2_robot) by extensions ['colcon_meta']
[0.357s] Level 1:colcon.colcon_core.package_identification:_identify(workspace/src/pmb2_robot/pmb2_robot) by extension 'colcon_meta'
[0.357s] Level 1:colcon.colcon_core.package_identification:_identify(workspace/src/pmb2_robot/pmb2_robot) by extensions ['ros']
[0.358s] Level 1:colcon.colcon_core.package_identification:_identify(workspace/src/pmb2_robot/pmb2_robot) by extension 'ros'
[0.358s] DEBUG:colcon.colcon_core.package_identification:Package 'workspace/src/pmb2_robot/pmb2_robot' with type 'ros.ament_cmake' and name 'pmb2_robot'
[0.358s] Level 1:colcon.colcon_core.package_identification:_identify(workspace/src/ruta_hospital) by extensions ['ignore', 'ignore_ament_install']
[0.358s] Level 1:colcon.colcon_core.package_identification:_identify(workspace/src/ruta_hospital) by extension 'ignore'
[0.358s] Level 1:colcon.colcon_core.package_identification:_identify(workspace/src/ruta_hospital) by extension 'ignore_ament_install'
[0.358s] Level 1:colcon.colcon_core.package_identification:_identify(workspace/src/ruta_hospital) by extensions ['colcon_pkg']
[0.358s] Level 1:colcon.colcon_core.package_identification:_identify(workspace/src/ruta_hospital) by extension 'colcon_pkg'
[0.358s] Level 1:colcon.colcon_core.package_identification:_identify(workspace/src/ruta_hospital) by extensions ['colcon_meta']
[0.358s] Level 1:colcon.colcon_core.package_identification:_identify(workspace/src/ruta_hospital) by extension 'colcon_meta'
[0.358s] Level 1:colcon.colcon_core.package_identification:_identify(workspace/src/ruta_hospital) by extensions ['ros']
[0.358s] Level 1:colcon.colcon_core.package_identification:_identify(workspace/src/ruta_hospital) by extension 'ros'
[0.359s] DEBUG:colcon.colcon_core.package_identification:Package 'workspace/src/ruta_hospital' with type 'ros.ament_python' and name 'ruta_hospital'
[0.359s] Level 1:colcon.colcon_core.package_identification:_identify(workspace/src/tiago_moveit_config) by extensions ['ignore', 'ignore_ament_install']
[0.359s] Level 1:colcon.colcon_core.package_identification:_identify(workspace/src/tiago_moveit_config) by extension 'ignore'
[0.359s] Level 1:colcon.colcon_core.package_identification:_identify(workspace/src/tiago_moveit_config) by extension 'ignore_ament_install'
[0.359s] Level 1:colcon.colcon_core.package_identification:_identify(workspace/src/tiago_moveit_config) by extensions ['colcon_pkg']
[0.359s] Level 1:colcon.colcon_core.package_identification:_identify(workspace/src/tiago_moveit_config) by extension 'colcon_pkg'
[0.359s] Level 1:colcon.colcon_core.package_identification:_identify(workspace/src/tiago_moveit_config) by extensions ['colcon_meta']
[0.359s] Level 1:colcon.colcon_core.package_identification:_identify(workspace/src/tiago_moveit_config) by extension 'colcon_meta'
[0.359s] Level 1:colcon.colcon_core.package_identification:_identify(workspace/src/tiago_moveit_config) by extensions ['ros']
[0.359s] Level 1:colcon.colcon_core.package_identification:_identify(workspace/src/tiago_moveit_config) by extension 'ros'
[0.360s] DEBUG:colcon.colcon_core.package_identification:Package 'workspace/src/tiago_moveit_config' with type 'ros.ament_cmake' and name 'tiago_moveit_config'
[0.360s] Level 1:colcon.colcon_core.package_identification:_identify(workspace/src/tiago_navigation) by extensions ['ignore', 'ignore_ament_install']
[0.360s] Level 1:colcon.colcon_core.package_identification:_identify(workspace/src/tiago_navigation) by extension 'ignore'
[0.360s] Level 1:colcon.colcon_core.package_identification:_identify(workspace/src/tiago_navigation) by extension 'ignore_ament_install'
[0.360s] Level 1:colcon.colcon_core.package_identification:_identify(workspace/src/tiago_navigation) by extensions ['colcon_pkg']
[0.360s] Level 1:colcon.colcon_core.package_identification:_identify(workspace/src/tiago_navigation) by extension 'colcon_pkg'
[0.360s] Level 1:colcon.colcon_core.package_identification:_identify(workspace/src/tiago_navigation) by extensions ['colcon_meta']
[0.360s] Level 1:colcon.colcon_core.package_identification:_identify(workspace/src/tiago_navigation) by extension 'colcon_meta'
[0.360s] Level 1:colcon.colcon_core.package_identification:_identify(workspace/src/tiago_navigation) by extensions ['ros']
[0.361s] Level 1:colcon.colcon_core.package_identification:_identify(workspace/src/tiago_navigation) by extension 'ros'
[0.361s] Level 1:colcon.colcon_core.package_identification:_identify(workspace/src/tiago_navigation) by extensions ['cmake', 'python']
[0.361s] Level 1:colcon.colcon_core.package_identification:_identify(workspace/src/tiago_navigation) by extension 'cmake'
[0.361s] Level 1:colcon.colcon_core.package_identification:_identify(workspace/src/tiago_navigation) by extension 'python'
[0.361s] Level 1:colcon.colcon_core.package_identification:_identify(workspace/src/tiago_navigation) by extensions ['python_setup_py']
[0.361s] Level 1:colcon.colcon_core.package_identification:_identify(workspace/src/tiago_navigation) by extension 'python_setup_py'
[0.361s] Level 1:colcon.colcon_core.package_identification:_identify(workspace/src/tiago_navigation/tiago_2dnav) by extensions ['ignore', 'ignore_ament_install']
[0.361s] Level 1:colcon.colcon_core.package_identification:_identify(workspace/src/tiago_navigation/tiago_2dnav) by extension 'ignore'
[0.361s] Level 1:colcon.colcon_core.package_identification:_identify(workspace/src/tiago_navigation/tiago_2dnav) by extension 'ignore_ament_install'
[0.361s] Level 1:colcon.colcon_core.package_identification:_identify(workspace/src/tiago_navigation/tiago_2dnav) by extensions ['colcon_pkg']
[0.361s] Level 1:colcon.colcon_core.package_identification:_identify(workspace/src/tiago_navigation/tiago_2dnav) by extension 'colcon_pkg'
[0.361s] Level 1:colcon.colcon_core.package_identification:_identify(workspace/src/tiago_navigation/tiago_2dnav) by extensions ['colcon_meta']
[0.361s] Level 1:colcon.colcon_core.package_identification:_identify(workspace/src/tiago_navigation/tiago_2dnav) by extension 'colcon_meta'
[0.361s] Level 1:colcon.colcon_core.package_identification:_identify(workspace/src/tiago_navigation/tiago_2dnav) by extensions ['ros']
[0.361s] Level 1:colcon.colcon_core.package_identification:_identify(workspace/src/tiago_navigation/tiago_2dnav) by extension 'ros'
[0.362s] DEBUG:colcon.colcon_core.package_identification:Package 'workspace/src/tiago_navigation/tiago_2dnav' with type 'ros.ament_cmake' and name 'tiago_2dnav'
[0.362s] Level 1:colcon.colcon_core.package_identification:_identify(workspace/src/tiago_navigation/tiago_laser_sensors) by extensions ['ignore', 'ignore_ament_install']
[0.362s] Level 1:colcon.colcon_core.package_identification:_identify(workspace/src/tiago_navigation/tiago_laser_sensors) by extension 'ignore'
[0.362s] Level 1:colcon.colcon_core.package_identification:_identify(workspace/src/tiago_navigation/tiago_laser_sensors) by extension 'ignore_ament_install'
[0.362s] Level 1:colcon.colcon_core.package_identification:_identify(workspace/src/tiago_navigation/tiago_laser_sensors) by extensions ['colcon_pkg']
[0.362s] Level 1:colcon.colcon_core.package_identification:_identify(workspace/src/tiago_navigation/tiago_laser_sensors) by extension 'colcon_pkg'
[0.362s] Level 1:colcon.colcon_core.package_identification:_identify(workspace/src/tiago_navigation/tiago_laser_sensors) by extensions ['colcon_meta']
[0.362s] Level 1:colcon.colcon_core.package_identification:_identify(workspace/src/tiago_navigation/tiago_laser_sensors) by extension 'colcon_meta'
[0.362s] Level 1:colcon.colcon_core.package_identification:_identify(workspace/src/tiago_navigation/tiago_laser_sensors) by extensions ['ros']
[0.362s] Level 1:colcon.colcon_core.package_identification:_identify(workspace/src/tiago_navigation/tiago_laser_sensors) by extension 'ros'
[0.363s] DEBUG:colcon.colcon_core.package_identification:Package 'workspace/src/tiago_navigation/tiago_laser_sensors' with type 'ros.ament_cmake' and name 'tiago_laser_sensors'
[0.363s] Level 1:colcon.colcon_core.package_identification:_identify(workspace/src/tiago_navigation/tiago_navigation) by extensions ['ignore', 'ignore_ament_install']
[0.363s] Level 1:colcon.colcon_core.package_identification:_identify(workspace/src/tiago_navigation/tiago_navigation) by extension 'ignore'
[0.363s] Level 1:colcon.colcon_core.package_identification:_identify(workspace/src/tiago_navigation/tiago_navigation) by extension 'ignore_ament_install'
[0.363s] Level 1:colcon.colcon_core.package_identification:_identify(workspace/src/tiago_navigation/tiago_navigation) by extensions ['colcon_pkg']
[0.363s] Level 1:colcon.colcon_core.package_identification:_identify(workspace/src/tiago_navigation/tiago_navigation) by extension 'colcon_pkg'
[0.363s] Level 1:colcon.colcon_core.package_identification:_identify(workspace/src/tiago_navigation/tiago_navigation) by extensions ['colcon_meta']
[0.363s] Level 1:colcon.colcon_core.package_identification:_identify(workspace/src/tiago_navigation/tiago_navigation) by extension 'colcon_meta'
[0.363s] Level 1:colcon.colcon_core.package_identification:_identify(workspace/src/tiago_navigation/tiago_navigation) by extensions ['ros']
[0.363s] Level 1:colcon.colcon_core.package_identification:_identify(workspace/src/tiago_navigation/tiago_navigation) by extension 'ros'
[0.364s] DEBUG:colcon.colcon_core.package_identification:Package 'workspace/src/tiago_navigation/tiago_navigation' with type 'ros.ament_cmake' and name 'tiago_navigation'
[0.364s] Level 1:colcon.colcon_core.package_identification:_identify(workspace/src/tiago_navigation/tiago_rgbd_sensors) by extensions ['ignore', 'ignore_ament_install']
[0.364s] Level 1:colcon.colcon_core.package_identification:_identify(workspace/src/tiago_navigation/tiago_rgbd_sensors) by extension 'ignore'
[0.364s] Level 1:colcon.colcon_core.package_identification:_identify(workspace/src/tiago_navigation/tiago_rgbd_sensors) by extension 'ignore_ament_install'
[0.364s] Level 1:colcon.colcon_core.package_identification:_identify(workspace/src/tiago_navigation/tiago_rgbd_sensors) by extensions ['colcon_pkg']
[0.364s] Level 1:colcon.colcon_core.package_identification:_identify(workspace/src/tiago_navigation/tiago_rgbd_sensors) by extension 'colcon_pkg'
[0.364s] Level 1:colcon.colcon_core.package_identification:_identify(workspace/src/tiago_navigation/tiago_rgbd_sensors) by extensions ['colcon_meta']
[0.364s] Level 1:colcon.colcon_core.package_identification:_identify(workspace/src/tiago_navigation/tiago_rgbd_sensors) by extension 'colcon_meta'
[0.364s] Level 1:colcon.colcon_core.package_identification:_identify(workspace/src/tiago_navigation/tiago_rgbd_sensors) by extensions ['ros']
[0.364s] Level 1:colcon.colcon_core.package_identification:_identify(workspace/src/tiago_navigation/tiago_rgbd_sensors) by extension 'ros'
[0.365s] DEBUG:colcon.colcon_core.package_identification:Package 'workspace/src/tiago_navigation/tiago_rgbd_sensors' with type 'ros.ament_cmake' and name 'tiago_rgbd_sensors'
[0.365s] Level 1:colcon.colcon_core.package_identification:_identify(workspace/src/tiago_robot) by extensions ['ignore', 'ignore_ament_install']
[0.365s] Level 1:colcon.colcon_core.package_identification:_identify(workspace/src/tiago_robot) by extension 'ignore'
[0.365s] Level 1:colcon.colcon_core.package_identification:_identify(workspace/src/tiago_robot) by extension 'ignore_ament_install'
[0.366s] Level 1:colcon.colcon_core.package_identification:_identify(workspace/src/tiago_robot) by extensions ['colcon_pkg']
[0.366s] Level 1:colcon.colcon_core.package_identification:_identify(workspace/src/tiago_robot) by extension 'colcon_pkg'
[0.366s] Level 1:colcon.colcon_core.package_identification:_identify(workspace/src/tiago_robot) by extensions ['colcon_meta']
[0.366s] Level 1:colcon.colcon_core.package_identification:_identify(workspace/src/tiago_robot) by extension 'colcon_meta'
[0.366s] Level 1:colcon.colcon_core.package_identification:_identify(workspace/src/tiago_robot) by extensions ['ros']
[0.366s] Level 1:colcon.colcon_core.package_identification:_identify(workspace/src/tiago_robot) by extension 'ros'
[0.366s] Level 1:colcon.colcon_core.package_identification:_identify(workspace/src/tiago_robot) by extensions ['cmake', 'python']
[0.366s] Level 1:colcon.colcon_core.package_identification:_identify(workspace/src/tiago_robot) by extension 'cmake'
[0.366s] Level 1:colcon.colcon_core.package_identification:_identify(workspace/src/tiago_robot) by extension 'python'
[0.366s] Level 1:colcon.colcon_core.package_identification:_identify(workspace/src/tiago_robot) by extensions ['python_setup_py']
[0.366s] Level 1:colcon.colcon_core.package_identification:_identify(workspace/src/tiago_robot) by extension 'python_setup_py'
[0.366s] Level 1:colcon.colcon_core.package_identification:_identify(workspace/src/tiago_robot/tiago_bringup) by extensions ['ignore', 'ignore_ament_install']
[0.366s] Level 1:colcon.colcon_core.package_identification:_identify(workspace/src/tiago_robot/tiago_bringup) by extension 'ignore'
[0.366s] Level 1:colcon.colcon_core.package_identification:_identify(workspace/src/tiago_robot/tiago_bringup) by extension 'ignore_ament_install'
[0.366s] Level 1:colcon.colcon_core.package_identification:_identify(workspace/src/tiago_robot/tiago_bringup) by extensions ['colcon_pkg']
[0.366s] Level 1:colcon.colcon_core.package_identification:_identify(workspace/src/tiago_robot/tiago_bringup) by extension 'colcon_pkg'
[0.366s] Level 1:colcon.colcon_core.package_identification:_identify(workspace/src/tiago_robot/tiago_bringup) by extensions ['colcon_meta']
[0.366s] Level 1:colcon.colcon_core.package_identification:_identify(workspace/src/tiago_robot/tiago_bringup) by extension 'colcon_meta'
[0.366s] Level 1:colcon.colcon_core.package_identification:_identify(workspace/src/tiago_robot/tiago_bringup) by extensions ['ros']
[0.366s] Level 1:colcon.colcon_core.package_identification:_identify(workspace/src/tiago_robot/tiago_bringup) by extension 'ros'
[0.367s] DEBUG:colcon.colcon_core.package_identification:Package 'workspace/src/tiago_robot/tiago_bringup' with type 'ros.ament_cmake' and name 'tiago_bringup'
[0.367s] Level 1:colcon.colcon_core.package_identification:_identify(workspace/src/tiago_robot/tiago_controller_configuration) by extensions ['ignore', 'ignore_ament_install']
[0.368s] Level 1:colcon.colcon_core.package_identification:_identify(workspace/src/tiago_robot/tiago_controller_configuration) by extension 'ignore'
[0.368s] Level 1:colcon.colcon_core.package_identification:_identify(workspace/src/tiago_robot/tiago_controller_configuration) by extension 'ignore_ament_install'
[0.368s] Level 1:colcon.colcon_core.package_identification:_identify(workspace/src/tiago_robot/tiago_controller_configuration) by extensions ['colcon_pkg']
[0.368s] Level 1:colcon.colcon_core.package_identification:_identify(workspace/src/tiago_robot/tiago_controller_configuration) by extension 'colcon_pkg'
[0.368s] Level 1:colcon.colcon_core.package_identification:_identify(workspace/src/tiago_robot/tiago_controller_configuration) by extensions ['colcon_meta']
[0.368s] Level 1:colcon.colcon_core.package_identification:_identify(workspace/src/tiago_robot/tiago_controller_configuration) by extension 'colcon_meta'
[0.368s] Level 1:colcon.colcon_core.package_identification:_identify(workspace/src/tiago_robot/tiago_controller_configuration) by extensions ['ros']
[0.368s] Level 1:colcon.colcon_core.package_identification:_identify(workspace/src/tiago_robot/tiago_controller_configuration) by extension 'ros'
[0.369s] DEBUG:colcon.colcon_core.package_identification:Package 'workspace/src/tiago_robot/tiago_controller_configuration' with type 'ros.ament_cmake' and name 'tiago_controller_configuration'
[0.369s] Level 1:colcon.colcon_core.package_identification:_identify(workspace/src/tiago_robot/tiago_description) by extensions ['ignore', 'ignore_ament_install']
[0.369s] Level 1:colcon.colcon_core.package_identification:_identify(workspace/src/tiago_robot/tiago_description) by extension 'ignore'
[0.369s] Level 1:colcon.colcon_core.package_identification:_identify(workspace/src/tiago_robot/tiago_description) by extension 'ignore_ament_install'
[0.369s] Level 1:colcon.colcon_core.package_identification:_identify(workspace/src/tiago_robot/tiago_description) by extensions ['colcon_pkg']
[0.369s] Level 1:colcon.colcon_core.package_identification:_identify(workspace/src/tiago_robot/tiago_description) by extension 'colcon_pkg'
[0.370s] Level 1:colcon.colcon_core.package_identification:_identify(workspace/src/tiago_robot/tiago_description) by extensions ['colcon_meta']
[0.370s] Level 1:colcon.colcon_core.package_identification:_identify(workspace/src/tiago_robot/tiago_description) by extension 'colcon_meta'
[0.370s] Level 1:colcon.colcon_core.package_identification:_identify(workspace/src/tiago_robot/tiago_description) by extensions ['ros']
[0.370s] Level 1:colcon.colcon_core.package_identification:_identify(workspace/src/tiago_robot/tiago_description) by extension 'ros'
[0.371s] DEBUG:colcon.colcon_core.package_identification:Package 'workspace/src/tiago_robot/tiago_description' with type 'ros.ament_cmake' and name 'tiago_description'
[0.371s] Level 1:colcon.colcon_core.package_identification:_identify(workspace/src/tiago_robot/tiago_robot) by extensions ['ignore', 'ignore_ament_install']
[0.371s] Level 1:colcon.colcon_core.package_identification:_identify(workspace/src/tiago_robot/tiago_robot) by extension 'ignore'
[0.371s] Level 1:colcon.colcon_core.package_identification:_identify(workspace/src/tiago_robot/tiago_robot) by extension 'ignore_ament_install'
[0.371s] Level 1:colcon.colcon_core.package_identification:_identify(workspace/src/tiago_robot/tiago_robot) by extensions ['colcon_pkg']
[0.371s] Level 1:colcon.colcon_core.package_identification:_identify(workspace/src/tiago_robot/tiago_robot) by extension 'colcon_pkg'
[0.371s] Level 1:colcon.colcon_core.package_identification:_identify(workspace/src/tiago_robot/tiago_robot) by extensions ['colcon_meta']
[0.371s] Level 1:colcon.colcon_core.package_identification:_identify(workspace/src/tiago_robot/tiago_robot) by extension 'colcon_meta'
[0.371s] Level 1:colcon.colcon_core.package_identification:_identify(workspace/src/tiago_robot/tiago_robot) by extensions ['ros']
[0.371s] Level 1:colcon.colcon_core.package_identification:_identify(workspace/src/tiago_robot/tiago_robot) by extension 'ros'
[0.371s] DEBUG:colcon.colcon_core.package_identification:Package 'workspace/src/tiago_robot/tiago_robot' with type 'ros.ament_cmake' and name 'tiago_robot'
[0.371s] Level 1:colcon.colcon_core.package_identification:_identify(workspace/src/tiago_simulation) by extensions ['ignore', 'ignore_ament_install']
[0.372s] Level 1:colcon.colcon_core.package_identification:_identify(workspace/src/tiago_simulation) by extension 'ignore'
[0.372s] Level 1:colcon.colcon_core.package_identification:_identify(workspace/src/tiago_simulation) by extension 'ignore_ament_install'
[0.372s] Level 1:colcon.colcon_core.package_identification:_identify(workspace/src/tiago_simulation) by extensions ['colcon_pkg']
[0.372s] Level 1:colcon.colcon_core.package_identification:_identify(workspace/src/tiago_simulation) by extension 'colcon_pkg'
[0.372s] Level 1:colcon.colcon_core.package_identification:_identify(workspace/src/tiago_simulation) by extensions ['colcon_meta']
[0.372s] Level 1:colcon.colcon_core.package_identification:_identify(workspace/src/tiago_simulation) by extension 'colcon_meta'
[0.372s] Level 1:colcon.colcon_core.package_identification:_identify(workspace/src/tiago_simulation) by extensions ['ros']
[0.372s] Level 1:colcon.colcon_core.package_identification:_identify(workspace/src/tiago_simulation) by extension 'ros'
[0.372s] Level 1:colcon.colcon_core.package_identification:_identify(workspace/src/tiago_simulation) by extensions ['cmake', 'python']
[0.372s] Level 1:colcon.colcon_core.package_identification:_identify(workspace/src/tiago_simulation) by extension 'cmake'
[0.372s] Level 1:colcon.colcon_core.package_identification:_identify(workspace/src/tiago_simulation) by extension 'python'
[0.372s] Level 1:colcon.colcon_core.package_identification:_identify(workspace/src/tiago_simulation) by extensions ['python_setup_py']
[0.372s] Level 1:colcon.colcon_core.package_identification:_identify(workspace/src/tiago_simulation) by extension 'python_setup_py'
[0.372s] Level 1:colcon.colcon_core.package_identification:_identify(workspace/src/tiago_simulation/doc) by extensions ['ignore', 'ignore_ament_install']
[0.372s] Level 1:colcon.colcon_core.package_identification:_identify(workspace/src/tiago_simulation/doc) by extension 'ignore'
[0.372s] Level 1:colcon.colcon_core.package_identification:_identify(workspace/src/tiago_simulation/doc) by extension 'ignore_ament_install'
[0.372s] Level 1:colcon.colcon_core.package_identification:_identify(workspace/src/tiago_simulation/doc) by extensions ['colcon_pkg']
[0.372s] Level 1:colcon.colcon_core.package_identification:_identify(workspace/src/tiago_simulation/doc) by extension 'colcon_pkg'
[0.372s] Level 1:colcon.colcon_core.package_identification:_identify(workspace/src/tiago_simulation/doc) by extensions ['colcon_meta']
[0.372s] Level 1:colcon.colcon_core.package_identification:_identify(workspace/src/tiago_simulation/doc) by extension 'colcon_meta'
[0.372s] Level 1:colcon.colcon_core.package_identification:_identify(workspace/src/tiago_simulation/doc) by extensions ['ros']
[0.372s] Level 1:colcon.colcon_core.package_identification:_identify(workspace/src/tiago_simulation/doc) by extension 'ros'
[0.372s] Level 1:colcon.colcon_core.package_identification:_identify(workspace/src/tiago_simulation/doc) by extensions ['cmake', 'python']
[0.372s] Level 1:colcon.colcon_core.package_identification:_identify(workspace/src/tiago_simulation/doc) by extension 'cmake'
[0.373s] Level 1:colcon.colcon_core.package_identification:_identify(workspace/src/tiago_simulation/doc) by extension 'python'
[0.373s] Level 1:colcon.colcon_core.package_identification:_identify(workspace/src/tiago_simulation/doc) by extensions ['python_setup_py']
[0.373s] Level 1:colcon.colcon_core.package_identification:_identify(workspace/src/tiago_simulation/doc) by extension 'python_setup_py'
[0.373s] Level 1:colcon.colcon_core.package_identification:_identify(workspace/src/tiago_simulation/doc/media) by extensions ['ignore', 'ignore_ament_install']
[0.373s] Level 1:colcon.colcon_core.package_identification:_identify(workspace/src/tiago_simulation/doc/media) by extension 'ignore'
[0.373s] Level 1:colcon.colcon_core.package_identification:_identify(workspace/src/tiago_simulation/doc/media) by extension 'ignore_ament_install'
[0.373s] Level 1:colcon.colcon_core.package_identification:_identify(workspace/src/tiago_simulation/doc/media) by extensions ['colcon_pkg']
[0.373s] Level 1:colcon.colcon_core.package_identification:_identify(workspace/src/tiago_simulation/doc/media) by extension 'colcon_pkg'
[0.373s] Level 1:colcon.colcon_core.package_identification:_identify(workspace/src/tiago_simulation/doc/media) by extensions ['colcon_meta']
[0.373s] Level 1:colcon.colcon_core.package_identification:_identify(workspace/src/tiago_simulation/doc/media) by extension 'colcon_meta'
[0.373s] Level 1:colcon.colcon_core.package_identification:_identify(workspace/src/tiago_simulation/doc/media) by extensions ['ros']
[0.373s] Level 1:colcon.colcon_core.package_identification:_identify(workspace/src/tiago_simulation/doc/media) by extension 'ros'
[0.373s] Level 1:colcon.colcon_core.package_identification:_identify(workspace/src/tiago_simulation/doc/media) by extensions ['cmake', 'python']
[0.373s] Level 1:colcon.colcon_core.package_identification:_identify(workspace/src/tiago_simulation/doc/media) by extension 'cmake'
[0.373s] Level 1:colcon.colcon_core.package_identification:_identify(workspace/src/tiago_simulation/doc/media) by extension 'python'
[0.373s] Level 1:colcon.colcon_core.package_identification:_identify(workspace/src/tiago_simulation/doc/media) by extensions ['python_setup_py']
[0.373s] Level 1:colcon.colcon_core.package_identification:_identify(workspace/src/tiago_simulation/doc/media) by extension 'python_setup_py'
[0.373s] Level 1:colcon.colcon_core.package_identification:_identify(workspace/src/tiago_simulation/tiago_gazebo) by extensions ['ignore', 'ignore_ament_install']
[0.373s] Level 1:colcon.colcon_core.package_identification:_identify(workspace/src/tiago_simulation/tiago_gazebo) by extension 'ignore'
[0.373s] Level 1:colcon.colcon_core.package_identification:_identify(workspace/src/tiago_simulation/tiago_gazebo) by extension 'ignore_ament_install'
[0.373s] Level 1:colcon.colcon_core.package_identification:_identify(workspace/src/tiago_simulation/tiago_gazebo) by extensions ['colcon_pkg']
[0.373s] Level 1:colcon.colcon_core.package_identification:_identify(workspace/src/tiago_simulation/tiago_gazebo) by extension 'colcon_pkg'
[0.374s] Level 1:colcon.colcon_core.package_identification:_identify(workspace/src/tiago_simulation/tiago_gazebo) by extensions ['colcon_meta']
[0.374s] Level 1:colcon.colcon_core.package_identification:_identify(workspace/src/tiago_simulation/tiago_gazebo) by extension 'colcon_meta'
[0.374s] Level 1:colcon.colcon_core.package_identification:_identify(workspace/src/tiago_simulation/tiago_gazebo) by extensions ['ros']
[0.374s] Level 1:colcon.colcon_core.package_identification:_identify(workspace/src/tiago_simulation/tiago_gazebo) by extension 'ros'
[0.374s] DEBUG:colcon.colcon_core.package_identification:Package 'workspace/src/tiago_simulation/tiago_gazebo' with type 'ros.ament_cmake' and name 'tiago_gazebo'
[0.375s] Level 1:colcon.colcon_core.package_identification:_identify(workspace/src/tiago_simulation/tiago_multi) by extensions ['ignore', 'ignore_ament_install']
[0.375s] Level 1:colcon.colcon_core.package_identification:_identify(workspace/src/tiago_simulation/tiago_multi) by extension 'ignore'
[0.375s] Level 1:colcon.colcon_core.package_identification:_identify(workspace/src/tiago_simulation/tiago_multi) ignored
[0.375s] Level 1:colcon.colcon_core.package_identification:_identify(workspace/src/tiago_simulation/tiago_simulation) by extensions ['ignore', 'ignore_ament_install']
[0.375s] Level 1:colcon.colcon_core.package_identification:_identify(workspace/src/tiago_simulation/tiago_simulation) by extension 'ignore'
[0.375s] Level 1:colcon.colcon_core.package_identification:_identify(workspace/src/tiago_simulation/tiago_simulation) by extension 'ignore_ament_install'
[0.375s] Level 1:colcon.colcon_core.package_identification:_identify(workspace/src/tiago_simulation/tiago_simulation) by extensions ['colcon_pkg']
[0.375s] Level 1:colcon.colcon_core.package_identification:_identify(workspace/src/tiago_simulation/tiago_simulation) by extension 'colcon_pkg'
[0.375s] Level 1:colcon.colcon_core.package_identification:_identify(workspace/src/tiago_simulation/tiago_simulation) by extensions ['colcon_meta']
[0.375s] Level 1:colcon.colcon_core.package_identification:_identify(workspace/src/tiago_simulation/tiago_simulation) by extension 'colcon_meta'
[0.375s] Level 1:colcon.colcon_core.package_identification:_identify(workspace/src/tiago_simulation/tiago_simulation) by extensions ['ros']
[0.375s] Level 1:colcon.colcon_core.package_identification:_identify(workspace/src/tiago_simulation/tiago_simulation) by extension 'ros'
[0.375s] DEBUG:colcon.colcon_core.package_identification:Package 'workspace/src/tiago_simulation/tiago_simulation' with type 'ros.ament_cmake' and name 'tiago_simulation'
[0.376s] Level 1:colcon.colcon_core.package_identification:_identify(workspace/src/urdf_test) by extensions ['ignore', 'ignore_ament_install']
[0.376s] Level 1:colcon.colcon_core.package_identification:_identify(workspace/src/urdf_test) by extension 'ignore'
[0.376s] Level 1:colcon.colcon_core.package_identification:_identify(workspace/src/urdf_test) by extension 'ignore_ament_install'
[0.376s] Level 1:colcon.colcon_core.package_identification:_identify(workspace/src/urdf_test) by extensions ['colcon_pkg']
[0.376s] Level 1:colcon.colcon_core.package_identification:_identify(workspace/src/urdf_test) by extension 'colcon_pkg'
[0.376s] Level 1:colcon.colcon_core.package_identification:_identify(workspace/src/urdf_test) by extensions ['colcon_meta']
[0.376s] Level 1:colcon.colcon_core.package_identification:_identify(workspace/src/urdf_test) by extension 'colcon_meta'
[0.376s] Level 1:colcon.colcon_core.package_identification:_identify(workspace/src/urdf_test) by extensions ['ros']
[0.376s] Level 1:colcon.colcon_core.package_identification:_identify(workspace/src/urdf_test) by extension 'ros'
[0.376s] DEBUG:colcon.colcon_core.package_identification:Package 'workspace/src/urdf_test' with type 'ros.ament_cmake' and name 'urdf_test'
[0.376s] Level 1:colcon.colcon_core.package_discovery:discover_packages(recursive) using defaults
[0.377s] Level 1:colcon.colcon_core.package_discovery:discover_packages(ignore) discover
[0.377s] Level 1:colcon.colcon_core.package_discovery:discover_packages(ignore) using defaults
[0.377s] Level 1:colcon.colcon_core.package_discovery:discover_packages(path) discover
[0.377s] Level 1:colcon.colcon_core.package_discovery:discover_packages(path) using defaults
[0.400s] INFO:colcon.colcon_core.package_selection:Skipping not selected package 'aws_robomaker_hospital_world' in 'workspace/src/aws-robomaker-hospital-world'
[0.401s] INFO:colcon.colcon_core.package_selection:Skipping not selected package 'explore_lite' in 'workspace/src/m-explore-ros2/explore'
[0.401s] INFO:colcon.colcon_core.package_selection:Skipping not selected package 'hospital_interfaces' in 'workspace/src/hospital_interfaces'
[0.401s] INFO:colcon.colcon_core.package_selection:Skipping not selected package 'launch_pal' in 'workspace/src/launch_pal'
[0.401s] INFO:colcon.colcon_core.package_selection:Skipping not selected package 'multirobot_map_merge' in 'workspace/src/m-explore-ros2/map_merge'
[0.401s] INFO:colcon.colcon_core.package_selection:Skipping not selected package 'pal_gazebo_worlds' in 'workspace/src/pal_gazebo_worlds'
[0.401s] INFO:colcon.colcon_core.package_selection:Skipping not selected package 'pal_gripper_controller_configuration' in 'workspace/src/pal_gripper/pal_gripper_controller_configuration'
[0.401s] INFO:colcon.colcon_core.package_selection:Skipping not selected package 'pal_hey5_controller_configuration' in 'workspace/src/pal_hey5/pal_hey5_controller_configuration'
[0.401s] INFO:colcon.colcon_core.package_selection:Skipping not selected package 'pal_navigation_cfg_params' in 'workspace/src/pal_navigation_cfg_public/pal_navigation_cfg_params'
[0.401s] INFO:colcon.colcon_core.package_selection:Skipping not selected package 'pal_robotiq_controller_configuration' in 'workspace/src/pal_robotiq_gripper/pal_robotiq_controller_configuration'
[0.401s] INFO:colcon.colcon_core.package_selection:Skipping not selected package 'pal_robotiq_description' in 'workspace/src/pal_robotiq_gripper/pal_robotiq_description'
[0.401s] INFO:colcon.colcon_core.package_selection:Skipping not selected package 'pal_urdf_utils' in 'workspace/src/pal_urdf_utils'
[0.401s] INFO:colcon.colcon_core.package_selection:Skipping not selected package 'play_motion2_msgs' in 'workspace/src/play_motion2/play_motion2_msgs'
[0.401s] INFO:colcon.colcon_core.package_selection:Skipping not selected package 'pmb2_laser_sensors' in 'workspace/src/pmb2_navigation/pmb2_laser_sensors'
[0.401s] INFO:colcon.colcon_core.package_selection:Skipping not selected package 'tiago_rgbd_sensors' in 'workspace/src/tiago_navigation/tiago_rgbd_sensors'
[0.401s] INFO:colcon.colcon_core.package_selection:Skipping not selected package 'urdf_test' in 'workspace/src/urdf_test'
[0.401s] INFO:colcon.colcon_core.package_selection:Skipping not selected package 'pal_gripper_description' in 'workspace/src/pal_gripper/pal_gripper_description'
[0.401s] INFO:colcon.colcon_core.package_selection:Skipping not selected package 'pal_hey5_description' in 'workspace/src/pal_hey5/pal_hey5_description'
[0.401s] INFO:colcon.colcon_core.package_selection:Skipping not selected package 'pal_navigation_cfg_bringup' in 'workspace/src/pal_navigation_cfg_public/pal_navigation_cfg_bringup'
[0.401s] INFO:colcon.colcon_core.package_selection:Skipping not selected package 'pal_robotiq_gripper' in 'workspace/src/pal_robotiq_gripper/pal_robotiq_gripper'
[0.401s] INFO:colcon.colcon_core.package_selection:Skipping not selected package 'play_motion2' in 'workspace/src/play_motion2/play_motion2'
[0.401s] INFO:colcon.colcon_core.package_selection:Skipping not selected package 'pmb2_2dnav' in 'workspace/src/pmb2_navigation/pmb2_2dnav'
[0.401s] INFO:colcon.colcon_core.package_selection:Skipping not selected package 'pmb2_controller_configuration' in 'workspace/src/pmb2_robot/pmb2_controller_configuration'
[0.401s] INFO:colcon.colcon_core.package_selection:Skipping not selected package 'pmb2_description' in 'workspace/src/pmb2_robot/pmb2_description'
[0.401s] INFO:colcon.colcon_core.package_selection:Skipping not selected package 'pmb2_rgbd_sensors' in 'workspace/src/pmb2_navigation/pmb2_rgbd_sensors'
[0.401s] INFO:colcon.colcon_core.package_selection:Skipping not selected package 'tiago_laser_sensors' in 'workspace/src/tiago_navigation/tiago_laser_sensors'
[0.401s] INFO:colcon.colcon_core.package_selection:Skipping not selected package 'pal_gripper' in 'workspace/src/pal_gripper/pal_gripper'
[0.401s] INFO:colcon.colcon_core.package_selection:Skipping not selected package 'pal_gripper_simulation' in 'workspace/src/pal_gripper/pal_gripper_simulation'
[0.401s] INFO:colcon.colcon_core.package_selection:Skipping not selected package 'pal_hey5' in 'workspace/src/pal_hey5/pal_hey5'
[0.401s] INFO:colcon.colcon_core.package_selection:Skipping not selected package 'pal_navigation_cfg' in 'workspace/src/pal_navigation_cfg_public/pal_navigation_cfg_public'
[0.401s] INFO:colcon.colcon_core.package_selection:Skipping not selected package 'pmb2_bringup' in 'workspace/src/pmb2_robot/pmb2_bringup'
[0.401s] INFO:colcon.colcon_core.package_selection:Skipping not selected package 'pmb2_navigation' in 'workspace/src/pmb2_navigation/pmb2_navigation'
[0.401s] INFO:colcon.colcon_core.package_selection:Skipping not selected package 'tiago_2dnav' in 'workspace/src/tiago_navigation/tiago_2dnav'
[0.401s] INFO:colcon.colcon_core.package_selection:Skipping not selected package 'tiago_controller_configuration' in 'workspace/src/tiago_robot/tiago_controller_configuration'
[0.401s] INFO:colcon.colcon_core.package_selection:Skipping not selected package 'tiago_description' in 'workspace/src/tiago_robot/tiago_description'
[0.401s] INFO:colcon.colcon_core.package_selection:Skipping not selected package 'pmb2_robot' in 'workspace/src/pmb2_robot/pmb2_robot'
[0.401s] INFO:colcon.colcon_core.package_selection:Skipping not selected package 'tiago_bringup' in 'workspace/src/tiago_robot/tiago_bringup'
[0.401s] INFO:colcon.colcon_core.package_selection:Skipping not selected package 'tiago_moveit_config' in 'workspace/src/tiago_moveit_config'
[0.401s] INFO:colcon.colcon_core.package_selection:Skipping not selected package 'tiago_navigation' in 'workspace/src/tiago_navigation/tiago_navigation'
[0.401s] INFO:colcon.colcon_core.package_selection:Skipping not selected package 'tiago_gazebo' in 'workspace/src/tiago_simulation/tiago_gazebo'
[0.401s] INFO:colcon.colcon_core.package_selection:Skipping not selected package 'tiago_robot' in 'workspace/src/tiago_robot/tiago_robot'
[0.401s] INFO:colcon.colcon_core.package_selection:Skipping not selected package 'tiago_simulation' in 'workspace/src/tiago_simulation/tiago_simulation'
[0.402s] Level 1:colcon.colcon_core.package_discovery:discover_packages(prefix_path) check parameters
[0.402s] Level 1:colcon.colcon_core.package_discovery:discover_packages(prefix_path) discover
[0.403s] DEBUG:colcon.colcon_installed_package_information.package_discovery:Found 1 installed packages in /home/alberto/tfg/Reconocimiento-y-sintesis-visual-Tiago/install
[0.405s] DEBUG:colcon.colcon_installed_package_information.package_discovery:Found 428 installed packages in /opt/ros/humble
[0.406s] Level 1:colcon.colcon_core.package_discovery:discover_packages(prefix_path) using defaults
[0.447s] Level 5:colcon.colcon_core.verb:set package 'ruta_hospital' build argument 'cmake_args' from command line to 'None'
[0.447s] Level 5:colcon.colcon_core.verb:set package 'ruta_hospital' build argument 'cmake_target' from command line to 'None'
[0.447s] Level 5:colcon.colcon_core.verb:set package 'ruta_hospital' build argument 'cmake_target_skip_unavailable' from command line to 'False'
[0.447s] Level 5:colcon.colcon_core.verb:set package 'ruta_hospital' build argument 'cmake_clean_cache' from command line to 'False'
[0.447s] Level 5:colcon.colcon_core.verb:set package 'ruta_hospital' build argument 'cmake_clean_first' from command line to 'False'
[0.447s] Level 5:colcon.colcon_core.verb:set package 'ruta_hospital' build argument 'cmake_force_configure' from command line to 'False'
[0.447s] Level 5:colcon.colcon_core.verb:set package 'ruta_hospital' build argument 'ament_cmake_args' from command line to 'None'
[0.447s] Level 5:colcon.colcon_core.verb:set package 'ruta_hospital' build argument 'catkin_cmake_args' from command line to 'None'
[0.448s] Level 5:colcon.colcon_core.verb:set package 'ruta_hospital' build argument 'catkin_skip_building_tests' from command line to 'False'
[0.448s] DEBUG:colcon.colcon_core.verb:Building package 'ruta_hospital' with the following arguments: {'ament_cmake_args': None, 'build_base': '/home/alberto/tfg/Reconocimiento-y-sintesis-visual-Tiago/build/ruta_hospital', 'catkin_cmake_args': None, 'catkin_skip_building_tests': False, 'cmake_args': None, 'cmake_clean_cache': False, 'cmake_clean_first': False, 'cmake_force_configure': False, 'cmake_target': None, 'cmake_target_skip_unavailable': False, 'install_base': '/home/alberto/tfg/Reconocimiento-y-sintesis-visual-Tiago/install/ruta_hospital', 'merge_install': False, 'path': '/home/alberto/tfg/Reconocimiento-y-sintesis-visual-Tiago/workspace/src/ruta_hospital', 'symlink_install': False, 'test_result_base': None}
[0.448s] INFO:colcon.colcon_core.executor:Executing jobs using 'parallel' executor
[0.449s] DEBUG:colcon.colcon_parallel_executor.executor.parallel:run_until_complete
[0.449s] INFO:colcon.colcon_ros.task.ament_python.build:Building ROS package in '/home/alberto/tfg/Reconocimiento-y-sintesis-visual-Tiago/workspace/src/ruta_hospital' with build type 'ament_python'
[0.449s] Level 1:colcon.colcon_core.shell:create_environment_hook('ruta_hospital', 'ament_prefix_path')
[0.452s] INFO:colcon.colcon_core.plugin_system:Skipping extension 'colcon_core.shell.bat': Not used on non-Windows systems
[0.452s] INFO:colcon.colcon_core.shell:Creating environment hook '/home/alberto/tfg/Reconocimiento-y-sintesis-visual-Tiago/install/ruta_hospital/share/ruta_hospital/hook/ament_prefix_path.ps1'
[0.452s] INFO:colcon.colcon_core.shell:Creating environment descriptor '/home/alberto/tfg/Reconocimiento-y-sintesis-visual-Tiago/install/ruta_hospital/share/ruta_hospital/hook/ament_prefix_path.dsv'
[0.453s] INFO:colcon.colcon_core.shell:Creating environment hook '/home/alberto/tfg/Reconocimiento-y-sintesis-visual-Tiago/install/ruta_hospital/share/ruta_hospital/hook/ament_prefix_path.sh'
[0.453s] INFO:colcon.colcon_core.shell:Skip shell extension 'powershell' for command environment: Not usable outside of PowerShell
[0.453s] DEBUG:colcon.colcon_core.shell:Skip shell extension 'dsv' for command environment
[0.695s] INFO:colcon.colcon_core.task.python.build:Building Python package in '/home/alberto/tfg/Reconocimiento-y-sintesis-visual-Tiago/workspace/src/ruta_hospital'
[0.696s] INFO:colcon.colcon_core.shell:Skip shell extension 'powershell' for command environment: Not usable outside of PowerShell
[0.696s] DEBUG:colcon.colcon_core.shell:Skip shell extension 'dsv' for command environment
[1.034s] DEBUG:colcon.colcon_core.event_handler.log_command:Invoking command in '/home/alberto/tfg/Reconocimiento-y-sintesis-visual-Tiago/workspace/src/ruta_hospital': PYTHONPATH=/home/alberto/tfg/Reconocimiento-y-sintesis-visual-Tiago/build/ruta_hospital/prefix_override:/usr/lib/python3/dist-packages/colcon_core/task/python/colcon_distutils_commands:/home/alberto/tfg/Reconocimiento-y-sintesis-visual-Tiago/install/ruta_hospital/lib/python3.10/site-packages:${PYTHONPATH} /usr/bin/python3 -W ignore:setup.py install is deprecated -W ignore:easy_install command is deprecated setup.py egg_info --egg-base ../../../build/ruta_hospital build --build-base /home/alberto/tfg/Reconocimiento-y-sintesis-visual-Tiago/build/ruta_hospital/build install --record /home/alberto/tfg/Reconocimiento-y-sintesis-visual-Tiago/build/ruta_hospital/install.log --single-version-externally-managed install_data
[1.316s] DEBUG:colcon.colcon_core.event_handler.log_command:Invoked command in '/home/alberto/tfg/Reconocimiento-y-sintesis-visual-Tiago/workspace/src/ruta_hospital' returned '0': PYTHONPATH=/home/alberto/tfg/Reconocimiento-y-sintesis-visual-Tiago/build/ruta_hospital/prefix_override:/usr/lib/python3/dist-packages/colcon_core/task/python/colcon_distutils_commands:/home/alberto/tfg/Reconocimiento-y-sintesis-visual-Tiago/install/ruta_hospital/lib/python3.10/site-packages:${PYTHONPATH} /usr/bin/python3 -W ignore:setup.py install is deprecated -W ignore:easy_install command is deprecated setup.py egg_info --egg-base ../../../build/ruta_hospital build --build-base /home/alberto/tfg/Reconocimiento-y-sintesis-visual-Tiago/build/ruta_hospital/build install --record /home/alberto/tfg/Reconocimiento-y-sintesis-visual-Tiago/build/ruta_hospital/install.log --single-version-externally-managed install_data
[1.318s] Level 1:colcon.colcon_core.environment:checking '/home/alberto/tfg/Reconocimiento-y-sintesis-visual-Tiago/install/ruta_hospital' for CMake module files
[1.318s] Level 1:colcon.colcon_core.environment:checking '/home/alberto/tfg/Reconocimiento-y-sintesis-visual-Tiago/install/ruta_hospital' for CMake config files
[1.319s] Level 1:colcon.colcon_core.environment:checking '/home/alberto/tfg/Reconocimiento-y-sintesis-visual-Tiago/install/ruta_hospital/lib'
[1.319s] Level 1:colcon.colcon_core.environment:checking '/home/alberto/tfg/Reconocimiento-y-sintesis-visual-Tiago/install/ruta_hospital/bin'
[1.319s] Level 1:colcon.colcon_core.environment:checking '/home/alberto/tfg/Reconocimiento-y-sintesis-visual-Tiago/install/ruta_hospital/lib/pkgconfig/ruta_hospital.pc'
[1.319s] Level 1:colcon.colcon_core.environment:checking '/home/alberto/tfg/Reconocimiento-y-sintesis-visual-Tiago/install/ruta_hospital/lib/python3.10/site-packages'
[1.319s] Level 1:colcon.colcon_core.shell:create_environment_hook('ruta_hospital', 'pythonpath')
[1.319s] INFO:colcon.colcon_core.shell:Creating environment hook '/home/alberto/tfg/Reconocimiento-y-sintesis-visual-Tiago/install/ruta_hospital/share/ruta_hospital/hook/pythonpath.ps1'
[1.320s] INFO:colcon.colcon_core.shell:Creating environment descriptor '/home/alberto/tfg/Reconocimiento-y-sintesis-visual-Tiago/install/ruta_hospital/share/ruta_hospital/hook/pythonpath.dsv'
[1.320s] INFO:colcon.colcon_core.shell:Creating environment hook '/home/alberto/tfg/Reconocimiento-y-sintesis-visual-Tiago/install/ruta_hospital/share/ruta_hospital/hook/pythonpath.sh'
[1.321s] Level 1:colcon.colcon_core.environment:checking '/home/alberto/tfg/Reconocimiento-y-sintesis-visual-Tiago/install/ruta_hospital/bin'
[1.321s] Level 1:colcon.colcon_core.environment:create_environment_scripts_only(ruta_hospital)
[1.321s] INFO:colcon.colcon_core.shell:Creating package script '/home/alberto/tfg/Reconocimiento-y-sintesis-visual-Tiago/install/ruta_hospital/share/ruta_hospital/package.ps1'
[1.322s] INFO:colcon.colcon_core.shell:Creating package descriptor '/home/alberto/tfg/Reconocimiento-y-sintesis-visual-Tiago/install/ruta_hospital/share/ruta_hospital/package.dsv'
[1.322s] INFO:colcon.colcon_core.shell:Creating package script '/home/alberto/tfg/Reconocimiento-y-sintesis-visual-Tiago/install/ruta_hospital/share/ruta_hospital/package.sh'
[1.323s] INFO:colcon.colcon_core.shell:Creating package script '/home/alberto/tfg/Reconocimiento-y-sintesis-visual-Tiago/install/ruta_hospital/share/ruta_hospital/package.bash'
[1.323s] INFO:colcon.colcon_core.shell:Creating package script '/home/alberto/tfg/Reconocimiento-y-sintesis-visual-Tiago/install/ruta_hospital/share/ruta_hospital/package.zsh'
[1.324s] Level 1:colcon.colcon_core.environment:create_file_with_runtime_dependencies(/home/alberto/tfg/Reconocimiento-y-sintesis-visual-Tiago/install/ruta_hospital/share/colcon-core/packages/ruta_hospital)
[1.324s] DEBUG:colcon.colcon_parallel_executor.executor.parallel:closing loop
[1.324s] DEBUG:colcon.colcon_parallel_executor.executor.parallel:loop closed
[1.324s] DEBUG:colcon.colcon_parallel_executor.executor.parallel:run_until_complete finished with '0'
[1.324s] DEBUG:colcon.colcon_core.event_reactor:joining thread
[1.329s] INFO:colcon.colcon_core.plugin_system:Skipping extension 'colcon_notification.desktop_notification.terminal_notifier': Not used on non-Darwin systems
[1.329s] INFO:colcon.colcon_core.plugin_system:Skipping extension 'colcon_notification.desktop_notification.win32': Not used on non-Windows systems
[1.329s] INFO:colcon.colcon_notification.desktop_notification:Sending desktop notification using 'notify2'
[1.336s] DEBUG:colcon.colcon_core.event_reactor:joined thread
[1.337s] INFO:colcon.colcon_core.shell:Creating prefix script '/home/alberto/tfg/Reconocimiento-y-sintesis-visual-Tiago/install/local_setup.ps1'
[1.338s] INFO:colcon.colcon_core.shell:Creating prefix util module '/home/alberto/tfg/Reconocimiento-y-sintesis-visual-Tiago/install/_local_setup_util_ps1.py'
[1.339s] INFO:colcon.colcon_core.shell:Creating prefix chain script '/home/alberto/tfg/Reconocimiento-y-sintesis-visual-Tiago/install/setup.ps1'
[1.340s] INFO:colcon.colcon_core.shell:Creating prefix script '/home/alberto/tfg/Reconocimiento-y-sintesis-visual-Tiago/install/local_setup.sh'
[1.340s] INFO:colcon.colcon_core.shell:Creating prefix util module '/home/alberto/tfg/Reconocimiento-y-sintesis-visual-Tiago/install/_local_setup_util_sh.py'
[1.340s] INFO:colcon.colcon_core.shell:Creating prefix chain script '/home/alberto/tfg/Reconocimiento-y-sintesis-visual-Tiago/install/setup.sh'
[1.341s] INFO:colcon.colcon_core.shell:Creating prefix script '/home/alberto/tfg/Reconocimiento-y-sintesis-visual-Tiago/install/local_setup.bash'
[1.342s] INFO:colcon.colcon_core.shell:Creating prefix chain script '/home/alberto/tfg/Reconocimiento-y-sintesis-visual-Tiago/install/setup.bash'
[1.343s] INFO:colcon.colcon_core.shell:Creating prefix script '/home/alberto/tfg/Reconocimiento-y-sintesis-visual-Tiago/install/local_setup.zsh'
[1.343s] INFO:colcon.colcon_core.shell:Creating prefix chain script '/home/alberto/tfg/Reconocimiento-y-sintesis-visual-Tiago/install/setup.zsh'
