[0.121s] DEBUG:colcon:Command line arguments: ['/usr/bin/colcon', 'build', '--symlink-install', '--packages-select', 'tests']
[0.121s] DEBUG:colcon:Parsed command line arguments: Namespace(log_base=None, log_level=None, verb_name='build', build_base='build', install_base='install', merge_install=False, symlink_install=True, test_result_base=None, continue_on_error=False, executor='parallel', parallel_workers=16, event_handlers=None, ignore_user_meta=False, metas=['./colcon.meta'], base_paths=['.'], packages_ignore=None, packages_ignore_regex=None, paths=None, packages_up_to=None, packages_up_to_regex=None, packages_above=None, packages_above_and_dependencies=None, packages_above_depth=None, packages_select_by_dep=None, packages_skip_by_dep=None, packages_skip_up_to=None, packages_select_build_failed=False, packages_skip_build_finished=False, packages_select_test_failures=False, packages_skip_test_passed=False, packages_select=['tests'], packages_skip=None, packages_select_regex=None, packages_skip_regex=None, packages_start=None, packages_end=None, allow_overriding=[], cmake_args=None, cmake_target=None, cmake_target_skip_unavailable=False, cmake_clean_cache=False, cmake_clean_first=False, cmake_force_configure=False, ament_cmake_args=None, catkin_cmake_args=None, catkin_skip_building_tests=False, mixin_files=None, mixin=None, verb_parser=<colcon_mixin.mixin.mixin_argument.MixinArgumentDecorator object at 0x77ccf4588340>, verb_extension=<colcon_core.verb.build.BuildVerb object at 0x77ccf455be50>, main=<bound method BuildVerb.main of <colcon_core.verb.build.BuildVerb object at 0x77ccf455be50>>, mixin_verb=('build',))
[0.298s] Level 1:colcon.colcon_core.package_discovery:discover_packages(colcon_meta) check parameters
[0.298s] Level 1:colcon.colcon_core.package_discovery:discover_packages(recursive) check parameters
[0.298s] Level 1:colcon.colcon_core.package_discovery:discover_packages(ignore) check parameters
[0.298s] Level 1:colcon.colcon_core.package_discovery:discover_packages(path) check parameters
[0.298s] Level 1:colcon.colcon_core.package_discovery:discover_packages(colcon_meta) discover
[0.298s] Level 1:colcon.colcon_core.package_discovery:discover_packages(recursive) discover
[0.298s] INFO:colcon.colcon_core.package_discovery:Crawling recursively for packages in '/home/alberto/tfg/tests/tiago_tests'
[0.298s] Level 1:colcon.colcon_core.package_identification:_identify(.) by extensions ['ignore', 'ignore_ament_install']
[0.298s] Level 1:colcon.colcon_core.package_identification:_identify(.) by extension 'ignore'
[0.298s] Level 1:colcon.colcon_core.package_identification:_identify(.) by extension 'ignore_ament_install'
[0.298s] Level 1:colcon.colcon_core.package_identification:_identify(.) by extensions ['colcon_pkg']
[0.298s] Level 1:colcon.colcon_core.package_identification:_identify(.) by extension 'colcon_pkg'
[0.298s] Level 1:colcon.colcon_core.package_identification:_identify(.) by extensions ['colcon_meta']
[0.298s] Level 1:colcon.colcon_core.package_identification:_identify(.) by extension 'colcon_meta'
[0.298s] Level 1:colcon.colcon_core.package_identification:_identify(.) by extensions ['ros']
[0.298s] Level 1:colcon.colcon_core.package_identification:_identify(.) by extension 'ros'
[0.309s] Level 1:colcon.colcon_core.package_identification:_identify(.) by extensions ['cmake', 'python']
[0.309s] Level 1:colcon.colcon_core.package_identification:_identify(.) by extension 'cmake'
[0.309s] Level 1:colcon.colcon_core.package_identification:_identify(.) by extension 'python'
[0.309s] Level 1:colcon.colcon_core.package_identification:_identify(.) by extensions ['python_setup_py']
[0.309s] Level 1:colcon.colcon_core.package_identification:_identify(.) by extension 'python_setup_py'
[0.309s] Level 1:colcon.colcon_core.package_identification:_identify(build) by extensions ['ignore', 'ignore_ament_install']
[0.309s] Level 1:colcon.colcon_core.package_identification:_identify(build) by extension 'ignore'
[0.309s] Level 1:colcon.colcon_core.package_identification:_identify(build) ignored
[0.309s] Level 1:colcon.colcon_core.package_identification:_identify(install) by extensions ['ignore', 'ignore_ament_install']
[0.309s] Level 1:colcon.colcon_core.package_identification:_identify(install) by extension 'ignore'
[0.309s] Level 1:colcon.colcon_core.package_identification:_identify(install) ignored
[0.310s] Level 1:colcon.colcon_core.package_identification:_identify(log) by extensions ['ignore', 'ignore_ament_install']
[0.310s] Level 1:colcon.colcon_core.package_identification:_identify(log) by extension 'ignore'
[0.310s] Level 1:colcon.colcon_core.package_identification:_identify(log) ignored
[0.310s] Level 1:colcon.colcon_core.package_identification:_identify(src) by extensions ['ignore', 'ignore_ament_install']
[0.310s] Level 1:colcon.colcon_core.package_identification:_identify(src) by extension 'ignore'
[0.310s] Level 1:colcon.colcon_core.package_identification:_identify(src) by extension 'ignore_ament_install'
[0.310s] Level 1:colcon.colcon_core.package_identification:_identify(src) by extensions ['colcon_pkg']
[0.310s] Level 1:colcon.colcon_core.package_identification:_identify(src) by extension 'colcon_pkg'
[0.310s] Level 1:colcon.colcon_core.package_identification:_identify(src) by extensions ['colcon_meta']
[0.310s] Level 1:colcon.colcon_core.package_identification:_identify(src) by extension 'colcon_meta'
[0.310s] Level 1:colcon.colcon_core.package_identification:_identify(src) by extensions ['ros']
[0.310s] Level 1:colcon.colcon_core.package_identification:_identify(src) by extension 'ros'
[0.310s] Level 1:colcon.colcon_core.package_identification:_identify(src) by extensions ['cmake', 'python']
[0.310s] Level 1:colcon.colcon_core.package_identification:_identify(src) by extension 'cmake'
[0.310s] Level 1:colcon.colcon_core.package_identification:_identify(src) by extension 'python'
[0.310s] Level 1:colcon.colcon_core.package_identification:_identify(src) by extensions ['python_setup_py']
[0.310s] Level 1:colcon.colcon_core.package_identification:_identify(src) by extension 'python_setup_py'
[0.311s] Level 1:colcon.colcon_core.package_identification:_identify(src/launch_pal) by extensions ['ignore', 'ignore_ament_install']
[0.311s] Level 1:colcon.colcon_core.package_identification:_identify(src/launch_pal) by extension 'ignore'
[0.311s] Level 1:colcon.colcon_core.package_identification:_identify(src/launch_pal) by extension 'ignore_ament_install'
[0.311s] Level 1:colcon.colcon_core.package_identification:_identify(src/launch_pal) by extensions ['colcon_pkg']
[0.311s] Level 1:colcon.colcon_core.package_identification:_identify(src/launch_pal) by extension 'colcon_pkg'
[0.311s] Level 1:colcon.colcon_core.package_identification:_identify(src/launch_pal) by extensions ['colcon_meta']
[0.311s] Level 1:colcon.colcon_core.package_identification:_identify(src/launch_pal) by extension 'colcon_meta'
[0.311s] Level 1:colcon.colcon_core.package_identification:_identify(src/launch_pal) by extensions ['ros']
[0.311s] Level 1:colcon.colcon_core.package_identification:_identify(src/launch_pal) by extension 'ros'
[0.313s] DEBUG:colcon.colcon_core.package_identification:Package 'src/launch_pal' with type 'ros.ament_python' and name 'launch_pal'
[0.313s] Level 1:colcon.colcon_core.package_identification:_identify(src/pal_gazebo_worlds) by extensions ['ignore', 'ignore_ament_install']
[0.314s] Level 1:colcon.colcon_core.package_identification:_identify(src/pal_gazebo_worlds) by extension 'ignore'
[0.314s] Level 1:colcon.colcon_core.package_identification:_identify(src/pal_gazebo_worlds) by extension 'ignore_ament_install'
[0.314s] Level 1:colcon.colcon_core.package_identification:_identify(src/pal_gazebo_worlds) by extensions ['colcon_pkg']
[0.314s] Level 1:colcon.colcon_core.package_identification:_identify(src/pal_gazebo_worlds) by extension 'colcon_pkg'
[0.314s] Level 1:colcon.colcon_core.package_identification:_identify(src/pal_gazebo_worlds) by extensions ['colcon_meta']
[0.314s] Level 1:colcon.colcon_core.package_identification:_identify(src/pal_gazebo_worlds) by extension 'colcon_meta'
[0.314s] Level 1:colcon.colcon_core.package_identification:_identify(src/pal_gazebo_worlds) by extensions ['ros']
[0.314s] Level 1:colcon.colcon_core.package_identification:_identify(src/pal_gazebo_worlds) by extension 'ros'
[0.316s] DEBUG:colcon.colcon_core.package_identification:Package 'src/pal_gazebo_worlds' with type 'ros.ament_cmake' and name 'pal_gazebo_worlds'
[0.316s] Level 1:colcon.colcon_core.package_identification:_identify(src/pal_gripper) by extensions ['ignore', 'ignore_ament_install']
[0.316s] Level 1:colcon.colcon_core.package_identification:_identify(src/pal_gripper) by extension 'ignore'
[0.316s] Level 1:colcon.colcon_core.package_identification:_identify(src/pal_gripper) by extension 'ignore_ament_install'
[0.316s] Level 1:colcon.colcon_core.package_identification:_identify(src/pal_gripper) by extensions ['colcon_pkg']
[0.316s] Level 1:colcon.colcon_core.package_identification:_identify(src/pal_gripper) by extension 'colcon_pkg'
[0.316s] Level 1:colcon.colcon_core.package_identification:_identify(src/pal_gripper) by extensions ['colcon_meta']
[0.316s] Level 1:colcon.colcon_core.package_identification:_identify(src/pal_gripper) by extension 'colcon_meta'
[0.316s] Level 1:colcon.colcon_core.package_identification:_identify(src/pal_gripper) by extensions ['ros']
[0.316s] Level 1:colcon.colcon_core.package_identification:_identify(src/pal_gripper) by extension 'ros'
[0.316s] Level 1:colcon.colcon_core.package_identification:_identify(src/pal_gripper) by extensions ['cmake', 'python']
[0.316s] Level 1:colcon.colcon_core.package_identification:_identify(src/pal_gripper) by extension 'cmake'
[0.316s] Level 1:colcon.colcon_core.package_identification:_identify(src/pal_gripper) by extension 'python'
[0.316s] Level 1:colcon.colcon_core.package_identification:_identify(src/pal_gripper) by extensions ['python_setup_py']
[0.316s] Level 1:colcon.colcon_core.package_identification:_identify(src/pal_gripper) by extension 'python_setup_py'
[0.317s] Level 1:colcon.colcon_core.package_identification:_identify(src/pal_gripper/pal_gripper) by extensions ['ignore', 'ignore_ament_install']
[0.317s] Level 1:colcon.colcon_core.package_identification:_identify(src/pal_gripper/pal_gripper) by extension 'ignore'
[0.317s] Level 1:colcon.colcon_core.package_identification:_identify(src/pal_gripper/pal_gripper) by extension 'ignore_ament_install'
[0.317s] Level 1:colcon.colcon_core.package_identification:_identify(src/pal_gripper/pal_gripper) by extensions ['colcon_pkg']
[0.317s] Level 1:colcon.colcon_core.package_identification:_identify(src/pal_gripper/pal_gripper) by extension 'colcon_pkg'
[0.317s] Level 1:colcon.colcon_core.package_identification:_identify(src/pal_gripper/pal_gripper) by extensions ['colcon_meta']
[0.317s] Level 1:colcon.colcon_core.package_identification:_identify(src/pal_gripper/pal_gripper) by extension 'colcon_meta'
[0.317s] Level 1:colcon.colcon_core.package_identification:_identify(src/pal_gripper/pal_gripper) by extensions ['ros']
[0.317s] Level 1:colcon.colcon_core.package_identification:_identify(src/pal_gripper/pal_gripper) by extension 'ros'
[0.319s] DEBUG:colcon.colcon_core.package_identification:Package 'src/pal_gripper/pal_gripper' with type 'ros.ament_cmake' and name 'pal_gripper'
[0.319s] Level 1:colcon.colcon_core.package_identification:_identify(src/pal_gripper/pal_gripper_controller_configuration) by extensions ['ignore', 'ignore_ament_install']
[0.319s] Level 1:colcon.colcon_core.package_identification:_identify(src/pal_gripper/pal_gripper_controller_configuration) by extension 'ignore'
[0.319s] Level 1:colcon.colcon_core.package_identification:_identify(src/pal_gripper/pal_gripper_controller_configuration) by extension 'ignore_ament_install'
[0.319s] Level 1:colcon.colcon_core.package_identification:_identify(src/pal_gripper/pal_gripper_controller_configuration) by extensions ['colcon_pkg']
[0.319s] Level 1:colcon.colcon_core.package_identification:_identify(src/pal_gripper/pal_gripper_controller_configuration) by extension 'colcon_pkg'
[0.319s] Level 1:colcon.colcon_core.package_identification:_identify(src/pal_gripper/pal_gripper_controller_configuration) by extensions ['colcon_meta']
[0.319s] Level 1:colcon.colcon_core.package_identification:_identify(src/pal_gripper/pal_gripper_controller_configuration) by extension 'colcon_meta'
[0.319s] Level 1:colcon.colcon_core.package_identification:_identify(src/pal_gripper/pal_gripper_controller_configuration) by extensions ['ros']
[0.319s] Level 1:colcon.colcon_core.package_identification:_identify(src/pal_gripper/pal_gripper_controller_configuration) by extension 'ros'
[0.320s] DEBUG:colcon.colcon_core.package_identification:Package 'src/pal_gripper/pal_gripper_controller_configuration' with type 'ros.ament_cmake' and name 'pal_gripper_controller_configuration'
[0.320s] Level 1:colcon.colcon_core.package_identification:_identify(src/pal_gripper/pal_gripper_description) by extensions ['ignore', 'ignore_ament_install']
[0.320s] Level 1:colcon.colcon_core.package_identification:_identify(src/pal_gripper/pal_gripper_description) by extension 'ignore'
[0.320s] Level 1:colcon.colcon_core.package_identification:_identify(src/pal_gripper/pal_gripper_description) by extension 'ignore_ament_install'
[0.320s] Level 1:colcon.colcon_core.package_identification:_identify(src/pal_gripper/pal_gripper_description) by extensions ['colcon_pkg']
[0.320s] Level 1:colcon.colcon_core.package_identification:_identify(src/pal_gripper/pal_gripper_description) by extension 'colcon_pkg'
[0.320s] Level 1:colcon.colcon_core.package_identification:_identify(src/pal_gripper/pal_gripper_description) by extensions ['colcon_meta']
[0.320s] Level 1:colcon.colcon_core.package_identification:_identify(src/pal_gripper/pal_gripper_description) by extension 'colcon_meta'
[0.320s] Level 1:colcon.colcon_core.package_identification:_identify(src/pal_gripper/pal_gripper_description) by extensions ['ros']
[0.320s] Level 1:colcon.colcon_core.package_identification:_identify(src/pal_gripper/pal_gripper_description) by extension 'ros'
[0.321s] DEBUG:colcon.colcon_core.package_identification:Package 'src/pal_gripper/pal_gripper_description' with type 'ros.ament_cmake' and name 'pal_gripper_description'
[0.321s] Level 1:colcon.colcon_core.package_identification:_identify(src/pal_gripper/pal_gripper_gazebo) by extensions ['ignore', 'ignore_ament_install']
[0.321s] Level 1:colcon.colcon_core.package_identification:_identify(src/pal_gripper/pal_gripper_gazebo) by extension 'ignore'
[0.321s] Level 1:colcon.colcon_core.package_identification:_identify(src/pal_gripper/pal_gripper_gazebo) ignored
[0.321s] Level 1:colcon.colcon_core.package_identification:_identify(src/pal_gripper/pal_gripper_simulation) by extensions ['ignore', 'ignore_ament_install']
[0.321s] Level 1:colcon.colcon_core.package_identification:_identify(src/pal_gripper/pal_gripper_simulation) by extension 'ignore'
[0.321s] Level 1:colcon.colcon_core.package_identification:_identify(src/pal_gripper/pal_gripper_simulation) by extension 'ignore_ament_install'
[0.321s] Level 1:colcon.colcon_core.package_identification:_identify(src/pal_gripper/pal_gripper_simulation) by extensions ['colcon_pkg']
[0.322s] Level 1:colcon.colcon_core.package_identification:_identify(src/pal_gripper/pal_gripper_simulation) by extension 'colcon_pkg'
[0.322s] Level 1:colcon.colcon_core.package_identification:_identify(src/pal_gripper/pal_gripper_simulation) by extensions ['colcon_meta']
[0.322s] Level 1:colcon.colcon_core.package_identification:_identify(src/pal_gripper/pal_gripper_simulation) by extension 'colcon_meta'
[0.322s] Level 1:colcon.colcon_core.package_identification:_identify(src/pal_gripper/pal_gripper_simulation) by extensions ['ros']
[0.322s] Level 1:colcon.colcon_core.package_identification:_identify(src/pal_gripper/pal_gripper_simulation) by extension 'ros'
[0.322s] DEBUG:colcon.colcon_core.package_identification:Package 'src/pal_gripper/pal_gripper_simulation' with type 'ros.ament_cmake' and name 'pal_gripper_simulation'
[0.322s] Level 1:colcon.colcon_core.package_identification:_identify(src/pal_gripper/pal_parallel_gripper_wrapper) by extensions ['ignore', 'ignore_ament_install']
[0.322s] Level 1:colcon.colcon_core.package_identification:_identify(src/pal_gripper/pal_parallel_gripper_wrapper) by extension 'ignore'
[0.323s] Level 1:colcon.colcon_core.package_identification:_identify(src/pal_gripper/pal_parallel_gripper_wrapper) ignored
[0.323s] Level 1:colcon.colcon_core.package_identification:_identify(src/pal_hey5) by extensions ['ignore', 'ignore_ament_install']
[0.323s] Level 1:colcon.colcon_core.package_identification:_identify(src/pal_hey5) by extension 'ignore'
[0.323s] Level 1:colcon.colcon_core.package_identification:_identify(src/pal_hey5) by extension 'ignore_ament_install'
[0.323s] Level 1:colcon.colcon_core.package_identification:_identify(src/pal_hey5) by extensions ['colcon_pkg']
[0.323s] Level 1:colcon.colcon_core.package_identification:_identify(src/pal_hey5) by extension 'colcon_pkg'
[0.323s] Level 1:colcon.colcon_core.package_identification:_identify(src/pal_hey5) by extensions ['colcon_meta']
[0.323s] Level 1:colcon.colcon_core.package_identification:_identify(src/pal_hey5) by extension 'colcon_meta'
[0.323s] Level 1:colcon.colcon_core.package_identification:_identify(src/pal_hey5) by extensions ['ros']
[0.323s] Level 1:colcon.colcon_core.package_identification:_identify(src/pal_hey5) by extension 'ros'
[0.323s] Level 1:colcon.colcon_core.package_identification:_identify(src/pal_hey5) by extensions ['cmake', 'python']
[0.323s] Level 1:colcon.colcon_core.package_identification:_identify(src/pal_hey5) by extension 'cmake'
[0.323s] Level 1:colcon.colcon_core.package_identification:_identify(src/pal_hey5) by extension 'python'
[0.323s] Level 1:colcon.colcon_core.package_identification:_identify(src/pal_hey5) by extensions ['python_setup_py']
[0.323s] Level 1:colcon.colcon_core.package_identification:_identify(src/pal_hey5) by extension 'python_setup_py'
[0.323s] Level 1:colcon.colcon_core.package_identification:_identify(src/pal_hey5/pal_hey5) by extensions ['ignore', 'ignore_ament_install']
[0.323s] Level 1:colcon.colcon_core.package_identification:_identify(src/pal_hey5/pal_hey5) by extension 'ignore'
[0.323s] Level 1:colcon.colcon_core.package_identification:_identify(src/pal_hey5/pal_hey5) by extension 'ignore_ament_install'
[0.323s] Level 1:colcon.colcon_core.package_identification:_identify(src/pal_hey5/pal_hey5) by extensions ['colcon_pkg']
[0.324s] Level 1:colcon.colcon_core.package_identification:_identify(src/pal_hey5/pal_hey5) by extension 'colcon_pkg'
[0.324s] Level 1:colcon.colcon_core.package_identification:_identify(src/pal_hey5/pal_hey5) by extensions ['colcon_meta']
[0.324s] Level 1:colcon.colcon_core.package_identification:_identify(src/pal_hey5/pal_hey5) by extension 'colcon_meta'
[0.324s] Level 1:colcon.colcon_core.package_identification:_identify(src/pal_hey5/pal_hey5) by extensions ['ros']
[0.324s] Level 1:colcon.colcon_core.package_identification:_identify(src/pal_hey5/pal_hey5) by extension 'ros'
[0.324s] DEBUG:colcon.colcon_core.package_identification:Package 'src/pal_hey5/pal_hey5' with type 'ros.ament_cmake' and name 'pal_hey5'
[0.324s] Level 1:colcon.colcon_core.package_identification:_identify(src/pal_hey5/pal_hey5_controller_configuration) by extensions ['ignore', 'ignore_ament_install']
[0.324s] Level 1:colcon.colcon_core.package_identification:_identify(src/pal_hey5/pal_hey5_controller_configuration) by extension 'ignore'
[0.324s] Level 1:colcon.colcon_core.package_identification:_identify(src/pal_hey5/pal_hey5_controller_configuration) by extension 'ignore_ament_install'
[0.325s] Level 1:colcon.colcon_core.package_identification:_identify(src/pal_hey5/pal_hey5_controller_configuration) by extensions ['colcon_pkg']
[0.325s] Level 1:colcon.colcon_core.package_identification:_identify(src/pal_hey5/pal_hey5_controller_configuration) by extension 'colcon_pkg'
[0.325s] Level 1:colcon.colcon_core.package_identification:_identify(src/pal_hey5/pal_hey5_controller_configuration) by extensions ['colcon_meta']
[0.325s] Level 1:colcon.colcon_core.package_identification:_identify(src/pal_hey5/pal_hey5_controller_configuration) by extension 'colcon_meta'
[0.325s] Level 1:colcon.colcon_core.package_identification:_identify(src/pal_hey5/pal_hey5_controller_configuration) by extensions ['ros']
[0.325s] Level 1:colcon.colcon_core.package_identification:_identify(src/pal_hey5/pal_hey5_controller_configuration) by extension 'ros'
[0.325s] DEBUG:colcon.colcon_core.package_identification:Package 'src/pal_hey5/pal_hey5_controller_configuration' with type 'ros.ament_cmake' and name 'pal_hey5_controller_configuration'
[0.325s] Level 1:colcon.colcon_core.package_identification:_identify(src/pal_hey5/pal_hey5_description) by extensions ['ignore', 'ignore_ament_install']
[0.326s] Level 1:colcon.colcon_core.package_identification:_identify(src/pal_hey5/pal_hey5_description) by extension 'ignore'
[0.326s] Level 1:colcon.colcon_core.package_identification:_identify(src/pal_hey5/pal_hey5_description) by extension 'ignore_ament_install'
[0.326s] Level 1:colcon.colcon_core.package_identification:_identify(src/pal_hey5/pal_hey5_description) by extensions ['colcon_pkg']
[0.326s] Level 1:colcon.colcon_core.package_identification:_identify(src/pal_hey5/pal_hey5_description) by extension 'colcon_pkg'
[0.326s] Level 1:colcon.colcon_core.package_identification:_identify(src/pal_hey5/pal_hey5_description) by extensions ['colcon_meta']
[0.326s] Level 1:colcon.colcon_core.package_identification:_identify(src/pal_hey5/pal_hey5_description) by extension 'colcon_meta'
[0.326s] Level 1:colcon.colcon_core.package_identification:_identify(src/pal_hey5/pal_hey5_description) by extensions ['ros']
[0.326s] Level 1:colcon.colcon_core.package_identification:_identify(src/pal_hey5/pal_hey5_description) by extension 'ros'
[0.339s] DEBUG:colcon.colcon_core.package_identification:Package 'src/pal_hey5/pal_hey5_description' with type 'ros.ament_cmake' and name 'pal_hey5_description'
[0.339s] Level 1:colcon.colcon_core.package_identification:_identify(src/pal_navigation_cfg_public) by extensions ['ignore', 'ignore_ament_install']
[0.339s] Level 1:colcon.colcon_core.package_identification:_identify(src/pal_navigation_cfg_public) by extension 'ignore'
[0.339s] Level 1:colcon.colcon_core.package_identification:_identify(src/pal_navigation_cfg_public) by extension 'ignore_ament_install'
[0.339s] Level 1:colcon.colcon_core.package_identification:_identify(src/pal_navigation_cfg_public) by extensions ['colcon_pkg']
[0.340s] Level 1:colcon.colcon_core.package_identification:_identify(src/pal_navigation_cfg_public) by extension 'colcon_pkg'
[0.340s] Level 1:colcon.colcon_core.package_identification:_identify(src/pal_navigation_cfg_public) by extensions ['colcon_meta']
[0.340s] Level 1:colcon.colcon_core.package_identification:_identify(src/pal_navigation_cfg_public) by extension 'colcon_meta'
[0.340s] Level 1:colcon.colcon_core.package_identification:_identify(src/pal_navigation_cfg_public) by extensions ['ros']
[0.340s] Level 1:colcon.colcon_core.package_identification:_identify(src/pal_navigation_cfg_public) by extension 'ros'
[0.340s] Level 1:colcon.colcon_core.package_identification:_identify(src/pal_navigation_cfg_public) by extensions ['cmake', 'python']
[0.340s] Level 1:colcon.colcon_core.package_identification:_identify(src/pal_navigation_cfg_public) by extension 'cmake'
[0.340s] Level 1:colcon.colcon_core.package_identification:_identify(src/pal_navigation_cfg_public) by extension 'python'
[0.340s] Level 1:colcon.colcon_core.package_identification:_identify(src/pal_navigation_cfg_public) by extensions ['python_setup_py']
[0.340s] Level 1:colcon.colcon_core.package_identification:_identify(src/pal_navigation_cfg_public) by extension 'python_setup_py'
[0.340s] Level 1:colcon.colcon_core.package_identification:_identify(src/pal_navigation_cfg_public/pal_navigation_cfg_bringup) by extensions ['ignore', 'ignore_ament_install']
[0.340s] Level 1:colcon.colcon_core.package_identification:_identify(src/pal_navigation_cfg_public/pal_navigation_cfg_bringup) by extension 'ignore'
[0.340s] Level 1:colcon.colcon_core.package_identification:_identify(src/pal_navigation_cfg_public/pal_navigation_cfg_bringup) by extension 'ignore_ament_install'
[0.340s] Level 1:colcon.colcon_core.package_identification:_identify(src/pal_navigation_cfg_public/pal_navigation_cfg_bringup) by extensions ['colcon_pkg']
[0.340s] Level 1:colcon.colcon_core.package_identification:_identify(src/pal_navigation_cfg_public/pal_navigation_cfg_bringup) by extension 'colcon_pkg'
[0.340s] Level 1:colcon.colcon_core.package_identification:_identify(src/pal_navigation_cfg_public/pal_navigation_cfg_bringup) by extensions ['colcon_meta']
[0.340s] Level 1:colcon.colcon_core.package_identification:_identify(src/pal_navigation_cfg_public/pal_navigation_cfg_bringup) by extension 'colcon_meta'
[0.341s] Level 1:colcon.colcon_core.package_identification:_identify(src/pal_navigation_cfg_public/pal_navigation_cfg_bringup) by extensions ['ros']
[0.341s] Level 1:colcon.colcon_core.package_identification:_identify(src/pal_navigation_cfg_public/pal_navigation_cfg_bringup) by extension 'ros'
[0.341s] DEBUG:colcon.colcon_core.package_identification:Package 'src/pal_navigation_cfg_public/pal_navigation_cfg_bringup' with type 'ros.ament_cmake' and name 'pal_navigation_cfg_bringup'
[0.341s] Level 1:colcon.colcon_core.package_identification:_identify(src/pal_navigation_cfg_public/pal_navigation_cfg_params) by extensions ['ignore', 'ignore_ament_install']
[0.341s] Level 1:colcon.colcon_core.package_identification:_identify(src/pal_navigation_cfg_public/pal_navigation_cfg_params) by extension 'ignore'
[0.341s] Level 1:colcon.colcon_core.package_identification:_identify(src/pal_navigation_cfg_public/pal_navigation_cfg_params) by extension 'ignore_ament_install'
[0.341s] Level 1:colcon.colcon_core.package_identification:_identify(src/pal_navigation_cfg_public/pal_navigation_cfg_params) by extensions ['colcon_pkg']
[0.341s] Level 1:colcon.colcon_core.package_identification:_identify(src/pal_navigation_cfg_public/pal_navigation_cfg_params) by extension 'colcon_pkg'
[0.342s] Level 1:colcon.colcon_core.package_identification:_identify(src/pal_navigation_cfg_public/pal_navigation_cfg_params) by extensions ['colcon_meta']
[0.342s] Level 1:colcon.colcon_core.package_identification:_identify(src/pal_navigation_cfg_public/pal_navigation_cfg_params) by extension 'colcon_meta'
[0.342s] Level 1:colcon.colcon_core.package_identification:_identify(src/pal_navigation_cfg_public/pal_navigation_cfg_params) by extensions ['ros']
[0.342s] Level 1:colcon.colcon_core.package_identification:_identify(src/pal_navigation_cfg_public/pal_navigation_cfg_params) by extension 'ros'
[0.342s] DEBUG:colcon.colcon_core.package_identification:Package 'src/pal_navigation_cfg_public/pal_navigation_cfg_params' with type 'ros.ament_cmake' and name 'pal_navigation_cfg_params'
[0.342s] Level 1:colcon.colcon_core.package_identification:_identify(src/pal_navigation_cfg_public/pal_navigation_cfg_public) by extensions ['ignore', 'ignore_ament_install']
[0.342s] Level 1:colcon.colcon_core.package_identification:_identify(src/pal_navigation_cfg_public/pal_navigation_cfg_public) by extension 'ignore'
[0.342s] Level 1:colcon.colcon_core.package_identification:_identify(src/pal_navigation_cfg_public/pal_navigation_cfg_public) by extension 'ignore_ament_install'
[0.342s] Level 1:colcon.colcon_core.package_identification:_identify(src/pal_navigation_cfg_public/pal_navigation_cfg_public) by extensions ['colcon_pkg']
[0.343s] Level 1:colcon.colcon_core.package_identification:_identify(src/pal_navigation_cfg_public/pal_navigation_cfg_public) by extension 'colcon_pkg'
[0.343s] Level 1:colcon.colcon_core.package_identification:_identify(src/pal_navigation_cfg_public/pal_navigation_cfg_public) by extensions ['colcon_meta']
[0.343s] Level 1:colcon.colcon_core.package_identification:_identify(src/pal_navigation_cfg_public/pal_navigation_cfg_public) by extension 'colcon_meta'
[0.343s] Level 1:colcon.colcon_core.package_identification:_identify(src/pal_navigation_cfg_public/pal_navigation_cfg_public) by extensions ['ros']
[0.343s] Level 1:colcon.colcon_core.package_identification:_identify(src/pal_navigation_cfg_public/pal_navigation_cfg_public) by extension 'ros'
[0.343s] DEBUG:colcon.colcon_core.package_identification:Package 'src/pal_navigation_cfg_public/pal_navigation_cfg_public' with type 'ros.ament_cmake' and name 'pal_navigation_cfg'
[0.343s] Level 1:colcon.colcon_core.package_identification:_identify(src/pal_robotiq_gripper) by extensions ['ignore', 'ignore_ament_install']
[0.343s] Level 1:colcon.colcon_core.package_identification:_identify(src/pal_robotiq_gripper) by extension 'ignore'
[0.344s] Level 1:colcon.colcon_core.package_identification:_identify(src/pal_robotiq_gripper) by extension 'ignore_ament_install'
[0.344s] Level 1:colcon.colcon_core.package_identification:_identify(src/pal_robotiq_gripper) by extensions ['colcon_pkg']
[0.344s] Level 1:colcon.colcon_core.package_identification:_identify(src/pal_robotiq_gripper) by extension 'colcon_pkg'
[0.344s] Level 1:colcon.colcon_core.package_identification:_identify(src/pal_robotiq_gripper) by extensions ['colcon_meta']
[0.344s] Level 1:colcon.colcon_core.package_identification:_identify(src/pal_robotiq_gripper) by extension 'colcon_meta'
[0.344s] Level 1:colcon.colcon_core.package_identification:_identify(src/pal_robotiq_gripper) by extensions ['ros']
[0.344s] Level 1:colcon.colcon_core.package_identification:_identify(src/pal_robotiq_gripper) by extension 'ros'
[0.344s] Level 1:colcon.colcon_core.package_identification:_identify(src/pal_robotiq_gripper) by extensions ['cmake', 'python']
[0.344s] Level 1:colcon.colcon_core.package_identification:_identify(src/pal_robotiq_gripper) by extension 'cmake'
[0.344s] Level 1:colcon.colcon_core.package_identification:_identify(src/pal_robotiq_gripper) by extension 'python'
[0.344s] Level 1:colcon.colcon_core.package_identification:_identify(src/pal_robotiq_gripper) by extensions ['python_setup_py']
[0.344s] Level 1:colcon.colcon_core.package_identification:_identify(src/pal_robotiq_gripper) by extension 'python_setup_py'
[0.344s] Level 1:colcon.colcon_core.package_identification:_identify(src/pal_robotiq_gripper/pal_robotiq_controller_configuration) by extensions ['ignore', 'ignore_ament_install']
[0.344s] Level 1:colcon.colcon_core.package_identification:_identify(src/pal_robotiq_gripper/pal_robotiq_controller_configuration) by extension 'ignore'
[0.344s] Level 1:colcon.colcon_core.package_identification:_identify(src/pal_robotiq_gripper/pal_robotiq_controller_configuration) by extension 'ignore_ament_install'
[0.344s] Level 1:colcon.colcon_core.package_identification:_identify(src/pal_robotiq_gripper/pal_robotiq_controller_configuration) by extensions ['colcon_pkg']
[0.344s] Level 1:colcon.colcon_core.package_identification:_identify(src/pal_robotiq_gripper/pal_robotiq_controller_configuration) by extension 'colcon_pkg'
[0.345s] Level 1:colcon.colcon_core.package_identification:_identify(src/pal_robotiq_gripper/pal_robotiq_controller_configuration) by extensions ['colcon_meta']
[0.345s] Level 1:colcon.colcon_core.package_identification:_identify(src/pal_robotiq_gripper/pal_robotiq_controller_configuration) by extension 'colcon_meta'
[0.345s] Level 1:colcon.colcon_core.package_identification:_identify(src/pal_robotiq_gripper/pal_robotiq_controller_configuration) by extensions ['ros']
[0.345s] Level 1:colcon.colcon_core.package_identification:_identify(src/pal_robotiq_gripper/pal_robotiq_controller_configuration) by extension 'ros'
[0.345s] DEBUG:colcon.colcon_core.package_identification:Package 'src/pal_robotiq_gripper/pal_robotiq_controller_configuration' with type 'ros.ament_cmake' and name 'pal_robotiq_controller_configuration'
[0.345s] Level 1:colcon.colcon_core.package_identification:_identify(src/pal_robotiq_gripper/pal_robotiq_description) by extensions ['ignore', 'ignore_ament_install']
[0.346s] Level 1:colcon.colcon_core.package_identification:_identify(src/pal_robotiq_gripper/pal_robotiq_description) by extension 'ignore'
[0.346s] Level 1:colcon.colcon_core.package_identification:_identify(src/pal_robotiq_gripper/pal_robotiq_description) by extension 'ignore_ament_install'
[0.346s] Level 1:colcon.colcon_core.package_identification:_identify(src/pal_robotiq_gripper/pal_robotiq_description) by extensions ['colcon_pkg']
[0.346s] Level 1:colcon.colcon_core.package_identification:_identify(src/pal_robotiq_gripper/pal_robotiq_description) by extension 'colcon_pkg'
[0.346s] Level 1:colcon.colcon_core.package_identification:_identify(src/pal_robotiq_gripper/pal_robotiq_description) by extensions ['colcon_meta']
[0.346s] Level 1:colcon.colcon_core.package_identification:_identify(src/pal_robotiq_gripper/pal_robotiq_description) by extension 'colcon_meta'
[0.346s] Level 1:colcon.colcon_core.package_identification:_identify(src/pal_robotiq_gripper/pal_robotiq_description) by extensions ['ros']
[0.346s] Level 1:colcon.colcon_core.package_identification:_identify(src/pal_robotiq_gripper/pal_robotiq_description) by extension 'ros'
[0.347s] DEBUG:colcon.colcon_core.package_identification:Package 'src/pal_robotiq_gripper/pal_robotiq_description' with type 'ros.ament_cmake' and name 'pal_robotiq_description'
[0.347s] Level 1:colcon.colcon_core.package_identification:_identify(src/pal_robotiq_gripper/pal_robotiq_epick_gripper) by extensions ['ignore', 'ignore_ament_install']
[0.347s] Level 1:colcon.colcon_core.package_identification:_identify(src/pal_robotiq_gripper/pal_robotiq_epick_gripper) by extension 'ignore'
[0.347s] Level 1:colcon.colcon_core.package_identification:_identify(src/pal_robotiq_gripper/pal_robotiq_epick_gripper) by extension 'ignore_ament_install'
[0.347s] Level 1:colcon.colcon_core.package_identification:_identify(src/pal_robotiq_gripper/pal_robotiq_epick_gripper) by extensions ['colcon_pkg']
[0.347s] Level 1:colcon.colcon_core.package_identification:_identify(src/pal_robotiq_gripper/pal_robotiq_epick_gripper) by extension 'colcon_pkg'
[0.347s] Level 1:colcon.colcon_core.package_identification:_identify(src/pal_robotiq_gripper/pal_robotiq_epick_gripper) by extensions ['colcon_meta']
[0.347s] Level 1:colcon.colcon_core.package_identification:_identify(src/pal_robotiq_gripper/pal_robotiq_epick_gripper) by extension 'colcon_meta'
[0.347s] Level 1:colcon.colcon_core.package_identification:_identify(src/pal_robotiq_gripper/pal_robotiq_epick_gripper) by extensions ['ros']
[0.347s] Level 1:colcon.colcon_core.package_identification:_identify(src/pal_robotiq_gripper/pal_robotiq_epick_gripper) by extension 'ros'
[0.347s] Level 1:colcon.colcon_core.package_identification:_identify(src/pal_robotiq_gripper/pal_robotiq_epick_gripper) by extensions ['cmake', 'python']
[0.347s] Level 1:colcon.colcon_core.package_identification:_identify(src/pal_robotiq_gripper/pal_robotiq_epick_gripper) by extension 'cmake'
[0.347s] Level 1:colcon.colcon_core.package_identification:_identify(src/pal_robotiq_gripper/pal_robotiq_epick_gripper) by extension 'python'
[0.347s] Level 1:colcon.colcon_core.package_identification:_identify(src/pal_robotiq_gripper/pal_robotiq_epick_gripper) by extensions ['python_setup_py']
[0.347s] Level 1:colcon.colcon_core.package_identification:_identify(src/pal_robotiq_gripper/pal_robotiq_epick_gripper) by extension 'python_setup_py'
[0.347s] Level 1:colcon.colcon_core.package_identification:_identify(src/pal_robotiq_gripper/pal_robotiq_epick_gripper/pal_robotiq_epick_description) by extensions ['ignore', 'ignore_ament_install']
[0.348s] Level 1:colcon.colcon_core.package_identification:_identify(src/pal_robotiq_gripper/pal_robotiq_epick_gripper/pal_robotiq_epick_description) by extension 'ignore'
[0.348s] Level 1:colcon.colcon_core.package_identification:_identify(src/pal_robotiq_gripper/pal_robotiq_epick_gripper/pal_robotiq_epick_description) ignored
[0.348s] Level 1:colcon.colcon_core.package_identification:_identify(src/pal_robotiq_gripper/pal_robotiq_epick_gripper/pal_robotiq_epick_gripper) by extensions ['ignore', 'ignore_ament_install']
[0.348s] Level 1:colcon.colcon_core.package_identification:_identify(src/pal_robotiq_gripper/pal_robotiq_epick_gripper/pal_robotiq_epick_gripper) by extension 'ignore'
[0.348s] Level 1:colcon.colcon_core.package_identification:_identify(src/pal_robotiq_gripper/pal_robotiq_epick_gripper/pal_robotiq_epick_gripper) ignored
[0.348s] Level 1:colcon.colcon_core.package_identification:_identify(src/pal_robotiq_gripper/pal_robotiq_gripper) by extensions ['ignore', 'ignore_ament_install']
[0.348s] Level 1:colcon.colcon_core.package_identification:_identify(src/pal_robotiq_gripper/pal_robotiq_gripper) by extension 'ignore'
[0.348s] Level 1:colcon.colcon_core.package_identification:_identify(src/pal_robotiq_gripper/pal_robotiq_gripper) by extension 'ignore_ament_install'
[0.348s] Level 1:colcon.colcon_core.package_identification:_identify(src/pal_robotiq_gripper/pal_robotiq_gripper) by extensions ['colcon_pkg']
[0.348s] Level 1:colcon.colcon_core.package_identification:_identify(src/pal_robotiq_gripper/pal_robotiq_gripper) by extension 'colcon_pkg'
[0.348s] Level 1:colcon.colcon_core.package_identification:_identify(src/pal_robotiq_gripper/pal_robotiq_gripper) by extensions ['colcon_meta']
[0.348s] Level 1:colcon.colcon_core.package_identification:_identify(src/pal_robotiq_gripper/pal_robotiq_gripper) by extension 'colcon_meta'
[0.348s] Level 1:colcon.colcon_core.package_identification:_identify(src/pal_robotiq_gripper/pal_robotiq_gripper) by extensions ['ros']
[0.348s] Level 1:colcon.colcon_core.package_identification:_identify(src/pal_robotiq_gripper/pal_robotiq_gripper) by extension 'ros'
[0.349s] DEBUG:colcon.colcon_core.package_identification:Package 'src/pal_robotiq_gripper/pal_robotiq_gripper' with type 'ros.ament_cmake' and name 'pal_robotiq_gripper'
[0.349s] Level 1:colcon.colcon_core.package_identification:_identify(src/pal_robotiq_gripper/pal_robotiq_gripper_wrapper) by extensions ['ignore', 'ignore_ament_install']
[0.349s] Level 1:colcon.colcon_core.package_identification:_identify(src/pal_robotiq_gripper/pal_robotiq_gripper_wrapper) by extension 'ignore'
[0.349s] Level 1:colcon.colcon_core.package_identification:_identify(src/pal_robotiq_gripper/pal_robotiq_gripper_wrapper) ignored
[0.349s] Level 1:colcon.colcon_core.package_identification:_identify(src/pal_urdf_utils) by extensions ['ignore', 'ignore_ament_install']
[0.349s] Level 1:colcon.colcon_core.package_identification:_identify(src/pal_urdf_utils) by extension 'ignore'
[0.349s] Level 1:colcon.colcon_core.package_identification:_identify(src/pal_urdf_utils) by extension 'ignore_ament_install'
[0.349s] Level 1:colcon.colcon_core.package_identification:_identify(src/pal_urdf_utils) by extensions ['colcon_pkg']
[0.349s] Level 1:colcon.colcon_core.package_identification:_identify(src/pal_urdf_utils) by extension 'colcon_pkg'
[0.349s] Level 1:colcon.colcon_core.package_identification:_identify(src/pal_urdf_utils) by extensions ['colcon_meta']
[0.349s] Level 1:colcon.colcon_core.package_identification:_identify(src/pal_urdf_utils) by extension 'colcon_meta'
[0.349s] Level 1:colcon.colcon_core.package_identification:_identify(src/pal_urdf_utils) by extensions ['ros']
[0.350s] Level 1:colcon.colcon_core.package_identification:_identify(src/pal_urdf_utils) by extension 'ros'
[0.350s] DEBUG:colcon.colcon_core.package_identification:Package 'src/pal_urdf_utils' with type 'ros.ament_cmake' and name 'pal_urdf_utils'
[0.350s] Level 1:colcon.colcon_core.package_identification:_identify(src/play_motion2) by extensions ['ignore', 'ignore_ament_install']
[0.350s] Level 1:colcon.colcon_core.package_identification:_identify(src/play_motion2) by extension 'ignore'
[0.350s] Level 1:colcon.colcon_core.package_identification:_identify(src/play_motion2) by extension 'ignore_ament_install'
[0.350s] Level 1:colcon.colcon_core.package_identification:_identify(src/play_motion2) by extensions ['colcon_pkg']
[0.350s] Level 1:colcon.colcon_core.package_identification:_identify(src/play_motion2) by extension 'colcon_pkg'
[0.350s] Level 1:colcon.colcon_core.package_identification:_identify(src/play_motion2) by extensions ['colcon_meta']
[0.350s] Level 1:colcon.colcon_core.package_identification:_identify(src/play_motion2) by extension 'colcon_meta'
[0.351s] Level 1:colcon.colcon_core.package_identification:_identify(src/play_motion2) by extensions ['ros']
[0.351s] Level 1:colcon.colcon_core.package_identification:_identify(src/play_motion2) by extension 'ros'
[0.351s] Level 1:colcon.colcon_core.package_identification:_identify(src/play_motion2) by extensions ['cmake', 'python']
[0.351s] Level 1:colcon.colcon_core.package_identification:_identify(src/play_motion2) by extension 'cmake'
[0.351s] Level 1:colcon.colcon_core.package_identification:_identify(src/play_motion2) by extension 'python'
[0.351s] Level 1:colcon.colcon_core.package_identification:_identify(src/play_motion2) by extensions ['python_setup_py']
[0.351s] Level 1:colcon.colcon_core.package_identification:_identify(src/play_motion2) by extension 'python_setup_py'
[0.351s] Level 1:colcon.colcon_core.package_identification:_identify(src/play_motion2/play_motion2) by extensions ['ignore', 'ignore_ament_install']
[0.351s] Level 1:colcon.colcon_core.package_identification:_identify(src/play_motion2/play_motion2) by extension 'ignore'
[0.351s] Level 1:colcon.colcon_core.package_identification:_identify(src/play_motion2/play_motion2) by extension 'ignore_ament_install'
[0.351s] Level 1:colcon.colcon_core.package_identification:_identify(src/play_motion2/play_motion2) by extensions ['colcon_pkg']
[0.351s] Level 1:colcon.colcon_core.package_identification:_identify(src/play_motion2/play_motion2) by extension 'colcon_pkg'
[0.351s] Level 1:colcon.colcon_core.package_identification:_identify(src/play_motion2/play_motion2) by extensions ['colcon_meta']
[0.351s] Level 1:colcon.colcon_core.package_identification:_identify(src/play_motion2/play_motion2) by extension 'colcon_meta'
[0.351s] Level 1:colcon.colcon_core.package_identification:_identify(src/play_motion2/play_motion2) by extensions ['ros']
[0.351s] Level 1:colcon.colcon_core.package_identification:_identify(src/play_motion2/play_motion2) by extension 'ros'
[0.352s] DEBUG:colcon.colcon_core.package_identification:Package 'src/play_motion2/play_motion2' with type 'ros.ament_cmake' and name 'play_motion2'
[0.353s] Level 1:colcon.colcon_core.package_identification:_identify(src/play_motion2/play_motion2_msgs) by extensions ['ignore', 'ignore_ament_install']
[0.353s] Level 1:colcon.colcon_core.package_identification:_identify(src/play_motion2/play_motion2_msgs) by extension 'ignore'
[0.353s] Level 1:colcon.colcon_core.package_identification:_identify(src/play_motion2/play_motion2_msgs) by extension 'ignore_ament_install'
[0.353s] Level 1:colcon.colcon_core.package_identification:_identify(src/play_motion2/play_motion2_msgs) by extensions ['colcon_pkg']
[0.353s] Level 1:colcon.colcon_core.package_identification:_identify(src/play_motion2/play_motion2_msgs) by extension 'colcon_pkg'
[0.353s] Level 1:colcon.colcon_core.package_identification:_identify(src/play_motion2/play_motion2_msgs) by extensions ['colcon_meta']
[0.353s] Level 1:colcon.colcon_core.package_identification:_identify(src/play_motion2/play_motion2_msgs) by extension 'colcon_meta'
[0.353s] Level 1:colcon.colcon_core.package_identification:_identify(src/play_motion2/play_motion2_msgs) by extensions ['ros']
[0.353s] Level 1:colcon.colcon_core.package_identification:_identify(src/play_motion2/play_motion2_msgs) by extension 'ros'
[0.354s] DEBUG:colcon.colcon_core.package_identification:Package 'src/play_motion2/play_motion2_msgs' with type 'ros.ament_cmake' and name 'play_motion2_msgs'
[0.354s] Level 1:colcon.colcon_core.package_identification:_identify(src/pmb2_navigation) by extensions ['ignore', 'ignore_ament_install']
[0.354s] Level 1:colcon.colcon_core.package_identification:_identify(src/pmb2_navigation) by extension 'ignore'
[0.354s] Level 1:colcon.colcon_core.package_identification:_identify(src/pmb2_navigation) by extension 'ignore_ament_install'
[0.354s] Level 1:colcon.colcon_core.package_identification:_identify(src/pmb2_navigation) by extensions ['colcon_pkg']
[0.354s] Level 1:colcon.colcon_core.package_identification:_identify(src/pmb2_navigation) by extension 'colcon_pkg'
[0.354s] Level 1:colcon.colcon_core.package_identification:_identify(src/pmb2_navigation) by extensions ['colcon_meta']
[0.354s] Level 1:colcon.colcon_core.package_identification:_identify(src/pmb2_navigation) by extension 'colcon_meta'
[0.354s] Level 1:colcon.colcon_core.package_identification:_identify(src/pmb2_navigation) by extensions ['ros']
[0.354s] Level 1:colcon.colcon_core.package_identification:_identify(src/pmb2_navigation) by extension 'ros'
[0.354s] Level 1:colcon.colcon_core.package_identification:_identify(src/pmb2_navigation) by extensions ['cmake', 'python']
[0.354s] Level 1:colcon.colcon_core.package_identification:_identify(src/pmb2_navigation) by extension 'cmake'
[0.354s] Level 1:colcon.colcon_core.package_identification:_identify(src/pmb2_navigation) by extension 'python'
[0.354s] Level 1:colcon.colcon_core.package_identification:_identify(src/pmb2_navigation) by extensions ['python_setup_py']
[0.354s] Level 1:colcon.colcon_core.package_identification:_identify(src/pmb2_navigation) by extension 'python_setup_py'
[0.354s] Level 1:colcon.colcon_core.package_identification:_identify(src/pmb2_navigation/pmb2_2dnav) by extensions ['ignore', 'ignore_ament_install']
[0.354s] Level 1:colcon.colcon_core.package_identification:_identify(src/pmb2_navigation/pmb2_2dnav) by extension 'ignore'
[0.354s] Level 1:colcon.colcon_core.package_identification:_identify(src/pmb2_navigation/pmb2_2dnav) by extension 'ignore_ament_install'
[0.354s] Level 1:colcon.colcon_core.package_identification:_identify(src/pmb2_navigation/pmb2_2dnav) by extensions ['colcon_pkg']
[0.355s] Level 1:colcon.colcon_core.package_identification:_identify(src/pmb2_navigation/pmb2_2dnav) by extension 'colcon_pkg'
[0.355s] Level 1:colcon.colcon_core.package_identification:_identify(src/pmb2_navigation/pmb2_2dnav) by extensions ['colcon_meta']
[0.355s] Level 1:colcon.colcon_core.package_identification:_identify(src/pmb2_navigation/pmb2_2dnav) by extension 'colcon_meta'
[0.355s] Level 1:colcon.colcon_core.package_identification:_identify(src/pmb2_navigation/pmb2_2dnav) by extensions ['ros']
[0.355s] Level 1:colcon.colcon_core.package_identification:_identify(src/pmb2_navigation/pmb2_2dnav) by extension 'ros'
[0.360s] DEBUG:colcon.colcon_core.package_identification:Package 'src/pmb2_navigation/pmb2_2dnav' with type 'ros.ament_cmake' and name 'pmb2_2dnav'
[0.360s] Level 1:colcon.colcon_core.package_identification:_identify(src/pmb2_navigation/pmb2_laser_sensors) by extensions ['ignore', 'ignore_ament_install']
[0.360s] Level 1:colcon.colcon_core.package_identification:_identify(src/pmb2_navigation/pmb2_laser_sensors) by extension 'ignore'
[0.360s] Level 1:colcon.colcon_core.package_identification:_identify(src/pmb2_navigation/pmb2_laser_sensors) by extension 'ignore_ament_install'
[0.360s] Level 1:colcon.colcon_core.package_identification:_identify(src/pmb2_navigation/pmb2_laser_sensors) by extensions ['colcon_pkg']
[0.360s] Level 1:colcon.colcon_core.package_identification:_identify(src/pmb2_navigation/pmb2_laser_sensors) by extension 'colcon_pkg'
[0.360s] Level 1:colcon.colcon_core.package_identification:_identify(src/pmb2_navigation/pmb2_laser_sensors) by extensions ['colcon_meta']
[0.360s] Level 1:colcon.colcon_core.package_identification:_identify(src/pmb2_navigation/pmb2_laser_sensors) by extension 'colcon_meta'
[0.361s] Level 1:colcon.colcon_core.package_identification:_identify(src/pmb2_navigation/pmb2_laser_sensors) by extensions ['ros']
[0.361s] Level 1:colcon.colcon_core.package_identification:_identify(src/pmb2_navigation/pmb2_laser_sensors) by extension 'ros'
[0.363s] DEBUG:colcon.colcon_core.package_identification:Package 'src/pmb2_navigation/pmb2_laser_sensors' with type 'ros.ament_cmake' and name 'pmb2_laser_sensors'
[0.364s] Level 1:colcon.colcon_core.package_identification:_identify(src/pmb2_navigation/pmb2_navigation) by extensions ['ignore', 'ignore_ament_install']
[0.364s] Level 1:colcon.colcon_core.package_identification:_identify(src/pmb2_navigation/pmb2_navigation) by extension 'ignore'
[0.364s] Level 1:colcon.colcon_core.package_identification:_identify(src/pmb2_navigation/pmb2_navigation) by extension 'ignore_ament_install'
[0.364s] Level 1:colcon.colcon_core.package_identification:_identify(src/pmb2_navigation/pmb2_navigation) by extensions ['colcon_pkg']
[0.364s] Level 1:colcon.colcon_core.package_identification:_identify(src/pmb2_navigation/pmb2_navigation) by extension 'colcon_pkg'
[0.364s] Level 1:colcon.colcon_core.package_identification:_identify(src/pmb2_navigation/pmb2_navigation) by extensions ['colcon_meta']
[0.364s] Level 1:colcon.colcon_core.package_identification:_identify(src/pmb2_navigation/pmb2_navigation) by extension 'colcon_meta'
[0.364s] Level 1:colcon.colcon_core.package_identification:_identify(src/pmb2_navigation/pmb2_navigation) by extensions ['ros']
[0.364s] Level 1:colcon.colcon_core.package_identification:_identify(src/pmb2_navigation/pmb2_navigation) by extension 'ros'
[0.365s] DEBUG:colcon.colcon_core.package_identification:Package 'src/pmb2_navigation/pmb2_navigation' with type 'ros.ament_cmake' and name 'pmb2_navigation'
[0.365s] Level 1:colcon.colcon_core.package_identification:_identify(src/pmb2_navigation/pmb2_rgbd_sensors) by extensions ['ignore', 'ignore_ament_install']
[0.365s] Level 1:colcon.colcon_core.package_identification:_identify(src/pmb2_navigation/pmb2_rgbd_sensors) by extension 'ignore'
[0.365s] Level 1:colcon.colcon_core.package_identification:_identify(src/pmb2_navigation/pmb2_rgbd_sensors) by extension 'ignore_ament_install'
[0.365s] Level 1:colcon.colcon_core.package_identification:_identify(src/pmb2_navigation/pmb2_rgbd_sensors) by extensions ['colcon_pkg']
[0.365s] Level 1:colcon.colcon_core.package_identification:_identify(src/pmb2_navigation/pmb2_rgbd_sensors) by extension 'colcon_pkg'
[0.365s] Level 1:colcon.colcon_core.package_identification:_identify(src/pmb2_navigation/pmb2_rgbd_sensors) by extensions ['colcon_meta']
[0.365s] Level 1:colcon.colcon_core.package_identification:_identify(src/pmb2_navigation/pmb2_rgbd_sensors) by extension 'colcon_meta'
[0.365s] Level 1:colcon.colcon_core.package_identification:_identify(src/pmb2_navigation/pmb2_rgbd_sensors) by extensions ['ros']
[0.365s] Level 1:colcon.colcon_core.package_identification:_identify(src/pmb2_navigation/pmb2_rgbd_sensors) by extension 'ros'
[0.368s] DEBUG:colcon.colcon_core.package_identification:Package 'src/pmb2_navigation/pmb2_rgbd_sensors' with type 'ros.ament_cmake' and name 'pmb2_rgbd_sensors'
[0.368s] Level 1:colcon.colcon_core.package_identification:_identify(src/pmb2_robot) by extensions ['ignore', 'ignore_ament_install']
[0.368s] Level 1:colcon.colcon_core.package_identification:_identify(src/pmb2_robot) by extension 'ignore'
[0.368s] Level 1:colcon.colcon_core.package_identification:_identify(src/pmb2_robot) by extension 'ignore_ament_install'
[0.368s] Level 1:colcon.colcon_core.package_identification:_identify(src/pmb2_robot) by extensions ['colcon_pkg']
[0.368s] Level 1:colcon.colcon_core.package_identification:_identify(src/pmb2_robot) by extension 'colcon_pkg'
[0.368s] Level 1:colcon.colcon_core.package_identification:_identify(src/pmb2_robot) by extensions ['colcon_meta']
[0.368s] Level 1:colcon.colcon_core.package_identification:_identify(src/pmb2_robot) by extension 'colcon_meta'
[0.368s] Level 1:colcon.colcon_core.package_identification:_identify(src/pmb2_robot) by extensions ['ros']
[0.368s] Level 1:colcon.colcon_core.package_identification:_identify(src/pmb2_robot) by extension 'ros'
[0.368s] Level 1:colcon.colcon_core.package_identification:_identify(src/pmb2_robot) by extensions ['cmake', 'python']
[0.368s] Level 1:colcon.colcon_core.package_identification:_identify(src/pmb2_robot) by extension 'cmake'
[0.369s] Level 1:colcon.colcon_core.package_identification:_identify(src/pmb2_robot) by extension 'python'
[0.369s] Level 1:colcon.colcon_core.package_identification:_identify(src/pmb2_robot) by extensions ['python_setup_py']
[0.369s] Level 1:colcon.colcon_core.package_identification:_identify(src/pmb2_robot) by extension 'python_setup_py'
[0.369s] Level 1:colcon.colcon_core.package_identification:_identify(src/pmb2_robot/pmb2_bringup) by extensions ['ignore', 'ignore_ament_install']
[0.369s] Level 1:colcon.colcon_core.package_identification:_identify(src/pmb2_robot/pmb2_bringup) by extension 'ignore'
[0.369s] Level 1:colcon.colcon_core.package_identification:_identify(src/pmb2_robot/pmb2_bringup) by extension 'ignore_ament_install'
[0.369s] Level 1:colcon.colcon_core.package_identification:_identify(src/pmb2_robot/pmb2_bringup) by extensions ['colcon_pkg']
[0.369s] Level 1:colcon.colcon_core.package_identification:_identify(src/pmb2_robot/pmb2_bringup) by extension 'colcon_pkg'
[0.369s] Level 1:colcon.colcon_core.package_identification:_identify(src/pmb2_robot/pmb2_bringup) by extensions ['colcon_meta']
[0.369s] Level 1:colcon.colcon_core.package_identification:_identify(src/pmb2_robot/pmb2_bringup) by extension 'colcon_meta'
[0.369s] Level 1:colcon.colcon_core.package_identification:_identify(src/pmb2_robot/pmb2_bringup) by extensions ['ros']
[0.369s] Level 1:colcon.colcon_core.package_identification:_identify(src/pmb2_robot/pmb2_bringup) by extension 'ros'
[0.370s] DEBUG:colcon.colcon_core.package_identification:Package 'src/pmb2_robot/pmb2_bringup' with type 'ros.ament_cmake' and name 'pmb2_bringup'
[0.370s] Level 1:colcon.colcon_core.package_identification:_identify(src/pmb2_robot/pmb2_controller_configuration) by extensions ['ignore', 'ignore_ament_install']
[0.370s] Level 1:colcon.colcon_core.package_identification:_identify(src/pmb2_robot/pmb2_controller_configuration) by extension 'ignore'
[0.370s] Level 1:colcon.colcon_core.package_identification:_identify(src/pmb2_robot/pmb2_controller_configuration) by extension 'ignore_ament_install'
[0.370s] Level 1:colcon.colcon_core.package_identification:_identify(src/pmb2_robot/pmb2_controller_configuration) by extensions ['colcon_pkg']
[0.370s] Level 1:colcon.colcon_core.package_identification:_identify(src/pmb2_robot/pmb2_controller_configuration) by extension 'colcon_pkg'
[0.370s] Level 1:colcon.colcon_core.package_identification:_identify(src/pmb2_robot/pmb2_controller_configuration) by extensions ['colcon_meta']
[0.370s] Level 1:colcon.colcon_core.package_identification:_identify(src/pmb2_robot/pmb2_controller_configuration) by extension 'colcon_meta'
[0.370s] Level 1:colcon.colcon_core.package_identification:_identify(src/pmb2_robot/pmb2_controller_configuration) by extensions ['ros']
[0.371s] Level 1:colcon.colcon_core.package_identification:_identify(src/pmb2_robot/pmb2_controller_configuration) by extension 'ros'
[0.371s] DEBUG:colcon.colcon_core.package_identification:Package 'src/pmb2_robot/pmb2_controller_configuration' with type 'ros.ament_cmake' and name 'pmb2_controller_configuration'
[0.371s] Level 1:colcon.colcon_core.package_identification:_identify(src/pmb2_robot/pmb2_description) by extensions ['ignore', 'ignore_ament_install']
[0.371s] Level 1:colcon.colcon_core.package_identification:_identify(src/pmb2_robot/pmb2_description) by extension 'ignore'
[0.372s] Level 1:colcon.colcon_core.package_identification:_identify(src/pmb2_robot/pmb2_description) by extension 'ignore_ament_install'
[0.372s] Level 1:colcon.colcon_core.package_identification:_identify(src/pmb2_robot/pmb2_description) by extensions ['colcon_pkg']
[0.372s] Level 1:colcon.colcon_core.package_identification:_identify(src/pmb2_robot/pmb2_description) by extension 'colcon_pkg'
[0.372s] Level 1:colcon.colcon_core.package_identification:_identify(src/pmb2_robot/pmb2_description) by extensions ['colcon_meta']
[0.372s] Level 1:colcon.colcon_core.package_identification:_identify(src/pmb2_robot/pmb2_description) by extension 'colcon_meta'
[0.372s] Level 1:colcon.colcon_core.package_identification:_identify(src/pmb2_robot/pmb2_description) by extensions ['ros']
[0.372s] Level 1:colcon.colcon_core.package_identification:_identify(src/pmb2_robot/pmb2_description) by extension 'ros'
[0.373s] DEBUG:colcon.colcon_core.package_identification:Package 'src/pmb2_robot/pmb2_description' with type 'ros.ament_cmake' and name 'pmb2_description'
[0.373s] Level 1:colcon.colcon_core.package_identification:_identify(src/pmb2_robot/pmb2_robot) by extensions ['ignore', 'ignore_ament_install']
[0.373s] Level 1:colcon.colcon_core.package_identification:_identify(src/pmb2_robot/pmb2_robot) by extension 'ignore'
[0.373s] Level 1:colcon.colcon_core.package_identification:_identify(src/pmb2_robot/pmb2_robot) by extension 'ignore_ament_install'
[0.373s] Level 1:colcon.colcon_core.package_identification:_identify(src/pmb2_robot/pmb2_robot) by extensions ['colcon_pkg']
[0.373s] Level 1:colcon.colcon_core.package_identification:_identify(src/pmb2_robot/pmb2_robot) by extension 'colcon_pkg'
[0.373s] Level 1:colcon.colcon_core.package_identification:_identify(src/pmb2_robot/pmb2_robot) by extensions ['colcon_meta']
[0.373s] Level 1:colcon.colcon_core.package_identification:_identify(src/pmb2_robot/pmb2_robot) by extension 'colcon_meta'
[0.373s] Level 1:colcon.colcon_core.package_identification:_identify(src/pmb2_robot/pmb2_robot) by extensions ['ros']
[0.373s] Level 1:colcon.colcon_core.package_identification:_identify(src/pmb2_robot/pmb2_robot) by extension 'ros'
[0.374s] DEBUG:colcon.colcon_core.package_identification:Package 'src/pmb2_robot/pmb2_robot' with type 'ros.ament_cmake' and name 'pmb2_robot'
[0.374s] Level 1:colcon.colcon_core.package_identification:_identify(src/tests) by extensions ['ignore', 'ignore_ament_install']
[0.374s] Level 1:colcon.colcon_core.package_identification:_identify(src/tests) by extension 'ignore'
[0.374s] Level 1:colcon.colcon_core.package_identification:_identify(src/tests) by extension 'ignore_ament_install'
[0.374s] Level 1:colcon.colcon_core.package_identification:_identify(src/tests) by extensions ['colcon_pkg']
[0.374s] Level 1:colcon.colcon_core.package_identification:_identify(src/tests) by extension 'colcon_pkg'
[0.374s] Level 1:colcon.colcon_core.package_identification:_identify(src/tests) by extensions ['colcon_meta']
[0.374s] Level 1:colcon.colcon_core.package_identification:_identify(src/tests) by extension 'colcon_meta'
[0.374s] Level 1:colcon.colcon_core.package_identification:_identify(src/tests) by extensions ['ros']
[0.374s] Level 1:colcon.colcon_core.package_identification:_identify(src/tests) by extension 'ros'
[0.375s] DEBUG:colcon.colcon_core.package_identification:Package 'src/tests' with type 'ros.ament_python' and name 'tests'
[0.375s] Level 1:colcon.colcon_core.package_identification:_identify(src/tiago_moveit_config) by extensions ['ignore', 'ignore_ament_install']
[0.375s] Level 1:colcon.colcon_core.package_identification:_identify(src/tiago_moveit_config) by extension 'ignore'
[0.375s] Level 1:colcon.colcon_core.package_identification:_identify(src/tiago_moveit_config) by extension 'ignore_ament_install'
[0.375s] Level 1:colcon.colcon_core.package_identification:_identify(src/tiago_moveit_config) by extensions ['colcon_pkg']
[0.375s] Level 1:colcon.colcon_core.package_identification:_identify(src/tiago_moveit_config) by extension 'colcon_pkg'
[0.375s] Level 1:colcon.colcon_core.package_identification:_identify(src/tiago_moveit_config) by extensions ['colcon_meta']
[0.375s] Level 1:colcon.colcon_core.package_identification:_identify(src/tiago_moveit_config) by extension 'colcon_meta'
[0.376s] Level 1:colcon.colcon_core.package_identification:_identify(src/tiago_moveit_config) by extensions ['ros']
[0.376s] Level 1:colcon.colcon_core.package_identification:_identify(src/tiago_moveit_config) by extension 'ros'
[0.377s] DEBUG:colcon.colcon_core.package_identification:Package 'src/tiago_moveit_config' with type 'ros.ament_cmake' and name 'tiago_moveit_config'
[0.377s] Level 1:colcon.colcon_core.package_identification:_identify(src/tiago_navigation) by extensions ['ignore', 'ignore_ament_install']
[0.377s] Level 1:colcon.colcon_core.package_identification:_identify(src/tiago_navigation) by extension 'ignore'
[0.377s] Level 1:colcon.colcon_core.package_identification:_identify(src/tiago_navigation) by extension 'ignore_ament_install'
[0.377s] Level 1:colcon.colcon_core.package_identification:_identify(src/tiago_navigation) by extensions ['colcon_pkg']
[0.377s] Level 1:colcon.colcon_core.package_identification:_identify(src/tiago_navigation) by extension 'colcon_pkg'
[0.377s] Level 1:colcon.colcon_core.package_identification:_identify(src/tiago_navigation) by extensions ['colcon_meta']
[0.377s] Level 1:colcon.colcon_core.package_identification:_identify(src/tiago_navigation) by extension 'colcon_meta'
[0.377s] Level 1:colcon.colcon_core.package_identification:_identify(src/tiago_navigation) by extensions ['ros']
[0.377s] Level 1:colcon.colcon_core.package_identification:_identify(src/tiago_navigation) by extension 'ros'
[0.377s] Level 1:colcon.colcon_core.package_identification:_identify(src/tiago_navigation) by extensions ['cmake', 'python']
[0.377s] Level 1:colcon.colcon_core.package_identification:_identify(src/tiago_navigation) by extension 'cmake'
[0.377s] Level 1:colcon.colcon_core.package_identification:_identify(src/tiago_navigation) by extension 'python'
[0.377s] Level 1:colcon.colcon_core.package_identification:_identify(src/tiago_navigation) by extensions ['python_setup_py']
[0.377s] Level 1:colcon.colcon_core.package_identification:_identify(src/tiago_navigation) by extension 'python_setup_py'
[0.378s] Level 1:colcon.colcon_core.package_identification:_identify(src/tiago_navigation/tiago_2dnav) by extensions ['ignore', 'ignore_ament_install']
[0.378s] Level 1:colcon.colcon_core.package_identification:_identify(src/tiago_navigation/tiago_2dnav) by extension 'ignore'
[0.378s] Level 1:colcon.colcon_core.package_identification:_identify(src/tiago_navigation/tiago_2dnav) by extension 'ignore_ament_install'
[0.378s] Level 1:colcon.colcon_core.package_identification:_identify(src/tiago_navigation/tiago_2dnav) by extensions ['colcon_pkg']
[0.378s] Level 1:colcon.colcon_core.package_identification:_identify(src/tiago_navigation/tiago_2dnav) by extension 'colcon_pkg'
[0.378s] Level 1:colcon.colcon_core.package_identification:_identify(src/tiago_navigation/tiago_2dnav) by extensions ['colcon_meta']
[0.378s] Level 1:colcon.colcon_core.package_identification:_identify(src/tiago_navigation/tiago_2dnav) by extension 'colcon_meta'
[0.378s] Level 1:colcon.colcon_core.package_identification:_identify(src/tiago_navigation/tiago_2dnav) by extensions ['ros']
[0.378s] Level 1:colcon.colcon_core.package_identification:_identify(src/tiago_navigation/tiago_2dnav) by extension 'ros'
[0.379s] DEBUG:colcon.colcon_core.package_identification:Package 'src/tiago_navigation/tiago_2dnav' with type 'ros.ament_cmake' and name 'tiago_2dnav'
[0.379s] Level 1:colcon.colcon_core.package_identification:_identify(src/tiago_navigation/tiago_laser_sensors) by extensions ['ignore', 'ignore_ament_install']
[0.379s] Level 1:colcon.colcon_core.package_identification:_identify(src/tiago_navigation/tiago_laser_sensors) by extension 'ignore'
[0.379s] Level 1:colcon.colcon_core.package_identification:_identify(src/tiago_navigation/tiago_laser_sensors) by extension 'ignore_ament_install'
[0.379s] Level 1:colcon.colcon_core.package_identification:_identify(src/tiago_navigation/tiago_laser_sensors) by extensions ['colcon_pkg']
[0.380s] Level 1:colcon.colcon_core.package_identification:_identify(src/tiago_navigation/tiago_laser_sensors) by extension 'colcon_pkg'
[0.380s] Level 1:colcon.colcon_core.package_identification:_identify(src/tiago_navigation/tiago_laser_sensors) by extensions ['colcon_meta']
[0.380s] Level 1:colcon.colcon_core.package_identification:_identify(src/tiago_navigation/tiago_laser_sensors) by extension 'colcon_meta'
[0.380s] Level 1:colcon.colcon_core.package_identification:_identify(src/tiago_navigation/tiago_laser_sensors) by extensions ['ros']
[0.380s] Level 1:colcon.colcon_core.package_identification:_identify(src/tiago_navigation/tiago_laser_sensors) by extension 'ros'
[0.381s] DEBUG:colcon.colcon_core.package_identification:Package 'src/tiago_navigation/tiago_laser_sensors' with type 'ros.ament_cmake' and name 'tiago_laser_sensors'
[0.381s] Level 1:colcon.colcon_core.package_identification:_identify(src/tiago_navigation/tiago_navigation) by extensions ['ignore', 'ignore_ament_install']
[0.381s] Level 1:colcon.colcon_core.package_identification:_identify(src/tiago_navigation/tiago_navigation) by extension 'ignore'
[0.381s] Level 1:colcon.colcon_core.package_identification:_identify(src/tiago_navigation/tiago_navigation) by extension 'ignore_ament_install'
[0.381s] Level 1:colcon.colcon_core.package_identification:_identify(src/tiago_navigation/tiago_navigation) by extensions ['colcon_pkg']
[0.381s] Level 1:colcon.colcon_core.package_identification:_identify(src/tiago_navigation/tiago_navigation) by extension 'colcon_pkg'
[0.381s] Level 1:colcon.colcon_core.package_identification:_identify(src/tiago_navigation/tiago_navigation) by extensions ['colcon_meta']
[0.381s] Level 1:colcon.colcon_core.package_identification:_identify(src/tiago_navigation/tiago_navigation) by extension 'colcon_meta'
[0.381s] Level 1:colcon.colcon_core.package_identification:_identify(src/tiago_navigation/tiago_navigation) by extensions ['ros']
[0.381s] Level 1:colcon.colcon_core.package_identification:_identify(src/tiago_navigation/tiago_navigation) by extension 'ros'
[0.382s] DEBUG:colcon.colcon_core.package_identification:Package 'src/tiago_navigation/tiago_navigation' with type 'ros.ament_cmake' and name 'tiago_navigation'
[0.382s] Level 1:colcon.colcon_core.package_identification:_identify(src/tiago_navigation/tiago_rgbd_sensors) by extensions ['ignore', 'ignore_ament_install']
[0.382s] Level 1:colcon.colcon_core.package_identification:_identify(src/tiago_navigation/tiago_rgbd_sensors) by extension 'ignore'
[0.382s] Level 1:colcon.colcon_core.package_identification:_identify(src/tiago_navigation/tiago_rgbd_sensors) by extension 'ignore_ament_install'
[0.382s] Level 1:colcon.colcon_core.package_identification:_identify(src/tiago_navigation/tiago_rgbd_sensors) by extensions ['colcon_pkg']
[0.382s] Level 1:colcon.colcon_core.package_identification:_identify(src/tiago_navigation/tiago_rgbd_sensors) by extension 'colcon_pkg'
[0.382s] Level 1:colcon.colcon_core.package_identification:_identify(src/tiago_navigation/tiago_rgbd_sensors) by extensions ['colcon_meta']
[0.382s] Level 1:colcon.colcon_core.package_identification:_identify(src/tiago_navigation/tiago_rgbd_sensors) by extension 'colcon_meta'
[0.382s] Level 1:colcon.colcon_core.package_identification:_identify(src/tiago_navigation/tiago_rgbd_sensors) by extensions ['ros']
[0.382s] Level 1:colcon.colcon_core.package_identification:_identify(src/tiago_navigation/tiago_rgbd_sensors) by extension 'ros'
[0.384s] DEBUG:colcon.colcon_core.package_identification:Package 'src/tiago_navigation/tiago_rgbd_sensors' with type 'ros.ament_cmake' and name 'tiago_rgbd_sensors'
[0.384s] Level 1:colcon.colcon_core.package_identification:_identify(src/tiago_robot) by extensions ['ignore', 'ignore_ament_install']
[0.384s] Level 1:colcon.colcon_core.package_identification:_identify(src/tiago_robot) by extension 'ignore'
[0.384s] Level 1:colcon.colcon_core.package_identification:_identify(src/tiago_robot) by extension 'ignore_ament_install'
[0.384s] Level 1:colcon.colcon_core.package_identification:_identify(src/tiago_robot) by extensions ['colcon_pkg']
[0.384s] Level 1:colcon.colcon_core.package_identification:_identify(src/tiago_robot) by extension 'colcon_pkg'
[0.384s] Level 1:colcon.colcon_core.package_identification:_identify(src/tiago_robot) by extensions ['colcon_meta']
[0.384s] Level 1:colcon.colcon_core.package_identification:_identify(src/tiago_robot) by extension 'colcon_meta'
[0.384s] Level 1:colcon.colcon_core.package_identification:_identify(src/tiago_robot) by extensions ['ros']
[0.384s] Level 1:colcon.colcon_core.package_identification:_identify(src/tiago_robot) by extension 'ros'
[0.384s] Level 1:colcon.colcon_core.package_identification:_identify(src/tiago_robot) by extensions ['cmake', 'python']
[0.384s] Level 1:colcon.colcon_core.package_identification:_identify(src/tiago_robot) by extension 'cmake'
[0.384s] Level 1:colcon.colcon_core.package_identification:_identify(src/tiago_robot) by extension 'python'
[0.384s] Level 1:colcon.colcon_core.package_identification:_identify(src/tiago_robot) by extensions ['python_setup_py']
[0.384s] Level 1:colcon.colcon_core.package_identification:_identify(src/tiago_robot) by extension 'python_setup_py'
[0.384s] Level 1:colcon.colcon_core.package_identification:_identify(src/tiago_robot/tiago_bringup) by extensions ['ignore', 'ignore_ament_install']
[0.384s] Level 1:colcon.colcon_core.package_identification:_identify(src/tiago_robot/tiago_bringup) by extension 'ignore'
[0.384s] Level 1:colcon.colcon_core.package_identification:_identify(src/tiago_robot/tiago_bringup) by extension 'ignore_ament_install'
[0.385s] Level 1:colcon.colcon_core.package_identification:_identify(src/tiago_robot/tiago_bringup) by extensions ['colcon_pkg']
[0.385s] Level 1:colcon.colcon_core.package_identification:_identify(src/tiago_robot/tiago_bringup) by extension 'colcon_pkg'
[0.385s] Level 1:colcon.colcon_core.package_identification:_identify(src/tiago_robot/tiago_bringup) by extensions ['colcon_meta']
[0.385s] Level 1:colcon.colcon_core.package_identification:_identify(src/tiago_robot/tiago_bringup) by extension 'colcon_meta'
[0.385s] Level 1:colcon.colcon_core.package_identification:_identify(src/tiago_robot/tiago_bringup) by extensions ['ros']
[0.385s] Level 1:colcon.colcon_core.package_identification:_identify(src/tiago_robot/tiago_bringup) by extension 'ros'
[0.386s] DEBUG:colcon.colcon_core.package_identification:Package 'src/tiago_robot/tiago_bringup' with type 'ros.ament_cmake' and name 'tiago_bringup'
[0.386s] Level 1:colcon.colcon_core.package_identification:_identify(src/tiago_robot/tiago_controller_configuration) by extensions ['ignore', 'ignore_ament_install']
[0.386s] Level 1:colcon.colcon_core.package_identification:_identify(src/tiago_robot/tiago_controller_configuration) by extension 'ignore'
[0.386s] Level 1:colcon.colcon_core.package_identification:_identify(src/tiago_robot/tiago_controller_configuration) by extension 'ignore_ament_install'
[0.386s] Level 1:colcon.colcon_core.package_identification:_identify(src/tiago_robot/tiago_controller_configuration) by extensions ['colcon_pkg']
[0.386s] Level 1:colcon.colcon_core.package_identification:_identify(src/tiago_robot/tiago_controller_configuration) by extension 'colcon_pkg'
[0.386s] Level 1:colcon.colcon_core.package_identification:_identify(src/tiago_robot/tiago_controller_configuration) by extensions ['colcon_meta']
[0.386s] Level 1:colcon.colcon_core.package_identification:_identify(src/tiago_robot/tiago_controller_configuration) by extension 'colcon_meta'
[0.386s] Level 1:colcon.colcon_core.package_identification:_identify(src/tiago_robot/tiago_controller_configuration) by extensions ['ros']
[0.386s] Level 1:colcon.colcon_core.package_identification:_identify(src/tiago_robot/tiago_controller_configuration) by extension 'ros'
[0.388s] DEBUG:colcon.colcon_core.package_identification:Package 'src/tiago_robot/tiago_controller_configuration' with type 'ros.ament_cmake' and name 'tiago_controller_configuration'
[0.388s] Level 1:colcon.colcon_core.package_identification:_identify(src/tiago_robot/tiago_description) by extensions ['ignore', 'ignore_ament_install']
[0.388s] Level 1:colcon.colcon_core.package_identification:_identify(src/tiago_robot/tiago_description) by extension 'ignore'
[0.388s] Level 1:colcon.colcon_core.package_identification:_identify(src/tiago_robot/tiago_description) by extension 'ignore_ament_install'
[0.388s] Level 1:colcon.colcon_core.package_identification:_identify(src/tiago_robot/tiago_description) by extensions ['colcon_pkg']
[0.388s] Level 1:colcon.colcon_core.package_identification:_identify(src/tiago_robot/tiago_description) by extension 'colcon_pkg'
[0.388s] Level 1:colcon.colcon_core.package_identification:_identify(src/tiago_robot/tiago_description) by extensions ['colcon_meta']
[0.388s] Level 1:colcon.colcon_core.package_identification:_identify(src/tiago_robot/tiago_description) by extension 'colcon_meta'
[0.388s] Level 1:colcon.colcon_core.package_identification:_identify(src/tiago_robot/tiago_description) by extensions ['ros']
[0.388s] Level 1:colcon.colcon_core.package_identification:_identify(src/tiago_robot/tiago_description) by extension 'ros'
[0.389s] DEBUG:colcon.colcon_core.package_identification:Package 'src/tiago_robot/tiago_description' with type 'ros.ament_cmake' and name 'tiago_description'
[0.389s] Level 1:colcon.colcon_core.package_identification:_identify(src/tiago_robot/tiago_robot) by extensions ['ignore', 'ignore_ament_install']
[0.389s] Level 1:colcon.colcon_core.package_identification:_identify(src/tiago_robot/tiago_robot) by extension 'ignore'
[0.389s] Level 1:colcon.colcon_core.package_identification:_identify(src/tiago_robot/tiago_robot) by extension 'ignore_ament_install'
[0.389s] Level 1:colcon.colcon_core.package_identification:_identify(src/tiago_robot/tiago_robot) by extensions ['colcon_pkg']
[0.389s] Level 1:colcon.colcon_core.package_identification:_identify(src/tiago_robot/tiago_robot) by extension 'colcon_pkg'
[0.389s] Level 1:colcon.colcon_core.package_identification:_identify(src/tiago_robot/tiago_robot) by extensions ['colcon_meta']
[0.389s] Level 1:colcon.colcon_core.package_identification:_identify(src/tiago_robot/tiago_robot) by extension 'colcon_meta'
[0.390s] Level 1:colcon.colcon_core.package_identification:_identify(src/tiago_robot/tiago_robot) by extensions ['ros']
[0.390s] Level 1:colcon.colcon_core.package_identification:_identify(src/tiago_robot/tiago_robot) by extension 'ros'
[0.390s] DEBUG:colcon.colcon_core.package_identification:Package 'src/tiago_robot/tiago_robot' with type 'ros.ament_cmake' and name 'tiago_robot'
[0.390s] Level 1:colcon.colcon_core.package_identification:_identify(src/tiago_simulation) by extensions ['ignore', 'ignore_ament_install']
[0.390s] Level 1:colcon.colcon_core.package_identification:_identify(src/tiago_simulation) by extension 'ignore'
[0.390s] Level 1:colcon.colcon_core.package_identification:_identify(src/tiago_simulation) by extension 'ignore_ament_install'
[0.390s] Level 1:colcon.colcon_core.package_identification:_identify(src/tiago_simulation) by extensions ['colcon_pkg']
[0.390s] Level 1:colcon.colcon_core.package_identification:_identify(src/tiago_simulation) by extension 'colcon_pkg'
[0.390s] Level 1:colcon.colcon_core.package_identification:_identify(src/tiago_simulation) by extensions ['colcon_meta']
[0.390s] Level 1:colcon.colcon_core.package_identification:_identify(src/tiago_simulation) by extension 'colcon_meta'
[0.391s] Level 1:colcon.colcon_core.package_identification:_identify(src/tiago_simulation) by extensions ['ros']
[0.391s] Level 1:colcon.colcon_core.package_identification:_identify(src/tiago_simulation) by extension 'ros'
[0.391s] Level 1:colcon.colcon_core.package_identification:_identify(src/tiago_simulation) by extensions ['cmake', 'python']
[0.391s] Level 1:colcon.colcon_core.package_identification:_identify(src/tiago_simulation) by extension 'cmake'
[0.391s] Level 1:colcon.colcon_core.package_identification:_identify(src/tiago_simulation) by extension 'python'
[0.391s] Level 1:colcon.colcon_core.package_identification:_identify(src/tiago_simulation) by extensions ['python_setup_py']
[0.391s] Level 1:colcon.colcon_core.package_identification:_identify(src/tiago_simulation) by extension 'python_setup_py'
[0.391s] Level 1:colcon.colcon_core.package_identification:_identify(src/tiago_simulation/doc) by extensions ['ignore', 'ignore_ament_install']
[0.391s] Level 1:colcon.colcon_core.package_identification:_identify(src/tiago_simulation/doc) by extension 'ignore'
[0.391s] Level 1:colcon.colcon_core.package_identification:_identify(src/tiago_simulation/doc) by extension 'ignore_ament_install'
[0.391s] Level 1:colcon.colcon_core.package_identification:_identify(src/tiago_simulation/doc) by extensions ['colcon_pkg']
[0.391s] Level 1:colcon.colcon_core.package_identification:_identify(src/tiago_simulation/doc) by extension 'colcon_pkg'
[0.391s] Level 1:colcon.colcon_core.package_identification:_identify(src/tiago_simulation/doc) by extensions ['colcon_meta']
[0.391s] Level 1:colcon.colcon_core.package_identification:_identify(src/tiago_simulation/doc) by extension 'colcon_meta'
[0.391s] Level 1:colcon.colcon_core.package_identification:_identify(src/tiago_simulation/doc) by extensions ['ros']
[0.391s] Level 1:colcon.colcon_core.package_identification:_identify(src/tiago_simulation/doc) by extension 'ros'
[0.391s] Level 1:colcon.colcon_core.package_identification:_identify(src/tiago_simulation/doc) by extensions ['cmake', 'python']
[0.391s] Level 1:colcon.colcon_core.package_identification:_identify(src/tiago_simulation/doc) by extension 'cmake'
[0.391s] Level 1:colcon.colcon_core.package_identification:_identify(src/tiago_simulation/doc) by extension 'python'
[0.391s] Level 1:colcon.colcon_core.package_identification:_identify(src/tiago_simulation/doc) by extensions ['python_setup_py']
[0.391s] Level 1:colcon.colcon_core.package_identification:_identify(src/tiago_simulation/doc) by extension 'python_setup_py'
[0.392s] Level 1:colcon.colcon_core.package_identification:_identify(src/tiago_simulation/doc/media) by extensions ['ignore', 'ignore_ament_install']
[0.392s] Level 1:colcon.colcon_core.package_identification:_identify(src/tiago_simulation/doc/media) by extension 'ignore'
[0.392s] Level 1:colcon.colcon_core.package_identification:_identify(src/tiago_simulation/doc/media) by extension 'ignore_ament_install'
[0.392s] Level 1:colcon.colcon_core.package_identification:_identify(src/tiago_simulation/doc/media) by extensions ['colcon_pkg']
[0.392s] Level 1:colcon.colcon_core.package_identification:_identify(src/tiago_simulation/doc/media) by extension 'colcon_pkg'
[0.392s] Level 1:colcon.colcon_core.package_identification:_identify(src/tiago_simulation/doc/media) by extensions ['colcon_meta']
[0.392s] Level 1:colcon.colcon_core.package_identification:_identify(src/tiago_simulation/doc/media) by extension 'colcon_meta'
[0.392s] Level 1:colcon.colcon_core.package_identification:_identify(src/tiago_simulation/doc/media) by extensions ['ros']
[0.392s] Level 1:colcon.colcon_core.package_identification:_identify(src/tiago_simulation/doc/media) by extension 'ros'
[0.392s] Level 1:colcon.colcon_core.package_identification:_identify(src/tiago_simulation/doc/media) by extensions ['cmake', 'python']
[0.392s] Level 1:colcon.colcon_core.package_identification:_identify(src/tiago_simulation/doc/media) by extension 'cmake'
[0.392s] Level 1:colcon.colcon_core.package_identification:_identify(src/tiago_simulation/doc/media) by extension 'python'
[0.392s] Level 1:colcon.colcon_core.package_identification:_identify(src/tiago_simulation/doc/media) by extensions ['python_setup_py']
[0.392s] Level 1:colcon.colcon_core.package_identification:_identify(src/tiago_simulation/doc/media) by extension 'python_setup_py'
[0.392s] Level 1:colcon.colcon_core.package_identification:_identify(src/tiago_simulation/tiago_gazebo) by extensions ['ignore', 'ignore_ament_install']
[0.392s] Level 1:colcon.colcon_core.package_identification:_identify(src/tiago_simulation/tiago_gazebo) by extension 'ignore'
[0.392s] Level 1:colcon.colcon_core.package_identification:_identify(src/tiago_simulation/tiago_gazebo) by extension 'ignore_ament_install'
[0.392s] Level 1:colcon.colcon_core.package_identification:_identify(src/tiago_simulation/tiago_gazebo) by extensions ['colcon_pkg']
[0.392s] Level 1:colcon.colcon_core.package_identification:_identify(src/tiago_simulation/tiago_gazebo) by extension 'colcon_pkg'
[0.392s] Level 1:colcon.colcon_core.package_identification:_identify(src/tiago_simulation/tiago_gazebo) by extensions ['colcon_meta']
[0.392s] Level 1:colcon.colcon_core.package_identification:_identify(src/tiago_simulation/tiago_gazebo) by extension 'colcon_meta'
[0.393s] Level 1:colcon.colcon_core.package_identification:_identify(src/tiago_simulation/tiago_gazebo) by extensions ['ros']
[0.393s] Level 1:colcon.colcon_core.package_identification:_identify(src/tiago_simulation/tiago_gazebo) by extension 'ros'
[0.394s] DEBUG:colcon.colcon_core.package_identification:Package 'src/tiago_simulation/tiago_gazebo' with type 'ros.ament_cmake' and name 'tiago_gazebo'
[0.394s] Level 1:colcon.colcon_core.package_identification:_identify(src/tiago_simulation/tiago_multi) by extensions ['ignore', 'ignore_ament_install']
[0.394s] Level 1:colcon.colcon_core.package_identification:_identify(src/tiago_simulation/tiago_multi) by extension 'ignore'
[0.394s] Level 1:colcon.colcon_core.package_identification:_identify(src/tiago_simulation/tiago_multi) ignored
[0.394s] Level 1:colcon.colcon_core.package_identification:_identify(src/tiago_simulation/tiago_simulation) by extensions ['ignore', 'ignore_ament_install']
[0.394s] Level 1:colcon.colcon_core.package_identification:_identify(src/tiago_simulation/tiago_simulation) by extension 'ignore'
[0.394s] Level 1:colcon.colcon_core.package_identification:_identify(src/tiago_simulation/tiago_simulation) by extension 'ignore_ament_install'
[0.394s] Level 1:colcon.colcon_core.package_identification:_identify(src/tiago_simulation/tiago_simulation) by extensions ['colcon_pkg']
[0.394s] Level 1:colcon.colcon_core.package_identification:_identify(src/tiago_simulation/tiago_simulation) by extension 'colcon_pkg'
[0.394s] Level 1:colcon.colcon_core.package_identification:_identify(src/tiago_simulation/tiago_simulation) by extensions ['colcon_meta']
[0.394s] Level 1:colcon.colcon_core.package_identification:_identify(src/tiago_simulation/tiago_simulation) by extension 'colcon_meta'
[0.394s] Level 1:colcon.colcon_core.package_identification:_identify(src/tiago_simulation/tiago_simulation) by extensions ['ros']
[0.394s] Level 1:colcon.colcon_core.package_identification:_identify(src/tiago_simulation/tiago_simulation) by extension 'ros'
[0.395s] DEBUG:colcon.colcon_core.package_identification:Package 'src/tiago_simulation/tiago_simulation' with type 'ros.ament_cmake' and name 'tiago_simulation'
[0.395s] Level 1:colcon.colcon_core.package_identification:_identify(src/urdf_test) by extensions ['ignore', 'ignore_ament_install']
[0.395s] Level 1:colcon.colcon_core.package_identification:_identify(src/urdf_test) by extension 'ignore'
[0.395s] Level 1:colcon.colcon_core.package_identification:_identify(src/urdf_test) by extension 'ignore_ament_install'
[0.395s] Level 1:colcon.colcon_core.package_identification:_identify(src/urdf_test) by extensions ['colcon_pkg']
[0.395s] Level 1:colcon.colcon_core.package_identification:_identify(src/urdf_test) by extension 'colcon_pkg'
[0.395s] Level 1:colcon.colcon_core.package_identification:_identify(src/urdf_test) by extensions ['colcon_meta']
[0.395s] Level 1:colcon.colcon_core.package_identification:_identify(src/urdf_test) by extension 'colcon_meta'
[0.395s] Level 1:colcon.colcon_core.package_identification:_identify(src/urdf_test) by extensions ['ros']
[0.395s] Level 1:colcon.colcon_core.package_identification:_identify(src/urdf_test) by extension 'ros'
[0.396s] DEBUG:colcon.colcon_core.package_identification:Package 'src/urdf_test' with type 'ros.ament_cmake' and name 'urdf_test'
[0.396s] Level 1:colcon.colcon_core.package_discovery:discover_packages(recursive) using defaults
[0.396s] Level 1:colcon.colcon_core.package_discovery:discover_packages(ignore) discover
[0.396s] Level 1:colcon.colcon_core.package_discovery:discover_packages(ignore) using defaults
[0.396s] Level 1:colcon.colcon_core.package_discovery:discover_packages(path) discover
[0.396s] Level 1:colcon.colcon_core.package_discovery:discover_packages(path) using defaults
[0.429s] INFO:colcon.colcon_core.package_selection:Skipping not selected package 'launch_pal' in 'src/launch_pal'
[0.429s] INFO:colcon.colcon_core.package_selection:Skipping not selected package 'pal_gazebo_worlds' in 'src/pal_gazebo_worlds'
[0.429s] INFO:colcon.colcon_core.package_selection:Skipping not selected package 'pal_gripper_controller_configuration' in 'src/pal_gripper/pal_gripper_controller_configuration'
[0.429s] INFO:colcon.colcon_core.package_selection:Skipping not selected package 'pal_hey5_controller_configuration' in 'src/pal_hey5/pal_hey5_controller_configuration'
[0.429s] INFO:colcon.colcon_core.package_selection:Skipping not selected package 'pal_navigation_cfg_params' in 'src/pal_navigation_cfg_public/pal_navigation_cfg_params'
[0.429s] INFO:colcon.colcon_core.package_selection:Skipping not selected package 'pal_robotiq_controller_configuration' in 'src/pal_robotiq_gripper/pal_robotiq_controller_configuration'
[0.429s] INFO:colcon.colcon_core.package_selection:Skipping not selected package 'pal_robotiq_description' in 'src/pal_robotiq_gripper/pal_robotiq_description'
[0.429s] INFO:colcon.colcon_core.package_selection:Skipping not selected package 'pal_urdf_utils' in 'src/pal_urdf_utils'
[0.429s] INFO:colcon.colcon_core.package_selection:Skipping not selected package 'play_motion2_msgs' in 'src/play_motion2/play_motion2_msgs'
[0.429s] INFO:colcon.colcon_core.package_selection:Skipping not selected package 'pmb2_laser_sensors' in 'src/pmb2_navigation/pmb2_laser_sensors'
[0.429s] INFO:colcon.colcon_core.package_selection:Skipping not selected package 'tiago_rgbd_sensors' in 'src/tiago_navigation/tiago_rgbd_sensors'
[0.429s] INFO:colcon.colcon_core.package_selection:Skipping not selected package 'urdf_test' in 'src/urdf_test'
[0.429s] INFO:colcon.colcon_core.package_selection:Skipping not selected package 'pal_gripper_description' in 'src/pal_gripper/pal_gripper_description'
[0.429s] INFO:colcon.colcon_core.package_selection:Skipping not selected package 'pal_hey5_description' in 'src/pal_hey5/pal_hey5_description'
[0.429s] INFO:colcon.colcon_core.package_selection:Skipping not selected package 'pal_navigation_cfg_bringup' in 'src/pal_navigation_cfg_public/pal_navigation_cfg_bringup'
[0.429s] INFO:colcon.colcon_core.package_selection:Skipping not selected package 'pal_robotiq_gripper' in 'src/pal_robotiq_gripper/pal_robotiq_gripper'
[0.429s] INFO:colcon.colcon_core.package_selection:Skipping not selected package 'play_motion2' in 'src/play_motion2/play_motion2'
[0.429s] INFO:colcon.colcon_core.package_selection:Skipping not selected package 'pmb2_2dnav' in 'src/pmb2_navigation/pmb2_2dnav'
[0.429s] INFO:colcon.colcon_core.package_selection:Skipping not selected package 'pmb2_controller_configuration' in 'src/pmb2_robot/pmb2_controller_configuration'
[0.429s] INFO:colcon.colcon_core.package_selection:Skipping not selected package 'pmb2_description' in 'src/pmb2_robot/pmb2_description'
[0.429s] INFO:colcon.colcon_core.package_selection:Skipping not selected package 'pmb2_rgbd_sensors' in 'src/pmb2_navigation/pmb2_rgbd_sensors'
[0.429s] INFO:colcon.colcon_core.package_selection:Skipping not selected package 'tiago_laser_sensors' in 'src/tiago_navigation/tiago_laser_sensors'
[0.429s] INFO:colcon.colcon_core.package_selection:Skipping not selected package 'pal_gripper' in 'src/pal_gripper/pal_gripper'
[0.430s] INFO:colcon.colcon_core.package_selection:Skipping not selected package 'pal_gripper_simulation' in 'src/pal_gripper/pal_gripper_simulation'
[0.430s] INFO:colcon.colcon_core.package_selection:Skipping not selected package 'pal_hey5' in 'src/pal_hey5/pal_hey5'
[0.430s] INFO:colcon.colcon_core.package_selection:Skipping not selected package 'pal_navigation_cfg' in 'src/pal_navigation_cfg_public/pal_navigation_cfg_public'
[0.430s] INFO:colcon.colcon_core.package_selection:Skipping not selected package 'pmb2_bringup' in 'src/pmb2_robot/pmb2_bringup'
[0.430s] INFO:colcon.colcon_core.package_selection:Skipping not selected package 'pmb2_navigation' in 'src/pmb2_navigation/pmb2_navigation'
[0.430s] INFO:colcon.colcon_core.package_selection:Skipping not selected package 'tiago_2dnav' in 'src/tiago_navigation/tiago_2dnav'
[0.430s] INFO:colcon.colcon_core.package_selection:Skipping not selected package 'tiago_controller_configuration' in 'src/tiago_robot/tiago_controller_configuration'
[0.430s] INFO:colcon.colcon_core.package_selection:Skipping not selected package 'tiago_description' in 'src/tiago_robot/tiago_description'
[0.430s] INFO:colcon.colcon_core.package_selection:Skipping not selected package 'pmb2_robot' in 'src/pmb2_robot/pmb2_robot'
[0.430s] INFO:colcon.colcon_core.package_selection:Skipping not selected package 'tiago_bringup' in 'src/tiago_robot/tiago_bringup'
[0.430s] INFO:colcon.colcon_core.package_selection:Skipping not selected package 'tiago_moveit_config' in 'src/tiago_moveit_config'
[0.430s] INFO:colcon.colcon_core.package_selection:Skipping not selected package 'tiago_navigation' in 'src/tiago_navigation/tiago_navigation'
[0.430s] INFO:colcon.colcon_core.package_selection:Skipping not selected package 'tiago_gazebo' in 'src/tiago_simulation/tiago_gazebo'
[0.430s] INFO:colcon.colcon_core.package_selection:Skipping not selected package 'tiago_robot' in 'src/tiago_robot/tiago_robot'
[0.430s] INFO:colcon.colcon_core.package_selection:Skipping not selected package 'tiago_simulation' in 'src/tiago_simulation/tiago_simulation'
[0.430s] Level 1:colcon.colcon_core.package_discovery:discover_packages(prefix_path) check parameters
[0.430s] Level 1:colcon.colcon_core.package_discovery:discover_packages(prefix_path) discover
[0.435s] DEBUG:colcon.colcon_installed_package_information.package_discovery:Found 39 installed packages in /home/alberto/tfg/tests/tiago_tests/install
[0.438s] DEBUG:colcon.colcon_installed_package_information.package_discovery:Found 423 installed packages in /opt/ros/humble
[0.440s] Level 1:colcon.colcon_core.package_discovery:discover_packages(prefix_path) using defaults
[0.500s] Level 5:colcon.colcon_core.verb:set package 'tests' build argument 'cmake_args' from command line to 'None'
[0.500s] Level 5:colcon.colcon_core.verb:set package 'tests' build argument 'cmake_target' from command line to 'None'
[0.500s] Level 5:colcon.colcon_core.verb:set package 'tests' build argument 'cmake_target_skip_unavailable' from command line to 'False'
[0.500s] Level 5:colcon.colcon_core.verb:set package 'tests' build argument 'cmake_clean_cache' from command line to 'False'
[0.500s] Level 5:colcon.colcon_core.verb:set package 'tests' build argument 'cmake_clean_first' from command line to 'False'
[0.500s] Level 5:colcon.colcon_core.verb:set package 'tests' build argument 'cmake_force_configure' from command line to 'False'
[0.500s] Level 5:colcon.colcon_core.verb:set package 'tests' build argument 'ament_cmake_args' from command line to 'None'
[0.500s] Level 5:colcon.colcon_core.verb:set package 'tests' build argument 'catkin_cmake_args' from command line to 'None'
[0.500s] Level 5:colcon.colcon_core.verb:set package 'tests' build argument 'catkin_skip_building_tests' from command line to 'False'
[0.500s] DEBUG:colcon.colcon_core.verb:Building package 'tests' with the following arguments: {'ament_cmake_args': None, 'build_base': '/home/alberto/tfg/tests/tiago_tests/build/tests', 'catkin_cmake_args': None, 'catkin_skip_building_tests': False, 'cmake_args': None, 'cmake_clean_cache': False, 'cmake_clean_first': False, 'cmake_force_configure': False, 'cmake_target': None, 'cmake_target_skip_unavailable': False, 'install_base': '/home/alberto/tfg/tests/tiago_tests/install/tests', 'merge_install': False, 'path': '/home/alberto/tfg/tests/tiago_tests/src/tests', 'symlink_install': True, 'test_result_base': None}
[0.501s] INFO:colcon.colcon_core.executor:Executing jobs using 'parallel' executor
[0.502s] DEBUG:colcon.colcon_parallel_executor.executor.parallel:run_until_complete
[0.502s] INFO:colcon.colcon_ros.task.ament_python.build:Building ROS package in '/home/alberto/tfg/tests/tiago_tests/src/tests' with build type 'ament_python'
[0.502s] Level 1:colcon.colcon_core.shell:create_environment_hook('tests', 'ament_prefix_path')
[0.506s] INFO:colcon.colcon_core.plugin_system:Skipping extension 'colcon_core.shell.bat': Not used on non-Windows systems
[0.507s] INFO:colcon.colcon_core.shell:Creating environment hook '/home/alberto/tfg/tests/tiago_tests/install/tests/share/tests/hook/ament_prefix_path.ps1'
[0.507s] INFO:colcon.colcon_core.shell:Creating environment descriptor '/home/alberto/tfg/tests/tiago_tests/install/tests/share/tests/hook/ament_prefix_path.dsv'
[0.508s] INFO:colcon.colcon_core.shell:Creating environment hook '/home/alberto/tfg/tests/tiago_tests/install/tests/share/tests/hook/ament_prefix_path.sh'
[0.509s] INFO:colcon.colcon_core.shell:Skip shell extension 'powershell' for command environment: Not usable outside of PowerShell
[0.509s] DEBUG:colcon.colcon_core.shell:Skip shell extension 'dsv' for command environment
[0.809s] INFO:colcon.colcon_core.task.python.build:Building Python package in '/home/alberto/tfg/tests/tiago_tests/src/tests'
[0.809s] INFO:colcon.colcon_core.shell:Skip shell extension 'powershell' for command environment: Not usable outside of PowerShell
[0.809s] DEBUG:colcon.colcon_core.shell:Skip shell extension 'dsv' for command environment
[1.225s] DEBUG:colcon.colcon_core.event_handler.log_command:Invoking command in '/home/alberto/tfg/tests/tiago_tests/build/tests': PYTHONPATH=/home/alberto/tfg/tests/tiago_tests/build/tests/prefix_override:/usr/lib/python3/dist-packages/colcon_core/task/python/colcon_distutils_commands:/home/alberto/tfg/tests/tiago_tests/install/tests/lib/python3.10/site-packages:${PYTHONPATH} /usr/bin/python3 -W ignore:setup.py install is deprecated -W ignore:easy_install command is deprecated setup.py develop --editable --build-directory /home/alberto/tfg/tests/tiago_tests/build/tests/build --no-deps symlink_data
[1.732s] Level 1:colcon.colcon_core.shell:create_environment_hook('tests', 'pythonpath_develop')
[1.732s] INFO:colcon.colcon_core.shell:Creating environment hook '/home/alberto/tfg/tests/tiago_tests/build/tests/share/tests/hook/pythonpath_develop.ps1'
[1.733s] DEBUG:colcon.colcon_core.event_handler.log_command:Invoked command in '/home/alberto/tfg/tests/tiago_tests/build/tests' returned '0': PYTHONPATH=/home/alberto/tfg/tests/tiago_tests/build/tests/prefix_override:/usr/lib/python3/dist-packages/colcon_core/task/python/colcon_distutils_commands:/home/alberto/tfg/tests/tiago_tests/install/tests/lib/python3.10/site-packages:${PYTHONPATH} /usr/bin/python3 -W ignore:setup.py install is deprecated -W ignore:easy_install command is deprecated setup.py develop --editable --build-directory /home/alberto/tfg/tests/tiago_tests/build/tests/build --no-deps symlink_data
[1.733s] INFO:colcon.colcon_core.shell:Creating environment descriptor '/home/alberto/tfg/tests/tiago_tests/build/tests/share/tests/hook/pythonpath_develop.dsv'
[1.734s] INFO:colcon.colcon_core.shell:Creating environment hook '/home/alberto/tfg/tests/tiago_tests/build/tests/share/tests/hook/pythonpath_develop.sh'
[1.736s] Level 1:colcon.colcon_core.environment:checking '/home/alberto/tfg/tests/tiago_tests/install/tests' for CMake module files
[1.737s] Level 1:colcon.colcon_core.environment:checking '/home/alberto/tfg/tests/tiago_tests/install/tests' for CMake config files
[1.737s] Level 1:colcon.colcon_core.environment:checking '/home/alberto/tfg/tests/tiago_tests/install/tests/lib'
[1.738s] Level 1:colcon.colcon_core.environment:checking '/home/alberto/tfg/tests/tiago_tests/install/tests/bin'
[1.738s] Level 1:colcon.colcon_core.environment:checking '/home/alberto/tfg/tests/tiago_tests/install/tests/lib/pkgconfig/tests.pc'
[1.738s] Level 1:colcon.colcon_core.environment:checking '/home/alberto/tfg/tests/tiago_tests/install/tests/lib/python3.10/site-packages'
[1.738s] Level 1:colcon.colcon_core.shell:create_environment_hook('tests', 'pythonpath')
[1.738s] INFO:colcon.colcon_core.shell:Creating environment hook '/home/alberto/tfg/tests/tiago_tests/install/tests/share/tests/hook/pythonpath.ps1'
[1.739s] INFO:colcon.colcon_core.shell:Creating environment descriptor '/home/alberto/tfg/tests/tiago_tests/install/tests/share/tests/hook/pythonpath.dsv'
[1.739s] INFO:colcon.colcon_core.shell:Creating environment hook '/home/alberto/tfg/tests/tiago_tests/install/tests/share/tests/hook/pythonpath.sh'
[1.740s] Level 1:colcon.colcon_core.environment:checking '/home/alberto/tfg/tests/tiago_tests/install/tests/bin'
[1.740s] Level 1:colcon.colcon_core.environment:create_environment_scripts_only(tests)
[1.740s] INFO:colcon.colcon_core.shell:Creating package script '/home/alberto/tfg/tests/tiago_tests/install/tests/share/tests/package.ps1'
[1.741s] INFO:colcon.colcon_core.shell:Creating package descriptor '/home/alberto/tfg/tests/tiago_tests/install/tests/share/tests/package.dsv'
[1.742s] INFO:colcon.colcon_core.shell:Creating package script '/home/alberto/tfg/tests/tiago_tests/install/tests/share/tests/package.sh'
[1.742s] INFO:colcon.colcon_core.shell:Creating package script '/home/alberto/tfg/tests/tiago_tests/install/tests/share/tests/package.bash'
[1.743s] INFO:colcon.colcon_core.shell:Creating package script '/home/alberto/tfg/tests/tiago_tests/install/tests/share/tests/package.zsh'
[1.744s] Level 1:colcon.colcon_core.environment:create_file_with_runtime_dependencies(/home/alberto/tfg/tests/tiago_tests/install/tests/share/colcon-core/packages/tests)
[1.744s] DEBUG:colcon.colcon_parallel_executor.executor.parallel:closing loop
[1.744s] DEBUG:colcon.colcon_parallel_executor.executor.parallel:loop closed
[1.744s] DEBUG:colcon.colcon_parallel_executor.executor.parallel:run_until_complete finished with '0'
[1.744s] DEBUG:colcon.colcon_core.event_reactor:joining thread
[1.750s] INFO:colcon.colcon_core.plugin_system:Skipping extension 'colcon_notification.desktop_notification.terminal_notifier': Not used on non-Darwin systems
[1.750s] INFO:colcon.colcon_core.plugin_system:Skipping extension 'colcon_notification.desktop_notification.win32': Not used on non-Windows systems
[1.750s] INFO:colcon.colcon_notification.desktop_notification:Sending desktop notification using 'notify2'
[1.765s] DEBUG:colcon.colcon_core.event_reactor:joined thread
[1.766s] INFO:colcon.colcon_core.shell:Creating prefix script '/home/alberto/tfg/tests/tiago_tests/install/local_setup.ps1'
[1.767s] INFO:colcon.colcon_core.shell:Creating prefix util module '/home/alberto/tfg/tests/tiago_tests/install/_local_setup_util_ps1.py'
[1.769s] INFO:colcon.colcon_core.shell:Creating prefix chain script '/home/alberto/tfg/tests/tiago_tests/install/setup.ps1'
[1.772s] INFO:colcon.colcon_core.shell:Creating prefix script '/home/alberto/tfg/tests/tiago_tests/install/local_setup.sh'
[1.773s] INFO:colcon.colcon_core.shell:Creating prefix util module '/home/alberto/tfg/tests/tiago_tests/install/_local_setup_util_sh.py'
[1.774s] INFO:colcon.colcon_core.shell:Creating prefix chain script '/home/alberto/tfg/tests/tiago_tests/install/setup.sh'
[1.777s] INFO:colcon.colcon_core.shell:Creating prefix script '/home/alberto/tfg/tests/tiago_tests/install/local_setup.bash'
[1.778s] INFO:colcon.colcon_core.shell:Creating prefix chain script '/home/alberto/tfg/tests/tiago_tests/install/setup.bash'
[1.781s] INFO:colcon.colcon_core.shell:Creating prefix script '/home/alberto/tfg/tests/tiago_tests/install/local_setup.zsh'
[1.782s] INFO:colcon.colcon_core.shell:Creating prefix chain script '/home/alberto/tfg/tests/tiago_tests/install/setup.zsh'
